Invoice (F),StockCode,Description,Quantity,InvoiceDate (R),Price,Customer ID,Country,TotalAmount (M),,,
489434,85048,15CM CHRISTMAS GLASS BALL 20 LIGHTS,12,12-01-2009 07:45,6.95,13085,United Kingdom,83.4,,R,Recency
489434,79323P,PINK CHERRY LIGHTS,12,12-01-2009 07:45,6.75,13085,United Kingdom,81,,F,Frequency
489434,79323W, WHITE CHERRY LIGHTS,12,12-01-2009 07:45,6.75,13085,United Kingdom,81,,M,Monetry
489434,22041,"RECORD FRAME 7"" SINGLE SIZE ",48,12-01-2009 07:45,2.1,13085,United Kingdom,100.8,,,
489434,21232,STRAWBERRY CERAMIC TRINKET BOX,24,12-01-2009 07:45,1.25,13085,United Kingdom,30,,,
489434,22064,PINK DOUGHNUT TRINKET POT ,24,12-01-2009 07:45,1.65,13085,United Kingdom,39.6,,,
489434,21871,SAVE THE PLANET MUG,24,12-01-2009 07:45,1.25,13085,United Kingdom,30,,,
489434,21523,FANCY FONT HOME SWEET HOME DOORMAT,10,12-01-2009 07:45,5.95,13085,United Kingdom,59.5,,,
489435,22350,CAT BOWL ,12,12-01-2009 07:46,2.55,13085,United Kingdom,30.6,,,
489435,22349,"DOG BOWL , CHASING BALL DESIGN",12,12-01-2009 07:46,3.75,13085,United Kingdom,45,,,
489435,22195,HEART MEASURING SPOONS LARGE,24,12-01-2009 07:46,1.65,13085,United Kingdom,39.6,,,
489435,22353,LUNCHBOX WITH CUTLERY FAIRY CAKES ,12,12-01-2009 07:46,2.55,13085,United Kingdom,30.6,,,
489436,48173C,DOOR MAT BLACK FLOCK ,10,12-01-2009 09:06,5.95,13078,United Kingdom,59.5,,,
489436,21755,LOVE BUILDING BLOCK WORD,18,12-01-2009 09:06,5.45,13078,United Kingdom,98.1,,,
489436,21754,HOME BUILDING BLOCK WORD,3,12-01-2009 09:06,5.95,13078,United Kingdom,17.85,,,
489436,84879,ASSORTED COLOUR BIRD ORNAMENT,16,12-01-2009 09:06,1.69,13078,United Kingdom,27.04,,,
489436,22119, PEACE WOODEN BLOCK LETTERS,3,12-01-2009 09:06,6.95,13078,United Kingdom,20.85,,,
489436,22142,CHRISTMAS CRAFT WHITE FAIRY ,12,12-01-2009 09:06,1.45,13078,United Kingdom,17.4,,,
489436,22296,HEART IVORY TRELLIS LARGE,12,12-01-2009 09:06,1.65,13078,United Kingdom,19.8,,,
489436,22295,HEART FILIGREE DOVE LARGE,12,12-01-2009 09:06,1.65,13078,United Kingdom,19.8,,,
489436,22109,FULL ENGLISH BREAKFAST PLATE,16,12-01-2009 09:06,3.39,13078,United Kingdom,54.24,,,
489436,22107,PIZZA PLATE IN BOX,4,12-01-2009 09:06,3.75,13078,United Kingdom,15,,,
489436,22194,BLACK DINER WALL CLOCK,2,12-01-2009 09:06,8.5,13078,United Kingdom,17,,,
489436,35004B,SET OF 3 BLACK FLYING DUCKS,12,12-01-2009 09:06,4.65,13078,United Kingdom,55.8,,,
489436,82582,AREA PATROLLED METAL SIGN,12,12-01-2009 09:06,2.1,13078,United Kingdom,25.2,,,
489436,21181,PLEASE ONE PERSON  METAL SIGN,12,12-01-2009 09:06,2.1,13078,United Kingdom,25.2,,,
489436,21756,BATH BUILDING BLOCK WORD,3,12-01-2009 09:06,5.95,13078,United Kingdom,17.85,,,
489436,21333,CLASSIC WHITE FRAME,6,12-01-2009 09:06,2.95,13078,United Kingdom,17.7,,,
489436,84596F,SMALL MARSHMALLOWS PINK BOWL,8,12-01-2009 09:06,1.25,13078,United Kingdom,10,,,
489436,84596L,BISCUITS SMALL BOWL LIGHT BLUE,8,12-01-2009 09:06,1.25,13078,United Kingdom,10,,,
489436,22111,SCOTTIE DOG HOT WATER BOTTLE,24,12-01-2009 09:06,4.25,13078,United Kingdom,102,,,
489437,22143,CHRISTMAS CRAFT HEART DECORATIONS,6,12-01-2009 09:08,2.1,15362,United Kingdom,12.6,,,
489437,22145,CHRISTMAS CRAFT HEART STOCKING ,6,12-01-2009 09:08,2.1,15362,United Kingdom,12.6,,,
489437,22130,PARTY CONE CHRISTMAS DECORATION ,12,12-01-2009 09:08,0.85,15362,United Kingdom,10.2,,,
489437,21364,PEACE SMALL WOOD LETTERS,2,12-01-2009 09:08,6.75,15362,United Kingdom,13.5,,,
489437,21360,JOY LARGE WOOD LETTERS,1,12-01-2009 09:08,9.95,15362,United Kingdom,9.95,,,
489437,21351,CINAMMON & ORANGE WREATH,2,12-01-2009 09:08,6.75,15362,United Kingdom,13.5,,,
489437,21352,EUCALYPTUS & PINECONE  WREATH,2,12-01-2009 09:08,6.75,15362,United Kingdom,13.5,,,
489437,35400,WOODEN BOX ADVENT CALENDAR ,2,12-01-2009 09:08,8.95,15362,United Kingdom,17.9,,,
489437,20695,FLORAL BLUE MONSTER,3,12-01-2009 09:08,4.25,15362,United Kingdom,12.75,,,
489437,37370,RETRO COFFEE MUGS ASSORTED,12,12-01-2009 09:08,1.25,15362,United Kingdom,15,,,
489437,10002,INFLATABLE POLITICAL GLOBE ,12,12-01-2009 09:08,0.85,15362,United Kingdom,10.2,,,
489437,84507B,STRIPES DESIGN MONKEY DOLL,6,12-01-2009 09:08,2.55,15362,United Kingdom,15.3,,,
489437,20703,BLUE PADDED SOFT MOBILE,3,12-01-2009 09:08,4.25,15362,United Kingdom,12.75,,,
489437,21987,PACK OF 6 SKULL PAPER CUPS,12,12-01-2009 09:08,0.65,15362,United Kingdom,7.8,,,
489437,21989,PACK OF 20 SKULL PAPER NAPKINS,12,12-01-2009 09:08,0.85,15362,United Kingdom,10.2,,,
489437,84970S,HANGING HEART ZINC T-LIGHT HOLDER,12,12-01-2009 09:08,0.85,15362,United Kingdom,10.2,,,
489437,20971,PINK BLUE FELT CRAFT TRINKET BOX,12,12-01-2009 09:08,1.25,15362,United Kingdom,15,,,
489437,22271,FELTCRAFT DOLL ROSIE,6,12-01-2009 09:08,2.95,15362,United Kingdom,17.7,,,
489437,22272,FELTCRAFT DOLL MARIA,6,12-01-2009 09:08,2.95,15362,United Kingdom,17.7,,,
489437,22274,FELTCRAFT DOLL EMILY,6,12-01-2009 09:08,2.95,15362,United Kingdom,17.7,,,
489437,21912,VINTAGE SNAKES & LADDERS,4,12-01-2009 09:08,3.75,15362,United Kingdom,15,,,
489437,22111,SCOTTIE DOG HOT WATER BOTTLE,3,12-01-2009 09:08,4.95,15362,United Kingdom,14.85,,,
489437,22112,CHOCOLATE HOT WATER BOTTLE,3,12-01-2009 09:08,4.95,15362,United Kingdom,14.85,,,
489438,21329,DINOSAURS  WRITING SET ,28,12-01-2009 09:24,0.98,18102,United Kingdom,27.44,,,
489438,21252,SET OF MEADOW  FLOWER STICKERS,30,12-01-2009 09:24,1.69,18102,United Kingdom,50.7,,,
489438,21100,CHARLIE AND LOLA CHARLOTTE BAG,30,12-01-2009 09:24,1.15,18102,United Kingdom,34.5,,,
489438,21033,JUMBO BAG CHARLIE AND LOLA TOYS,30,12-01-2009 09:24,2,18102,United Kingdom,60,,,
489438,20711,JUMBO BAG TOYS ,60,12-01-2009 09:24,1.3,18102,United Kingdom,78,,,
489438,21410,COUNTRY COTTAGE  DOORSTOP GREEN,32,12-01-2009 09:24,2.5,18102,United Kingdom,80,,,
489438,21411,GINGHAM HEART  DOORSTOP RED,32,12-01-2009 09:24,2.5,18102,United Kingdom,80,,,
489438,84031A,CHARLIE+LOLA RED HOT WATER BOTTLE ,56,12-01-2009 09:24,3,18102,United Kingdom,168,,,
489438,84031B,CHARLIE LOLA BLUE HOT WATER BOTTLE ,56,12-01-2009 09:24,3,18102,United Kingdom,168,,,
489438,84032A,CHARLIE+LOLA PINK HOT WATER BOTTLE,60,12-01-2009 09:24,1.9,18102,United Kingdom,114,,,
489438,84032B,CHARLIE + LOLA RED HOT WATER BOTTLE,56,12-01-2009 09:24,1.9,18102,United Kingdom,106.4,,,
489438,84519A,TOMATO CHARLIE+LOLA COASTER SET,56,12-01-2009 09:24,2.15,18102,United Kingdom,120.4,,,
489438,84519B,CARROT CHARLIE+LOLA COASTER SET,60,12-01-2009 09:24,2.4,18102,United Kingdom,144,,,
489438,85132A,CHARLIE + LOLA BISCUITS TINS,60,12-01-2009 09:24,6.38,18102,United Kingdom,382.8,,,
489438,85132C,CHARLIE AND LOLA FIGURES TINS,60,12-01-2009 09:24,6.4,18102,United Kingdom,384,,,
489438,85183A,CHARLIE & LOLA WASTEPAPER BIN BLUE,60,12-01-2009 09:24,2.4,18102,United Kingdom,144,,,
489438,85183B,CHARLIE & LOLA WASTEPAPER BIN FLORA,60,12-01-2009 09:24,2.4,18102,United Kingdom,144,,,
489439,22065,CHRISTMAS PUDDING TRINKET POT ,12,12-01-2009 09:28,1.45,12682,France,17.4,,,
489439,22138,BAKING SET 9 PIECE RETROSPOT ,9,12-01-2009 09:28,4.95,12682,France,44.55,,,
489439,22139,RETRO SPOT TEA SET CERAMIC 11 PC ,9,12-01-2009 09:28,4.95,12682,France,44.55,,,
489439,22352,LUNCHBOX WITH CUTLERY RETROSPOT ,12,12-01-2009 09:28,2.55,12682,France,30.6,,,
489439,85014A,BLACK/BLUE DOTS RUFFLED UMBRELLA,3,12-01-2009 09:28,5.95,12682,France,17.85,,,
489439,85014B,RED/WHITE DOTS RUFFLED UMBRELLA,3,12-01-2009 09:28,5.95,12682,France,17.85,,,
489439,16161P,WRAP ENGLISH ROSE ,25,12-01-2009 09:28,0.42,12682,France,10.5,,,
489439,16169N,WRAP BLUE RUSSIAN FOLKART,25,12-01-2009 09:28,0.42,12682,France,10.5,,,
489439,21491,SET OF THREE VINTAGE GIFT WRAPS,6,12-01-2009 09:28,1.95,12682,France,11.7,,,
489439,22333,RETRO SPORT PARTY BAG + STICKER SET,8,12-01-2009 09:28,1.65,12682,France,13.2,,,
489439,85216,ASSORTED CAKES FRIDGE MAGNETS,12,12-01-2009 09:28,0.65,12682,France,7.8,,,
489439,21493, VINTAGE DESIGN GIFT TAGS,12,12-01-2009 09:28,0.85,12682,France,10.2,,,
489439,22130,PARTY CONE CHRISTMAS DECORATION ,24,12-01-2009 09:28,0.85,12682,France,20.4,,,
489439,22064,PINK DOUGHNUT TRINKET POT ,12,12-01-2009 09:28,1.65,12682,France,19.8,,,
489439,21731,RED TOADSTOOL LED NIGHT LIGHT,24,12-01-2009 09:28,1.65,12682,France,39.6,,,
489439,85232B,SET/3 RUSSIAN DOLL STACKING TINS,6,12-01-2009 09:28,4.95,12682,France,29.7,,,
489439,84691,PACK 20 DOLLY PEGS,12,12-01-2009 09:28,0.85,12682,France,10.2,,,
489439,20749,ASSORTED COLOUR MINI CASES,2,12-01-2009 09:28,7.95,12682,France,15.9,,,
489439,POST,POSTAGE,3,12-01-2009 09:28,18,12682,France,54,,,
489440,22350,CAT BOWL ,8,12-01-2009 09:43,2.55,18087,United Kingdom,20.4,,,
489440,22349,"DOG BOWL , CHASING BALL DESIGN",8,12-01-2009 09:43,3.75,18087,United Kingdom,30,,,
489441,22321,BIRD DECORATION RED SPOT,12,12-01-2009 09:44,0.72,18087,United Kingdom,8.64,,,
489441,22138,BAKING SET 9 PIECE RETROSPOT ,6,12-01-2009 09:44,4.25,18087,United Kingdom,25.5,,,
489441,84029E,RED WOOLLY HOTTIE WHITE HEART.,36,12-01-2009 09:44,2.95,18087,United Kingdom,106.2,,,
489441,22111,SCOTTIE DOG HOT WATER BOTTLE,48,12-01-2009 09:44,4.25,18087,United Kingdom,204,,,
489442,21955,UNION JACK GUNS & ROSES  DOORMAT,2,12-01-2009 09:46,6.75,13635,United Kingdom,13.5,,,
489442,22111,SCOTTIE DOG HOT WATER BOTTLE,3,12-01-2009 09:46,4.95,13635,United Kingdom,14.85,,,
489442,22296,HEART IVORY TRELLIS LARGE,12,12-01-2009 09:46,1.65,13635,United Kingdom,19.8,,,
489442,84899E,YELLOW + BROWN BEAR FELT PURSE KIT,12,12-01-2009 09:46,1.25,13635,United Kingdom,15,,,
489442,22271,FELTCRAFT DOLL ROSIE,6,12-01-2009 09:46,2.95,13635,United Kingdom,17.7,,,
489442,22272,FELTCRAFT DOLL MARIA,6,12-01-2009 09:46,2.95,13635,United Kingdom,17.7,,,
489442,85123A,WHITE HANGING HEART T-LIGHT HOLDER,6,12-01-2009 09:46,2.95,13635,United Kingdom,17.7,,,
489442,21582,KINGS CHOICE SMALL TUBE MATCHES,20,12-01-2009 09:46,1.65,13635,United Kingdom,33,,,
489442,21586,KINGS CHOICE GIANT TUBE MATCHES,12,12-01-2009 09:46,2.55,13635,United Kingdom,30.6,,,
489442,21590,KINGS CHOICE CIGAR BOX MATCHES ,48,12-01-2009 09:46,1.25,13635,United Kingdom,60,,,
489442,22091,EMPIRE TISSUE BOX,12,12-01-2009 09:46,1.25,13635,United Kingdom,15,,,
489442,84251J,"GREETING CARD, THE BLACK CAT",12,12-01-2009 09:46,0.42,13635,United Kingdom,5.04,,,
489442,22024,RAINY LADIES BIRTHDAY CARD,12,12-01-2009 09:46,0.42,13635,United Kingdom,5.04,,,
489442,22026,BANQUET BIRTHDAY  CARD  ,12,12-01-2009 09:46,0.42,13635,United Kingdom,5.04,,,
489442,22029,SPACE BOY BIRTHDAY CARD,12,12-01-2009 09:46,0.42,13635,United Kingdom,5.04,,,
489442,22025,RING OF ROSES BIRTHDAY CARD,12,12-01-2009 09:46,0.42,13635,United Kingdom,5.04,,,
489442,22031,BOTANICAL LAVENDER BIRTHDAY CARD,12,12-01-2009 09:46,0.42,13635,United Kingdom,5.04,,,
489442,21428,SET3 BOOK BOX GREEN GINGHAM FLOWER ,4,12-01-2009 09:46,4.25,13635,United Kingdom,17,,,
489442,21430,SET/3 RED GINGHAM ROSE STORAGE BOX,4,12-01-2009 09:46,3.75,13635,United Kingdom,15,,,
489442,21916,SET 12 RETRO WHITE CHALK STICKS,24,12-01-2009 09:46,0.42,13635,United Kingdom,10.08,,,
489442,21790,VINTAGE SNAP CARDS,12,12-01-2009 09:46,0.85,13635,United Kingdom,10.2,,,
489442,21888,BINGO SET,8,12-01-2009 09:46,3.75,13635,United Kingdom,30,,,
489442,85178,VICTORIAN SEWING KIT,12,12-01-2009 09:46,1.25,13635,United Kingdom,15,,,
489443,20754,RETRO RED SPOTTY WASHING UP GLOVES,6,12-01-2009 09:50,2.1,14110,United Kingdom,12.6,,,
489443,21035,SET/2 RED SPOTTY TEA TOWELS ,12,12-01-2009 09:50,2.95,14110,United Kingdom,35.4,,,
489443,22041,"RECORD FRAME 7"" SINGLE SIZE ",48,12-01-2009 09:50,2.1,14110,United Kingdom,100.8,,,
489443,82001S,VINYL RECORD FRAME SILVER,24,12-01-2009 09:50,3.39,14110,United Kingdom,81.36,,,
489443,82580,BATHROOM METAL SIGN,12,12-01-2009 09:50,0.55,14110,United Kingdom,6.6,,,
489443,85150,LADIES & GENTLEMEN METAL SIGN,12,12-01-2009 09:50,2.55,14110,United Kingdom,30.6,,,
489443,21041,RED SPOTTY OVEN GLOVE DOUBLE,6,12-01-2009 09:50,2.95,14110,United Kingdom,17.7,,,
489444,POST,POSTAGE,1,12-01-2009 09:55,141,12636,USA,141,,,
489445,35916C,PINK FELT HANGING HEART W FLOWER,12,12-01-2009 09:57,0.85,17519,United Kingdom,10.2,,,
489445,35916B,BLUE FELT HANGING HEART W FLOWER,12,12-01-2009 09:57,0.85,17519,United Kingdom,10.2,,,
489445,22321,BIRD DECORATION RED SPOT,24,12-01-2009 09:57,0.85,17519,United Kingdom,20.4,,,
489445,22130,PARTY CONE CHRISTMAS DECORATION ,12,12-01-2009 09:57,0.85,17519,United Kingdom,10.2,,,
489445,22180,RETRO SPOT LAMP,2,12-01-2009 09:57,9.95,17519,United Kingdom,19.9,,,
489445,22128,PARTY CONES CANDY ASSORTED,12,12-01-2009 09:57,1.25,17519,United Kingdom,15,,,
489445,22163,HEART STRING MEMO HOLDER HANGING,6,12-01-2009 09:57,2.95,17519,United Kingdom,17.7,,,
489445,35951,FOLKART BAUBLE CHRISTMAS DECORATION,48,12-01-2009 09:57,0.38,17519,United Kingdom,18.24,,,
489445,22253,6 CROCHET STRAWBERRIES,12,12-01-2009 09:57,1.25,17519,United Kingdom,15,,,
489445,84988,SET OF 72 PINK HEART PAPER DOILIES,12,12-01-2009 09:57,1.45,17519,United Kingdom,17.4,,,
489445,22219,LOVEBIRD HANGING DECORATION WHITE ,24,12-01-2009 09:57,0.85,17519,United Kingdom,20.4,,,
489445,18097C,WHITE TALL PORCELAIN T-LIGHT HOLDER,6,12-01-2009 09:57,2.55,17519,United Kingdom,15.3,,,
489445,22138,BAKING SET 9 PIECE RETROSPOT ,3,12-01-2009 09:57,4.95,17519,United Kingdom,14.85,,,
489445,21299,EDWARDIAN TOILET ROLL UNIT ,1,12-01-2009 09:57,12.75,17519,United Kingdom,12.75,,,
489445,21099,SET/6 STRAWBERRY PAPER CUPS,24,12-01-2009 09:57,0.65,17519,United Kingdom,15.6,,,
489445,21085,SET/6 WOODLAND PAPER CUPS,24,12-01-2009 09:57,0.65,17519,United Kingdom,15.6,,,
489445,21929,JUMBO BAG PINK VINTAGE PAISLEY,10,12-01-2009 09:57,1.95,17519,United Kingdom,19.5,,,
489445,22241,"GARLAND , WOODEN  "" HAPPY EASTER""",24,12-01-2009 09:57,1.25,17519,United Kingdom,30,,,
489445,21091,SET/6 WOODLAND PAPER PLATES,12,12-01-2009 09:57,0.85,17519,United Kingdom,10.2,,,
489446,21733,RED HANGING HEART T-LIGHT HOLDER,32,12-01-2009 10:06,2.55,13758,United Kingdom,81.6,,,
489446,85123A,WHITE HANGING HEART T-LIGHT HOLDER,32,12-01-2009 10:06,2.55,13758,United Kingdom,81.6,,,
489446,22178,VICTORIAN GLASS HANGING T-LIGHT,12,12-01-2009 10:06,1.25,13758,United Kingdom,15,,,
489446,22125,UNION JACK HOT WATER BOTTLE ,12,12-01-2009 10:06,5.95,13758,United Kingdom,71.4,,,
489446,21671,RED SPOT CERAMIC DRAWER KNOB,12,12-01-2009 10:06,1.25,13758,United Kingdom,15,,,
489446,22086,PAPER CHAIN KIT 50'S CHRISTMAS ,12,12-01-2009 10:06,2.95,13758,United Kingdom,35.4,,,
489446,22111,SCOTTIE DOG HOT WATER BOTTLE,6,12-01-2009 10:06,4.95,13758,United Kingdom,29.7,,,
489446,22112,CHOCOLATE HOT WATER BOTTLE,12,12-01-2009 10:06,4.95,13758,United Kingdom,59.4,,,
489446,22294,HEART FILIGREE DOVE  SMALL,24,12-01-2009 10:06,1.25,13758,United Kingdom,30,,,
489446,22199,FRYING PAN RED POLKADOT ,4,12-01-2009 10:06,4.25,13758,United Kingdom,17,,,
489446,22083,PAPER CHAIN KIT RETRO SPOT,24,12-01-2009 10:06,2.95,13758,United Kingdom,70.8,,,
489446,22114,HOT WATER BOTTLE TEA AND SYMPATHY,12,12-01-2009 10:06,3.95,13758,United Kingdom,47.4,,,
489446,21485,RED SPOT HEART HOT WATER BOTTLE,12,12-01-2009 10:06,4.95,13758,United Kingdom,59.4,,,
489446,21928,JUMBO BAG SCANDINAVIAN PAISLEY,10,12-01-2009 10:06,1.95,13758,United Kingdom,19.5,,,
489446,21929,JUMBO BAG PINK VINTAGE PAISLEY,10,12-01-2009 10:06,1.95,13758,United Kingdom,19.5,,,
489446,85099B,JUMBO BAG RED WHITE SPOTTY ,20,12-01-2009 10:06,1.95,13758,United Kingdom,39,,,
489446,22356,"CHARLOTTE BAG , PINK/WHITE SPOTS",10,12-01-2009 10:06,0.85,13758,United Kingdom,8.5,,,
489446,20724,RED SPOTTY CHARLOTTE BAG,10,12-01-2009 10:06,0.85,13758,United Kingdom,8.5,,,
489446,21590,KINGS CHOICE CIGAR BOX MATCHES ,24,12-01-2009 10:06,1.25,13758,United Kingdom,30,,,
489446,21592,RETRO SPOT  CIGAR BOX MATCHES ,24,12-01-2009 10:06,1.25,13758,United Kingdom,30,,,
489446,20725,LUNCH BAG RED SPOTTY,10,12-01-2009 10:06,1.65,13758,United Kingdom,16.5,,,
489446,20728,LUNCH BAG CARS BLUE,10,12-01-2009 10:06,1.65,13758,United Kingdom,16.5,,,
489446,20726,LUNCH BAG WOODLAND,10,12-01-2009 10:06,1.65,13758,United Kingdom,16.5,,,
489446,20754,RETRO RED SPOTTY WASHING UP GLOVES,12,12-01-2009 10:06,2.1,13758,United Kingdom,25.2,,,
489446,21217,RED SPOTTY ROUND CAKE TINS,12,12-01-2009 10:06,8.95,13758,United Kingdom,107.4,,,
489446,22195,LARGE HEART MEASURING SPOONS,12,12-01-2009 10:06,1.65,13758,United Kingdom,19.8,,,
489446,85066,CREAM SWEETHEART MINI CHEST,2,12-01-2009 10:06,12.75,13758,United Kingdom,25.5,,,
489447,POST,POSTAGE,1,12-01-2009 10:10,130,12362,Belgium,130,,,
489448,20827,GOLD APERITIF GLASS,48,12-01-2009 10:18,2.12,15413,United Kingdom,101.76,,,
489448,20825,GOLD WINE GLASS,48,12-01-2009 10:18,3.39,15413,United Kingdom,162.72,,,
489448,20823,GOLD WINE GOBLET,48,12-01-2009 10:18,4.25,15413,United Kingdom,204,,,
489448,20826,SILVER APERITIF GLASS,48,12-01-2009 10:18,2.12,15413,United Kingdom,101.76,,,
489450,22087,PAPER BUNTING WHITE LACE,12,12-01-2009 10:36,2.95,16321,Australia,35.4,,,
489450,85206A,CREAM FELT EASTER EGG BASKET,6,12-01-2009 10:36,1.65,16321,Australia,9.9,,,
489450,21895,POTTING SHED SOW 'N' GROW SET,4,12-01-2009 10:36,4.25,16321,Australia,17,,,
489450,21896,POTTING SHED TWINE,6,12-01-2009 10:36,2.1,16321,Australia,12.6,,,
489450,22083,PAPER CHAIN KIT RETRO SPOT,12,12-01-2009 10:36,2.95,16321,Australia,35.4,,,
489450,21871,SAVE THE PLANET MUG,12,12-01-2009 10:36,1.25,16321,Australia,15,,,
489450,84946,ANTIQUE SILVER TEA GLASS ETCHED,12,12-01-2009 10:36,1.25,16321,Australia,15,,,
489450,84970S,HANGING HEART ZINC T-LIGHT HOLDER,24,12-01-2009 10:36,0.85,16321,Australia,20.4,,,
489450,22090,PAPER BUNTING RETRO SPOTS,12,12-01-2009 10:36,2.95,16321,Australia,35.4,,,
489460,79323P,PINK CHERRY LIGHTS,8,12-01-2009 10:46,6.75,16167,United Kingdom,54,,,
489460,21977,PACK OF 60 PINK PAISLEY CAKE CASES,24,12-01-2009 10:46,0.55,16167,United Kingdom,13.2,,,
489460,84991,60 TEATIME FAIRY CAKE CASES,24,12-01-2009 10:46,0.55,16167,United Kingdom,13.2,,,
489460,22274,FELTCRAFT DOLL EMILY,6,12-01-2009 10:46,2.95,16167,United Kingdom,17.7,,,
489460,22273,FELTCRAFT DOLL MOLLY,6,12-01-2009 10:46,2.95,16167,United Kingdom,17.7,,,
489460,22179,SET 10 LIGHTS NIGHT OWL,4,12-01-2009 10:46,6.75,16167,United Kingdom,27,,,
489460,22320,BIRDS MOBILE VINTAGE DESIGN,3,12-01-2009 10:46,5.95,16167,United Kingdom,17.85,,,
489460,22232,3 PIECE JIGSAW TOADSTOOLS,8,12-01-2009 10:46,1.65,16167,United Kingdom,13.2,,,
489460,84598,BOYS ALPHABET IRON ON PATCHES,576,12-01-2009 10:46,0.21,16167,United Kingdom,120.96,,,
489460,79323W, WHITE CHERRY LIGHTS,8,12-01-2009 10:46,6.75,16167,United Kingdom,54,,,
489460,22138,BAKING SET 9 PIECE RETROSPOT ,3,12-01-2009 10:46,4.95,16167,United Kingdom,14.85,,,
489460,22139,RETRO SPOT TEA SET CERAMIC 11 PC ,3,12-01-2009 10:46,4.95,16167,United Kingdom,14.85,,,
489460,79323S, SILVER CHERRY LIGHTS,4,12-01-2009 10:46,6.75,16167,United Kingdom,27,,,
489460,21731,RED TOADSTOOL LED NIGHT LIGHT,12,12-01-2009 10:46,1.65,16167,United Kingdom,19.8,,,
489460,84568,GIRLS ALPHABET IRON ON PATCHES ,288,12-01-2009 10:46,0.21,16167,United Kingdom,60.48,,,
489461,21668,RED STRIPE CERAMIC DRAWER KNOB,24,12-01-2009 10:49,1.25,17865,United Kingdom,30,,,
489461,21669,BLUE STRIPE CERAMIC DRAWER KNOB,24,12-01-2009 10:49,1.25,17865,United Kingdom,30,,,
489461,21670,BLUE SPOT CERAMIC DRAWER KNOB,24,12-01-2009 10:49,1.25,17865,United Kingdom,30,,,
489461,21671,RED SPOT CERAMIC DRAWER KNOB,24,12-01-2009 10:49,1.25,17865,United Kingdom,30,,,
489461,21672,WHITE SPOT RED CERAMIC DRAWER KNOB,24,12-01-2009 10:49,1.25,17865,United Kingdom,30,,,
489461,21673,WHITE SPOT BLUE CERAMIC DRAWER KNOB,24,12-01-2009 10:49,1.25,17865,United Kingdom,30,,,
489461,22125,UNION JACK HOT WATER BOTTLE ,3,12-01-2009 10:49,5.95,17865,United Kingdom,17.85,,,
489461,21232,STRAWBERRY CERAMIC TRINKET BOX,48,12-01-2009 10:49,1.25,17865,United Kingdom,60,,,
489461,85071A,BLUE CHARLIE+LOLA PERSONAL DOORSIGN,6,12-01-2009 10:49,2.95,17865,United Kingdom,17.7,,,
489461,85071B,RED CHARLIE+LOLA PERSONAL DOORSIGN,6,12-01-2009 10:49,2.95,17865,United Kingdom,17.7,,,
489461,21161,KEEP OUT BOYS DOOR HANGER ,12,12-01-2009 10:49,1.45,17865,United Kingdom,17.4,,,
489461,21162,TOXIC AREA  DOOR HANGER ,12,12-01-2009 10:49,1.45,17865,United Kingdom,17.4,,,
489461,21248,DOOR HANGER  MUM + DADS ROOM,12,12-01-2009 10:49,1.45,17865,United Kingdom,17.4,,,
489461,21159,MOODY BOY  DOOR HANGER ,12,12-01-2009 10:49,1.45,17865,United Kingdom,17.4,,,
489461,82582,AREA PATROLLED METAL SIGN,12,12-01-2009 10:49,2.1,17865,United Kingdom,25.2,,,
489461,21181,PLEASE ONE PERSON  METAL SIGN,6,12-01-2009 10:49,2.1,17865,United Kingdom,12.6,,,
489461,85150,LADIES & GENTLEMEN METAL SIGN,6,12-01-2009 10:49,2.55,17865,United Kingdom,15.3,,,
489461,82494L,WOODEN FRAME ANTIQUE WHITE ,6,12-01-2009 10:49,2.95,17865,United Kingdom,17.7,,,
489461,82486,WOOD S/3 CABINET ANT WHITE FINISH,2,12-01-2009 10:49,7.95,17865,United Kingdom,15.9,,,
489461,82483,WOOD 2 DRAWER CABINET WHITE FINISH,3,12-01-2009 10:49,5.95,17865,United Kingdom,17.85,,,
489462,90200D,PINK SWEETHEART BRACELET,3,12-01-2009 10:49,4.25,17592,United Kingdom,12.75,,,
489462,90200E,GREEN SWEETHEART BRACELET,3,12-01-2009 10:49,4.25,17592,United Kingdom,12.75,,,
489461,21212,PACK OF 72 RETRO SPOT CAKE CASES,24,12-01-2009 10:49,0.55,17865,United Kingdom,13.2,,,
489461,84991,60 TEATIME FAIRY CAKE CASES,24,12-01-2009 10:49,0.55,17865,United Kingdom,13.2,,,
489461,22180,RETRO SPOT LAMP,2,12-01-2009 10:49,9.95,17865,United Kingdom,19.9,,,
489461,72756,FAIRY CAKE CANDLES,27,12-01-2009 10:49,1.49,17865,United Kingdom,40.23,,,
489461,22063,CERAMIC BOWL WITH STRAWBERRY DESIGN,6,12-01-2009 10:49,2.95,17865,United Kingdom,17.7,,,
489461,37450,CERAMIC CAKE BOWL + HANGING CAKES,6,12-01-2009 10:49,2.95,17865,United Kingdom,17.7,,,
489462,90200A,PURPLE SWEETHEART BRACELET,3,12-01-2009 10:49,4.25,17592,United Kingdom,12.75,,,
489462,90200C,BLUE SWEETHEART BRACELET,3,12-01-2009 10:49,4.25,17592,United Kingdom,12.75,,,
489462,90200B,BLACK SWEETHEART BRACELET,3,12-01-2009 10:49,4.25,17592,United Kingdom,12.75,,,
489462,90185C,BLACK DIAMANTE EXPANDABLE RING,3,12-01-2009 10:49,4.25,17592,United Kingdom,12.75,,,
489462,90185B,AMETHYST DIAMANTE EXPANDABLE RING,3,12-01-2009 10:49,4.25,17592,United Kingdom,12.75,,,
489462,90003C,MIDNIGHT BLUE PAIR HEART HAIR SLIDE,3,12-01-2009 10:49,3.75,17592,United Kingdom,11.25,,,
489462,90003D,CRYSTAL PAIR HEART HAIR SLIDES,3,12-01-2009 10:49,3.75,17592,United Kingdom,11.25,,,
489462,90003B,ROSE COLOUR PAIR HEART HAIR SLIDES,3,12-01-2009 10:49,3.75,17592,United Kingdom,11.25,,,
489462,90209C,PINK ENAMEL+GLASS HAIR COMB,3,12-01-2009 10:49,2.1,17592,United Kingdom,6.3,,,
489462,90209A,PURPLE ENAMEL+GLASS HAIR COMB,3,12-01-2009 10:49,2.1,17592,United Kingdom,6.3,,,
489462,90082D,DIAMANTE BOW BROOCH BLACK COLOUR,2,12-01-2009 10:49,6.35,17592,United Kingdom,12.7,,,
489465,21707,"FOLDING UMBRELLA , BLACK/BLUE  SPOT",12,12-01-2009 10:52,4.95,13767,United Kingdom,59.4,,,
489465,21710,FOLDING UMBRELLA  PINK/WHITE  SPOT,12,12-01-2009 10:52,4.95,13767,United Kingdom,59.4,,,
489465,21708,FOLDING UMBRELLA  CREAM/MULTI  SPOT,12,12-01-2009 10:52,4.95,13767,United Kingdom,59.4,,,
489465,21706,"FOLDING UMBRELLA , RED/WHITE SPOT",12,12-01-2009 10:52,4.95,13767,United Kingdom,59.4,,,
489465,21711,FOLDING UMBRELLA  WHITE/RED  SPOT,12,12-01-2009 10:52,4.95,13767,United Kingdom,59.4,,,
489465,20747,PICCADILLY TEA SET,4,12-01-2009 10:52,14.95,13767,United Kingdom,59.8,,,
489465,22125,UNION JACK HOT WATER BOTTLE ,12,12-01-2009 10:52,5.95,13767,United Kingdom,71.4,,,
489465,85123A,WHITE HANGING HEART T-LIGHT HOLDER,64,12-01-2009 10:52,2.55,13767,United Kingdom,163.2,,,
489465,21733,RED HANGING HEART T-LIGHT HOLDER,20,12-01-2009 10:52,2.95,13767,United Kingdom,59,,,
489465,20752,RETRO BLUE SPOTTY WASHING UP GLOVES,8,12-01-2009 10:52,2.1,13767,United Kingdom,16.8,,,
489465,20753,RETRO PINK SPOT WASHING UP GLOVES,8,12-01-2009 10:52,2.1,13767,United Kingdom,16.8,,,
489465,20754,RETRO RED SPOTTY WASHING UP GLOVES,8,12-01-2009 10:52,2.1,13767,United Kingdom,16.8,,,
489465,20751,FUNKY WASHING UP GLOVES ASSORTED,12,12-01-2009 10:52,2.1,13767,United Kingdom,25.2,,,
489465,48185,DOOR MAT FAIRY CAKE,4,12-01-2009 10:52,6.75,13767,United Kingdom,27,,,
489465,22114,HOT WATER BOTTLE TEA AND SYMPATHY,12,12-01-2009 10:52,3.95,13767,United Kingdom,47.4,,,
489465,21481,FAWN BLUE HOT WATER BOTTLE,8,12-01-2009 10:52,2.95,13767,United Kingdom,23.6,,,
489465,85042,ANTIQUE LILY FAIRY LIGHTS,24,12-01-2009 10:52,4.25,13767,United Kingdom,102,,,
489465,72760B,VINTAGE CREAM 3 BASKET CAKE STAND,4,12-01-2009 10:52,9.95,13767,United Kingdom,39.8,,,
489465,84879,ASSORTED COLOUR BIRD ORNAMENT,160,12-01-2009 10:52,1.45,13767,United Kingdom,232,,,
489488,84031B,CHARLIE LOLA BLUE HOT WATER BOTTLE ,1,12-01-2009 10:59,4.65,17238,United Kingdom,4.65,,,
489488,84032A,CHARLIE+LOLA PINK HOT WATER BOTTLE,1,12-01-2009 10:59,2.95,17238,United Kingdom,2.95,,,
489488,84032B,CHARLIE + LOLA RED HOT WATER BOTTLE,1,12-01-2009 10:59,2.95,17238,United Kingdom,2.95,,,
489488,22125,UNION JACK HOT WATER BOTTLE ,2,12-01-2009 10:59,5.95,17238,United Kingdom,11.9,,,
489488,21482,MUSHROOM BLUE HOT WATER BOTTLE,2,12-01-2009 10:59,2.95,17238,United Kingdom,5.9,,,
489488,21484,CHICK GREY HOT WATER BOTTLE,3,12-01-2009 10:59,3.45,17238,United Kingdom,10.35,,,
489488,20967,GREY FLORAL FELTCRAFT SHOULDER BAG,1,12-01-2009 10:59,3.75,17238,United Kingdom,3.75,,,
489488,20970,PINK FLORAL FELTCRAFT SHOULDER BAG,2,12-01-2009 10:59,3.75,17238,United Kingdom,7.5,,,
489488,21100,CHARLIE AND LOLA CHARLOTTE BAG,2,12-01-2009 10:59,1.65,17238,United Kingdom,3.3,,,
489488,84582,PINK CROCHET CAT WITH SCARF,2,12-01-2009 10:59,4.25,17238,United Kingdom,8.5,,,
489488,20972,PINK CREAM FELT CRAFT TRINKET BOX ,3,12-01-2009 10:59,1.25,17238,United Kingdom,3.75,,,
489488,20971,PINK BLUE FELT CRAFT TRINKET BOX,1,12-01-2009 10:59,1.25,17238,United Kingdom,1.25,,,
489488,84327A,PINK JUMPER LARRY THE LAMB,2,12-01-2009 10:59,2.1,17238,United Kingdom,4.2,,,
489488,22125,UNION JACK HOT WATER BOTTLE ,1,12-01-2009 10:59,5.95,17238,United Kingdom,5.95,,,
489488,21490,SET OF THREE 50'S GIFT WRAPS ,3,12-01-2009 10:59,1.95,17238,United Kingdom,5.85,,,
489488,21063,PARTY INVITES JAZZ HEARTS,4,12-01-2009 10:59,0.85,17238,United Kingdom,3.4,,,
489488,21058,PARTY INVITES WOODLAND,3,12-01-2009 10:59,0.85,17238,United Kingdom,2.55,,,
489488,22086,PAPER CHAIN KIT 50'S CHRISTMAS ,5,12-01-2009 10:59,2.95,17238,United Kingdom,14.75,,,
489488,84997D,PINK 3 PIECE MINI DOTS CUTLERY SET,4,12-01-2009 10:59,3.75,17238,United Kingdom,15,,,
489488,84997C,BLUE 3 PIECE MINI DOTS CUTLERY SET,4,12-01-2009 10:59,3.75,17238,United Kingdom,15,,,
489488,22301,COFFEE MUG CAT + BIRD DESIGN,2,12-01-2009 10:59,2.55,17238,United Kingdom,5.1,,,
489488,22300,COFFEE MUG DOG + BALL DESIGN,3,12-01-2009 10:59,2.55,17238,United Kingdom,7.65,,,
489488,21493, VINTAGE DESIGN GIFT TAGS,6,12-01-2009 10:59,0.85,17238,United Kingdom,5.1,,,
489488,21231,SWEETHEART CERAMIC TRINKET BOX,4,12-01-2009 10:59,1.25,17238,United Kingdom,5,,,
489488,20870,OPULENT VELVET CANDLE IN BOX,6,12-01-2009 10:59,2.1,17238,United Kingdom,12.6,,,
489488,90121B,VINTAGE ROSE BEAD BRACELET BLUE,4,12-01-2009 10:59,4.25,17238,United Kingdom,17,,,
489488,90175A,WHITE GLASS CHUNKY CHARM BRACELET,2,12-01-2009 10:59,8.95,17238,United Kingdom,17.9,,,
489488,90195B,BLACK GEMSTONE BRACELET,2,12-01-2009 10:59,8.95,17238,United Kingdom,17.9,,,
489488,90062,CARNIVAL BRACELET,2,12-01-2009 10:59,12.75,17238,United Kingdom,25.5,,,
489488,21930,JUMBO STORAGE BAG SKULLS,2,12-01-2009 10:59,1.95,17238,United Kingdom,3.9,,,
489505,21472,LADYBIRD + BEE RAFFIA FOOD COVER,6,12-01-2009 11:17,3.75,15712,United Kingdom,22.5,,,
489505,85099B,JUMBO BAG RED WHITE SPOTTY ,10,12-01-2009 11:17,1.95,15712,United Kingdom,19.5,,,
489505,48185,DOOR MAT FAIRY CAKE,10,12-01-2009 11:17,5.95,15712,United Kingdom,59.5,,,
489505,47566B,TEA TIME PARTY BUNTING,5,12-01-2009 11:17,4.65,15712,United Kingdom,23.25,,,
489505,21929,JUMBO BAG PINK VINTAGE PAISLEY,10,12-01-2009 11:17,1.95,15712,United Kingdom,19.5,,,
489505,22139,RETRO SPOT TEA SET CERAMIC 11 PC ,6,12-01-2009 11:17,4.95,15712,United Kingdom,29.7,,,
489505,22086,PAPER CHAIN KIT 50'S CHRISTMAS ,6,12-01-2009 11:17,2.95,15712,United Kingdom,17.7,,,
489505,22275,WEEKEND BAG VINTAGE ROSE PAISLEY,4,12-01-2009 11:17,8.5,15712,United Kingdom,34,,,
489505,22138,BAKING SET 9 PIECE RETROSPOT ,3,12-01-2009 11:17,4.95,15712,United Kingdom,14.85,,,
489505,21479,WHITE SKULL HOT WATER BOTTLE ,4,12-01-2009 11:17,3.75,15712,United Kingdom,15,,,
489514,21791,VINTAGE HEADS AND TAILS CARD GAME ,72,12-01-2009 11:21,1.06,15311,United Kingdom,76.32,,,
489514,84032A,CHARLIE+LOLA PINK HOT WATER BOTTLE,36,12-01-2009 11:21,2.55,15311,United Kingdom,91.8,,,
489514,85042,ANTIQUE LILY FAIRY LIGHTS,24,12-01-2009 11:21,4.25,15311,United Kingdom,102,,,
489514,71477,COLOUR GLASS. STAR T-LIGHT HOLDER,24,12-01-2009 11:21,2.75,15311,United Kingdom,66,,,
489514,37449,CERAMIC CAKE STAND + HANGING CAKES,8,12-01-2009 11:21,8.5,15311,United Kingdom,68,,,
489514,37446,MINI CAKE STAND WITH HANGING CAKES,32,12-01-2009 11:21,1.25,15311,United Kingdom,40,,,
489514,21955,UNION JACK GUNS & ROSES  DOORMAT,10,12-01-2009 11:21,5.95,15311,United Kingdom,59.5,,,
489514,21258,VICTORIAN SEWING BOX LARGE,8,12-01-2009 11:21,10.95,15311,United Kingdom,87.6,,,
489514,20892,SET/3 TALL GLASS CANDLE HOLDER PINK,8,12-01-2009 11:21,3.95,15311,United Kingdom,31.6,,,
489514,47591D,PINK FAIRY CAKE CHILD'S APRON,50,12-01-2009 11:21,1.65,15311,United Kingdom,82.5,,,
489514,21867,PINK UNION JACK  LUGGAGE TAG,1,12-01-2009 11:21,1.25,15311,United Kingdom,1.25,,,
489514,21041,RED SPOTTY OVEN GLOVE DOUBLE,5,12-01-2009 11:21,2.95,15311,United Kingdom,14.75,,,
489514,82551,LAUNDRY 15C METAL SIGN,2,12-01-2009 11:21,1.25,15311,United Kingdom,2.5,,,
489514,82567,"AIRLINE LOUNGE,METAL SIGN",1,12-01-2009 11:21,2.1,15311,United Kingdom,2.1,,,
489514,21161,KEEP OUT BOYS DOOR HANGER ,3,12-01-2009 11:21,1.45,15311,United Kingdom,4.35,,,
489514,82613D,METAL SIGN CUPCAKE SINGLE HOOK,2,12-01-2009 11:21,1.25,15311,United Kingdom,2.5,,,
489514,21179,NO JUNK MAIL METAL SIGN,2,12-01-2009 11:21,1.25,15311,United Kingdom,2.5,,,
489514,21865,PINK UNION JACK  PASSPORT COVER ,3,12-01-2009 11:21,2.1,15311,United Kingdom,6.3,,,
489514,72783,BLACK SIL'T SQU CANDLE PLATE ,2,12-01-2009 11:21,2.1,15311,United Kingdom,4.2,,,
489514,20719,WOODLAND CHARLOTTE BAG,3,12-01-2009 11:21,0.85,15311,United Kingdom,2.55,,,
489514,21869,POTTING SHED COFFEE MUG,2,12-01-2009 11:21,1.25,15311,United Kingdom,2.5,,,
489514,21876,POTTERING MUG,2,12-01-2009 11:21,1.25,15311,United Kingdom,2.5,,,
489514,20754,RETRO RED SPOTTY WASHING UP GLOVES,3,12-01-2009 11:21,2.1,15311,United Kingdom,6.3,,,
489514,84849B,FAIRY SOAP SOAP HOLDER,2,12-01-2009 11:21,1.69,15311,United Kingdom,3.38,,,
489514,21864,UNION JACK FLAG PASSPORT COVER ,5,12-01-2009 11:21,2.1,15311,United Kingdom,10.5,,,
489514,21470,FLOWER VINE RAFFIA FOOD COVER,2,12-01-2009 11:21,3.75,15311,United Kingdom,7.5,,,
489514,20897,VINTAGE NOTEBOOK PARIS DAYS,2,12-01-2009 11:21,2.95,15311,United Kingdom,5.9,,,
489514,44230,SQUARE MIRROR CURTAIN,1,12-01-2009 11:21,7.95,15311,United Kingdom,7.95,,,
489514,37485,ENGLISH ROSE TEA SET IN GIFT BOX,2,12-01-2009 11:21,4.65,15311,United Kingdom,9.3,,,
489514,84997A,GREEN 3 PIECE MINI DOTS CUTLERY SET,3,12-01-2009 11:21,3.75,15311,United Kingdom,11.25,,,
489514,21245,GREEN  SPOTTY PLATE ,3,12-01-2009 11:21,1.69,15311,United Kingdom,5.07,,,
489514,21241,GREEN SPOTTY CUP,3,12-01-2009 11:21,0.85,15311,United Kingdom,2.55,,,
489517,21705,BAG 500g SWIRLY MARBLES,1,12-01-2009 11:34,1.65,16329,United Kingdom,1.65,,,
489517,21913,VINTAGE SEASIDE JIGSAW PUZZLES,1,12-01-2009 11:34,3.75,16329,United Kingdom,3.75,,,
489517,21912,VINTAGE SNAKES & LADDERS,1,12-01-2009 11:34,3.75,16329,United Kingdom,3.75,,,
489517,16207A,PINK STRAWBERRY HANDBAG ,2,12-01-2009 11:34,2.95,16329,United Kingdom,5.9,,,
489517,21821,GLITTER STAR GARLAND WITH BELLS ,1,12-01-2009 11:34,3.75,16329,United Kingdom,3.75,,,
489517,85123A,WHITE HANGING HEART T-LIGHT HOLDER,1,12-01-2009 11:34,2.95,16329,United Kingdom,2.95,,,
489517,22319,HAIRCLIPS FORTIES FABRIC ASSORTED,12,12-01-2009 11:34,0.65,16329,United Kingdom,7.8,,,
489517,22130,PARTY CONE CHRISTMAS DECORATION ,6,12-01-2009 11:34,0.85,16329,United Kingdom,5.1,,,
489517,21584,RETRO SPOT SMALL TUBE MATCHES,20,12-01-2009 11:34,1.65,16329,United Kingdom,33,,,
489517,20972,PINK CREAM FELT CRAFT TRINKET BOX ,1,12-01-2009 11:34,1.25,16329,United Kingdom,1.25,,,
489517,21912,VINTAGE SNAKES & LADDERS,1,12-01-2009 11:34,3.75,16329,United Kingdom,3.75,,,
489517,21791,VINTAGE HEADS AND TAILS CARD GAME ,6,12-01-2009 11:34,1.25,16329,United Kingdom,7.5,,,
489517,21790,VINTAGE SNAP CARDS,4,12-01-2009 11:34,0.85,16329,United Kingdom,3.4,,,
489517,21931,JUMBO STORAGE BAG SUKI,1,12-01-2009 11:34,1.95,16329,United Kingdom,1.95,,,
489517,20711,JUMBO BAG TOYS ,1,12-01-2009 11:34,1.95,16329,United Kingdom,1.95,,,
489517,47591A,CAROUSEL DES CHILD'S APRON,1,12-01-2009 11:34,1.65,16329,United Kingdom,1.65,,,
489517,84997B,RED 3 PIECE MINI DOTS CUTLERY SET,12,12-01-2009 11:34,3.75,16329,United Kingdom,45,,,
489517,84997A,GREEN 3 PIECE MINI DOTS CUTLERY SET,12,12-01-2009 11:34,3.75,16329,United Kingdom,45,,,
489517,21491,SET OF THREE VINTAGE GIFT WRAPS,1,12-01-2009 11:34,1.95,16329,United Kingdom,1.95,,,
489517,22122,SET OF 2 FANCY FONT TEA TOWELS,12,12-01-2009 11:34,2.95,16329,United Kingdom,35.4,,,
489517,20971,PINK BLUE FELT CRAFT TRINKET BOX,1,12-01-2009 11:34,1.25,16329,United Kingdom,1.25,,,
489517,21252,SET OF MEADOW  FLOWER STICKERS,1,12-01-2009 11:34,2.95,16329,United Kingdom,2.95,,,
489517,22130,PARTY CONE CHRISTMAS DECORATION ,6,12-01-2009 11:34,0.85,16329,United Kingdom,5.1,,,
489517,22319,HAIRCLIPS FORTIES FABRIC ASSORTED,12,12-01-2009 11:34,0.65,16329,United Kingdom,7.8,,,
489517,21913,VINTAGE SEASIDE JIGSAW PUZZLES,1,12-01-2009 11:34,3.75,16329,United Kingdom,3.75,,,
489517,21821,GLITTER STAR GARLAND WITH BELLS ,1,12-01-2009 11:34,3.75,16329,United Kingdom,3.75,,,
489517,21837,CROSS STITCH ALPHABET CUSHION COVER,2,12-01-2009 11:34,5.95,16329,United Kingdom,11.9,,,
489517,84951A,S/4 PISTACHIO LOVEBIRD COASTERS,1,12-01-2009 11:34,2.55,16329,United Kingdom,2.55,,,
489517,22335,HEART DECORATION PAINTED ZINC ,1,12-01-2009 11:34,0.65,16329,United Kingdom,0.65,,,
489517,84951A,S/4 PISTACHIO LOVEBIRD COASTERS,1,12-01-2009 11:34,2.55,16329,United Kingdom,2.55,,,
489517,21491,SET OF THREE VINTAGE GIFT WRAPS,1,12-01-2009 11:34,1.95,16329,United Kingdom,1.95,,,
489517,21791,VINTAGE HEADS AND TAILS CARD GAME ,1,12-01-2009 11:34,1.25,16329,United Kingdom,1.25,,,
489517,21790,VINTAGE SNAP CARDS,1,12-01-2009 11:34,0.85,16329,United Kingdom,0.85,,,
489517,21912,VINTAGE SNAKES & LADDERS,1,12-01-2009 11:34,3.75,16329,United Kingdom,3.75,,,
489517,85129A,"WHITE PEARL BEADED HEART, SMALL",1,12-01-2009 11:34,1.25,16329,United Kingdom,1.25,,,
489517,84791,GINGHAM HEART DECORATION,1,12-01-2009 11:34,2.95,16329,United Kingdom,2.95,,,
489517,21244,BLUE  SPOTTY PLATE ,4,12-01-2009 11:34,1.69,16329,United Kingdom,6.76,,,
489517,20675,BLUE SPOTTY BOWL,4,12-01-2009 11:34,1.25,16329,United Kingdom,5,,,
489519,22086,PAPER CHAIN KIT 50'S CHRISTMAS ,12,12-01-2009 11:37,2.95,17700,United Kingdom,35.4,,,
489519,85123A,WHITE HANGING HEART T-LIGHT HOLDER,32,12-01-2009 11:37,2.55,17700,United Kingdom,81.6,,,
489519,82616B,FRAPPUCINO SCARF KNITTING KIT,6,12-01-2009 11:37,2.95,17700,United Kingdom,17.7,,,
489519,22276,WASH BAG VINTAGE ROSE PAISLEY,6,12-01-2009 11:37,2.55,17700,United Kingdom,15.3,,,
489519,84912B,GREEN ROSE WASHBAG,4,12-01-2009 11:37,3.75,17700,United Kingdom,15,,,
489519,85014C,BLUE/BROWN DOTS RUFFLED UMBRELLA,3,12-01-2009 11:37,5.95,17700,United Kingdom,17.85,,,
489519,85014A,BLACK/BLUE DOTS RUFFLED UMBRELLA,3,12-01-2009 11:37,5.95,17700,United Kingdom,17.85,,,
489519,85014B,RED/WHITE DOTS RUFFLED UMBRELLA,3,12-01-2009 11:37,5.95,17700,United Kingdom,17.85,,,
489519,85014D,PINK/BROWN DOTS RUFFLED UMBRELLA,3,12-01-2009 11:37,5.95,17700,United Kingdom,17.85,,,
489519,21326,AGED GLASS SILVER T-LIGHT HOLDER,12,12-01-2009 11:37,0.65,17700,United Kingdom,7.8,,,
489519,84946,ANTIQUE SILVER TEA GLASS ETCHED,12,12-01-2009 11:37,1.25,17700,United Kingdom,15,,,
489519,84949,SILVER HANGING T-LIGHT HOLDER,6,12-01-2009 11:37,1.65,17700,United Kingdom,9.9,,,
489519,21491,SET OF THREE VINTAGE GIFT WRAPS,6,12-01-2009 11:37,1.95,17700,United Kingdom,11.7,,,
489519,21908,CHOCOLATE THIS WAY METAL SIGN,6,12-01-2009 11:37,2.1,17700,United Kingdom,12.6,,,
489519,21181,PLEASE ONE PERSON  METAL SIGN,6,12-01-2009 11:37,2.1,17700,United Kingdom,12.6,,,
489519,82483,WOOD 2 DRAWER CABINET WHITE FINISH,3,12-01-2009 11:37,5.95,17700,United Kingdom,17.85,,,
489519,79323S, SILVER CHERRY LIGHTS,4,12-01-2009 11:37,6.75,17700,United Kingdom,27,,,
489519,21371,MIRRORED WALL ART POPPIES,6,12-01-2009 11:37,2.55,17700,United Kingdom,15.3,,,
489519,85152,HAND OVER THE CHOCOLATE   SIGN ,6,12-01-2009 11:37,2.1,17700,United Kingdom,12.6,,,
489519,21133,PAINTED BIRD ASSORTED CHRISTMAS,12,12-01-2009 11:37,1.69,17700,United Kingdom,20.28,,,
489519,20984,12 PENCILS TALL TUBE POSY,12,12-01-2009 11:37,0.85,17700,United Kingdom,10.2,,,
489519,20982,12 PENCILS TALL TUBE SKULLS,12,12-01-2009 11:37,0.85,17700,United Kingdom,10.2,,,
489519,84971L,LARGE HEART FLOWERS HOOK   ,12,12-01-2009 11:37,1.25,17700,United Kingdom,15,,,
489519,21912,VINTAGE SNAKES & LADDERS,8,12-01-2009 11:37,3.75,17700,United Kingdom,30,,,
489519,90168,2 DAISIES HAIR COMB,6,12-01-2009 11:37,2.95,17700,United Kingdom,17.7,,,
489519,84884A,ANT WHITE WIRE HEART SPIRAL,5,12-01-2009 11:37,3.95,17700,United Kingdom,19.75,,,
489519,79323W, WHITE CHERRY LIGHTS,4,12-01-2009 11:37,6.75,17700,United Kingdom,27,,,
489519,90013C,GREEN VINTAGE EARRINGS ,4,12-01-2009 11:37,3.75,17700,United Kingdom,15,,,
489519,90023,FILIGREE DIAMANTE EARRINGS,2,12-01-2009 11:37,4.25,17700,United Kingdom,8.5,,,
489519,90067A,PINK VINTAGE VICTORIAN EARRINGS,6,12-01-2009 11:37,2.95,17700,United Kingdom,17.7,,,
489519,90067B,BROWN VINTAGE VICTORIAN EARRINGS,6,12-01-2009 11:37,2.95,17700,United Kingdom,17.7,,,
489519,90145,SILVER HOOP EARRINGS WITH FLOWER,2,12-01-2009 11:37,5.95,17700,United Kingdom,11.9,,,
489519,90000A,RASPBERRY ANT COPPER FLOWER NECKLAC,2,12-01-2009 11:37,5.95,17700,United Kingdom,11.9,,,
489519,90024B,NEW BAROQUE B'FLY NECKLACE RED,2,12-01-2009 11:37,8.5,17700,United Kingdom,17,,,
489519,90036D,"FLOWER GLASS GARLAND NECKL.36""BLACK",3,12-01-2009 11:37,7.95,17700,United Kingdom,23.85,,,
489519,90134,OLD ROSE COMBO BEAD NECKLACE,6,12-01-2009 11:37,2.95,17700,United Kingdom,17.7,,,
489519,90131,PINK/AMETHYST/GOLD NECKLACE,2,12-01-2009 11:37,6.95,17700,United Kingdom,13.9,,,
489519,90199C,5 STRAND GLASS NECKLACE CRYSTAL,2,12-01-2009 11:37,6.35,17700,United Kingdom,12.7,,,
489520,35751C,PURPLE CURRENT CANDLE RING,12,12-01-2009 11:41,0.75,14911,EIRE,9,,,
489520,72739B,WHITE CHOCOLATE SCENT CANDLE,12,12-01-2009 11:41,1.25,14911,EIRE,15,,,
489520,22114,HOT WATER BOTTLE TEA AND SYMPATHY,8,12-01-2009 11:41,3.95,14911,EIRE,31.6,,,
489520,22212,FOUR HOOK  WHITE LOVEBIRDS,6,12-01-2009 11:41,2.1,14911,EIRE,12.6,,,
489520,21523,FANCY FONT HOME SWEET HOME DOORMAT,2,12-01-2009 11:41,6.75,14911,EIRE,13.5,,,
489520,48187,DOOR MAT NEW ENGLAND,2,12-01-2009 11:41,6.75,14911,EIRE,13.5,,,
489520,48195,DOOR MAT GREEN PAISLEY ,2,12-01-2009 11:41,6.75,14911,EIRE,13.5,,,
489520,72741,GRAND CHOCOLATECANDLE,36,12-01-2009 11:41,1.45,14911,EIRE,52.2,,,
489520,85232D,SET/3 DECOUPAGE STACKING TINS,3,12-01-2009 11:41,4.95,14911,EIRE,14.85,,,
489520,20828,GLITTER BUTTERFLY CLIPS,6,12-01-2009 11:41,2.55,14911,EIRE,15.3,,,
489520,22080,RIBBON REEL SPOTS DESIGN ,10,12-01-2009 11:41,1.65,14911,EIRE,16.5,,,
489520,22082,RIBBON REEL STRIPES DESIGN ,10,12-01-2009 11:41,1.65,14911,EIRE,16.5,,,
489520,21754,HOME BUILDING BLOCK WORD,6,12-01-2009 11:41,5.95,14911,EIRE,35.7,,,
489520,21784,SHOE SHINE BOX ,4,12-01-2009 11:41,9.95,14911,EIRE,39.8,,,
489520,21172,PARTY METAL SIGN ,12,12-01-2009 11:41,1.45,14911,EIRE,17.4,,,
489520,21181,PLEASE ONE PERSON  METAL SIGN,6,12-01-2009 11:41,2.1,14911,EIRE,12.6,,,
489520,82600,NO SINGING METAL SIGN,12,12-01-2009 11:41,2.1,14911,EIRE,25.2,,,
489520,22282,12 EGG HOUSE PAINTED WOOD,4,12-01-2009 11:41,12.75,14911,EIRE,51,,,
489520,21842,PINK HEART CANDY BUTTON CALCULATOR,54,12-01-2009 11:41,2.55,14911,EIRE,137.7,,,
489520,22089,PAPER BUNTING VINTAGE PAISLEY,6,12-01-2009 11:41,2.95,14911,EIRE,17.7,,,
489520,21430,SET/3 RED GINGHAM ROSE STORAGE BOX,4,12-01-2009 11:41,3.75,14911,EIRE,15,,,
489520,20734,SILVER MINI TAPE MEASURE ,10,12-01-2009 11:41,0.85,14911,EIRE,8.5,,,
489520,21133,PAINTED BIRD ASSORTED CHRISTMAS,12,12-01-2009 11:41,1.69,14911,EIRE,20.28,,,
489520,35071,ASSORTED SANTA CHRISTMAS DECORATION,12,12-01-2009 11:41,0.85,14911,EIRE,10.2,,,
489520,22083,PAPER CHAIN KIT RETRO SPOT,6,12-01-2009 11:41,2.95,14911,EIRE,17.7,,,
489520,22086,PAPER CHAIN KIT 50'S CHRISTMAS ,6,12-01-2009 11:41,2.95,14911,EIRE,17.7,,,
489520,22121,NOEL WOODEN BLOCK LETTERS ,3,12-01-2009 11:41,5.95,14911,EIRE,17.85,,,
489520,21485,RED SPOT HEART HOT WATER BOTTLE,3,12-01-2009 11:41,4.95,14911,EIRE,14.85,,,
489520,84836,ZINC METAL HEART DECORATION,12,12-01-2009 11:41,1.25,14911,EIRE,15,,,
489520,22122,SET OF 2 FANCY FONT TEA TOWELS,12,12-01-2009 11:41,2.95,14911,EIRE,35.4,,,
489522,21916,SET 12 RETRO WHITE CHALK STICKS,3,12-01-2009 11:45,0.42,15998,United Kingdom,1.26,,,
489522,72760B,VINTAGE CREAM 3 BASKET CAKE STAND,1,12-01-2009 11:45,9.95,15998,United Kingdom,9.95,,,
489522,37492A,YELLOW RED FLOWER PIGGY BANK,1,12-01-2009 11:45,4.65,15998,United Kingdom,4.65,,,
489522,21479,WHITE SKULL HOT WATER BOTTLE ,2,12-01-2009 11:45,3.75,15998,United Kingdom,7.5,,,
489522,10133,COLOURING PENCILS BROWN TUBE,6,12-01-2009 11:45,0.85,15998,United Kingdom,5.1,,,
489522,22113,GREY HEART HOT WATER BOTTLE,4,12-01-2009 11:45,3.45,15998,United Kingdom,13.8,,,
489522,20782,CAMOUFLAGE EAR MUFF HEADPHONES,1,12-01-2009 11:45,5.49,15998,United Kingdom,5.49,,,
489522,22190,LOCAL CAFE MUG,1,12-01-2009 11:45,2.1,15998,United Kingdom,2.1,,,
489522,22111,SCOTTIE DOG HOT WATER BOTTLE,2,12-01-2009 11:45,4.95,15998,United Kingdom,9.9,,,
489522,84029G,KNITTED UNION FLAG HOT WATER BOTTLE,1,12-01-2009 11:45,3.75,15998,United Kingdom,3.75,,,
489522,22114,HOT WATER BOTTLE TEA AND SYMPATHY,1,12-01-2009 11:45,3.95,15998,United Kingdom,3.95,,,
489522,21489,BLUE WHITE SCARF HOT WATER BOTTLE,1,12-01-2009 11:45,3.95,15998,United Kingdom,3.95,,,
489522,20987,GEISHA GIRL CHOPSTICKS SET/5,6,12-01-2009 11:45,1.95,15998,United Kingdom,11.7,,,
489522,20989,URBAN CHIC CHOPSTICKS SET/5,2,12-01-2009 11:45,1.95,15998,United Kingdom,3.9,,,
489522,21868,POTTING SHED TEA MUG,1,12-01-2009 11:45,1.25,15998,United Kingdom,1.25,,,
489522,21875,KINGS CHOICE MUG,1,12-01-2009 11:45,1.25,15998,United Kingdom,1.25,,,
489522,21869,POTTING SHED COFFEE MUG,1,12-01-2009 11:45,1.25,15998,United Kingdom,1.25,,,
489522,21826,EIGHT PIECE DINOSAUR SET,3,12-01-2009 11:45,1.25,15998,United Kingdom,3.75,,,
489522,21827,EIGHT PIECE CREEPY CRAWLIE SET,3,12-01-2009 11:45,1.25,15998,United Kingdom,3.75,,,
489522,21828,EIGHT PIECE SNAKE  SET,3,12-01-2009 11:45,1.25,15998,United Kingdom,3.75,,,
489522,16225,RATTLE SNAKE EGGS,4,12-01-2009 11:45,1.25,15998,United Kingdom,5,,,
489522,21829,DINOSAUR KEYRINGS ASSORTED,36,12-01-2009 11:45,0.21,15998,United Kingdom,7.56,,,
489522,21582,KINGS CHOICE SMALL TUBE MATCHES,2,12-01-2009 11:45,1.65,15998,United Kingdom,3.3,,,
489522,21584,RETRO SPOT SMALL TUBE MATCHES,2,12-01-2009 11:45,1.65,15998,United Kingdom,3.3,,,
489522,21638,ASSORTED TUTTI FRUTTI NOTEBOOK,6,12-01-2009 11:45,2.1,15998,United Kingdom,12.6,,,
489522,35400,WOODEN BOX ADVENT CALENDAR ,2,12-01-2009 11:45,8.95,15998,United Kingdom,17.9,,,
489522,22218,CAKE STAND LACE WHITE,1,12-01-2009 11:45,4.25,15998,United Kingdom,4.25,,,
489522,22222,CAKE PLATE LOVEBIRD WHITE,1,12-01-2009 11:45,4.95,15998,United Kingdom,4.95,,,
489522,22300,COFFEE MUG DOG + BALL DESIGN,3,12-01-2009 11:45,2.55,15998,United Kingdom,7.65,,,
489522,22301,COFFEE MUG CAT + BIRD DESIGN,3,12-01-2009 11:45,2.55,15998,United Kingdom,7.65,,,
489522,22305,COFFEE MUG PINK PAISLEY DESIGN,3,12-01-2009 11:45,2.55,15998,United Kingdom,7.65,,,
489522,22304,COFFEE MUG BLUE PAISLEY DESIGN,3,12-01-2009 11:45,2.55,15998,United Kingdom,7.65,,,
489522,22302,COFFEE MUG PEARS  DESIGN,3,12-01-2009 11:45,2.55,15998,United Kingdom,7.65,,,
489522,22303,COFFEE MUG APPLES DESIGN,3,12-01-2009 11:45,2.55,15998,United Kingdom,7.65,,,
489522,22127,PARTY CONES CARNIVAL ASSORTED,6,12-01-2009 11:45,1.25,15998,United Kingdom,7.5,,,
489522,22130,PARTY CONE CHRISTMAS DECORATION ,24,12-01-2009 11:45,0.85,15998,United Kingdom,20.4,,,
489522,21143,ANTIQUE GLASS HEART DECORATION ,7,12-01-2009 11:45,1.95,15998,United Kingdom,13.65,,,
489522,21639,ASSORTED TUTTI FRUTTI KEYRING,10,12-01-2009 11:45,0.85,15998,United Kingdom,8.5,,,
489522,22154,ANGEL DECORATION 3 BUTTONS ,6,12-01-2009 11:45,0.42,15998,United Kingdom,2.52,,,
489522,22155,STAR DECORATION RUSTIC,6,12-01-2009 11:45,0.42,15998,United Kingdom,2.52,,,
489522,22294,HEART FILIGREE DOVE  SMALL,6,12-01-2009 11:45,1.25,15998,United Kingdom,7.5,,,
489522,21133,PAINTED BIRD ASSORTED CHRISTMAS,6,12-01-2009 11:45,1.69,15998,United Kingdom,10.14,,,
489522,21889,WOODEN BOX OF DOMINOES,2,12-01-2009 11:45,1.25,15998,United Kingdom,2.5,,,
489522,85045,GREEN CHRISTMAS TREE STRING 20LIGHT,2,12-01-2009 11:45,4.95,15998,United Kingdom,9.9,,,
489522,85044,RED REINDEER STRING OF 20 LIGHTS,2,12-01-2009 11:45,4.95,15998,United Kingdom,9.9,,,
489522,21888,BINGO SET,3,12-01-2009 11:45,3.75,15998,United Kingdom,11.25,,,
489522,21587,COSY HOUR GIANT TUBE MATCHES,6,12-01-2009 11:45,2.55,15998,United Kingdom,15.3,,,
489522,21588,RETRO SPOT GIANT  TUBE MATCHES,2,12-01-2009 11:45,2.55,15998,United Kingdom,5.1,,,
489522,21586,KINGS CHOICE GIANT TUBE MATCHES,4,12-01-2009 11:45,2.55,15998,United Kingdom,10.2,,,
489522,21818,GLITTER CHRISTMAS HEART ,6,12-01-2009 11:45,0.85,15998,United Kingdom,5.1,,,
489522,21819,GLITTER CHRISTMAS STAR ,6,12-01-2009 11:45,0.85,15998,United Kingdom,5.1,,,
489522,21817,GLITTER CHRISTMAS TREE,6,12-01-2009 11:45,0.85,15998,United Kingdom,5.1,,,
489522,48111,DOOR MAT 3 SMILEY CATS,1,12-01-2009 11:45,6.75,15998,United Kingdom,6.75,,,
489522,20685,RED SPOTTY COIR DOORMAT,1,12-01-2009 11:45,6.75,15998,United Kingdom,6.75,,,
489522,48194,DOORMAT HEARTS,1,12-01-2009 11:45,6.75,15998,United Kingdom,6.75,,,
489522,21495,SKULLS WRAP,25,12-01-2009 11:45,0.42,15998,United Kingdom,10.5,,,
489522,47505,MINATURE COLOURED GARDENING SET,2,12-01-2009 11:45,4.95,15998,United Kingdom,9.9,,,
489522,10135,COLOURING PENCILS BROWN TUBE,6,12-01-2009 11:45,1.25,15998,United Kingdom,7.5,,,
489522,22125,UNION JACK HOT WATER BOTTLE ,4,12-01-2009 11:45,5.95,15998,United Kingdom,23.8,,,
489522,37492C,GREEN BLUE FLOWER PIGGY BANK,1,12-01-2009 11:45,4.65,15998,United Kingdom,4.65,,,
489522,20677,PINK SPOTTY BOWL,1,12-01-2009 11:45,1.25,15998,United Kingdom,1.25,,,
489522,20676,RED SPOTTY BOWL,1,12-01-2009 11:45,1.25,15998,United Kingdom,1.25,,,
489522,20675,BLUE SPOTTY BOWL,1,12-01-2009 11:45,1.25,15998,United Kingdom,1.25,,,
489522,21086,SET/6 RED SPOTTY PAPER CUPS,8,12-01-2009 11:45,0.65,15998,United Kingdom,5.2,,,
489522,21948,SET OF 6 CAKE CHOPSTICKS,6,12-01-2009 11:45,1.25,15998,United Kingdom,7.5,,,
489522,21833,CAMOUFLAGE LED TORCH,12,12-01-2009 11:45,1.69,15998,United Kingdom,20.28,,,
489522,21832,CHOCOLATE CALCULATOR,5,12-01-2009 11:45,1.65,15998,United Kingdom,8.25,,,
489522,22315,200 RED + WHITE BENDY STRAWS,1,12-01-2009 11:45,1.25,15998,United Kingdom,1.25,,,
489522,21870,I CAN ONLY PLEASE ONE PERSON MUG,1,12-01-2009 11:45,1.25,15998,United Kingdom,1.25,,,
489522,82600,NO SINGING METAL SIGN,1,12-01-2009 11:45,2.1,15998,United Kingdom,2.1,,,
489522,21181,PLEASE ONE PERSON  METAL SIGN,2,12-01-2009 11:45,2.1,15998,United Kingdom,4.2,,,
489522,22115,METAL SIGN EMPIRE TEA,1,12-01-2009 11:45,2.95,15998,United Kingdom,2.95,,,
489522,21166,COOK WITH WINE METAL SIGN ,2,12-01-2009 11:45,1.95,15998,United Kingdom,3.9,,,
489522,21175,GIN + TONIC DIET METAL SIGN,2,12-01-2009 11:45,2.1,15998,United Kingdom,4.2,,,
489522,21174,POTTERING IN THE SHED METAL SIGN,1,12-01-2009 11:45,1.95,15998,United Kingdom,1.95,,,
489522,21908,CHOCOLATE THIS WAY METAL SIGN,3,12-01-2009 11:45,2.1,15998,United Kingdom,6.3,,,
489522,82582,AREA PATROLLED METAL SIGN,1,12-01-2009 11:45,2.1,15998,United Kingdom,2.1,,,
489522,85152,HAND OVER THE CHOCOLATE   SIGN ,2,12-01-2009 11:45,2.1,15998,United Kingdom,4.2,,,
489522,85150,LADIES & GENTLEMEN METAL SIGN,1,12-01-2009 11:45,2.55,15998,United Kingdom,2.55,,,
489522,22197,"POPCORN HOLDER , SMALL ",10,12-01-2009 11:45,0.85,15998,United Kingdom,8.5,,,
489522,21094,SET/6 RED SPOTTY PAPER PLATES,4,12-01-2009 11:45,0.85,15998,United Kingdom,3.4,,,
489522,72724,SET/6 CHRISTMAS ICICLE T-LIGHTS,7,12-01-2009 11:45,1.25,15998,United Kingdom,8.75,,,
489522,22103,MIRROR MOSAIC T-LIGHT HOLDER ROUND,6,12-01-2009 11:45,1.65,15998,United Kingdom,9.9,,,
489522,37424,WHITE WITH BLACK CATS MUG,6,12-01-2009 11:45,0.85,15998,United Kingdom,5.1,,,
489522,21136,PAINTED METAL PEARS ASSORTED,8,12-01-2009 11:45,1.69,15998,United Kingdom,13.52,,,
489522,21755,LOVE BUILDING BLOCK WORD,1,12-01-2009 11:45,5.95,15998,United Kingdom,5.95,,,
489522,84879,ASSORTED COLOUR BIRD ORNAMENT,8,12-01-2009 11:45,1.69,15998,United Kingdom,13.52,,,
489522,84997B,RED 3 PIECE MINI DOTS CUTLERY SET,1,12-01-2009 11:45,3.75,15998,United Kingdom,3.75,,,
489522,84997D,PINK 3 PIECE MINI DOTS CUTLERY SET,1,12-01-2009 11:45,3.75,15998,United Kingdom,3.75,,,
489522,84997C,BLUE 3 PIECE MINI DOTS CUTLERY SET,1,12-01-2009 11:45,3.75,15998,United Kingdom,3.75,,,
489522,21238,RED SPOTTY CUP,4,12-01-2009 11:45,0.85,15998,United Kingdom,3.4,,,
489522,21240,BLUE  SPOTTY CUP,4,12-01-2009 11:45,0.85,15998,United Kingdom,3.4,,,
489522,21239,PINK  SPOTTY CUP,4,12-01-2009 11:45,0.85,15998,United Kingdom,3.4,,,
489522,84007,MAGIC GARDEN MOUNT FUJI,4,12-01-2009 11:45,2.55,15998,United Kingdom,10.2,,,
489522,84012,MAGIC SHEEP WOOL GROWING FROM PAPER,4,12-01-2009 11:45,2.55,15998,United Kingdom,10.2,,,
489522,22077,6 RIBBONS RUSTIC CHARM,1,12-01-2009 11:45,1.65,15998,United Kingdom,1.65,,,
489522,85049A,TRADITIONAL CHRISTMAS RIBBONS,2,12-01-2009 11:45,1.25,15998,United Kingdom,2.5,,,
489522,85049E,SCANDINAVIAN REDS RIBBONS,2,12-01-2009 11:45,1.25,15998,United Kingdom,2.5,,,
489522,22075,6 RIBBONS ELEGANT CHRISTMAS ,2,12-01-2009 11:45,1.65,15998,United Kingdom,3.3,,,
489522,22076,6 RIBBONS EMPIRE  ,1,12-01-2009 11:45,1.65,15998,United Kingdom,1.65,,,
489522,79323W, WHITE CHERRY LIGHTS,1,12-01-2009 11:45,6.75,15998,United Kingdom,6.75,,,
489522,79323LP,LIGHT PINK CHERRY LIGHTS,1,12-01-2009 11:45,6.75,15998,United Kingdom,6.75,,,
489522,79342B,BROWN FLOWER LIGHTS,1,12-01-2009 11:45,6.75,15998,United Kingdom,6.75,,,
489522,79341,WILLOW BRANCH LIGHTS.,6,12-01-2009 11:45,6.75,15998,United Kingdom,40.5,,,
489523,84879,ASSORTED COLOUR BIRD ORNAMENT,800,12-01-2009 11:46,1.45,12931,United Kingdom,1160,,,
489526,85049E,SCANDINAVIAN REDS RIBBONS,12,12-01-2009 11:50,1.25,12533,Germany,15,,,
489526,21976,PACK OF 60 MUSHROOM CAKE CASES,24,12-01-2009 11:50,0.55,12533,Germany,13.2,,,
489526,21498,RED SPOTS  WRAP ,25,12-01-2009 11:50,0.42,12533,Germany,10.5,,,
489526,22077,6 RIBBONS RUSTIC CHARM,12,12-01-2009 11:50,1.65,12533,Germany,19.8,,,
489526,84946,ANTIQUE SILVER TEA GLASS ETCHED,12,12-01-2009 11:50,1.25,12533,Germany,15,,,
489526,84948,SILVER HANGING T-LIGHT HOLDER DOME,24,12-01-2009 11:50,1.65,12533,Germany,39.6,,,
489526,21537,RETRO SPOTS PUDDING BOWL,4,12-01-2009 11:50,4.25,12533,Germany,17,,,
489526,21733,RED HANGING HEART T-LIGHT HOLDER,6,12-01-2009 11:50,2.95,12533,Germany,17.7,,,
489526,85123A,WHITE HANGING HEART T-LIGHT HOLDER,6,12-01-2009 11:50,2.95,12533,Germany,17.7,,,
489526,20718,RED SPOTTY SHOPPER BAG,10,12-01-2009 11:50,1.25,12533,Germany,12.5,,,
489526,21539,RETRO SPOTS BUTTER DISH,3,12-01-2009 11:50,4.95,12533,Germany,14.85,,,
489526,16169F,WRAP BLIZZARD,25,12-01-2009 11:50,0.42,12533,Germany,10.5,,,
489526,84836,ZINC METAL HEART DECORATION,24,12-01-2009 11:50,1.25,12533,Germany,30,,,
489526,21527,RETRO SPOT TRADITIONAL TEAPOT ,2,12-01-2009 11:50,7.95,12533,Germany,15.9,,,
489526,21533,RETRO SPOT LARGE MILK JUG,6,12-01-2009 11:50,4.95,12533,Germany,29.7,,,
489526,21531,RETRO SPOT SUGAR JAM BOWL,6,12-01-2009 11:50,2.55,12533,Germany,15.3,,,
489526,22180,RETRO SPOT LAMP,3,12-01-2009 11:50,9.95,12533,Germany,29.85,,,
489526,22333,RETRO SPORT PARTY BAG + STICKER SET,8,12-01-2009 11:50,1.65,12533,Germany,13.2,,,
489526,22319,HAIRCLIPS FORTIES FABRIC ASSORTED,24,12-01-2009 11:50,0.65,12533,Germany,15.6,,,
489526,85232B,SET/3 RUSSIAN DOLL STACKING TINS,9,12-01-2009 11:50,4.95,12533,Germany,44.55,,,
489526,20676,RED SPOTTY BOWL,8,12-01-2009 11:50,1.25,12533,Germany,10,,,
489526,20914,SET/5 RED SPOTTY LID GLASS BOWLS,12,12-01-2009 11:50,2.95,12533,Germany,35.4,,,
489526,21217,RED SPOTTY ROUND CAKE TINS,3,12-01-2009 11:50,9.95,12533,Germany,29.85,,,
489526,21238,RED SPOTTY CUP,16,12-01-2009 11:50,0.85,12533,Germany,13.6,,,
489526,21242,RED SPOTTY PLATE ,8,12-01-2009 11:50,1.69,12533,Germany,13.52,,,
489526,22232,JIGSAW TOADSTOOLS 3 PIECE,8,12-01-2009 11:50,1.65,12533,Germany,13.2,,,
489526,21535,RETRO SPOT SMALL MILK JUG,6,12-01-2009 11:50,2.55,12533,Germany,15.3,,,
489526,21844,RETRO SPOT MUG,6,12-01-2009 11:50,2.95,12533,Germany,17.7,,,
489526,22073,RETRO SPOT STORAGE JAR,4,12-01-2009 11:50,3.75,12533,Germany,15,,,
489526,22072,TEA CUP AND SAUCER RETRO SPOT,4,12-01-2009 11:50,3.75,12533,Germany,15,,,
489526,22321,BIRD DECORATION RED SPOT,24,12-01-2009 11:50,0.85,12533,Germany,20.4,,,
489526,15056BL,EDWARDIAN PARASOL BLACK,6,12-01-2009 11:50,5.95,12533,Germany,35.7,,,
489526,15056N,EDWARDIAN PARASOL NATURAL,6,12-01-2009 11:50,5.95,12533,Germany,35.7,,,
489526,21731,RED TOADSTOOL LED NIGHT LIGHT,12,12-01-2009 11:50,1.65,12533,Germany,19.8,,,
489526,22254,FELT TOADSTOOL LARGE,12,12-01-2009 11:50,1.25,12533,Germany,15,,,
489526,22255,FELT TOADSTOOL  SMALL,12,12-01-2009 11:50,0.85,12533,Germany,10.2,,,
489526,46000S,POLYESTER FILLER PAD 40x40cm,2,12-01-2009 11:50,1.45,12533,Germany,2.9,,,
489526,20964,POLYESTER FILLER PAD 60x40cm,3,12-01-2009 11:50,2.55,12533,Germany,7.65,,,
489526,21788,KIDS RAIN MAC BLUE,24,12-01-2009 11:50,0.85,12533,Germany,20.4,,,
489526,21789,KIDS RAIN MAC PINK,24,12-01-2009 11:50,0.85,12533,Germany,20.4,,,
489526,20682,RED SPOTTY CHILDS UMBRELLA,6,12-01-2009 11:50,3.25,12533,Germany,19.5,,,
489526,85014C,BLUE/BROWN DOTS RUFFLED UMBRELLA,3,12-01-2009 11:50,5.95,12533,Germany,17.85,,,
489526,84832,ZINC WILLIE WINKIE  CANDLE STICK,24,12-01-2009 11:50,0.85,12533,Germany,20.4,,,
489526,POST,POSTAGE,6,12-01-2009 11:50,18,12533,Germany,108,,,
489529,85063,CREAM SWEETHEART MAGAZINE RACK,1,12-01-2009 11:51,16.95,17984,United Kingdom,16.95,,,
489529,48129,DOOR MAT TOPIARY,1,12-01-2009 11:51,6.75,17984,United Kingdom,6.75,,,
489529,21491,SET OF THREE VINTAGE GIFT WRAPS,1,12-01-2009 11:51,1.95,17984,United Kingdom,1.95,,,
489529,22030,SWALLOWS GREETING CARD,1,12-01-2009 11:51,0.42,17984,United Kingdom,0.42,,,
489529,21081,SET/20 POSIES PAPER NAPKINS,1,12-01-2009 11:51,0.85,17984,United Kingdom,0.85,,,
489529,20773,BLUE PAISLEY NOTEBOOK,1,12-01-2009 11:51,1.65,17984,United Kingdom,1.65,,,
489529,20767,BLUE PAISLEY JOURNAL ,1,12-01-2009 11:51,2.55,17984,United Kingdom,2.55,,,
489529,22028,PENNY FARTHING BIRTHDAY CARD,12,12-01-2009 11:51,0.42,17984,United Kingdom,5.04,,,
489529,20622,VIPPASSPORT COVER ,1,12-01-2009 11:51,2.1,17984,United Kingdom,2.1,,,
489529,21122,SET/10 PINK SPOTTY PARTY CANDLES,1,12-01-2009 11:51,1.25,17984,United Kingdom,1.25,,,
489529,21124,SET/10 BLUE SPOTTY PARTY CANDLES,1,12-01-2009 11:51,1.25,17984,United Kingdom,1.25,,,
489529,20657,TROPICAL LUGGAGE TAG,1,12-01-2009 11:51,1.25,17984,United Kingdom,1.25,,,
489529,16156N,"WRAP, FRIENDSHIP ON GREEN",25,12-01-2009 11:51,0.42,17984,United Kingdom,10.5,,,
489529,20673,STRAWBERRIES PRINT BOWL,4,12-01-2009 11:51,1.25,17984,United Kingdom,5,,,
489529,22300,COFFEE MUG DOG + BALL DESIGN,6,12-01-2009 11:51,2.55,17984,United Kingdom,15.3,,,
489529,84520B,PACK 20 ENGLISH ROSE PAPER NAPKINS,1,12-01-2009 11:51,0.85,17984,United Kingdom,0.85,,,
489529,22086,PAPER CHAIN KIT 50'S CHRISTMAS ,1,12-01-2009 11:51,2.95,17984,United Kingdom,2.95,,,
489529,20619,TROPICAL PASSPORT COVER ,1,12-01-2009 11:51,2.1,17984,United Kingdom,2.1,,,
489529,21864,UNION JACK FLAG PASSPORT COVER ,1,12-01-2009 11:51,2.1,17984,United Kingdom,2.1,,,
489529,21866,UNION JACK FLAG LUGGAGE TAG,1,12-01-2009 11:51,1.25,17984,United Kingdom,1.25,,,
489529,20660,VIP LUGGAGE TAG ,1,12-01-2009 11:51,1.25,17984,United Kingdom,1.25,,,
489529,21489,BLUE WHITE SCARF HOT WATER BOTTLE,1,12-01-2009 11:51,3.95,17984,United Kingdom,3.95,,,
489529,16207A,PINK STRAWBERRY HANDBAG ,1,12-01-2009 11:51,2.95,17984,United Kingdom,2.95,,,
489529,20777,CHRYSANTHEMUM NOTEBOOK,1,12-01-2009 11:51,1.65,17984,United Kingdom,1.65,,,
489529,20774,GREEN FERN NOTEBOOK,2,12-01-2009 11:51,1.65,17984,United Kingdom,3.3,,,
489529,22029,SPACE BOY BIRTHDAY CARD,12,12-01-2009 11:51,0.42,17984,United Kingdom,5.04,,,
489529,22030,SWALLOWS GREETING CARD,12,12-01-2009 11:51,0.42,17984,United Kingdom,5.04,,,
489529,22024,RAINY LADIES BIRTHDAY CARD,12,12-01-2009 11:51,0.42,17984,United Kingdom,5.04,,,
489529,22037,ROBOT BIRTHDAY CARD,12,12-01-2009 11:51,0.42,17984,United Kingdom,5.04,,,
489529,22036,DINOSAUR BIRTHDAY CARD,12,12-01-2009 11:51,0.42,17984,United Kingdom,5.04,,,
489529,22028,PENNY FARTHING BIRTHDAY CARD,12,12-01-2009 11:51,0.42,17984,United Kingdom,5.04,,,
489529,22036,DINOSAUR BIRTHDAY CARD,12,12-01-2009 11:51,0.42,17984,United Kingdom,5.04,,,
489529,21833,CAMOUFLAGE LED TORCH,2,12-01-2009 11:51,1.69,17984,United Kingdom,3.38,,,
489529,21726,MULTI HEARTS  STICKERS,3,12-01-2009 11:51,0.85,17984,United Kingdom,2.55,,,
489529,21544,SKULLS  WATER TRANSFER TATTOOS ,2,12-01-2009 11:51,0.85,17984,United Kingdom,1.7,,,
489529,21004,ROSE DU SUD CHILDS APRON,1,12-01-2009 11:51,4.25,17984,United Kingdom,4.25,,,
489529,20984,12 PENCILS TALL TUBE POSY,1,12-01-2009 11:51,0.85,17984,United Kingdom,0.85,,,
489529,20982,12 PENCILS TALL TUBE SKULLS,2,12-01-2009 11:51,0.85,17984,United Kingdom,1.7,,,
489529,84402D,PINK DRESS JEWELLERY STAND ,1,12-01-2009 11:51,2.95,17984,United Kingdom,2.95,,,
489529,84660B,BLACK STITCHED WALL CLOCK,1,12-01-2009 11:51,3.75,17984,United Kingdom,3.75,,,
489529,21429,RED GINGHAM ROSE JEWELLERY BOX,4,12-01-2009 11:51,1.65,17984,United Kingdom,6.6,,,
489529,72754B,F FAIRY POTPOURRI CUSHIONS LAVENDER,1,12-01-2009 11:51,1.69,17984,United Kingdom,1.69,,,
489529,48129,DOOR MAT TOPIARY,1,12-01-2009 11:51,6.75,17984,United Kingdom,6.75,,,
489529,21500,PINK SPOTS  WRAP ,25,12-01-2009 11:51,0.42,17984,United Kingdom,10.5,,,
489529,21431,GREEN GINGHAM FLOWER JEWELLERY BOX,4,12-01-2009 11:51,1.65,17984,United Kingdom,6.6,,,
489529,21912,VINTAGE SNAKES & LADDERS,2,12-01-2009 11:51,3.75,17984,United Kingdom,7.5,,,
489529,22086,PAPER CHAIN KIT 50'S CHRISTMAS ,3,12-01-2009 11:51,2.95,17984,United Kingdom,8.85,,,
489529,20748,KENSINGTON COFFEE SET,1,12-01-2009 11:51,12.75,17984,United Kingdom,12.75,,,
489529,21490,SET OF THREE 50'S GIFT WRAPS ,2,12-01-2009 11:51,1.95,17984,United Kingdom,3.9,,,
489529,72802B,OCEAN SCENT CANDLE IN JEWELLED BOX,3,12-01-2009 11:51,4.25,17984,United Kingdom,12.75,,,
489531,79029,GLASS HONEYPOT WASP CATCHER,1,12-01-2009 11:57,1.95,14871,United Kingdom,1.95,,,
489531,71477,COLOUR GLASS. STAR T-LIGHT HOLDER,12,12-01-2009 11:57,3.25,14871,United Kingdom,39,,,
489531,85042,ANTIQUE LILY FAIRY LIGHTS,4,12-01-2009 11:57,4.95,14871,United Kingdom,19.8,,,
489531,85123A,WHITE HANGING HEART T-LIGHT HOLDER,5,12-01-2009 11:57,2.95,14871,United Kingdom,14.75,,,
489531,21590,KINGS CHOICE CIGAR BOX MATCHES ,4,12-01-2009 11:57,1.25,14871,United Kingdom,5,,,
489531,21591,COSY HOUR CIGAR BOX MATCHES ,7,12-01-2009 11:57,1.25,14871,United Kingdom,8.75,,,
489531,21582,KINGS CHOICE SMALL TUBE MATCHES,8,12-01-2009 11:57,1.65,14871,United Kingdom,13.2,,,
489531,21587,COSY HOUR GIANT TUBE MATCHES,6,12-01-2009 11:57,2.55,14871,United Kingdom,15.3,,,
489531,82486,WOOD S/3 CABINET ANT WHITE FINISH,1,12-01-2009 11:57,7.95,14871,United Kingdom,7.95,,,
489531,82483,WOOD 2 DRAWER CABINET WHITE FINISH,1,12-01-2009 11:57,5.95,14871,United Kingdom,5.95,,,
489531,22112,CHOCOLATE HOT WATER BOTTLE,1,12-01-2009 11:57,4.95,14871,United Kingdom,4.95,,,
489531,22111,SCOTTIE DOG HOT WATER BOTTLE,1,12-01-2009 11:57,4.95,14871,United Kingdom,4.95,,,
489531,72801E,S/4 FESTIVE GREEN DINNER CANDLES,2,12-01-2009 11:57,1.25,14871,United Kingdom,2.5,,,
489531,21034,REX CASH+CARRY JUMBO SHOPPER,1,12-01-2009 11:57,0.95,14871,United Kingdom,0.95,,,
489532,85049D,BRIGHT BLUES RIBBONS ,12,12-01-2009 11:58,1.25,13394,United Kingdom,15,,,
489532,21985,PACK OF 12 HEARTS DESIGN TISSUES ,48,12-01-2009 11:58,0.29,13394,United Kingdom,13.92,,,
489532,21980,PACK OF 12 RED SPOTTY TISSUES ,48,12-01-2009 11:58,0.29,13394,United Kingdom,13.92,,,
489532,16235,RECYCLED PENCIL WITH RABBIT ERASER,60,12-01-2009 11:58,0.21,13394,United Kingdom,12.6,,,
489532,22083,PAPER CHAIN KIT RETRO SPOT,6,12-01-2009 11:58,2.95,13394,United Kingdom,17.7,,,
489532,22086,PAPER CHAIN KIT 50'S CHRISTMAS ,6,12-01-2009 11:58,2.95,13394,United Kingdom,17.7,,,
489532,22111,SCOTTIE DOG HOT WATER BOTTLE,3,12-01-2009 11:58,4.95,13394,United Kingdom,14.85,,,
489532,84347,ROTATING SILVER ANGELS T-LIGHT HLDR,6,12-01-2009 11:58,2.55,13394,United Kingdom,15.3,,,
489532,21485,RED SPOT HEART HOT WATER BOTTLE,3,12-01-2009 11:58,4.95,13394,United Kingdom,14.85,,,
489532,21212,PACK OF 72 RETRO SPOT CAKE CASES,24,12-01-2009 11:58,0.55,13394,United Kingdom,13.2,,,
489532,84990,60 GOLD AND SILVER FAIRY CAKE CASES,24,12-01-2009 11:58,0.55,13394,United Kingdom,13.2,,,
489532,85231E,STRAWBERRY SCENTED SET/9 T-LIGHTS,12,12-01-2009 11:58,0.85,13394,United Kingdom,10.2,,,
489532,85231B,CINAMMON SET OF 9 T-LIGHTS,24,12-01-2009 11:58,0.85,13394,United Kingdom,20.4,,,
489532,72008,FROSTED BOX 9 WHITE T-LIGHT CANDLES,12,12-01-2009 11:58,0.42,13394,United Kingdom,5.04,,,
489532,22071,SMALL RETRO SPOT MUG IN BOX  WHITE,6,12-01-2009 11:58,3.75,13394,United Kingdom,22.5,,,
489532,22070,SMALL RETRO SPOT MUG IN BOX  RED,6,12-01-2009 11:58,3.75,13394,United Kingdom,22.5,,,
489532,22077,6 RIBBONS RUSTIC CHARM,9,12-01-2009 11:58,1.65,13394,United Kingdom,14.85,,,
489532,20892,SET/3 TALL GLASS CANDLE HOLDER PINK,2,12-01-2009 11:58,12.75,13394,United Kingdom,25.5,,,
489532,84270,ASSTD DESIGN BUBBLE GUM RING,30,12-01-2009 11:58,0.21,13394,United Kingdom,6.3,,,
489532,85049C,ROMANTIC PINKS RIBBONS ,12,12-01-2009 11:58,1.25,13394,United Kingdom,15,,,
489533,84352,SILVER CHRISTMAS TREE BAUBLE STAND ,1,12-01-2009 12:02,16.95,16011,United Kingdom,16.95,,,
489533,79067,CORONA MEXICAN TRAY,1,12-01-2009 12:02,3.75,16011,United Kingdom,3.75,,,
489533,22203,MILK PAN RED RETROSPOT,1,12-01-2009 12:02,3.75,16011,United Kingdom,3.75,,,
489533,21353,SILVER SLEIGHBELL  WREATH,4,12-01-2009 12:02,7.95,16011,United Kingdom,31.8,,,
489533,84946,ANTIQUE SILVER TEA GLASS ETCHED,6,12-01-2009 12:02,1.25,16011,United Kingdom,7.5,,,
489533,22300,COFFEE MUG DOG + BALL DESIGN,6,12-01-2009 12:02,2.55,16011,United Kingdom,15.3,,,
489533,21535,RETRO SPOT SMALL MILK JUG,1,12-01-2009 12:02,2.55,16011,United Kingdom,2.55,,,
489533,21540,DAIRY MAID CERAMIC BUTTER DISH,2,12-01-2009 12:02,4.25,16011,United Kingdom,8.5,,,
489533,21538,DAIRY MAID  PUDDING BOWL,1,12-01-2009 12:02,3.75,16011,United Kingdom,3.75,,,
489533,22073,RETRO SPOT STORAGE JAR,1,12-01-2009 12:02,3.75,16011,United Kingdom,3.75,,,
489533,21534,DAIRY MAID LARGE MILK JUG,1,12-01-2009 12:02,4.95,16011,United Kingdom,4.95,,,
489533,22073,RETRO SPOT STORAGE JAR,1,12-01-2009 12:02,3.75,16011,United Kingdom,3.75,,,
489533,21533,RETRO SPOT LARGE MILK JUG,1,12-01-2009 12:02,4.95,16011,United Kingdom,4.95,,,
489533,84946,ANTIQUE SILVER TEA GLASS ETCHED,6,12-01-2009 12:02,1.25,16011,United Kingdom,7.5,,,
489533,84836,ZINC METAL HEART DECORATION,12,12-01-2009 12:02,1.25,16011,United Kingdom,15,,,
489533,85053,FRENCH ENAMEL CANDLEHOLDER,2,12-01-2009 12:02,2.1,16011,United Kingdom,4.2,,,
489533,21756,BATH BUILDING BLOCK WORD,1,12-01-2009 12:02,5.95,16011,United Kingdom,5.95,,,
489533,22118,JOY WOODEN BLOCK LETTERS,1,12-01-2009 12:02,4.95,16011,United Kingdom,4.95,,,
489533,21754,HOME BUILDING BLOCK WORD,2,12-01-2009 12:02,5.95,16011,United Kingdom,11.9,,,
489533,84970S,HANGING HEART ZINC T-LIGHT HOLDER,12,12-01-2009 12:02,0.85,16011,United Kingdom,10.2,,,
489533,22118,JOY WOODEN BLOCK LETTERS,2,12-01-2009 12:02,4.95,16011,United Kingdom,9.9,,,
489533,21755,LOVE BUILDING BLOCK WORD,2,12-01-2009 12:02,5.95,16011,United Kingdom,11.9,,,
489536,21375,LARGE CAMPHOR WOOD FIELD MUSHROOM ,2,12-01-2009 12:13,5.45,16393,United Kingdom,10.9,,,
489536,22109,FULL ENGLISH BREAKFAST PLATE,1,12-01-2009 12:13,3.75,16393,United Kingdom,3.75,,,
489536,21864,UNION JACK FLAG PASSPORT COVER ,1,12-01-2009 12:13,2.1,16393,United Kingdom,2.1,,,
489536,48129,DOOR MAT TOPIARY,1,12-01-2009 12:13,6.75,16393,United Kingdom,6.75,,,
489536,22186,RED STAR CARD HOLDER,1,12-01-2009 12:13,2.95,16393,United Kingdom,2.95,,,
489536,47504K,ENGLISH ROSE GARDEN SECATEURS,2,12-01-2009 12:13,1.95,16393,United Kingdom,3.9,,,
489536,47504F,ENGLISH ROSE TORCH,2,12-01-2009 12:13,1.65,16393,United Kingdom,3.3,,,
489536,21809,CHRISTMAS HANGING TREE WITH BELL,1,12-01-2009 12:13,1.25,16393,United Kingdom,1.25,,,
489536,21809,CHRISTMAS HANGING TREE WITH BELL,1,12-01-2009 12:13,1.25,16393,United Kingdom,1.25,,,
489536,22075,6 RIBBONS ELEGANT CHRISTMAS ,1,12-01-2009 12:13,1.65,16393,United Kingdom,1.65,,,
489536,21186,WHITE DOVE HONEYCOMB PAPER GARLAND,2,12-01-2009 12:13,1.65,16393,United Kingdom,3.3,,,
489536,22086,PAPER CHAIN KIT 50'S CHRISTMAS ,1,12-01-2009 12:13,2.95,16393,United Kingdom,2.95,,,
489536,21611,SET OF 12 LILY BOTANICAL T-LIGHTS,2,12-01-2009 12:13,2.95,16393,United Kingdom,5.9,,,
489536,22113,GREY HEART HOT WATER BOTTLE,2,12-01-2009 12:13,3.45,16393,United Kingdom,6.9,,,
489536,21480,PINK STRIPE HOT WATER BOTTLE,1,12-01-2009 12:13,2.95,16393,United Kingdom,2.95,,,
489536,22295,HEART FILIGREE DOVE LARGE,2,12-01-2009 12:13,1.65,16393,United Kingdom,3.3,,,
489536,85170A,SET/6 IVORY BIRD T-LIGHT CANDLES,1,12-01-2009 12:13,2.1,16393,United Kingdom,2.1,,,
489536,85033S,SET/6 SILVER REINDEER T-LIGHTS,1,12-01-2009 12:13,1.95,16393,United Kingdom,1.95,,,
489536,35991,SET/6 BLACK SNOWFLAKE T-LIGHTS ,1,12-01-2009 12:13,1.69,16393,United Kingdom,1.69,,,
489536,22185,SLATE TILE NATURAL HANGING,2,12-01-2009 12:13,1.65,16393,United Kingdom,3.3,,,
489536,21786,RAIN HAT WITH RED SPOTS,1,12-01-2009 12:13,0.42,16393,United Kingdom,0.42,,,
489536,20752,RETRO BLUE SPOTTY WASHING UP GLOVES,1,12-01-2009 12:13,2.1,16393,United Kingdom,2.1,,,
489536,20754,RETRO RED SPOTTY WASHING UP GLOVES,1,12-01-2009 12:13,2.1,16393,United Kingdom,2.1,,,
489536,84388,WISE MAN STAR SHAPE EGG PAN,1,12-01-2009 12:13,1.65,16393,United Kingdom,1.65,,,
489536,21865,PINK UNION JACK  PASSPORT COVER ,1,12-01-2009 12:13,2.1,16393,United Kingdom,2.1,,,
489536,21832,CHOCOLATE CALCULATOR,1,12-01-2009 12:13,1.65,16393,United Kingdom,1.65,,,
489536,85071A,BLUE CHARLIE+LOLA PERSONAL DOORSIGN,1,12-01-2009 12:13,2.95,16393,United Kingdom,2.95,,,
489536,85071B,RED CHARLIE+LOLA PERSONAL DOORSIGN,1,12-01-2009 12:13,2.95,16393,United Kingdom,2.95,,,
489536,21948,SET OF 6 CAKE CHOPSTICKS,1,12-01-2009 12:13,1.25,16393,United Kingdom,1.25,,,
489536,21791,VINTAGE HEADS AND TAILS CARD GAME ,2,12-01-2009 12:13,1.25,16393,United Kingdom,2.5,,,
489536,21918,SET 12 KIDS COLOUR  CHALK STICKS,2,12-01-2009 12:13,0.42,16393,United Kingdom,0.84,,,
489536,22086,PAPER CHAIN KIT 50'S CHRISTMAS ,2,12-01-2009 12:13,2.95,16393,United Kingdom,5.9,,,
489536,21493, VINTAGE DESIGN GIFT TAGS,2,12-01-2009 12:13,0.85,16393,United Kingdom,1.7,,,
489536,21491,SET OF THREE VINTAGE GIFT WRAPS,2,12-01-2009 12:13,1.95,16393,United Kingdom,3.9,,,
489536,51012C,"FEATHER DUSTER, COAL BLACK",1,12-01-2009 12:13,1.25,16393,United Kingdom,1.25,,,
489536,21034,REX CASH+CARRY JUMBO SHOPPER,1,12-01-2009 12:13,0.95,16393,United Kingdom,0.95,,,
489536,84671B,CROCHET BEAR WITH BLUE STRIPES,1,12-01-2009 12:13,2.55,16393,United Kingdom,2.55,,,
489536,21747,SMALL SKULL WINDMILL,1,12-01-2009 12:13,1.25,16393,United Kingdom,1.25,,,
489536,22197,"POPCORN HOLDER , SMALL ",1,12-01-2009 12:13,0.85,16393,United Kingdom,0.85,,,
489536,22107,PIZZA PLATE IN BOX,1,12-01-2009 12:13,3.75,16393,United Kingdom,3.75,,,
489536,22330,72 ROUND PINK DOILIES,1,12-01-2009 12:13,1.45,16393,United Kingdom,1.45,,,
489536,22139,RETRO SPOT TEA SET CERAMIC 11 PC ,1,12-01-2009 12:13,4.95,16393,United Kingdom,4.95,,,
489536,84375,SET OF 20 KIDS COOKIE CUTTERS,1,12-01-2009 12:13,1.95,16393,United Kingdom,1.95,,,
489536,84952B,BLACK LOVE BIRD T-LIGHT HOLDER,2,12-01-2009 12:13,3.75,16393,United Kingdom,7.5,,,
489536,20961,STRAWBERRY BATH SPONGE ,1,12-01-2009 12:13,1.25,16393,United Kingdom,1.25,,,
489536,20960,WATERMELON BATH SPONGE,1,12-01-2009 12:13,1.25,16393,United Kingdom,1.25,,,
489536,20966,SANDWICH BATH SPONGE,1,12-01-2009 12:13,1.25,16393,United Kingdom,1.25,,,
489536,17164D,ASS COL SMALL SAND FROG P'WEIGHT,1,12-01-2009 12:13,0.42,16393,United Kingdom,0.42,,,
489536,21791,VINTAGE HEADS AND TAILS CARD GAME ,6,12-01-2009 12:13,1.25,16393,United Kingdom,7.5,,,
489536,21890,S/6 WOODEN SKITTLES IN COTTON BAG,1,12-01-2009 12:13,2.95,16393,United Kingdom,2.95,,,
489536,22353,LUNCHBOX WITH CUTLERY FAIRY CAKES ,1,12-01-2009 12:13,2.55,16393,United Kingdom,2.55,,,
489536,85170D,SET/6 PINK BIRD T-LIGHT CANDLES,1,12-01-2009 12:13,2.1,16393,United Kingdom,2.1,,,
489536,17091J,VANILLA INCENSE IN TIN,1,12-01-2009 12:13,1.25,16393,United Kingdom,1.25,,,
489536,79067,CORONA MEXICAN TRAY,1,12-01-2009 12:13,3.75,16393,United Kingdom,3.75,,,
489536,20975,12 PENCILS SMALL TUBE RED SPOTTY,7,12-01-2009 12:13,0.65,16393,United Kingdom,4.55,,,
489536,20677,PINK SPOTTY BOWL,1,12-01-2009 12:13,1.25,16393,United Kingdom,1.25,,,
489536,20675,BLUE SPOTTY BOWL,1,12-01-2009 12:13,1.25,16393,United Kingdom,1.25,,,
489536,20676,RED SPOTTY BOWL,2,12-01-2009 12:13,1.25,16393,United Kingdom,2.5,,,
489536,21440,12 MINI TOADSTOOL PEGS,1,12-01-2009 12:13,1.25,16393,United Kingdom,1.25,,,
489536,22174,PHOTO CUBE,2,12-01-2009 12:13,1.65,16393,United Kingdom,3.3,,,
489536,22142,CHRISTMAS CRAFT WHITE FAIRY ,1,12-01-2009 12:13,1.45,16393,United Kingdom,1.45,,,
489536,22150, 3 STRIPEY MICE FELTCRAFT,2,12-01-2009 12:13,1.95,16393,United Kingdom,3.9,,,
489536,22142,CHRISTMAS CRAFT WHITE FAIRY ,1,12-01-2009 12:13,1.45,16393,United Kingdom,1.45,,,
489536,22147,FELTCRAFT BUTTERFLY HEARTS,2,12-01-2009 12:13,1.45,16393,United Kingdom,2.9,,,
489536,21356,TOAST ITS - FAIRY FLOWER,1,12-01-2009 12:13,1.25,16393,United Kingdom,1.25,,,
489536,21357,TOAST ITS - DINOSAUR,1,12-01-2009 12:13,1.25,16393,United Kingdom,1.25,,,
489536,21166,COOK WITH WINE METAL SIGN ,1,12-01-2009 12:13,1.95,16393,United Kingdom,1.95,,,
489536,20728,LUNCH BAG CARS BLUE,4,12-01-2009 12:13,1.65,16393,United Kingdom,6.6,,,
489536,21677,HEARTS  STICKERS,6,12-01-2009 12:13,0.85,16393,United Kingdom,5.1,,,
489536,21680,WOODLAND  STICKERS,6,12-01-2009 12:13,0.85,16393,United Kingdom,5.1,,,
489536,21730,GLASS STAR FROSTED T-LIGHT HOLDER,1,12-01-2009 12:13,4.95,16393,United Kingdom,4.95,,,
489536,17164D,ASS COL SMALL SAND FROG P'WEIGHT,1,12-01-2009 12:13,0.42,16393,United Kingdom,0.42,,,
489536,22353,LUNCHBOX WITH CUTLERY FAIRY CAKES ,1,12-01-2009 12:13,2.55,16393,United Kingdom,2.55,,,
489536,21791,VINTAGE HEADS AND TAILS CARD GAME ,2,12-01-2009 12:13,1.25,16393,United Kingdom,2.5,,,
489536,21788,KIDS RAIN MAC BLUE,1,12-01-2009 12:13,0.85,16393,United Kingdom,0.85,,,
489536,21789,KIDS RAIN MAC PINK,1,12-01-2009 12:13,0.85,16393,United Kingdom,0.85,,,
489536,20660,VIP LUGGAGE TAG ,1,12-01-2009 12:13,1.25,16393,United Kingdom,1.25,,,
489536,70007,HI TEC ALPINE HAND WARMER,1,12-01-2009 12:13,1.65,16393,United Kingdom,1.65,,,
489536,70006,LOVE HEART POCKET WARMER,1,12-01-2009 12:13,1.65,16393,United Kingdom,1.65,,,
489536,21650,ASSORTED TUTTI FRUTTI BRACELET,1,12-01-2009 12:13,0.65,16393,United Kingdom,0.65,,,
489536,22142,CHRISTMAS CRAFT WHITE FAIRY ,1,12-01-2009 12:13,1.45,16393,United Kingdom,1.45,,,
489536,22147,FELTCRAFT BUTTERFLY HEARTS,1,12-01-2009 12:13,1.45,16393,United Kingdom,1.45,,,
489536,21892,TRADITIONAL WOODEN CATCH CUP GAME ,1,12-01-2009 12:13,1.25,16393,United Kingdom,1.25,,,
489536,21650,ASSORTED TUTTI FRUTTI BRACELET,1,12-01-2009 12:13,0.65,16393,United Kingdom,0.65,,,
489536,85227,SET/6 3D KIT CARDS FOR KIDS,1,12-01-2009 12:13,0.85,16393,United Kingdom,0.85,,,
489536,85227,SET/6 3D KIT CARDS FOR KIDS,3,12-01-2009 12:13,0.85,16393,United Kingdom,2.55,,,
489536,20655,QUEEN OF SKIES LUGGAGE TAG,1,12-01-2009 12:13,1.25,16393,United Kingdom,1.25,,,
489536,21791,VINTAGE HEADS AND TAILS CARD GAME ,1,12-01-2009 12:13,1.25,16393,United Kingdom,1.25,,,
489536,21990,MODERN FLORAL STATIONERY SET,1,12-01-2009 12:13,2.95,16393,United Kingdom,2.95,,,
489536,21231,SWEETHEART CERAMIC TRINKET BOX,1,12-01-2009 12:13,1.25,16393,United Kingdom,1.25,,,
489536,22064,PINK DOUGHNUT TRINKET POT ,4,12-01-2009 12:13,1.65,16393,United Kingdom,6.6,,,
489536,21934,SKULL SHOULDER BAG,1,12-01-2009 12:13,1.65,16393,United Kingdom,1.65,,,
489536,21578,WOODLAND DESIGN  COTTON TOTE BAG,1,12-01-2009 12:13,2.25,16393,United Kingdom,2.25,,,
489536,21579,LOLITA  DESIGN  COTTON TOTE BAG,1,12-01-2009 12:13,2.25,16393,United Kingdom,2.25,,,
489536,21577,SAVE THE PLANET COTTON TOTE BAG,2,12-01-2009 12:13,2.25,16393,United Kingdom,4.5,,,
489536,21931,JUMBO STORAGE BAG SUKI,5,12-01-2009 12:13,1.95,16393,United Kingdom,9.75,,,
489536,85099B,JUMBO BAG RED WHITE SPOTTY ,5,12-01-2009 12:13,1.95,16393,United Kingdom,9.75,,,
489536,20713,JUMBO BAG OWLS,1,12-01-2009 12:13,1.95,16393,United Kingdom,1.95,,,
489536,20712,JUMBO BAG WOODLAND ANIMALS,1,12-01-2009 12:13,1.95,16393,United Kingdom,1.95,,,
489536,16047,POP ART PEN CASE & PENS,1,12-01-2009 12:13,0.85,16393,United Kingdom,0.85,,,
489536,21561,DINOSAUR LUNCHBOX WITH CUTLERY,1,12-01-2009 12:13,2.55,16393,United Kingdom,2.55,,,
489536,20814,SILVER FINCH DECORATION,1,12-01-2009 12:13,1.25,16393,United Kingdom,1.25,,,
489536,21122,SET/10 PINK SPOTTY PARTY CANDLES,1,12-01-2009 12:13,1.25,16393,United Kingdom,1.25,,,
489536,21231,SWEETHEART CERAMIC TRINKET BOX,1,12-01-2009 12:13,1.25,16393,United Kingdom,1.25,,,
489536,21232,STRAWBERRY CERAMIC TRINKET BOX,3,12-01-2009 12:13,1.25,16393,United Kingdom,3.75,,,
489536,84946,ANTIQUE SILVER TEA GLASS ETCHED,6,12-01-2009 12:13,1.25,16393,United Kingdom,7.5,,,
489536,22068, BLACK PIRATE TREASURE CHEST,4,12-01-2009 12:13,1.65,16393,United Kingdom,6.6,,,
489536,21377,SMALL CAMPHOR WOOD FIELD  MUSHROOM,1,12-01-2009 12:13,1.65,16393,United Kingdom,1.65,,,
489536,21379, CAMPHOR WOOD PORTOBELLO MUSHROOM,1,12-01-2009 12:13,1.25,16393,United Kingdom,1.25,,,
489536,20956,PORCELAIN T-LIGHT HOLDERS ASSORTED,1,12-01-2009 12:13,1.25,16393,United Kingdom,1.25,,,
489536,21018,BIRD BOX CHRISTMAS TREE DECORATION,1,12-01-2009 12:13,0.85,16393,United Kingdom,0.85,,,
489536,35995,SET/6 BLACK GLITTER REINDEER CANDLE,1,12-01-2009 12:13,2.1,16393,United Kingdom,2.1,,,
489536,85033S,SET/6 SILVER REINDEER T-LIGHTS,1,12-01-2009 12:13,1.95,16393,United Kingdom,1.95,,,
489536,22185,SLATE TILE NATURAL HANGING,2,12-01-2009 12:13,1.65,16393,United Kingdom,3.3,,,
489536,21578,WOODLAND DESIGN  COTTON TOTE BAG,2,12-01-2009 12:13,2.25,16393,United Kingdom,4.5,,,
489536,21579,LOLITA  DESIGN  COTTON TOTE BAG,1,12-01-2009 12:13,2.25,16393,United Kingdom,2.25,,,
489536,22355,"CHARLOTTE BAG , SUKI DESIGN",9,12-01-2009 12:13,0.85,16393,United Kingdom,7.65,,,
489536,21934,SKULL SHOULDER BAG,2,12-01-2009 12:13,1.65,16393,United Kingdom,3.3,,,
489536,21579,LOLITA  DESIGN  COTTON TOTE BAG,1,12-01-2009 12:13,2.25,16393,United Kingdom,2.25,,,
489536,21034,REX CASH+CARRY JUMBO SHOPPER,1,12-01-2009 12:13,0.95,16393,United Kingdom,0.95,,,
489536,22356,"CHARLOTTE BAG , PINK/WHITE SPOTS",3,12-01-2009 12:13,0.85,16393,United Kingdom,2.55,,,
489536,21581,SKULLS  DESIGN  COTTON TOTE BAG,4,12-01-2009 12:13,2.25,16393,United Kingdom,9,,,
489536,20956,PORCELAIN T-LIGHT HOLDERS ASSORTED,2,12-01-2009 12:13,1.25,16393,United Kingdom,2.5,,,
489536,20727,LUNCH BAG  BLACK SKULL.,3,12-01-2009 12:13,1.65,16393,United Kingdom,4.95,,,
489536,21071,VINTAGE BILLBOARD DRINK ME MUG,1,12-01-2009 12:13,1.25,16393,United Kingdom,1.25,,,
489536,21068,VINTAGE BILLBOARD LOVE/HATE MUG,1,12-01-2009 12:13,1.25,16393,United Kingdom,1.25,,,
489536,22107,PIZZA PLATE IN BOX,1,12-01-2009 12:13,3.75,16393,United Kingdom,3.75,,,
489536,22189,CREAM HEART CARD HOLDER,1,12-01-2009 12:13,3.95,16393,United Kingdom,3.95,,,
489536,21786,RAIN HAT WITH RED SPOTS,1,12-01-2009 12:13,0.42,16393,United Kingdom,0.42,,,
489536,48179,DOOR MAT SWEET HOME,1,12-01-2009 12:13,6.75,16393,United Kingdom,6.75,,,
489537,48129,DOOR MAT TOPIARY,1,12-01-2009 12:14,6.75,14040,United Kingdom,6.75,,,
489537,21523,FANCY FONT HOME SWEET HOME DOORMAT,1,12-01-2009 12:14,6.75,14040,United Kingdom,6.75,,,
489537,48188,DOOR MAT WELCOME PUPPIES,2,12-01-2009 12:14,6.75,14040,United Kingdom,13.5,,,
489537,48111,DOOR MAT 3 SMILEY CATS,2,12-01-2009 12:14,6.75,14040,United Kingdom,13.5,,,
489537,48194,DOORMAT HEARTS,2,12-01-2009 12:14,6.75,14040,United Kingdom,13.5,,,
489537,20685,RED SPOTTY COIR DOORMAT,2,12-01-2009 12:14,6.75,14040,United Kingdom,13.5,,,
489537,48195,DOOR MAT GREEN PAISLEY ,2,12-01-2009 12:14,6.75,14040,United Kingdom,13.5,,,
489537,48184,DOOR MAT ENGLISH ROSE ,2,12-01-2009 12:14,6.75,14040,United Kingdom,13.5,,,
489537,21733,RED HANGING HEART T-LIGHT HOLDER,10,12-01-2009 12:14,2.95,14040,United Kingdom,29.5,,,
489537,21777,RECIPE BOX WITH METAL HEART,4,12-01-2009 12:14,7.95,14040,United Kingdom,31.8,,,
489537,20969,RED FLORAL FELTCRAFT SHOULDER BAG,4,12-01-2009 12:14,3.75,14040,United Kingdom,15,,,
489537,20970,PINK FLORAL FELTCRAFT SHOULDER BAG,4,12-01-2009 12:14,3.75,14040,United Kingdom,15,,,
489537,20968,GREEN FLORAL FELTCRAFT SHOULDER BAG,4,12-01-2009 12:14,3.75,14040,United Kingdom,15,,,
489537,20967,GREY FLORAL FELTCRAFT SHOULDER BAG,2,12-01-2009 12:14,3.75,14040,United Kingdom,7.5,,,
489537,21737,SET 3 WICKER LOG BASKETS,1,12-01-2009 12:14,19.95,14040,United Kingdom,19.95,,,
489537,84899E,YELLOW + BROWN BEAR FELT PURSE KIT,2,12-01-2009 12:14,1.25,14040,United Kingdom,2.5,,,
489537,84899F,YELLOW PURPLE DAISY FELT PURSE KIT,3,12-01-2009 12:14,1.25,14040,United Kingdom,3.75,,,
489537,84898F,YELLOW FLOWERS FELT HANDBAG KIT,5,12-01-2009 12:14,2.1,14040,United Kingdom,10.5,,,
489537,20971,PINK BLUE FELT CRAFT TRINKET BOX,5,12-01-2009 12:14,1.25,14040,United Kingdom,6.25,,,
489537,20972,PINK CREAM FELT CRAFT TRINKET BOX ,5,12-01-2009 12:14,1.25,14040,United Kingdom,6.25,,,
489537,22207,FRYING PAN UNION FLAG,1,12-01-2009 12:14,4.25,14040,United Kingdom,4.25,,,
489537,21016,LIGHT BIRD HOUSE TREE DECORATION,1,12-01-2009 12:14,0.85,14040,United Kingdom,0.85,,,
489537,22115,METAL SIGN EMPIRE TEA,1,12-01-2009 12:14,2.95,14040,United Kingdom,2.95,,,
489537,22273,FELTCRAFT DOLL MOLLY,2,12-01-2009 12:14,2.95,14040,United Kingdom,5.9,,,
489537,20828,GLITTER BUTTERFLY CLIPS,6,12-01-2009 12:14,2.55,14040,United Kingdom,15.3,,,
489537,20829,GLITTER HANGING BUTTERFLY STRING,6,12-01-2009 12:14,2.1,14040,United Kingdom,12.6,,,
489537,85231B,CINAMMON SET OF 9 T-LIGHTS,5,12-01-2009 12:14,0.85,14040,United Kingdom,4.25,,,
489537,85231G,ORANGE SCENTED SET/9 T-LIGHTS,5,12-01-2009 12:14,0.85,14040,United Kingdom,4.25,,,
489537,21407,BROWN CHECK CAT DOORSTOP ,1,12-01-2009 12:14,4.25,14040,United Kingdom,4.25,,,
489537,21410,COUNTRY COTTAGE  DOORSTOP GREEN,2,12-01-2009 12:14,4.25,14040,United Kingdom,8.5,,,
489537,72800F,4 IVORY DINNER CANDLES GOLD FLOCK,1,12-01-2009 12:14,2.55,14040,United Kingdom,2.55,,,
489537,21411,GINGHAM HEART  DOORSTOP RED,4,12-01-2009 12:14,4.25,14040,United Kingdom,17,,,
489537,21993,FLORAL FOLK STATIONERY SET,3,12-01-2009 12:14,2.95,14040,United Kingdom,8.85,,,
489537,84032B,CHARLIE + LOLA RED HOT WATER BOTTLE,4,12-01-2009 12:14,2.95,14040,United Kingdom,11.8,,,
489537,22125,UNION JACK HOT WATER BOTTLE ,3,12-01-2009 12:14,5.95,14040,United Kingdom,17.85,,,
489537,84032A,CHARLIE+LOLA PINK HOT WATER BOTTLE,4,12-01-2009 12:14,2.95,14040,United Kingdom,11.8,,,
489537,21482,MUSHROOM BLUE HOT WATER BOTTLE,3,12-01-2009 12:14,2.95,14040,United Kingdom,8.85,,,
489537,21479,WHITE SKULL HOT WATER BOTTLE ,2,12-01-2009 12:14,3.75,14040,United Kingdom,7.5,,,
489537,21480,PINK STRIPE HOT WATER BOTTLE,5,12-01-2009 12:14,2.95,14040,United Kingdom,14.75,,,
489537,21486,PINK HEART DOTS HOT WATER BOTTLE,2,12-01-2009 12:14,3.75,14040,United Kingdom,7.5,,,
489537,21481,FAWN BLUE HOT WATER BOTTLE,3,12-01-2009 12:14,2.95,14040,United Kingdom,8.85,,,
489537,72008,FROSTED BOX 9 WHITE T-LIGHT CANDLES,24,12-01-2009 12:14,0.42,14040,United Kingdom,10.08,,,
489537,21231,SWEETHEART CERAMIC TRINKET BOX,20,12-01-2009 12:14,1.25,14040,United Kingdom,25,,,
489537,21232,STRAWBERRY CERAMIC TRINKET BOX,20,12-01-2009 12:14,1.25,14040,United Kingdom,25,,,
489537,21813,GARLAND WITH STARS AND BELLS,1,12-01-2009 12:14,4.95,14040,United Kingdom,4.95,,,
489537,21812,GARLAND WITH HEARTS AND BELLS,4,12-01-2009 12:14,4.95,14040,United Kingdom,19.8,,,
489537,21489,BLUE WHITE SCARF HOT WATER BOTTLE,3,12-01-2009 12:14,3.95,14040,United Kingdom,11.85,,,
489537,21488,RED WHITE SCARF  HOT WATER BOTTLE,3,12-01-2009 12:14,3.95,14040,United Kingdom,11.85,,,
489537,84029E,RED WOOLLY HOTTIE WHITE HEART.,1,12-01-2009 12:14,3.75,14040,United Kingdom,3.75,,,
489537,75013B,"STRING OF 8 BUTTERFLIES,PINK",3,12-01-2009 12:14,1.65,14040,United Kingdom,4.95,,,
489537,72800E,4 IVORY DINNER CANDLES SILVER FLOCK,4,12-01-2009 12:14,2.55,14040,United Kingdom,10.2,,,
489537,72800F,4 IVORY DINNER CANDLES GOLD FLOCK,3,12-01-2009 12:14,2.55,14040,United Kingdom,7.65,,,
489537,72801G,S/4 BURGUNDY WINE DINNER CANDLES,3,12-01-2009 12:14,1.25,14040,United Kingdom,3.75,,,
489537,72801F,S/4 FESTIVE RED DINNER CANDLES,6,12-01-2009 12:14,1.25,14040,United Kingdom,7.5,,,
489537,72801E,S/4 FESTIVE GREEN DINNER CANDLES,6,12-01-2009 12:14,1.25,14040,United Kingdom,7.5,,,
489537,21790,VINTAGE SNAP CARDS,11,12-01-2009 12:14,0.85,14040,United Kingdom,9.35,,,
489537,21791,VINTAGE HEADS AND TAILS CARD GAME ,6,12-01-2009 12:14,1.25,14040,United Kingdom,7.5,,,
489537,21888,BINGO SET,3,12-01-2009 12:14,3.75,14040,United Kingdom,11.25,,,
489537,21351,CINAMMON & ORANGE WREATH,2,12-01-2009 12:14,6.75,14040,United Kingdom,13.5,,,
489540,21732,RED HANGING METAL STAR TLIGHT HLDR,24,12-01-2009 12:18,3.39,12913,United Kingdom,81.36,,,
489540,21754,HOME BUILDING BLOCK WORD,24,12-01-2009 12:18,5.45,12913,United Kingdom,130.8,,,
489540,22083,PAPER CHAIN KIT RETRO SPOT,58,12-01-2009 12:18,2.55,12913,United Kingdom,147.9,,,
489540,22086,PAPER CHAIN KIT 50'S CHRISTMAS ,58,12-01-2009 12:18,2.55,12913,United Kingdom,147.9,,,
489540,84946,ANTIQUE SILVER TEA GLASS ETCHED,24,12-01-2009 12:18,1.25,12913,United Kingdom,30,,,
489539,22086,PAPER CHAIN KIT 50'S CHRISTMAS ,160,12-01-2009 12:18,2.55,15061,United Kingdom,408,,,
489539,22083,PAPER CHAIN KIT RETRO SPOT,160,12-01-2009 12:18,2.55,15061,United Kingdom,408,,,
489539,85041,SET/4 PINK ORCHID CANDLES IN BOWL,48,12-01-2009 12:18,1.45,15061,United Kingdom,69.6,,,
489539,85040B,SET/4 BLUE FLOWER CANDLES IN BOWL,192,12-01-2009 12:18,1.45,15061,United Kingdom,278.4,,,
489539,84879,ASSORTED COLOUR BIRD ORNAMENT,96,12-01-2009 12:18,1.69,15061,United Kingdom,162.24,,,
489539,79323P,PINK CHERRY LIGHTS,24,12-01-2009 12:18,5.45,15061,United Kingdom,130.8,,,
489539,48184,DOOR MAT ENGLISH ROSE ,20,12-01-2009 12:18,5.95,15061,United Kingdom,119,,,
489539,37461,FUNKY MONKEY MUG,96,12-01-2009 12:18,0.85,15061,United Kingdom,81.6,,,
489539,22139,RETRO SPOT TEA SET CERAMIC 11 PC ,72,12-01-2009 12:18,4.25,15061,United Kingdom,306,,,
489539,21700,BIG DOUGHNUT FRIDGE MAGNETS,144,12-01-2009 12:18,0.85,15061,United Kingdom,122.4,,,
489539,21673,WHITE SPOT BLUE CERAMIC DRAWER KNOB,60,12-01-2009 12:18,1.06,15061,United Kingdom,63.6,,,
489539,21671,RED SPOT CERAMIC DRAWER KNOB,60,12-01-2009 12:18,1.06,15061,United Kingdom,63.6,,,
489539,21669,BLUE STRIPE CERAMIC DRAWER KNOB,60,12-01-2009 12:18,1.06,15061,United Kingdom,63.6,,,
489539,21500,PINK SPOTS  WRAP ,100,12-01-2009 12:18,0.34,15061,United Kingdom,34,,,
489539,20692,FLORAL ELEPHANT SOFT TOY,96,12-01-2009 12:18,3.75,15061,United Kingdom,360,,,
489539,20685,RED SPOTTY COIR DOORMAT,30,12-01-2009 12:18,5.95,15061,United Kingdom,178.5,,,
489539,16237,SLEEPING CAT ERASERS,180,12-01-2009 12:18,0.21,15061,United Kingdom,37.8,,,
489542,37410,BLACK AND WHITE PAISLEY FLOWER MUG,216,12-01-2009 12:19,0.85,15061,United Kingdom,183.6,,,
489542,22139,RETRO SPOT TEA SET CERAMIC 11 PC ,48,12-01-2009 12:19,4.25,15061,United Kingdom,204,,,
489544,22086,PAPER CHAIN KIT 50'S CHRISTMAS ,18,12-01-2009 12:20,2.95,14341,United Kingdom,53.1,,,
489544,84347,ROTATING SILVER ANGELS T-LIGHT HLDR,18,12-01-2009 12:20,2.55,14341,United Kingdom,45.9,,,
489544,22065,CHRISTMAS PUDDING TRINKET POT ,12,12-01-2009 12:20,1.45,14341,United Kingdom,17.4,,,
489544,21813,GARLAND WITH STARS AND BELLS,6,12-01-2009 12:20,4.95,14341,United Kingdom,29.7,,,
489544,84251F,"GREETING CARD, RITA",12,12-01-2009 12:20,0.19,14341,United Kingdom,2.28,,,
489544,20975,12 PENCILS SMALL TUBE RED SPOTTY,24,12-01-2009 12:20,0.65,14341,United Kingdom,15.6,,,
489544,21080,SET/20 RED SPOTTY PAPER NAPKINS ,12,12-01-2009 12:20,0.85,14341,United Kingdom,10.2,,,
489544,21844,RETRO SPOT MUG,6,12-01-2009 12:20,2.95,14341,United Kingdom,17.7,,,
489544,22070,SMALL RETRO SPOT MUG IN BOX  RED,6,12-01-2009 12:20,3.75,14341,United Kingdom,22.5,,,
489544,21980,PACK OF 12 RED SPOTTY TISSUES ,48,12-01-2009 12:20,0.29,14341,United Kingdom,13.92,,,
489544,21967,PACK OF 12 SKULL TISSUES,48,12-01-2009 12:20,0.29,14341,United Kingdom,13.92,,,
489544,22125,UNION JACK HOT WATER BOTTLE ,3,12-01-2009 12:20,5.95,14341,United Kingdom,17.85,,,
489544,21364,PEACE SMALL WOOD LETTERS,1,12-01-2009 12:20,6.75,14341,United Kingdom,6.75,,,
489544,21809,CHRISTMAS HANGING TREE WITH BELL,12,12-01-2009 12:20,1.25,14341,United Kingdom,15,,,
489545,90062,CARNIVAL BRACELET,1,12-01-2009 12:22,12.75,17804,United Kingdom,12.75,,,
489545,21480,PINK STRIPE HOT WATER BOTTLE,2,12-01-2009 12:22,2.95,17804,United Kingdom,5.9,,,
489545,22110,BIRD HOUSE HOT WATER BOTTLE,1,12-01-2009 12:22,3.45,17804,United Kingdom,3.45,,,
489545,22113,GREY HEART HOT WATER BOTTLE,1,12-01-2009 12:22,3.45,17804,United Kingdom,3.45,,,
489545,21484,CHICK GREY HOT WATER BOTTLE,2,12-01-2009 12:22,3.45,17804,United Kingdom,6.9,,,
489545,20914,SET/5 RED SPOTTY LID GLASS BOWLS,1,12-01-2009 12:22,2.95,17804,United Kingdom,2.95,,,
489545,84977,WIRE FLOWER T-LIGHT HOLDER,6,12-01-2009 12:22,1.25,17804,United Kingdom,7.5,,,
489545,21868,POTTING SHED TEA MUG,1,12-01-2009 12:22,1.25,17804,United Kingdom,1.25,,,
489545,18010,ASSORTED FRAGRANCE BATH CONFETTI,6,12-01-2009 12:22,0.42,17804,United Kingdom,2.52,,,
489545,21162,TOXIC AREA  DOOR HANGER ,1,12-01-2009 12:22,1.45,17804,United Kingdom,1.45,,,
489545,37370,RETRO COFFEE MUGS ASSORTED,2,12-01-2009 12:22,1.25,17804,United Kingdom,2.5,,,
489545,22152,PLACE SETTING WHITE STAR,15,12-01-2009 12:22,0.42,17804,United Kingdom,6.3,,,
489545,72267,PREMIUM CHURCH CANDLE,3,12-01-2009 12:22,2.1,17804,United Kingdom,6.3,,,
489545,22139,RETRO SPOT TEA SET CERAMIC 11 PC ,4,12-01-2009 12:22,4.95,17804,United Kingdom,19.8,,,
489545,22143,CHRISTMAS CRAFT HEART DECORATIONS,1,12-01-2009 12:22,2.1,17804,United Kingdom,2.1,,,
489545,22197,"POPCORN HOLDER , SMALL ",3,12-01-2009 12:22,0.85,17804,United Kingdom,2.55,,,
489545,22081,RIBBON REEL FLORA + FAUNA ,1,12-01-2009 12:22,1.65,17804,United Kingdom,1.65,,,
489545,22079,RIBBON REEL HEARTS DESIGN ,1,12-01-2009 12:22,1.65,17804,United Kingdom,1.65,,,
489545,22273,FELTCRAFT DOLL MOLLY,1,12-01-2009 12:22,2.95,17804,United Kingdom,2.95,,,
489545,22272,FELTCRAFT DOLL MARIA,1,12-01-2009 12:22,2.95,17804,United Kingdom,2.95,,,
489545,22274,FELTCRAFT DOLL EMILY,1,12-01-2009 12:22,2.95,17804,United Kingdom,2.95,,,
489545,21124,SET/10 BLUE SPOTTY PARTY CANDLES,1,12-01-2009 12:22,1.25,17804,United Kingdom,1.25,,,
489545,21122,SET/10 PINK SPOTTY PARTY CANDLES,1,12-01-2009 12:22,1.25,17804,United Kingdom,1.25,,,
489545,20758,ABSTRACT CIRCLES POCKET BOOK,3,12-01-2009 12:22,0.85,17804,United Kingdom,2.55,,,
489545,20756,GREEN FERN POCKET BOOK,3,12-01-2009 12:22,0.85,17804,United Kingdom,2.55,,,
489545,21126,SET OF 6 GIRLS CELEBRATION CANDLES,1,12-01-2009 12:22,1.25,17804,United Kingdom,1.25,,,
489545,21125,SET 6 FOOTBALL CELEBRATION CANDLES,1,12-01-2009 12:22,1.25,17804,United Kingdom,1.25,,,
489545,22154,ANGEL DECORATION 3 BUTTONS ,8,12-01-2009 12:22,0.42,17804,United Kingdom,3.36,,,
489545,22102,MIRROR MOSAIC T-LIGHT HOLDER ,3,12-01-2009 12:22,1.65,17804,United Kingdom,4.95,,,
489545,35955,SMALL FOLKART CHRISTMAS TREE DEC,4,12-01-2009 12:22,0.42,17804,United Kingdom,1.68,,,
489545,35954,SMALL FOLKART STAR CHRISTMAS DEC,6,12-01-2009 12:22,0.42,17804,United Kingdom,2.52,,,
489545,35957,SMALLFOLKART BAUBLE CHRISTMAS DEC,6,12-01-2009 12:22,0.42,17804,United Kingdom,2.52,,,
489546,84050,PINK HEART SHAPE EGG FRYING PAN,6,12-01-2009 12:30,1.65,14156,EIRE,9.9,,,
489546,47568,ENGLISH ROSE DESIGN PEG BAG,6,12-01-2009 12:30,2.1,14156,EIRE,12.6,,,
489546,84782A,PINK 3 TIER GLASS PLATE STAND,2,12-01-2009 12:30,12.75,14156,EIRE,25.5,,,
489546,84782C,GREEN 3 TIER GLASS PLATE STAND,1,12-01-2009 12:30,12.75,14156,EIRE,12.75,,,
489546,21232,STRAWBERRY CERAMIC TRINKET BOX,12,12-01-2009 12:30,1.25,14156,EIRE,15,,,
489546,21231,SWEETHEART CERAMIC TRINKET BOX,12,12-01-2009 12:30,1.25,14156,EIRE,15,,,
489546,22186,RED STAR CARD HOLDER,6,12-01-2009 12:30,2.95,14156,EIRE,17.7,,,
489546,22169,FAMILY ALBUM WHITE PICTURE FRAME,4,12-01-2009 12:30,8.5,14156,EIRE,34,,,
489546,82494L,WOODEN FRAME ANTIQUE WHITE ,6,12-01-2009 12:30,2.95,14156,EIRE,17.7,,,
489546,84933A,LARGE GREEN PEONY FOLDING STOOL,6,12-01-2009 12:30,2.1,14156,EIRE,12.6,,,
489546,84933B,LARGE PINK PEONY FOLDING STOOL,6,12-01-2009 12:30,2.1,14156,EIRE,12.6,,,
489546,22201,FRYING PAN BLUE POLKADOT ,4,12-01-2009 12:30,4.25,14156,EIRE,17,,,
489546,37503,TEA TIME CAKE STAND IN GIFT BOX,4,12-01-2009 12:30,10.75,14156,EIRE,43,,,
489546,48185,DOOR MAT FAIRY CAKE,4,12-01-2009 12:30,6.75,14156,EIRE,27,,,
489547,22086,PAPER CHAIN KIT 50'S CHRISTMAS ,18,12-01-2009 12:30,2.95,13599,United Kingdom,53.1,,,
489547,21871,SAVE THE PLANET MUG,12,12-01-2009 12:30,1.25,13599,United Kingdom,15,,,
489547,21875,KINGS CHOICE MUG,12,12-01-2009 12:30,1.25,13599,United Kingdom,15,,,
489547,21587,COSY HOUR GIANT TUBE MATCHES,12,12-01-2009 12:30,2.55,13599,United Kingdom,30.6,,,
489547,21593,SWALLOW CIGAR BOX MATCHES ,24,12-01-2009 12:30,1.25,13599,United Kingdom,30,,,
489547,21591,COSY HOUR CIGAR BOX MATCHES ,24,12-01-2009 12:30,1.25,13599,United Kingdom,30,,,
489547,21590,KINGS CHOICE CIGAR BOX MATCHES ,24,12-01-2009 12:30,1.25,13599,United Kingdom,30,,,
489547,22083,PAPER CHAIN KIT RETRO SPOT,6,12-01-2009 12:30,2.95,13599,United Kingdom,17.7,,,
489547,22085,PAPER CHAIN KIT SKULLS ,6,12-01-2009 12:30,2.95,13599,United Kingdom,17.7,,,
489547,21493, VINTAGE DESIGN GIFT TAGS,12,12-01-2009 12:30,0.85,13599,United Kingdom,10.2,,,
489547,22138,BAKING SET 9 PIECE RETROSPOT ,3,12-01-2009 12:30,4.95,13599,United Kingdom,14.85,,,
489547,21930,JUMBO STORAGE BAG SKULLS,10,12-01-2009 12:30,1.95,13599,United Kingdom,19.5,,,
489547,85099B,JUMBO BAG RED WHITE SPOTTY ,10,12-01-2009 12:30,1.95,13599,United Kingdom,19.5,,,
489547,85099C,JUMBO  BAG BAROQUE BLACK WHITE,10,12-01-2009 12:30,1.95,13599,United Kingdom,19.5,,,
489547,20719,WOODLAND CHARLOTTE BAG,10,12-01-2009 12:30,0.85,13599,United Kingdom,8.5,,,
489547,22356,"CHARLOTTE BAG , PINK/WHITE SPOTS",100,12-01-2009 12:30,0.72,13599,United Kingdom,72,,,
489547,20724,RED SPOTTY CHARLOTTE BAG,10,12-01-2009 12:30,0.85,13599,United Kingdom,8.5,,,
489547,20727,LUNCH BAG  BLACK SKULL.,10,12-01-2009 12:30,1.65,13599,United Kingdom,16.5,,,
489547,20726,LUNCH BAG WOODLAND,10,12-01-2009 12:30,1.65,13599,United Kingdom,16.5,,,
489547,20725,LUNCH BAG RED SPOTTY,20,12-01-2009 12:30,1.65,13599,United Kingdom,33,,,
489547,22348,TEA BAG PLATE RED SPOTTY ,12,12-01-2009 12:30,0.85,13599,United Kingdom,10.2,,,
489547,85061W,WHITE JEWELLED HEART DECORATION,240,12-01-2009 12:30,0.64,13599,United Kingdom,153.6,,,
489546,48188,DOOR MAT WELCOME PUPPIES,2,12-01-2009 12:30,6.75,14156,EIRE,13.5,,,
489546,48194,DOORMAT HEARTS,2,12-01-2009 12:30,6.75,14156,EIRE,13.5,,,
489546,48129,DOOR MAT TOPIARY,2,12-01-2009 12:30,6.75,14156,EIRE,13.5,,,
489546,84997D,PINK 3 PIECE MINI DOTS CUTLERY SET,6,12-01-2009 12:30,3.75,14156,EIRE,22.5,,,
489546,21781,MA CAMPAGNE CUTLERY BOX,1,12-01-2009 12:30,14.95,14156,EIRE,14.95,,,
489546,22111,SCOTTIE DOG HOT WATER BOTTLE,3,12-01-2009 12:30,4.95,14156,EIRE,14.85,,,
489546,21485,RED SPOT HEART HOT WATER BOTTLE,3,12-01-2009 12:30,4.95,14156,EIRE,14.85,,,
489546,21484,CHICK GREY HOT WATER BOTTLE,4,12-01-2009 12:30,3.45,14156,EIRE,13.8,,,
489546,20692,FLORAL ELEPHANT SOFT TOY,9,12-01-2009 12:30,4.25,14156,EIRE,38.25,,,
489546,20768,GREEN FERN JOURNAL ,6,12-01-2009 12:30,2.55,14156,EIRE,15.3,,,
489546,21082,SET/20 FRUIT SALAD PAPER NAPKINS ,12,12-01-2009 12:30,0.85,14156,EIRE,10.2,,,
489546,47591D,PINK FAIRY CAKE CHILD'S APRON,8,12-01-2009 12:30,1.95,14156,EIRE,15.6,,,
489546,47591B,SCOTTIES DES CHILD'S APRON,8,12-01-2009 12:30,1.65,14156,EIRE,13.2,,,
489546,21004,ROSE DU SUD CHILDS APRON,3,12-01-2009 12:30,4.25,14156,EIRE,12.75,,,
489546,21212,PACK OF 72 RETRO SPOT CAKE CASES,24,12-01-2009 12:30,0.55,14156,EIRE,13.2,,,
489546,20751,FUNKY WASHING UP GLOVES ASSORTED,12,12-01-2009 12:30,2.1,14156,EIRE,25.2,,,
489546,22195,LARGE HEART MEASURING SPOONS,12,12-01-2009 12:30,1.65,14156,EIRE,19.8,,,
489546,22196,SMALL HEART MEASURING SPOONS,12,12-01-2009 12:30,0.85,14156,EIRE,10.2,,,
489546,22199,FRYING PAN RED POLKADOT ,4,12-01-2009 12:30,4.25,14156,EIRE,17,,,
489550,48187,DOOR MAT NEW ENGLAND,2,12-01-2009 12:33,6.75,14156,EIRE,13.5,,,
489550,21523,FANCY FONT HOME SWEET HOME DOORMAT,2,12-01-2009 12:33,6.75,14156,EIRE,13.5,,,
489550,84968C,S/16 VINTAGE PISTACHIO CUTLERY,4,12-01-2009 12:33,12.75,14156,EIRE,51,,,
489550,84968F,S/16 VINTAGE SKY BLUE CUTLERY,2,12-01-2009 12:33,12.75,14156,EIRE,25.5,,,
489550,84968B,S/16 VINTAGE IVORY CUTLERY,2,12-01-2009 12:33,12.75,14156,EIRE,25.5,,,
489550,21977,PACK OF 60 PINK PAISLEY CAKE CASES,48,12-01-2009 12:33,0.55,14156,EIRE,26.4,,,
489550,22276,WASH BAG VINTAGE ROSE PAISLEY,6,12-01-2009 12:33,2.55,14156,EIRE,15.3,,,
489550,72760B,VINTAGE CREAM 3 BASKET CAKE STAND,4,12-01-2009 12:33,9.95,14156,EIRE,39.8,,,
489550,85231L,LAVENDER SCENTED SET/9 T-LIGHTS,12,12-01-2009 12:33,0.85,14156,EIRE,10.2,,,
489550,85231G,ORANGE SCENTED SET/9 T-LIGHTS,12,12-01-2009 12:33,0.85,14156,EIRE,10.2,,,
489550,21618,4 WILDFLOWER BOTANICAL CANDLES,6,12-01-2009 12:33,3.75,14156,EIRE,22.5,,,
489550,21615,4 LAVENDER BOTANICAL DINNER CANDLES,6,12-01-2009 12:33,3.75,14156,EIRE,22.5,,,
489550,21619,4 VANILLA BOTANICAL CANDLES,6,12-01-2009 12:33,3.75,14156,EIRE,22.5,,,
489550,21612,SET 12 WILDFLOWER BOTANICAL T-LIGHT,6,12-01-2009 12:33,2.95,14156,EIRE,17.7,,,
489550,85049A,TRADITIONAL CHRISTMAS RIBBONS,12,12-01-2009 12:33,1.25,14156,EIRE,15,,,
489550,85049B,LUSH GREENS RIBBONS,12,12-01-2009 12:33,1.25,14156,EIRE,15,,,
489550,85049G,CHOCOLATE BOX RIBBONS ,12,12-01-2009 12:33,1.25,14156,EIRE,15,,,
489550,21175,GIN + TONIC DIET METAL SIGN,6,12-01-2009 12:33,2.1,14156,EIRE,12.6,,,
489550,21770,OPEN CLOSED METAL SIGN,2,12-01-2009 12:33,4.95,14156,EIRE,9.9,,,
489550,20747,PICCADILLY TEA SET,2,12-01-2009 12:33,14.95,14156,EIRE,29.9,,,
489550,37500,TEA TIME TEAPOT IN GIFT BOX,2,12-01-2009 12:33,9.95,14156,EIRE,19.9,,,
489550,84991,60 TEATIME FAIRY CAKE CASES,48,12-01-2009 12:33,0.55,14156,EIRE,26.4,,,
489550,21637,ASSORTED SANSKRIT MINI NOTEBOOK,18,12-01-2009 12:33,1.25,14156,EIRE,22.5,,,
489552,35400,WOODEN BOX ADVENT CALENDAR ,1,12-01-2009 12:36,8.95,17063,United Kingdom,8.95,,,
489552,21901,"KEY FOB , BACK DOOR ",10,12-01-2009 12:36,0.65,17063,United Kingdom,6.5,,,
489552,21900,"KEY FOB , SHED",10,12-01-2009 12:36,0.65,17063,United Kingdom,6.5,,,
489552,21902,"KEY FOB , FRONT  DOOR ",12,12-01-2009 12:36,0.65,17063,United Kingdom,7.8,,,
489552,22079,RIBBON REEL HEARTS DESIGN ,2,12-01-2009 12:36,1.65,17063,United Kingdom,3.3,,,
489552,21223,SET/4 BADGES WOODLAND ANIMAL,2,12-01-2009 12:36,1.25,17063,United Kingdom,2.5,,,
489552,21162,TOXIC AREA  DOOR HANGER ,4,12-01-2009 12:36,1.45,17063,United Kingdom,5.8,,,
489552,85049D,BRIGHT BLUES RIBBONS ,2,12-01-2009 12:36,1.25,17063,United Kingdom,2.5,,,
489552,85049H,URBAN BLACK RIBBONS ,1,12-01-2009 12:36,1.25,17063,United Kingdom,1.25,,,
489552,85049G,CHOCOLATE BOX RIBBONS ,3,12-01-2009 12:36,1.25,17063,United Kingdom,3.75,,,
489552,22086,PAPER CHAIN KIT 50'S CHRISTMAS ,2,12-01-2009 12:36,2.95,17063,United Kingdom,5.9,,,
489552,22130,PARTY CONE CHRISTMAS DECORATION ,18,12-01-2009 12:36,0.85,17063,United Kingdom,15.3,,,
489552,72756,FAIRY CAKE CANDLES,9,12-01-2009 12:36,1.49,17063,United Kingdom,13.41,,,
489552,84997A,GREEN 3 PIECE MINI DOTS CUTLERY SET,6,12-01-2009 12:36,3.75,17063,United Kingdom,22.5,,,
489552,84997D,PINK 3 PIECE MINI DOTS CUTLERY SET,6,12-01-2009 12:36,3.75,17063,United Kingdom,22.5,,,
489552,84997B,RED 3 PIECE MINI DOTS CUTLERY SET,6,12-01-2009 12:36,3.75,17063,United Kingdom,22.5,,,
489552,84997C,BLUE 3 PIECE MINI DOTS CUTLERY SET,6,12-01-2009 12:36,3.75,17063,United Kingdom,22.5,,,
489552,21576,LETS GO SHOPPING COTTON TOTE BAG,1,12-01-2009 12:36,2.25,17063,United Kingdom,2.25,,,
489552,21580,RABBIT  DESIGN  COTTON TOTE BAG,1,12-01-2009 12:36,2.25,17063,United Kingdom,2.25,,,
489552,22111,SCOTTIE DOG HOT WATER BOTTLE,8,12-01-2009 12:36,4.95,17063,United Kingdom,39.6,,,
489552,21479,WHITE SKULL HOT WATER BOTTLE ,10,12-01-2009 12:36,3.75,17063,United Kingdom,37.5,,,
489552,21490,SET OF THREE 50'S GIFT WRAPS ,3,12-01-2009 12:36,1.95,17063,United Kingdom,5.85,,,
489552,22271,FELTCRAFT DOLL ROSIE,2,12-01-2009 12:36,2.95,17063,United Kingdom,5.9,,,
489552,22273,FELTCRAFT DOLL MOLLY,2,12-01-2009 12:36,2.95,17063,United Kingdom,5.9,,,
489552,22272,FELTCRAFT DOLL MARIA,2,12-01-2009 12:36,2.95,17063,United Kingdom,5.9,,,
489556,20866,BLUE ROSE FABRIC MIRROR,2,12-01-2009 12:47,1.25,15719,United Kingdom,2.5,,,
489556,20867,PINK ROSE FABRIC MIRROR,2,12-01-2009 12:47,1.25,15719,United Kingdom,2.5,,,
489556,20979,36 PENCILS TUBE RED SPOTTY,4,12-01-2009 12:47,1.25,15719,United Kingdom,5,,,
489556,20983,12 PENCILS TALL TUBE RED SPOTTY,2,12-01-2009 12:47,0.85,15719,United Kingdom,1.7,,,
489556,20981,12 PENCILS TALL TUBE WOODLAND,1,12-01-2009 12:47,0.85,15719,United Kingdom,0.85,,,
489556,10135,COLOURING PENCILS BROWN TUBE,1,12-01-2009 12:47,1.25,15719,United Kingdom,1.25,,,
489556,20975,12 PENCILS SMALL TUBE RED SPOTTY,8,12-01-2009 12:47,0.65,15719,United Kingdom,5.2,,,
489556,20977,36 PENCILS TUBE WOODLAND,2,12-01-2009 12:47,1.25,15719,United Kingdom,2.5,,,
489556,20977,36 PENCILS TUBE WOODLAND,2,12-01-2009 12:47,1.25,15719,United Kingdom,2.5,,,
489556,20974,12 PENCILS SMALL TUBE SKULL,3,12-01-2009 12:47,0.65,15719,United Kingdom,1.95,,,
489556,21114,LAVENDER SCENTED FABRIC HEART,15,12-01-2009 12:47,1.25,15719,United Kingdom,18.75,,,
489556,85123A,WHITE HANGING HEART T-LIGHT HOLDER,3,12-01-2009 12:47,2.95,15719,United Kingdom,8.85,,,
489556,72760B,VINTAGE CREAM 3 BASKET CAKE STAND,2,12-01-2009 12:47,9.95,15719,United Kingdom,19.9,,,
489556,85232A,SET/3 POLKA DOT STACKING TINS,1,12-01-2009 12:47,4.95,15719,United Kingdom,4.95,,,
489556,21876,POTTERING MUG,6,12-01-2009 12:47,1.25,15719,United Kingdom,7.5,,,
489556,21212,PACK OF 72 RETRO SPOT CAKE CASES,24,12-01-2009 12:47,0.55,15719,United Kingdom,13.2,,,
489556,22189,CREAM HEART CARD HOLDER,2,12-01-2009 12:47,3.95,15719,United Kingdom,7.9,,,
489556,21217,RED SPOTTY ROUND CAKE TINS,2,12-01-2009 12:47,9.95,15719,United Kingdom,19.9,,,
489556,21875,KINGS CHOICE MUG,2,12-01-2009 12:47,1.25,15719,United Kingdom,2.5,,,
489556,20972,PINK CREAM FELT CRAFT TRINKET BOX ,1,12-01-2009 12:47,1.25,15719,United Kingdom,1.25,,,
489556,35971,ROSE FOLKART HEART DECORATIONS,2,12-01-2009 12:47,1.25,15719,United Kingdom,2.5,,,
489556,22138,BAKING SET 9 PIECE RETROSPOT ,1,12-01-2009 12:47,4.95,15719,United Kingdom,4.95,,,
489556,22143,CHRISTMAS CRAFT HEART DECORATIONS,2,12-01-2009 12:47,2.1,15719,United Kingdom,4.2,,,
489556,21486,PINK HEART DOTS HOT WATER BOTTLE,1,12-01-2009 12:47,3.75,15719,United Kingdom,3.75,,,
489556,21485,RED SPOT HEART HOT WATER BOTTLE,1,12-01-2009 12:47,4.95,15719,United Kingdom,4.95,,,
489556,22125,UNION JACK HOT WATER BOTTLE ,1,12-01-2009 12:47,5.95,15719,United Kingdom,5.95,,,
489556,21479,WHITE SKULL HOT WATER BOTTLE ,1,12-01-2009 12:47,3.75,15719,United Kingdom,3.75,,,
489556,21740,COSY SLIPPER SHOES LARGE RED,2,12-01-2009 12:47,2.95,15719,United Kingdom,5.9,,,
489556,22082,RIBBON REEL STRIPES DESIGN ,5,12-01-2009 12:47,1.65,15719,United Kingdom,8.25,,,
489556,22195,LARGE HEART MEASURING SPOONS,2,12-01-2009 12:47,1.65,15719,United Kingdom,3.3,,,
489556,21624,VINTAGE UNION JACK DOORSTOP,1,12-01-2009 12:47,5.95,15719,United Kingdom,5.95,,,
489556,21738,COSY SLIPPER SHOES SMALL  RED ,2,12-01-2009 12:47,2.95,15719,United Kingdom,5.9,,,
489556,22280,POCKET BAG PINK PAISELY BROWN SPOT,2,12-01-2009 12:47,2.1,15719,United Kingdom,4.2,,,
489556,21841,BABY MOUSE RED GINGHAM DRESS,2,12-01-2009 12:47,4.25,15719,United Kingdom,8.5,,,
489556,84582,PINK CROCHET CAT WITH SCARF,1,12-01-2009 12:47,4.25,15719,United Kingdom,4.25,,,
489556,21621,VINTAGE UNION JACK BUNTING,1,12-01-2009 12:47,8.5,15719,United Kingdom,8.5,,,
489556,21622,VINTAGE UNION JACK CUSHION COVER,1,12-01-2009 12:47,4.95,15719,United Kingdom,4.95,,,
489556,21004,ROSE DU SUD CHILDS APRON,2,12-01-2009 12:47,4.25,15719,United Kingdom,8.5,,,
489556,20718,RED SPOTTY SHOPPER BAG,3,12-01-2009 12:47,1.25,15719,United Kingdom,3.75,,,
489556,21252,SET OF MEADOW  FLOWER STICKERS,2,12-01-2009 12:47,2.95,15719,United Kingdom,5.9,,,
489556,84946,ANTIQUE SILVER TEA GLASS ETCHED,6,12-01-2009 12:47,1.25,15719,United Kingdom,7.5,,,
489556,85231B,CINAMMON SET OF 9 T-LIGHTS,2,12-01-2009 12:47,0.85,15719,United Kingdom,1.7,,,
489556,85231L,LAVENDER SCENTED SET/9 T-LIGHTS,1,12-01-2009 12:47,0.85,15719,United Kingdom,0.85,,,
489556,20750, RED/WHITE DOT MINI CASES,1,12-01-2009 12:47,7.95,15719,United Kingdom,7.95,,,
489556,82482,WOODEN PICTURE FRAME WHITE FINISH,4,12-01-2009 12:47,2.55,15719,United Kingdom,10.2,,,
489556,85152,HAND OVER THE CHOCOLATE   SIGN ,4,12-01-2009 12:47,2.1,15719,United Kingdom,8.4,,,
489556,21174,POTTERING IN THE SHED METAL SIGN,2,12-01-2009 12:47,1.95,15719,United Kingdom,3.9,,,
489556,20665,RED SPOTTY PURSE ,1,12-01-2009 12:47,2.95,15719,United Kingdom,2.95,,,
489556,82486,WOOD S/3 CABINET ANT WHITE FINISH,2,12-01-2009 12:47,7.95,15719,United Kingdom,15.9,,,
489556,84837,WHITE SWEETHEARTS CABINET 4 DRAWERS,1,12-01-2009 12:47,12.75,15719,United Kingdom,12.75,,,
489556,20685,RED SPOTTY COIR DOORMAT,2,12-01-2009 12:47,6.75,15719,United Kingdom,13.5,,,
489556,48187,DOOR MAT NEW ENGLAND,1,12-01-2009 12:47,6.75,15719,United Kingdom,6.75,,,
489556,21490,SET OF THREE 50'S GIFT WRAPS ,3,12-01-2009 12:47,1.95,15719,United Kingdom,5.85,,,
489556,21491,SET OF THREE VINTAGE GIFT WRAPS,6,12-01-2009 12:47,1.95,15719,United Kingdom,11.7,,,
489556,21493, VINTAGE DESIGN GIFT TAGS,2,12-01-2009 12:47,0.85,15719,United Kingdom,1.7,,,
489556,21480,PINK STRIPE HOT WATER BOTTLE,4,12-01-2009 12:47,2.95,15719,United Kingdom,11.8,,,
489556,21481,FAWN BLUE HOT WATER BOTTLE,2,12-01-2009 12:47,2.95,15719,United Kingdom,5.9,,,
489556,21493, VINTAGE DESIGN GIFT TAGS,8,12-01-2009 12:47,0.85,15719,United Kingdom,6.8,,,
489556,35971,ROSE FOLKART HEART DECORATIONS,4,12-01-2009 12:47,1.25,15719,United Kingdom,5,,,
489557,21439,BASKET OF TOADSTOOLS,12,12-01-2009 12:52,1.25,12490,France,15,,,
489557,16169D,WRAP WINTER FOREST,25,12-01-2009 12:52,0.42,12490,France,10.5,,,
489557,16169C,WRAP BLUE REINDEER,25,12-01-2009 12:52,0.42,12490,France,10.5,,,
489557,21017,RED BIRD HOUSE TREE DECORATION,192,12-01-2009 12:52,0.72,12490,France,138.24,,,
489557,21731,RED TOADSTOOL LED NIGHT LIGHT,24,12-01-2009 12:52,1.65,12490,France,39.6,,,
489557,22352,LUNCHBOX WITH CUTLERY RETROSPOT ,12,12-01-2009 12:52,2.55,12490,France,30.6,,,
489557,22353,LUNCHBOX WITH CUTLERY FAIRY CAKES ,6,12-01-2009 12:52,2.55,12490,France,15.3,,,
489557,20685,RED SPOTTY COIR DOORMAT,2,12-01-2009 12:52,6.75,12490,France,13.5,,,
489557,21210,SET OF 72 RETRO SPOT PAPER  DOILIES,12,12-01-2009 12:52,1.45,12490,France,17.4,,,
489557,21212,PACK OF 72 RETRO SPOT CAKE CASES,24,12-01-2009 12:52,0.55,12490,France,13.2,,,
489557,21238,RED SPOTTY CUP,16,12-01-2009 12:52,0.85,12490,France,13.6,,,
489557,85099B,JUMBO BAG RED WHITE SPOTTY ,20,12-01-2009 12:52,1.95,12490,France,39,,,
489557,20719,WOODLAND CHARLOTTE BAG,10,12-01-2009 12:52,0.85,12490,France,8.5,,,
489557,21039,RED SPOTTY SHOPPING BAG,12,12-01-2009 12:52,2.55,12490,France,30.6,,,
489557,20712,JUMBO BAG WOODLAND ANIMALS,10,12-01-2009 12:52,1.95,12490,France,19.5,,,
489557,20711,JUMBO BAG TOYS ,10,12-01-2009 12:52,1.95,12490,France,19.5,,,
489557,21432,SET OF 3 CASES WOODLAND DESIGN,8,12-01-2009 12:52,5.95,12490,France,47.6,,,
489557,21424,WOODLAND STORAGE BOX LARGE ,6,12-01-2009 12:52,2.95,12490,France,17.7,,,
489557,21426,WOODLAND STORAGE BOX SMALL,6,12-01-2009 12:52,2.1,12490,France,12.6,,,
489557,20682,RED SPOTTY CHILDS UMBRELLA,6,12-01-2009 12:52,3.25,12490,France,19.5,,,
489557,POST,POSTAGE,4,12-01-2009 12:52,18,12490,France,72,,,
489558,84946,ANTIQUE SILVER TEA GLASS ETCHED,72,12-01-2009 12:54,1.06,15793,United Kingdom,76.32,,,
489558,21756,BATH BUILDING BLOCK WORD,6,12-01-2009 12:54,5.95,15793,United Kingdom,35.7,,,
489558,21754,HOME BUILDING BLOCK WORD,12,12-01-2009 12:54,5.95,15793,United Kingdom,71.4,,,
489558,84879,ASSORTED COLOUR BIRD ORNAMENT,64,12-01-2009 12:54,1.69,15793,United Kingdom,108.16,,,
489559,22111,SCOTTIE DOG HOT WATER BOTTLE,2,12-01-2009 12:55,4.95,17056,United Kingdom,9.9,,,
489559,22114,HOT WATER BOTTLE TEA AND SYMPATHY,1,12-01-2009 12:55,3.95,17056,United Kingdom,3.95,,,
489559,22349,"DOG BOWL , CHASING BALL DESIGN",1,12-01-2009 12:55,3.75,17056,United Kingdom,3.75,,,
489559,21890,S/6 WOODEN SKITTLES IN COTTON BAG,1,12-01-2009 12:55,2.95,17056,United Kingdom,2.95,,,
489559,21891,TRADITIONAL WOODEN SKIPPING ROPE,1,12-01-2009 12:55,1.25,17056,United Kingdom,1.25,,,
489559,21098,CHRISTMAS TOILET ROLL,6,12-01-2009 12:55,1.25,17056,United Kingdom,7.5,,,
489559,22415,WHITE TISSUE REAM,2,12-01-2009 12:55,7.95,17056,United Kingdom,15.9,,,
489559,85048,15CM CHRISTMAS GLASS BALL 20 LIGHTS,12,12-01-2009 12:55,6.95,17056,United Kingdom,83.4,,,
489560,17164D,ASS COL SMALL SAND FROG P'WEIGHT,288,12-01-2009 12:56,0.37,13526,United Kingdom,106.56,,,
489560,17165D,ASS COL LARGE SAND FROG P'WEIGHT,108,12-01-2009 12:56,0.85,13526,United Kingdom,91.8,,,
489560,17165B,ASS COL LARGE SAND GECKO P'WEIGHT,288,12-01-2009 12:56,0.85,13526,United Kingdom,244.8,,,
489560,35955,SMALL FOLKART CHRISTMAS TREE DEC,33,12-01-2009 12:56,0.42,13526,United Kingdom,13.86,,,
489560,85208,SET/12 FUNKY FELT FLOWER PEG IN BAG,1,12-01-2009 12:56,2.1,13526,United Kingdom,2.1,,,
489560,90090,PINK CRYSTAL HEART PHONE CHARM,12,12-01-2009 12:56,0.85,13526,United Kingdom,10.2,,,
489560,90092,BLUE CRYSTAL BOOT PHONE CHARM,3,12-01-2009 12:56,0.85,13526,United Kingdom,2.55,,,
489560,16161C,WRAP SPEED DEMONS ,100,12-01-2009 12:56,0.1,13526,United Kingdom,10,,,
489560,22155,STAR DECORATION RUSTIC,12,12-01-2009 12:56,0.42,13526,United Kingdom,5.04,,,
489560,35160,BUDDHA INCENSE HOLDER ASSORTED,8,12-01-2009 12:56,0.85,13526,United Kingdom,6.8,,,
489560,17108D,FLOWER FAIRY SUMMER BOUQUET SACHET,12,12-01-2009 12:56,0.42,13526,United Kingdom,5.04,,,
489560,21805,WHITE CHRISTMAS TREE DECORATION ,36,12-01-2009 12:56,0.42,13526,United Kingdom,15.12,,,
489560,90125A,PINK BERTIE GLASS BEAD BAG CHARM,12,12-01-2009 12:56,2.1,13526,United Kingdom,25.2,,,
489560,84578,ELEPHANT TOY WITH BLUE T-SHIRT,1,12-01-2009 12:56,3.75,13526,United Kingdom,3.75,,,
489560,84901,BLACK FACE LAMB WITH PANTS,1,12-01-2009 12:56,3.75,13526,United Kingdom,3.75,,,
489560,84327A,PINK JUMPER LARRY THE LAMB,3,12-01-2009 12:56,2.1,13526,United Kingdom,6.3,,,
489560,84270,ASSTD DESIGN BUBBLE GUM RING,90,12-01-2009 12:56,0.21,13526,United Kingdom,18.9,,,
489560,21034,REX CASH+CARRY JUMBO SHOPPER,3,12-01-2009 12:56,0.95,13526,United Kingdom,2.85,,,
489560,35931,PINK STAR CHRISTMAS DECORATION,48,12-01-2009 12:56,0.38,13526,United Kingdom,18.24,,,
489560,35933,PINK STOCKING CHRISTMAS DECORATION,48,12-01-2009 12:56,0.38,13526,United Kingdom,18.24,,,
489560,90087,CRYSTAL SEA HORSE PHONE CHARM,48,12-01-2009 12:56,0.85,13526,United Kingdom,40.8,,,
489560,90092,BLUE CRYSTAL BOOT PHONE CHARM,24,12-01-2009 12:56,0.85,13526,United Kingdom,20.4,,,
489560,90085,CRYSTAL STILETTO PHONE CHARM,81,12-01-2009 12:56,0.85,13526,United Kingdom,68.85,,,
489560,90093,CLEAR CRYSTAL STAR PHONE CHARM,24,12-01-2009 12:56,0.85,13526,United Kingdom,20.4,,,
489560,90084,PINK CRYSTAL GUITAR PHONE CHARM,12,12-01-2009 12:56,0.85,13526,United Kingdom,10.2,,,
489560,90090,PINK CRYSTAL HEART PHONE CHARM,24,12-01-2009 12:56,0.85,13526,United Kingdom,20.4,,,
489560,90088,CRYSTAL KEY+LOCK PHONE CHARM,24,12-01-2009 12:56,0.85,13526,United Kingdom,20.4,,,
489560,21034,REX CASH+CARRY JUMBO SHOPPER,1,12-01-2009 12:56,0.95,13526,United Kingdom,0.95,,,
489560,35955,SMALL FOLKART CHRISTMAS TREE DEC,96,12-01-2009 12:56,0.19,13526,United Kingdom,18.24,,,
489560,35957,SMALLFOLKART BAUBLE CHRISTMAS DEC,144,12-01-2009 12:56,0.19,13526,United Kingdom,27.36,,,
489561,16169D,WRAP WINTER FOREST,25,12-01-2009 12:57,0.42,14654,United Kingdom,10.5,,,
489561,21805,WHITE CHRISTMAS TREE DECORATION ,6,12-01-2009 12:57,0.42,14654,United Kingdom,2.52,,,
489561,21807,WHITE CHRISTMAS STAR DECORATION,6,12-01-2009 12:57,0.42,14654,United Kingdom,2.52,,,
489561,21806,WHITE CHRISTMAS HEART DECORATION,6,12-01-2009 12:57,0.42,14654,United Kingdom,2.52,,,
489561,22294,HEART FILIGREE DOVE  SMALL,6,12-01-2009 12:57,1.25,14654,United Kingdom,7.5,,,
489561,21815, STAR  T-LIGHT HOLDER ,6,12-01-2009 12:57,1.45,14654,United Kingdom,8.7,,,
489561,21816,CHRISTMAS TREE T-LIGHT HOLDER,6,12-01-2009 12:57,1.45,14654,United Kingdom,8.7,,,
489561,35051B,PINK BEADED CONE CHRISTMAS,6,12-01-2009 12:57,0.42,14654,United Kingdom,2.52,,,
489561,22153,ANGEL DECORATION STARS ON DRESS,48,12-01-2009 12:57,0.42,14654,United Kingdom,20.16,,,
489561,20943,SET/6 GINGERBREAD STAR T-LIGHTS,6,12-01-2009 12:57,1.25,14654,United Kingdom,7.5,,,
489561,72816,SET/3 CHRISTMAS DECOUPAGE CANDLES,6,12-01-2009 12:57,1.25,14654,United Kingdom,7.5,,,
489561,85038,6 CHOCOLATE LOVE HEART T-LIGHTS,6,12-01-2009 12:57,2.1,14654,United Kingdom,12.6,,,
489561,20979,36 PENCILS TUBE RED SPOTTY,16,12-01-2009 12:57,1.25,14654,United Kingdom,20,,,
489561,20978,36 PENCILS TUBE SKULLS,16,12-01-2009 12:57,1.25,14654,United Kingdom,20,,,
489561,20942,SET/6 GINGERBREAD TREE T-LIGHTS,1,12-01-2009 12:57,1.25,14654,United Kingdom,1.25,,,
489561,84559A,3D SHEET OF DOG STICKERS,6,12-01-2009 12:57,0.85,14654,United Kingdom,5.1,,,
489561,84466,TOP SECRET PEN SET,6,12-01-2009 12:57,1.25,14654,United Kingdom,7.5,,,
489561,20994,JAZZ HEARTS SPIRAL NOTEPAD,3,12-01-2009 12:57,0.85,14654,United Kingdom,2.55,,,
489561,20992,JAZZ HEARTS PURSE NOTEBOOK,3,12-01-2009 12:57,0.85,14654,United Kingdom,2.55,,,
489561,70006,LOVE HEART POCKET WARMER,6,12-01-2009 12:57,1.65,14654,United Kingdom,9.9,,,
489561,70007,HI TEC ALPINE HAND WARMER,6,12-01-2009 12:57,1.65,14654,United Kingdom,9.9,,,
489561,84670,JAPANESE CROCHETED ANIMAL,12,12-01-2009 12:57,0.42,14654,United Kingdom,5.04,,,
489561,84077,WORLD WAR 2 GLIDERS ASSTD DESIGNS,48,12-01-2009 12:57,0.21,14654,United Kingdom,10.08,,,
489561,84029C,BROWN FURRY HOT WATER BOTTLE,7,12-01-2009 12:57,3.75,14654,United Kingdom,26.25,,,
489561,22111,SCOTTIE DOG HOT WATER BOTTLE,1,12-01-2009 12:57,4.95,14654,United Kingdom,4.95,,,
489561,22113,GREY HEART HOT WATER BOTTLE,8,12-01-2009 12:57,3.45,14654,United Kingdom,27.6,,,
489561,21034,REX CASH+CARRY JUMBO SHOPPER,1,12-01-2009 12:57,0.95,14654,United Kingdom,0.95,,,
489562,22336,DOVE DECORATION PAINTED ZINC ,1,12-01-2009 13:07,0.65,17998,United Kingdom,0.65,,,
489562,21817,GLITTER CHRISTMAS TREE,1,12-01-2009 13:07,0.85,17998,United Kingdom,0.85,,,
489562,22156,HEART DECORATION WITH PEARLS ,1,12-01-2009 13:07,0.85,17998,United Kingdom,0.85,,,
489562,22338,STAR DECORATION PAINTED ZINC ,1,12-01-2009 13:07,0.65,17998,United Kingdom,0.65,,,
489562,21825,PAINTED METAL TREE WITH HOLLY BELLS,1,12-01-2009 13:07,1.45,17998,United Kingdom,1.45,,,
489562,21822,GLITTER CHRISTMAS TREE WITH BELLS,1,12-01-2009 13:07,1.95,17998,United Kingdom,1.95,,,
489562,22276,WASH BAG VINTAGE ROSE PAISLEY,1,12-01-2009 13:07,2.55,17998,United Kingdom,2.55,,,
489562,22277,COSMETIC BAG VINTAGE ROSE PAISLEY,1,12-01-2009 13:07,2.1,17998,United Kingdom,2.1,,,
489562,35979,SIX STRING SCANDINAVIAN HEART DECS,1,12-01-2009 13:07,2.95,17998,United Kingdom,2.95,,,
489562,22169,FAMILY ALBUM WHITE PICTURE FRAME,1,12-01-2009 13:07,8.5,17998,United Kingdom,8.5,,,
489562,21700,BIG DOUGHNUT FRIDGE MAGNETS,12,12-01-2009 13:07,0.85,17998,United Kingdom,10.2,,,
489562,35071,ASSORTED SANTA CHRISTMAS DECORATION,1,12-01-2009 13:07,0.85,17998,United Kingdom,0.85,,,
489562,84270,ASSTD DESIGN BUBBLE GUM RING,30,12-01-2009 13:07,0.21,17998,United Kingdom,6.3,,,
489562,21890,S/6 WOODEN SKITTLES IN COTTON BAG,2,12-01-2009 13:07,2.95,17998,United Kingdom,5.9,,,
489562,21891,TRADITIONAL WOODEN SKIPPING ROPE,2,12-01-2009 13:07,1.25,17998,United Kingdom,2.5,,,
489562,47566,PARTY BUNTING,1,12-01-2009 13:07,4.65,17998,United Kingdom,4.65,,,
489562,21344,MOROCCAN BEATEN METAL DISH,1,12-01-2009 13:07,9.95,17998,United Kingdom,9.95,,,
489562,21755,LOVE BUILDING BLOCK WORD,1,12-01-2009 13:07,5.95,17998,United Kingdom,5.95,,,
489562,21477,STRING OF 20 ROSE LIGHTS,1,12-01-2009 13:07,12.75,17998,United Kingdom,12.75,,,
489562,22143,CHRISTMAS CRAFT HEART DECORATIONS,1,12-01-2009 13:07,2.1,17998,United Kingdom,2.1,,,
489562,22142,CHRISTMAS CRAFT WHITE FAIRY ,1,12-01-2009 13:07,1.45,17998,United Kingdom,1.45,,,
489562,85047,WHITE BEADED GARLAND STRING 20LIGHT,1,12-01-2009 13:07,6.35,17998,United Kingdom,6.35,,,
489562,85099B,JUMBO BAG RED WHITE SPOTTY ,2,12-01-2009 13:07,1.95,17998,United Kingdom,3.9,,,
489562,21929,JUMBO BAG PINK VINTAGE PAISLEY,2,12-01-2009 13:07,1.95,17998,United Kingdom,3.9,,,
489562,22139,RETRO SPOT TEA SET CERAMIC 11 PC ,1,12-01-2009 13:07,4.95,17998,United Kingdom,4.95,,,
489562,20681,PINK SPOTTY CHILDS UMBRELLA,1,12-01-2009 13:07,3.25,17998,United Kingdom,3.25,,,
489562,85014D,PINK/BROWN DOTS RUFFLED UMBRELLA,1,12-01-2009 13:07,5.95,17998,United Kingdom,5.95,,,
489562,84837,WHITE SWEETHEARTS CABINET 4 DRAWERS,1,12-01-2009 13:07,12.75,17998,United Kingdom,12.75,,,
489562,84884A,ANT WHITE WIRE HEART SPIRAL,1,12-01-2009 13:07,3.95,17998,United Kingdom,3.95,,,
489562,84648,NEW BAROQUE WALL MIRROR,1,12-01-2009 13:07,12.75,17998,United Kingdom,12.75,,,
489562,84472,PINK AND LILAC QUILTED THROW ,1,12-01-2009 13:07,45.95,17998,United Kingdom,45.95,,,
489562,84910A,PINK PAISLEY CUSHION COVER ,1,12-01-2009 13:07,5.95,17998,United Kingdom,5.95,,,
489562,84656,WHITE ROSE C/COVER,1,12-01-2009 13:07,5.95,17998,United Kingdom,5.95,,,
489562,84580,MOUSE TOY WITH PINK T-SHIRT,1,12-01-2009 13:07,3.75,17998,United Kingdom,3.75,,,
489562,84622,PINK GINGHAM ROSE CUSHION COVER,2,12-01-2009 13:07,5.95,17998,United Kingdom,11.9,,,
489562,22151,PLACE SETTING WHITE HEART,24,12-01-2009 13:07,0.42,17998,United Kingdom,10.08,,,
489562,35957,SMALLFOLKART BAUBLE CHRISTMAS DEC,1,12-01-2009 13:07,0.42,17998,United Kingdom,0.42,,,
489562,35962,12 ASS ZINC CHRISTMAS DECORATIONS,1,12-01-2009 13:07,2.1,17998,United Kingdom,2.1,,,
489562,22337,ANGEL DECORATION PAINTED ZINC ,1,12-01-2009 13:07,0.65,17998,United Kingdom,0.65,,,
489564,90090,PINK CRYSTAL HEART PHONE CHARM,36,12-01-2009 13:13,0.85,13526,United Kingdom,30.6,,,
489564,90125C,TURQUOISE BERTIE GLASS BEAD CHARM,12,12-01-2009 13:13,2.1,13526,United Kingdom,25.2,,,
489564,90125D,PURPLE BERTIE GLASS BEAD BAG CHARM,12,12-01-2009 13:13,2.1,13526,United Kingdom,25.2,,,
489564,90214H,"LETTER ""H"" BLING KEY RING",2,12-01-2009 13:13,1.25,13526,United Kingdom,2.5,,,
489564,90125A,PINK BERTIE GLASS BEAD BAG CHARM,12,12-01-2009 13:13,2.1,13526,United Kingdom,25.2,,,
489564,90085,CRYSTAL STILETTO PHONE CHARM,81,12-01-2009 13:13,0.85,13526,United Kingdom,68.85,,,
489564,90092,BLUE CRYSTAL BOOT PHONE CHARM,24,12-01-2009 13:13,0.85,13526,United Kingdom,20.4,,,
489564,90087,CRYSTAL SEA HORSE PHONE CHARM,48,12-01-2009 13:13,0.85,13526,United Kingdom,40.8,,,
489564,90092,BLUE CRYSTAL BOOT PHONE CHARM,3,12-01-2009 13:13,0.85,13526,United Kingdom,2.55,,,
489564,90090,PINK CRYSTAL HEART PHONE CHARM,12,12-01-2009 13:13,0.85,13526,United Kingdom,10.2,,,
489564,90088,CRYSTAL KEY+LOCK PHONE CHARM,24,12-01-2009 13:13,0.85,13526,United Kingdom,20.4,,,
489564,90090,PINK CRYSTAL HEART PHONE CHARM,24,12-01-2009 13:13,0.85,13526,United Kingdom,20.4,,,
489564,90084,PINK CRYSTAL GUITAR PHONE CHARM,12,12-01-2009 13:13,0.85,13526,United Kingdom,10.2,,,
489564,90093,CLEAR CRYSTAL STAR PHONE CHARM,24,12-01-2009 13:13,0.85,13526,United Kingdom,20.4,,,
489566,20901,VINTAGE KEEPSAKE BOX PINK FLOWER,6,12-01-2009 13:16,6.35,17742,United Kingdom,38.1,,,
489566,82483,WOOD 2 DRAWER CABINET WHITE FINISH,3,12-01-2009 13:16,5.95,17742,United Kingdom,17.85,,,
489566,22172,METAL SHELF WITH RAIL ,2,12-01-2009 13:16,8.5,17742,United Kingdom,17,,,
489566,22282,12 EGG HOUSE PAINTED WOOD,4,12-01-2009 13:16,12.75,17742,United Kingdom,51,,,
489566,85067,CREAM SWEETHEART WALL CABINET,2,12-01-2009 13:16,18.95,17742,United Kingdom,37.9,,,
489566,21299,EDWARDIAN TOILET ROLL UNIT ,2,12-01-2009 13:16,12.75,17742,United Kingdom,25.5,,,
489566,21156,RED SPOTTY CHILDS APRON,8,12-01-2009 13:16,1.95,17742,United Kingdom,15.6,,,
489566,47591D,PINK FAIRY CAKE CHILD'S APRON,8,12-01-2009 13:16,1.95,17742,United Kingdom,15.6,,,
489567,84352,SILVER CHRISTMAS TREE BAUBLE STAND ,2,12-01-2009 13:19,16.95,15326,United Kingdom,33.9,,,
489567,22113,GREY HEART HOT WATER BOTTLE,4,12-01-2009 13:19,3.45,15326,United Kingdom,13.8,,,
489567,85150,LADIES & GENTLEMEN METAL SIGN,6,12-01-2009 13:19,2.55,15326,United Kingdom,15.3,,,
489567,21908,CHOCOLATE THIS WAY METAL SIGN,6,12-01-2009 13:19,2.1,15326,United Kingdom,12.6,,,
489567,21480,PINK STRIPE HOT WATER BOTTLE,6,12-01-2009 13:19,2.95,15326,United Kingdom,17.7,,,
489567,84029E,RED WOOLLY HOTTIE WHITE HEART.,4,12-01-2009 13:19,3.75,15326,United Kingdom,15,,,
489567,21172,PARTY METAL SIGN ,12,12-01-2009 13:19,1.45,15326,United Kingdom,17.4,,,
489567,72127,COLUMBIAN CANDLE ROUND ,6,12-01-2009 13:19,1.25,15326,United Kingdom,7.5,,,
489567,48195,DOOR MAT GREEN PAISLEY ,2,12-01-2009 13:19,6.75,15326,United Kingdom,13.5,,,
489567,21976,PACK OF 60 MUSHROOM CAKE CASES,24,12-01-2009 13:19,0.55,15326,United Kingdom,13.2,,,
489567,84992,72 SWEETHEART FAIRY CAKE CASES,24,12-01-2009 13:19,0.55,15326,United Kingdom,13.2,,,
489567,84929,ASSTD FRUIT+FLOWERS FRIDGE MAGNETS,24,12-01-2009 13:19,0.55,15326,United Kingdom,13.2,,,
489567,85216,ASSORTED CAKES FRIDGE MAGNETS,12,12-01-2009 13:19,0.65,15326,United Kingdom,7.8,,,
489567,21649,ASSORTED TUTTI FRUTTI PHOTO FRAME,6,12-01-2009 13:19,2.95,15326,United Kingdom,17.7,,,
489567,85042,ANTIQUE LILY FAIRY LIGHTS,4,12-01-2009 13:19,4.95,15326,United Kingdom,19.8,,,
489567,21463,MIRRORED DISCO BALL ,2,12-01-2009 13:19,5.95,15326,United Kingdom,11.9,,,
489567,85162A,SILVER RETRODISC LAMPSHADE,1,12-01-2009 13:19,9.95,15326,United Kingdom,9.95,,,
489567,21761,WOOD AND GLASS MEDICINE CABINET,1,12-01-2009 13:19,29.95,15326,United Kingdom,29.95,,,
489567,84839,SWEETHEART KEY CABINET,2,12-01-2009 13:19,6.75,15326,United Kingdom,13.5,,,
489567,85064,CREAM SWEETHEART LETTER RACK,2,12-01-2009 13:19,5.45,15326,United Kingdom,10.9,,,
489569,22415,WHITE TISSUE REAM,1,12-01-2009 13:20,7.95,14478,United Kingdom,7.95,,,
489569,72801F,S/4 FESTIVE RED DINNER CANDLES,6,12-01-2009 13:20,1.25,14478,United Kingdom,7.5,,,
489569,84706C,PINK FLOCK TABLE CLOCK ,1,12-01-2009 13:20,8.95,14478,United Kingdom,8.95,,,
489569,22294,HEART FILIGREE DOVE  SMALL,24,12-01-2009 13:20,1.25,14478,United Kingdom,30,,,
489569,22086,PAPER CHAIN KIT 50'S CHRISTMAS ,5,12-01-2009 13:20,2.95,14478,United Kingdom,14.75,,,
489569,22156,HEART DECORATION WITH PEARLS ,36,12-01-2009 13:20,0.85,14478,United Kingdom,30.6,,,
489569,22178,VICTORIAN GLASS HANGING T-LIGHT,12,12-01-2009 13:20,1.25,14478,United Kingdom,15,,,
489569,72760B,VINTAGE CREAM 3 BASKET CAKE STAND,1,12-01-2009 13:20,9.95,14478,United Kingdom,9.95,,,
489569,21807,WHITE CHRISTMAS STAR DECORATION,36,12-01-2009 13:20,0.42,14478,United Kingdom,15.12,,,
489569,22154,ANGEL DECORATION 3 BUTTONS ,48,12-01-2009 13:20,0.42,14478,United Kingdom,20.16,,,
489569,21805,WHITE CHRISTMAS TREE DECORATION ,36,12-01-2009 13:20,0.42,14478,United Kingdom,15.12,,,
489569,22155,STAR DECORATION RUSTIC,48,12-01-2009 13:20,0.42,14478,United Kingdom,20.16,,,
489569,84839,SWEETHEART KEY CABINET,2,12-01-2009 13:20,6.75,14478,United Kingdom,13.5,,,
489569,21868,POTTING SHED TEA MUG,6,12-01-2009 13:20,1.25,14478,United Kingdom,7.5,,,
489569,21806,WHITE CHRISTMAS HEART DECORATION,36,12-01-2009 13:20,0.42,14478,United Kingdom,15.12,,,
489569,21804,WHITE CHRISTMAS GARLAND STARS TREES,12,12-01-2009 13:20,3.75,14478,United Kingdom,45,,,
489569,21707,"FOLDING UMBRELLA , BLACK/BLUE  SPOT",1,12-01-2009 13:20,4.95,14478,United Kingdom,4.95,,,
489569,21034,REX CASH+CARRY JUMBO SHOPPER,1,12-01-2009 13:20,0.95,14478,United Kingdom,0.95,,,
489571,22189,CREAM HEART CARD HOLDER,2,12-01-2009 13:29,3.95,15967,United Kingdom,7.9,,,
489571,85036C,ROSE 1 WICK MORRIS BOXED CANDLE,1,12-01-2009 13:29,4.25,15967,United Kingdom,4.25,,,
489571,20967,GREY FLORAL FELTCRAFT SHOULDER BAG,1,12-01-2009 13:29,3.75,15967,United Kingdom,3.75,,,
489571,20975,12 PENCILS SMALL TUBE RED SPOTTY,1,12-01-2009 13:29,0.65,15967,United Kingdom,0.65,,,
489571,79323W, WHITE CHERRY LIGHTS,1,12-01-2009 13:29,6.75,15967,United Kingdom,6.75,,,
489571,85099C,JUMBO  BAG BAROQUE BLACK WHITE,2,12-01-2009 13:29,1.95,15967,United Kingdom,3.9,,,
489571,22162,HEART GARLAND RUSTIC PADDED,5,12-01-2009 13:29,2.95,15967,United Kingdom,14.75,,,
489571,22296,HEART IVORY TRELLIS LARGE,4,12-01-2009 13:29,1.65,15967,United Kingdom,6.6,,,
489571,22297,HEART IVORY TRELLIS SMALL,8,12-01-2009 13:29,1.25,15967,United Kingdom,10,,,
489571,16237,SLEEPING CAT ERASERS,1,12-01-2009 13:29,0.21,15967,United Kingdom,0.21,,,
489571,84836,ZINC METAL HEART DECORATION,2,12-01-2009 13:29,1.25,15967,United Kingdom,2.5,,,
489571,85104,SILVER GLASS T-LIGHT SET,1,12-01-2009 13:29,2.95,15967,United Kingdom,2.95,,,
489571,84813,SET OF 4 DIAMOND NAPKIN RINGS,2,12-01-2009 13:29,12.75,15967,United Kingdom,25.5,,,
489571,22273,FELTCRAFT DOLL MOLLY,1,12-01-2009 13:29,2.95,15967,United Kingdom,2.95,,,
489571,22272,FELTCRAFT DOLL MARIA,1,12-01-2009 13:29,2.95,15967,United Kingdom,2.95,,,
489571,22271,FELTCRAFT DOLL ROSIE,1,12-01-2009 13:29,2.95,15967,United Kingdom,2.95,,,
489571,21181,PLEASE ONE PERSON  METAL SIGN,1,12-01-2009 13:29,2.1,15967,United Kingdom,2.1,,,
489571,21484,CHICK GREY HOT WATER BOTTLE,1,12-01-2009 13:29,3.45,15967,United Kingdom,3.45,,,
489571,21479,WHITE SKULL HOT WATER BOTTLE ,1,12-01-2009 13:29,3.75,15967,United Kingdom,3.75,,,
489571,21621,VINTAGE UNION JACK BUNTING,2,12-01-2009 13:29,8.5,15967,United Kingdom,17,,,
489571,21590,KINGS CHOICE CIGAR BOX MATCHES ,1,12-01-2009 13:29,1.25,15967,United Kingdom,1.25,,,
489571,21587,COSY HOUR GIANT TUBE MATCHES,1,12-01-2009 13:29,2.55,15967,United Kingdom,2.55,,,
489571,21730,GLASS STAR FROSTED T-LIGHT HOLDER,1,12-01-2009 13:29,4.95,15967,United Kingdom,4.95,,,
489571,22138,BAKING SET 9 PIECE RETROSPOT ,1,12-01-2009 13:29,4.95,15967,United Kingdom,4.95,,,
489571,20894,HANGING BAUBLE T-LIGHT HOLDER LARGE,1,12-01-2009 13:29,2.95,15967,United Kingdom,2.95,,,
489571,72799D,BLUE PILLAR CANDLE SILVER FLOCK,2,12-01-2009 13:29,2.95,15967,United Kingdom,5.9,,,
489571,21741,COSY SLIPPER SHOES LARGE GREEN,1,12-01-2009 13:29,2.95,15967,United Kingdom,2.95,,,
489571,21740,COSY SLIPPER SHOES LARGE RED,1,12-01-2009 13:29,2.95,15967,United Kingdom,2.95,,,
489571,85071D,CHARLIE+LOLA MY ROOM DOOR SIGN,1,12-01-2009 13:29,2.55,15967,United Kingdom,2.55,,,
489571,21724,PANDA AND BUNNIES STICKER SHEET,1,12-01-2009 13:29,0.85,15967,United Kingdom,0.85,,,
489572,22081,RIBBON REEL FLORA + FAUNA ,5,12-01-2009 13:29,1.65,17611,United Kingdom,8.25,,,
489572,22415,WHITE TISSUE REAM,1,12-01-2009 13:29,7.95,17611,United Kingdom,7.95,,,
489572,48187,DOOR MAT NEW ENGLAND,2,12-01-2009 13:29,6.75,17611,United Kingdom,13.5,,,
489572,20685,RED SPOTTY COIR DOORMAT,2,12-01-2009 13:29,6.75,17611,United Kingdom,13.5,,,
489572,48173C,DOOR MAT BLACK FLOCK ,2,12-01-2009 13:29,6.75,17611,United Kingdom,13.5,,,
489572,21524,SPOTTY  HOME SWEET HOME DOORMAT,1,12-01-2009 13:29,6.75,17611,United Kingdom,6.75,,,
489572,48197,DOOR MAT BIRD ON THE WIRE,1,12-01-2009 13:29,6.75,17611,United Kingdom,6.75,,,
489572,84684,BEACH HUT PHOTO FRAME,2,12-01-2009 13:29,2.55,17611,United Kingdom,5.1,,,
489572,20812,EMBOSSED FLOWER TRELLIS PHOTO FRAME,2,12-01-2009 13:29,2.55,17611,United Kingdom,5.1,,,
489572,82494L,WOODEN FRAME ANTIQUE WHITE ,2,12-01-2009 13:29,2.95,17611,United Kingdom,5.9,,,
489572,22035,VINTAGE CARAVAN GREETING CARD ,12,12-01-2009 13:29,0.42,17611,United Kingdom,5.04,,,
489572,21508,VINTAGE KID DOLLY CARD ,12,12-01-2009 13:29,0.42,17611,United Kingdom,5.04,,,
489572,22029,SPACE BOY BIRTHDAY CARD,12,12-01-2009 13:29,0.42,17611,United Kingdom,5.04,,,
489572,22027,TEA PARTY BIRTHDAY CARD,12,12-01-2009 13:29,0.42,17611,United Kingdom,5.04,,,
489572,82482,WOODEN PICTURE FRAME WHITE FINISH,2,12-01-2009 13:29,2.55,17611,United Kingdom,5.1,,,
489572,21333,CLASSIC WHITE FRAME,2,12-01-2009 13:29,2.95,17611,United Kingdom,5.9,,,
489572,22297,HEART IVORY TRELLIS SMALL,5,12-01-2009 13:29,1.25,17611,United Kingdom,6.25,,,
489572,85059,FRENCH ENAMEL WATER BASIN,2,12-01-2009 13:29,3.75,17611,United Kingdom,7.5,,,
489572,21928,JUMBO BAG SCANDINAVIAN PAISLEY,2,12-01-2009 13:29,1.95,17611,United Kingdom,3.9,,,
489572,85099C,JUMBO  BAG BAROQUE BLACK WHITE,2,12-01-2009 13:29,1.95,17611,United Kingdom,3.9,,,
489572,22197,"POPCORN HOLDER , SMALL ",2,12-01-2009 13:29,0.85,17611,United Kingdom,1.7,,,
489572,21465,PINK FLOWER CROCHET FOOD COVER,1,12-01-2009 13:29,3.75,17611,United Kingdom,3.75,,,
489572,21466,RED FLOWER CROCHET FOOD COVER,1,12-01-2009 13:29,3.75,17611,United Kingdom,3.75,,,
489572,21467,CHERRY CROCHET FOOD COVER,1,12-01-2009 13:29,3.75,17611,United Kingdom,3.75,,,
489572,21470,FLOWER VINE RAFFIA FOOD COVER,1,12-01-2009 13:29,3.75,17611,United Kingdom,3.75,,,
489572,21472,LADYBIRD + BEE RAFFIA FOOD COVER,1,12-01-2009 13:29,3.75,17611,United Kingdom,3.75,,,
489572,21471,STRAWBERRY RAFFIA FOOD COVER,1,12-01-2009 13:29,3.75,17611,United Kingdom,3.75,,,
489572,85014B,RED/WHITE DOTS RUFFLED UMBRELLA,1,12-01-2009 13:29,5.95,17611,United Kingdom,5.95,,,
489572,85014C,BLUE/BROWN DOTS RUFFLED UMBRELLA,1,12-01-2009 13:29,5.95,17611,United Kingdom,5.95,,,
489572,85014A,BLACK/BLUE DOTS RUFFLED UMBRELLA,1,12-01-2009 13:29,5.95,17611,United Kingdom,5.95,,,
489572,85014D,PINK/BROWN DOTS RUFFLED UMBRELLA,1,12-01-2009 13:29,5.95,17611,United Kingdom,5.95,,,
489572,22300,COFFEE MUG DOG + BALL DESIGN,6,12-01-2009 13:29,2.55,17611,United Kingdom,15.3,,,
489572,84946,ANTIQUE SILVER TEA GLASS ETCHED,6,12-01-2009 13:29,1.25,17611,United Kingdom,7.5,,,
489572,84977,WIRE FLOWER T-LIGHT HOLDER,6,12-01-2009 13:29,1.25,17611,United Kingdom,7.5,,,
489572,21034,REX CASH+CARRY JUMBO SHOPPER,1,12-01-2009 13:29,0.95,17611,United Kingdom,0.95,,,
489572,22178,VICTORIAN GLASS HANGING T-LIGHT,6,12-01-2009 13:29,1.25,17611,United Kingdom,7.5,,,
489572,21314,SMALL GLASS HEART TRINKET POT,4,12-01-2009 13:29,2.1,17611,United Kingdom,8.4,,,
489572,84975,HEART SHAPED MIRROR,6,12-01-2009 13:29,1.69,17611,United Kingdom,10.14,,,
489572,21949,SET OF 6 STRAWBERRY CHOPSTICKS,1,12-01-2009 13:29,1.25,17611,United Kingdom,1.25,,,
489572,21948,SET OF 6 CAKE CHOPSTICKS,5,12-01-2009 13:29,1.25,17611,United Kingdom,6.25,,,
489572,21947,SET OF 6 HEART CHOPSTICKS,3,12-01-2009 13:29,1.25,17611,United Kingdom,3.75,,,
489572,22079,RIBBON REEL HEARTS DESIGN ,5,12-01-2009 13:29,1.65,17611,United Kingdom,8.25,,,
489572,22080,RIBBON REEL SPOTS DESIGN ,5,12-01-2009 13:29,1.65,17611,United Kingdom,8.25,,,
489572,22082,RIBBON REEL STRIPES DESIGN ,5,12-01-2009 13:29,1.65,17611,United Kingdom,8.25,,,
489572,21538,DAIRY MAID  PUDDING BOWL,2,12-01-2009 13:29,3.75,17611,United Kingdom,7.5,,,
489572,21534,DAIRY MAID LARGE MILK JUG,2,12-01-2009 13:29,4.95,17611,United Kingdom,9.9,,,
489572,21528,DAIRY MAID TRADITIONAL TEAPOT ,2,12-01-2009 13:29,6.95,17611,United Kingdom,13.9,,,
489572,21548,CERAMIC BIRDHOUSE FINCH BLUE ROOF,1,12-01-2009 13:29,2.95,17611,United Kingdom,2.95,,,
489572,21684,SMALL MEDINA STAMPED METAL BOWL ,12,12-01-2009 13:29,0.85,17611,United Kingdom,10.2,,,
489572,21549,CERAMIC BIRDHOUSE RED ROOF SMALL,1,12-01-2009 13:29,2.95,17611,United Kingdom,2.95,,,
489572,21545,CERAMIC BIRDHOUSE BUTTERFLY SMALL,1,12-01-2009 13:29,2.95,17611,United Kingdom,2.95,,,
489572,21547,CERAMIC BIRDHOUSE CRESTED TIT SMALL,1,12-01-2009 13:29,2.95,17611,United Kingdom,2.95,,,
489572,21540,DAIRY MAID CERAMIC BUTTER DISH,2,12-01-2009 13:29,4.25,17611,United Kingdom,8.5,,,
489572,85054,FRENCH ENAMEL POT W LID,2,12-01-2009 13:29,2.95,17611,United Kingdom,5.9,,,
489572,85053,FRENCH ENAMEL CANDLEHOLDER,2,12-01-2009 13:29,2.1,17611,United Kingdom,4.2,,,
489572,21532,DAIRY MAID SUGAR JAM BOWL,2,12-01-2009 13:29,2.1,17611,United Kingdom,4.2,,,
489572,21530,DAIRY MAID CERAMIC TOASTRACK,2,12-01-2009 13:29,2.95,17611,United Kingdom,5.9,,,
489572,37444A,YELLOW BREAKFAST CUP AND SAUCER,2,12-01-2009 13:29,2.95,17611,United Kingdom,5.9,,,
489572,37444B,BLUE BREAKFAST CUP AND SAUCER ,2,12-01-2009 13:29,2.95,17611,United Kingdom,5.9,,,
489573,21955,UNION JACK GUNS & ROSES  DOORMAT,3,12-01-2009 13:29,6.75,15051,United Kingdom,20.25,,,
489573,22294,HEART FILIGREE DOVE  SMALL,24,12-01-2009 13:29,1.25,15051,United Kingdom,30,,,
489573,22042,CHRISTMAS CARD SINGING ANGEL,12,12-01-2009 13:29,0.42,15051,United Kingdom,5.04,,,
489573,84247C,PACK/12 BLUE REINDEER CARD,1,12-01-2009 13:29,2.95,15051,United Kingdom,2.95,,,
489573,22034,ROBIN CHRISTMAS CARD,12,12-01-2009 13:29,0.42,15051,United Kingdom,5.04,,,
489573,84754,S/15 SILVER GLASS BAUBLES IN BAG,12,12-01-2009 13:29,1.25,15051,United Kingdom,15,,,
489573,84949,SILVER HANGING T-LIGHT HOLDER,6,12-01-2009 13:29,1.65,15051,United Kingdom,9.9,,,
489573,22295,HEART FILIGREE DOVE LARGE,24,12-01-2009 13:29,1.65,15051,United Kingdom,39.6,,,
489573,21912,VINTAGE SNAKES & LADDERS,3,12-01-2009 13:29,3.75,15051,United Kingdom,11.25,,,
489573,21888,BINGO SET,4,12-01-2009 13:29,3.75,15051,United Kingdom,15,,,
489573,21754,HOME BUILDING BLOCK WORD,5,12-01-2009 13:29,5.95,15051,United Kingdom,29.75,,,
489573,21313,GLASS HEART T-LIGHT HOLDER ,12,12-01-2009 13:29,0.85,15051,United Kingdom,10.2,,,
489573,84509A,ENGLISH ROSE PLACEMATS,1,12-01-2009 13:29,3.75,15051,United Kingdom,3.75,,,
489573,84946,ANTIQUE SILVER TEA GLASS ETCHED,30,12-01-2009 13:29,1.25,15051,United Kingdom,37.5,,,
489573,84510A,SET OF 4 ENGLISH ROSE COASTERS,1,12-01-2009 13:29,1.25,15051,United Kingdom,1.25,,,
489573,21587,COSY HOUR GIANT TUBE MATCHES,12,12-01-2009 13:29,2.55,15051,United Kingdom,30.6,,,
489573,72008,FROSTED BOX 9 WHITE T-LIGHT CANDLES,12,12-01-2009 13:29,0.42,15051,United Kingdom,5.04,,,
489573,22071,SMALL RETRO SPOT MUG IN BOX  WHITE,4,12-01-2009 13:29,3.75,15051,United Kingdom,15,,,
489573,84340,LARGE FIBRE OPTIC CHRISTMAS TREE,1,12-01-2009 13:29,2.55,15051,United Kingdom,2.55,,,
489573,22070,SMALL RETRO SPOT MUG IN BOX  RED,4,12-01-2009 13:29,3.75,15051,United Kingdom,15,,,
489573,84997B,RED 3 PIECE MINI DOTS CUTLERY SET,4,12-01-2009 13:29,3.75,15051,United Kingdom,15,,,
489573,84997C,BLUE 3 PIECE MINI DOTS CUTLERY SET,4,12-01-2009 13:29,3.75,15051,United Kingdom,15,,,
489573,22186,RED STAR CARD HOLDER,11,12-01-2009 13:29,2.95,15051,United Kingdom,32.45,,,
489573,22139,RETRO SPOT TEA SET CERAMIC 11 PC ,3,12-01-2009 13:29,4.95,15051,United Kingdom,14.85,,,
489573,21625,VINTAGE UNION JACK APRON,7,12-01-2009 13:29,6.95,15051,United Kingdom,48.65,,,
489573,21326,AGED GLASS SILVER T-LIGHT HOLDER,60,12-01-2009 13:29,0.65,15051,United Kingdom,39,,,
489573,18096C,WHITE ROUND PORCELAIN TLIGHT HOLDER,6,12-01-2009 13:29,2.55,15051,United Kingdom,15.3,,,
489573,18097C,WHITE TALL PORCELAIN T-LIGHT HOLDER,6,12-01-2009 13:29,2.55,15051,United Kingdom,15.3,,,
489573,22113,GREY HEART HOT WATER BOTTLE,12,12-01-2009 13:29,3.45,15051,United Kingdom,41.4,,,
489573,85147,JARDIN ETCHED GLASS CANDLEHLDR LONG,4,12-01-2009 13:29,4.95,15051,United Kingdom,19.8,,,
489573,21868,POTTING SHED TEA MUG,3,12-01-2009 13:29,1.25,15051,United Kingdom,3.75,,,
489573,22138,BAKING SET 9 PIECE RETROSPOT ,3,12-01-2009 13:29,4.95,15051,United Kingdom,14.85,,,
489572,37444C,PINK BREAKFAST CUP AND SAUCER ,2,12-01-2009 13:29,2.95,17611,United Kingdom,5.9,,,
489572,85055,FRENCH ENAMEL UTENSIL HOLDER,2,12-01-2009 13:29,3.75,17611,United Kingdom,7.5,,,
489572,85028L,FRENCH CHATEAU LARGE FRUIT BOWL ,2,12-01-2009 13:29,7.95,17611,United Kingdom,15.9,,,
489572,85028S,FRENCH CHATEAU SMALL FRUITBOWL,2,12-01-2009 13:29,4.95,17611,United Kingdom,9.9,,,
489572,22145,CHRISTMAS CRAFT HEART STOCKING ,2,12-01-2009 13:29,2.1,17611,United Kingdom,4.2,,,
489572,22142,CHRISTMAS CRAFT WHITE FAIRY ,2,12-01-2009 13:29,1.45,17611,United Kingdom,2.9,,,
489572,21491,SET OF THREE VINTAGE GIFT WRAPS,1,12-01-2009 13:29,1.95,17611,United Kingdom,1.95,,,
489572,21490,SET OF THREE 50'S GIFT WRAPS ,2,12-01-2009 13:29,1.95,17611,United Kingdom,3.9,,,
489572,21214,SET OF 72 IVORY PAPER DOILIES,2,12-01-2009 13:29,1.45,17611,United Kingdom,2.9,,,
489572,84985B,SET OF 72 BLACK PAPER DOILIES ,2,12-01-2009 13:29,1.45,17611,United Kingdom,2.9,,,
489572,84985A,SET OF 72 GREEN PAPER DOILIES,2,12-01-2009 13:29,1.45,17611,United Kingdom,2.9,,,
489572,20987,GEISHA GIRL CHOPSTICKS SET/5,2,12-01-2009 13:29,1.95,17611,United Kingdom,3.9,,,
489572,20989,URBAN CHIC CHOPSTICKS SET/5,2,12-01-2009 13:29,1.95,17611,United Kingdom,3.9,,,
489572,47021G,SET/6 BEAD COASTERS GAUZE BAG GOLD,4,12-01-2009 13:29,1.25,17611,United Kingdom,5,,,
489572,21911,GARDEN METAL SIGN ,4,12-01-2009 13:29,1.65,17611,United Kingdom,6.6,,,
489572,21070,VINTAGE BILLBOARD MUG ,2,12-01-2009 13:29,1.25,17611,United Kingdom,2.5,,,
489572,21066,VINTAGE RED MUG,2,12-01-2009 13:29,1.25,17611,United Kingdom,2.5,,,
489572,21067,VINTAGE RED TEATIME MUG,2,12-01-2009 13:29,1.25,17611,United Kingdom,2.5,,,
489572,21069,VINTAGE BILLBOARD TEA MUG,2,12-01-2009 13:29,1.25,17611,United Kingdom,2.5,,,
489572,21986,PACK OF 12 PINK SPOT TISSUES ,12,12-01-2009 13:29,0.29,17611,United Kingdom,3.48,,,
489572,21985,PACK OF 12 HEARTS DESIGN TISSUES ,12,12-01-2009 13:29,0.29,17611,United Kingdom,3.48,,,
489572,21980,PACK OF 12 RED SPOTTY TISSUES ,12,12-01-2009 13:29,0.29,17611,United Kingdom,3.48,,,
489572,22325,MOBILE VINTAGE HEARTS ,3,12-01-2009 13:29,4.95,17611,United Kingdom,14.85,,,
489572,22320,BIRDS MOBILE VINTAGE DESIGN,3,12-01-2009 13:29,5.95,17611,United Kingdom,17.85,,,
489574,21524,SPOTTY  HOME SWEET HOME DOORMAT,2,12-01-2009 13:31,6.75,13097,United Kingdom,13.5,,,
489574,48187,DOOR MAT NEW ENGLAND,1,12-01-2009 13:31,6.75,13097,United Kingdom,6.75,,,
489574,48185,DOOR MAT FAIRY CAKE,1,12-01-2009 13:31,6.75,13097,United Kingdom,6.75,,,
489574,20940,SET/6 GARDEN GNOME T-LIGHT CANDLES,1,12-01-2009 13:31,2.95,13097,United Kingdom,2.95,,,
489574,72798C,SET/4 GARDEN ROSE DINNER CANDLE,1,12-01-2009 13:31,1.65,13097,United Kingdom,1.65,,,
489574,40018F,CHERRY DESIGN PAPERLANTERNS,10,12-01-2009 13:31,1.95,13097,United Kingdom,19.5,,,
489574,40018E,TEA TIME PAPER LANTERNS,10,12-01-2009 13:31,1.95,13097,United Kingdom,19.5,,,
489574,85014B,RED/WHITE DOTS RUFFLED UMBRELLA,2,12-01-2009 13:31,5.95,13097,United Kingdom,11.9,,,
489574,85014D,PINK/BROWN DOTS RUFFLED UMBRELLA,2,12-01-2009 13:31,5.95,13097,United Kingdom,11.9,,,
489574,85014C,BLUE/BROWN DOTS RUFFLED UMBRELLA,2,12-01-2009 13:31,5.95,13097,United Kingdom,11.9,,,
489574,85014A,BLACK/BLUE DOTS RUFFLED UMBRELLA,2,12-01-2009 13:31,5.95,13097,United Kingdom,11.9,,,
489574,85178,VICTORIAN SEWING KIT,10,12-01-2009 13:31,1.25,13097,United Kingdom,12.5,,,
489574,85176,SEWING SUSAN 21 NEEDLE SET,12,12-01-2009 13:31,0.85,13097,United Kingdom,10.2,,,
489574,22035,VINTAGE CARAVAN GREETING CARD ,24,12-01-2009 13:31,0.42,13097,United Kingdom,10.08,,,
489574,22037,ROBOT BIRTHDAY CARD,24,12-01-2009 13:31,0.42,13097,United Kingdom,10.08,,,
489574,21893,POTTING SHED SEED TIN,3,12-01-2009 13:31,4.25,13097,United Kingdom,12.75,,,
489574,21745,GAOLERS KEYS DECORATIVE GARDEN ,4,12-01-2009 13:31,3.75,13097,United Kingdom,15,,,
489574,17084J,LOVE POTION MASALA INCENSE,2,12-01-2009 13:31,0.21,13097,United Kingdom,0.42,,,
489574,71279,PINK GLASS CANDLEHOLDER,2,12-01-2009 13:31,2.95,13097,United Kingdom,5.9,,,
489574,21417,COCKLE SHELL DISH,2,12-01-2009 13:31,2.1,13097,United Kingdom,4.2,,,
489574,22083,PAPER CHAIN KIT RETRO SPOT,5,12-01-2009 13:31,2.95,13097,United Kingdom,14.75,,,
489574,22125,UNION JACK HOT WATER BOTTLE ,2,12-01-2009 13:31,5.95,13097,United Kingdom,11.9,,,
489574,22088,PAPER BUNTING COLOURED LACE,1,12-01-2009 13:31,2.95,13097,United Kingdom,2.95,,,
489574,22093,MOTORING TISSUE BOX,3,12-01-2009 13:31,1.25,13097,United Kingdom,3.75,,,
489574,84288B,SET/2 BLUE  NOODLE BASKETS,1,12-01-2009 13:31,1.95,13097,United Kingdom,1.95,,,
489574,21741,COSY SLIPPER SHOES LARGE GREEN,3,12-01-2009 13:31,2.95,13097,United Kingdom,8.85,,,
489574,21740,COSY SLIPPER SHOES LARGE RED,3,12-01-2009 13:31,2.95,13097,United Kingdom,8.85,,,
489574,35924,HANGING FAIRY CAKE DECORATION,3,12-01-2009 13:31,2.1,13097,United Kingdom,6.3,,,
489574,20941,FROG CANDLE,4,12-01-2009 13:31,1.25,13097,United Kingdom,5,,,
489574,22138,BAKING SET 9 PIECE RETROSPOT ,4,12-01-2009 13:31,4.95,13097,United Kingdom,19.8,,,
489574,21868,POTTING SHED TEA MUG,6,12-01-2009 13:31,1.25,13097,United Kingdom,7.5,,,
489574,82567,"AIRLINE LOUNGE,METAL SIGN",2,12-01-2009 13:31,2.1,13097,United Kingdom,4.2,,,
489574,22088,PAPER BUNTING COLOURED LACE,2,12-01-2009 13:31,2.95,13097,United Kingdom,5.9,,,
489574,22222,CAKE PLATE LOVEBIRD WHITE,2,12-01-2009 13:31,4.95,13097,United Kingdom,9.9,,,
489574,85232A,SET/3 POLKA DOT STACKING TINS,1,12-01-2009 13:31,4.95,13097,United Kingdom,4.95,,,
489574,21548,CERAMIC BIRDHOUSE FINCH BLUE ROOF,1,12-01-2009 13:31,2.95,13097,United Kingdom,2.95,,,
489574,21547,CERAMIC BIRDHOUSE CRESTED TIT SMALL,1,12-01-2009 13:31,2.95,13097,United Kingdom,2.95,,,
489574,21534,DAIRY MAID LARGE MILK JUG,3,12-01-2009 13:31,4.95,13097,United Kingdom,14.85,,,
489574,21553,CERAMIC BIRDHOUSE FINCH BLUE  LARGE,1,12-01-2009 13:31,5.95,13097,United Kingdom,5.95,,,
489574,21554,CERAMIC BIRDHOUSE RED ROOF LARGE,1,12-01-2009 13:31,5.95,13097,United Kingdom,5.95,,,
489574,21481,FAWN BLUE HOT WATER BOTTLE,2,12-01-2009 13:31,2.95,13097,United Kingdom,5.9,,,
489574,21482,MUSHROOM BLUE HOT WATER BOTTLE,3,12-01-2009 13:31,2.95,13097,United Kingdom,8.85,,,
489574,85232D,SET/3 DECOUPAGE STACKING TINS,2,12-01-2009 13:31,4.95,13097,United Kingdom,9.9,,,
489574,16169C,WRAP BLUE REINDEER,25,12-01-2009 13:31,0.42,13097,United Kingdom,10.5,,,
489574,22215,CAKE STAND WHITE TWO TIER LACE,2,12-01-2009 13:31,8.5,13097,United Kingdom,17,,,
489574,20804,GLASS CHICKEN BUTTER DISH,4,12-01-2009 13:31,1.65,13097,United Kingdom,6.6,,,
489574,21260,FIRST AID TIN,6,12-01-2009 13:31,3.25,13097,United Kingdom,19.5,,,
489574,20804,GLASS CHICKEN BUTTER DISH,4,12-01-2009 13:31,1.65,13097,United Kingdom,6.6,,,
489574,21875,KINGS CHOICE MUG,6,12-01-2009 13:31,1.25,13097,United Kingdom,7.5,,,
489574,21016,LIGHT BIRD HOUSE TREE DECORATION,4,12-01-2009 13:31,0.85,13097,United Kingdom,3.4,,,
489574,21015,DARK BIRD HOUSE TREE DECORATION,4,12-01-2009 13:31,0.85,13097,United Kingdom,3.4,,,
489574,21014,SWISS CHALET TREE DECORATION ,4,12-01-2009 13:31,0.85,13097,United Kingdom,3.4,,,
489574,21917,SET 12 KIDS  WHITE CHALK STICKS,10,12-01-2009 13:31,0.42,13097,United Kingdom,4.2,,,
489574,21916,SET 12 RETRO WHITE CHALK STICKS,10,12-01-2009 13:31,0.42,13097,United Kingdom,4.2,,,
489574,21918,SET 12 KIDS COLOUR  CHALK STICKS,10,12-01-2009 13:31,0.42,13097,United Kingdom,4.2,,,
489574,21791,VINTAGE HEADS AND TAILS CARD GAME ,10,12-01-2009 13:31,1.25,13097,United Kingdom,12.5,,,
489574,21889,WOODEN BOX OF DOMINOES,12,12-01-2009 13:31,1.25,13097,United Kingdom,15,,,
489574,21098,CHRISTMAS TOILET ROLL,3,12-01-2009 13:31,1.25,13097,United Kingdom,3.75,,,
489574,21231,SWEETHEART CERAMIC TRINKET BOX,1,12-01-2009 13:31,1.25,13097,United Kingdom,1.25,,,
489574,21232,STRAWBERRY CERAMIC TRINKET BOX,4,12-01-2009 13:31,1.25,13097,United Kingdom,5,,,
489574,10135,COLOURING PENCILS BROWN TUBE,10,12-01-2009 13:31,1.25,13097,United Kingdom,12.5,,,
489574,21491,SET OF THREE VINTAGE GIFT WRAPS,2,12-01-2009 13:31,1.95,13097,United Kingdom,3.9,,,
489574,21888,BINGO SET,3,12-01-2009 13:31,3.75,13097,United Kingdom,11.25,,,
489574,21913,VINTAGE SEASIDE JIGSAW PUZZLES,3,12-01-2009 13:31,3.75,13097,United Kingdom,11.25,,,
489574,21912,VINTAGE SNAKES & LADDERS,3,12-01-2009 13:31,3.75,13097,United Kingdom,11.25,,,
489575,35957,SMALLFOLKART BAUBLE CHRISTMAS DEC,96,12-01-2009 13:37,0.19,13590,United Kingdom,18.24,,,
489575,22138,BAKING SET 9 PIECE RETROSPOT ,3,12-01-2009 13:37,4.95,13590,United Kingdom,14.85,,,
489575,85150,LADIES & GENTLEMEN METAL SIGN,6,12-01-2009 13:37,2.55,13590,United Kingdom,15.3,,,
489575,21232,STRAWBERRY CERAMIC TRINKET BOX,12,12-01-2009 13:37,1.25,13590,United Kingdom,15,,,
489575,22069, BROWN  PIRATE TREASURE CHEST ,12,12-01-2009 13:37,1.65,13590,United Kingdom,19.8,,,
489575,84997A,GREEN 3 PIECE MINI DOTS CUTLERY SET,6,12-01-2009 13:37,3.75,13590,United Kingdom,22.5,,,
489575,84997B,RED 3 PIECE MINI DOTS CUTLERY SET,6,12-01-2009 13:37,3.75,13590,United Kingdom,22.5,,,
489575,47591D,PINK FAIRY CAKE CHILD'S APRON,8,12-01-2009 13:37,1.95,13590,United Kingdom,15.6,,,
489575,47591C,BLUE FAIRY CAKE CHILD'S APRON,8,12-01-2009 13:37,1.95,13590,United Kingdom,15.6,,,
489575,21175,GIN + TONIC DIET METAL SIGN,6,12-01-2009 13:37,2.1,13590,United Kingdom,12.6,,,
489575,21098,CHRISTMAS TOILET ROLL,12,12-01-2009 13:37,1.25,13590,United Kingdom,15,,,
489575,22064,PINK DOUGHNUT TRINKET POT ,12,12-01-2009 13:37,1.65,13590,United Kingdom,19.8,,,
489575,22415,WHITE TISSUE REAM,1,12-01-2009 13:37,7.95,13590,United Kingdom,7.95,,,
489575,48111,DOOR MAT 3 SMILEY CATS,2,12-01-2009 13:37,6.75,13590,United Kingdom,13.5,,,
489575,22215,CAKE STAND WHITE TWO TIER LACE,2,12-01-2009 13:37,8.5,13590,United Kingdom,17,,,
489575,35951,FOLKART BAUBLE CHRISTMAS DECORATION,48,12-01-2009 13:37,0.38,13590,United Kingdom,18.24,,,
489575,21731,RED TOADSTOOL LED NIGHT LIGHT,12,12-01-2009 13:37,1.65,13590,United Kingdom,19.8,,,
489575,84991,60 TEATIME FAIRY CAKE CASES,24,12-01-2009 13:37,0.55,13590,United Kingdom,13.2,,,
489575,21743,STAR PORTABLE TABLE LIGHT ,6,12-01-2009 13:37,2.95,13590,United Kingdom,17.7,,,
489575,21744,SNOWFLAKE PORTABLE TABLE LIGHT ,6,12-01-2009 13:37,2.95,13590,United Kingdom,17.7,,,
489575,21482,MUSHROOM BLUE HOT WATER BOTTLE,6,12-01-2009 13:37,2.95,13590,United Kingdom,17.7,,,
489575,21481,FAWN BLUE HOT WATER BOTTLE,6,12-01-2009 13:37,2.95,13590,United Kingdom,17.7,,,
489576,85049E,SCANDINAVIAN REDS RIBBONS,5,12-01-2009 13:38,1.25,15984,United Kingdom,6.25,,,
489576,85049A,TRADITIONAL CHRISTMAS RIBBONS,17,12-01-2009 13:38,1.25,15984,United Kingdom,21.25,,,
489576,84352,SILVER CHRISTMAS TREE BAUBLE STAND ,1,12-01-2009 13:38,16.95,15984,United Kingdom,16.95,,,
489576,21842,PINK HEART CANDY BUTTON CALCULATOR,8,12-01-2009 13:38,2.55,15984,United Kingdom,20.4,,,
489576,22152,PLACE SETTING WHITE STAR,24,12-01-2009 13:38,0.42,15984,United Kingdom,10.08,,,
489576,84836,ZINC METAL HEART DECORATION,12,12-01-2009 13:38,1.25,15984,United Kingdom,15,,,
489576,85048,15CM CHRISTMAS GLASS BALL 20 LIGHTS,5,12-01-2009 13:38,7.95,15984,United Kingdom,39.75,,,
489576,21385,IVORY HANGING DECORATION  HEART,24,12-01-2009 13:38,0.85,15984,United Kingdom,20.4,,,
489576,22086,PAPER CHAIN KIT 50'S CHRISTMAS ,10,12-01-2009 13:38,2.95,15984,United Kingdom,29.5,,,
489576,22296,HEART IVORY TRELLIS LARGE,12,12-01-2009 13:38,1.65,15984,United Kingdom,19.8,,,
489576,22151,PLACE SETTING WHITE HEART,24,12-01-2009 13:38,0.42,15984,United Kingdom,10.08,,,
489576,21929,JUMBO BAG PINK VINTAGE PAISLEY,3,12-01-2009 13:38,1.95,15984,United Kingdom,5.85,,,
489576,85099F,JUMBO BAG STRAWBERRY,3,12-01-2009 13:38,1.95,15984,United Kingdom,5.85,,,
489576,21928,JUMBO BAG SCANDINAVIAN PAISLEY,5,12-01-2009 13:38,1.95,15984,United Kingdom,9.75,,,
489576,85123A,WHITE HANGING HEART T-LIGHT HOLDER,6,12-01-2009 13:38,2.95,15984,United Kingdom,17.7,,,
489576,22113,GREY HEART HOT WATER BOTTLE,18,12-01-2009 13:38,3.45,15984,United Kingdom,62.1,,,
489576,35400,WOODEN BOX ADVENT CALENDAR ,1,12-01-2009 13:38,8.95,15984,United Kingdom,8.95,,,
489579,35001G,HAND OPEN SHAPE GOLD,2,12-01-2009 13:41,4.25,16887,United Kingdom,8.5,,,
489579,84855,BLOKEY SILVER TOOL SET,1,12-01-2009 13:41,4.95,16887,United Kingdom,4.95,,,
489579,84854,GIRLY PINK TOOL SET,1,12-01-2009 13:41,4.95,16887,United Kingdom,4.95,,,
489579,72756,FAIRY CAKE CANDLES,9,12-01-2009 13:41,1.49,16887,United Kingdom,13.41,,,
489579,72741,GRAND CHOCOLATECANDLE,9,12-01-2009 13:41,1.45,16887,United Kingdom,13.05,,,
489579,21216,"SET 3 RED SPOT TIN TEA,COFFEE,SUGAR",1,12-01-2009 13:41,4.95,16887,United Kingdom,4.95,,,
489579,22315,200 RED + WHITE BENDY STRAWS,2,12-01-2009 13:41,1.25,16887,United Kingdom,2.5,,,
489579,21244,BLUE  SPOTTY PLATE ,4,12-01-2009 13:41,1.69,16887,United Kingdom,6.76,,,
489579,21243,PINK  SPOTTY PLATE ,4,12-01-2009 13:41,1.69,16887,United Kingdom,6.76,,,
489579,21041,RED SPOTTY OVEN GLOVE DOUBLE,4,12-01-2009 13:41,2.95,16887,United Kingdom,11.8,,,
489579,21155,RED SPOTTY PEG BAG,4,12-01-2009 13:41,2.1,16887,United Kingdom,8.4,,,
489579,35991,SET/6 BLACK SNOWFLAKE T-LIGHTS ,3,12-01-2009 13:41,1.69,16887,United Kingdom,5.07,,,
489579,21412,VINTAGE GOLD TINSEL REEL,2,12-01-2009 13:41,2.1,16887,United Kingdom,4.2,,,
489579,72799F,IVORY PILLAR CANDLE GOLD FLOCK,3,12-01-2009 13:41,2.95,16887,United Kingdom,8.85,,,
489579,72799E,IVORY PILLAR CANDLE SILVER FLOCK,3,12-01-2009 13:41,2.95,16887,United Kingdom,8.85,,,
489579,72799C,PINK PILLAR CANDLE SILVER FLOCK,2,12-01-2009 13:41,2.95,16887,United Kingdom,5.9,,,
489579,21500,PINK SPOTS  WRAP ,25,12-01-2009 13:41,0.42,16887,United Kingdom,10.5,,,
489579,21499,BLUE SPOTS  WRAP,25,12-01-2009 13:41,0.42,16887,United Kingdom,10.5,,,
489579,21498,RED SPOTS  WRAP ,25,12-01-2009 13:41,0.42,16887,United Kingdom,10.5,,,
489579,21246,RED SPOTTY BIG BOWL,1,12-01-2009 13:41,4.95,16887,United Kingdom,4.95,,,
489579,21247,SET OF RED SALAD SERVERS ,1,12-01-2009 13:41,1.49,16887,United Kingdom,1.49,,,
489579,21124,SET/10 BLUE SPOTTY PARTY CANDLES,4,12-01-2009 13:41,1.25,16887,United Kingdom,5,,,
489579,21122,SET/10 PINK SPOTTY PARTY CANDLES,4,12-01-2009 13:41,1.25,16887,United Kingdom,5,,,
489579,85136C,RED SHARK HELICOPTER,1,12-01-2009 13:41,7.95,16887,United Kingdom,7.95,,,
489579,72267,PREMIUM CHURCH CANDLE,4,12-01-2009 13:41,2.1,16887,United Kingdom,8.4,,,
489579,21217,RED SPOTTY ROUND CAKE TINS,1,12-01-2009 13:41,9.95,16887,United Kingdom,9.95,,,
489579,21218,RED SPOTTY BISCUIT TIN,1,12-01-2009 13:41,3.75,16887,United Kingdom,3.75,,,
489579,21240,BLUE  SPOTTY CUP,4,12-01-2009 13:41,0.85,16887,United Kingdom,3.4,,,
489579,21238,RED SPOTTY CUP,2,12-01-2009 13:41,0.85,16887,United Kingdom,1.7,,,
489579,21239,PINK  SPOTTY CUP,4,12-01-2009 13:41,0.85,16887,United Kingdom,3.4,,,
489579,20677,PINK SPOTTY BOWL,4,12-01-2009 13:41,1.25,16887,United Kingdom,5,,,
489579,20675,BLUE SPOTTY BOWL,4,12-01-2009 13:41,1.25,16887,United Kingdom,5,,,
489579,21986,PACK OF 12 PINK SPOT TISSUES ,12,12-01-2009 13:41,0.29,16887,United Kingdom,3.48,,,
489579,21034,REX CASH+CARRY JUMBO SHOPPER,1,12-01-2009 13:41,0.95,16887,United Kingdom,0.95,,,
489580,21232,STRAWBERRY CERAMIC TRINKET BOX,24,12-01-2009 13:43,1.25,12921,United Kingdom,30,,,
489580,21231,SWEETHEART CERAMIC TRINKET BOX,24,12-01-2009 13:43,1.25,12921,United Kingdom,30,,,
489580,21975,PACK OF 60 DINOSAUR CAKE CASES,24,12-01-2009 13:43,0.55,12921,United Kingdom,13.2,,,
489580,21213,PACK OF 72 SKULL CAKE CASES,24,12-01-2009 13:43,0.55,12921,United Kingdom,13.2,,,
489580,21977,PACK OF 60 PINK PAISLEY CAKE CASES,24,12-01-2009 13:43,0.55,12921,United Kingdom,13.2,,,
489580,21212,PACK OF 72 RETRO SPOT CAKE CASES,24,12-01-2009 13:43,0.55,12921,United Kingdom,13.2,,,
489580,84991,60 TEATIME FAIRY CAKE CASES,24,12-01-2009 13:43,0.55,12921,United Kingdom,13.2,,,
489580,72756,FAIRY CAKE CANDLES,108,12-01-2009 13:43,1.25,12921,United Kingdom,135,,,
489582,72799B,PURPLE PILLAR CANDLE BLACK FLOCK,10,12-01-2009 13:47,2.95,14543,United Kingdom,29.5,,,
489582,35400,WOODEN BOX ADVENT CALENDAR ,2,12-01-2009 13:47,8.95,14543,United Kingdom,17.9,,,
489582,84970L,SINGLE HEART ZINC T-LIGHT HOLDER,72,12-01-2009 13:47,0.95,14543,United Kingdom,68.4,,,
489582,21768,WALL MOUNTED VINTAGE ORGANISER,1,12-01-2009 13:47,14.95,14543,United Kingdom,14.95,,,
489582,21477,STRING OF 20 ROSE LIGHTS,2,12-01-2009 13:47,12.75,14543,United Kingdom,25.5,,,
489582,85048,15CM CHRISTMAS GLASS BALL 20 LIGHTS,2,12-01-2009 13:47,7.95,14543,United Kingdom,15.9,,,
489582,84984D,ORIENTAL RED C/COVER ,12,12-01-2009 13:47,4.25,14543,United Kingdom,51,,,
489582,84773,RED ROSE AND LACE C/COVER,18,12-01-2009 13:47,2.95,14543,United Kingdom,53.1,,,
489582,84601A,NEW BAROQUE IVORY CUSHION COVER ,6,12-01-2009 13:47,2.95,14543,United Kingdom,17.7,,,
489581,85174,S/4 CACTI CANDLES,1,12-01-2009 13:47,4.95,15945,United Kingdom,4.95,,,
489581,71028B,SILVER BLUE EGG T-LIGHT HOLDER,1,12-01-2009 13:47,1.65,15945,United Kingdom,1.65,,,
489581,84755,COLOUR GLASS T-LIGHT HOLDER HANGING,8,12-01-2009 13:47,0.65,15945,United Kingdom,5.2,,,
489581,22114,HOT WATER BOTTLE TEA AND SYMPATHY,1,12-01-2009 13:47,3.95,15945,United Kingdom,3.95,,,
489581,72267,PREMIUM CHURCH CANDLE,1,12-01-2009 13:47,2.1,15945,United Kingdom,2.1,,,
489581,72140F,HAPPY ANNIVERSARY CANDLE LETTERS,1,12-01-2009 13:47,0.42,15945,United Kingdom,0.42,,,
489581,84950,ASSORTED COLOUR T-LIGHT HOLDER,12,12-01-2009 13:47,0.85,15945,United Kingdom,10.2,,,
489581,85175,CACTI T-LIGHT CANDLES,64,12-01-2009 13:47,0.42,15945,United Kingdom,26.88,,,
489581,72487,ROSES WHITE ROUND CANDLE,36,12-01-2009 13:47,0.38,15945,United Kingdom,13.68,,,
489581,84360,TABLE LAMP WHITE SHADE WOOD BASE,12,12-01-2009 13:47,4.65,15945,United Kingdom,55.8,,,
489584,21335,LIBRARY LAMP,1,12-01-2009 13:48,21.95,18037,United Kingdom,21.95,,,
489585,84832,ZINC WILLIE WINKIE  CANDLE STICK,24,12-01-2009 13:49,0.85,15662,United Kingdom,20.4,,,
489585,21133,PAINTED BIRD ASSORTED CHRISTMAS,24,12-01-2009 13:49,1.69,15662,United Kingdom,40.56,,,
489585,84879,ASSORTED COLOUR BIRD ORNAMENT,16,12-01-2009 13:49,1.69,15662,United Kingdom,27.04,,,
489585,21755,LOVE BUILDING BLOCK WORD,3,12-01-2009 13:49,5.95,15662,United Kingdom,17.85,,,
489586,35001W,HAND OPEN SHAPE DECO.WHITE,36,12-01-2009 13:50,2.95,15380,United Kingdom,106.2,,,
489586,84396,6 HOOK JEWELLERY STAND BLACK DRESS,24,12-01-2009 13:50,1.95,15380,United Kingdom,46.8,,,
489586,35001G,HAND OPEN SHAPE GOLD,18,12-01-2009 13:50,3.39,15380,United Kingdom,61.02,,,
489586,72753A,S/3 FLWR FAIRY LILLY CANDLES,8,12-01-2009 13:50,2.1,15380,United Kingdom,16.8,,,
489586,72750C,"F.FAIRY S/3 CANDLE/GLASS, ROSE",8,12-01-2009 13:50,1.95,15380,United Kingdom,15.6,,,
489586,21895,POTTING SHED SOW 'N' GROW SET,4,12-01-2009 13:50,4.25,15380,United Kingdom,17,,,
489590,21733,RED HANGING HEART T-LIGHT HOLDER,12,12-01-2009 14:14,2.95,13110,United Kingdom,35.4,,,
489590,85123A,WHITE HANGING HEART T-LIGHT HOLDER,6,12-01-2009 14:14,2.95,13110,United Kingdom,17.7,,,
489590,22113,GREY HEART HOT WATER BOTTLE,7,12-01-2009 14:14,3.45,13110,United Kingdom,24.15,,,
489590,85211,S/4 GROOVY CAT MAGNETS,1,12-01-2009 14:14,1.65,13110,United Kingdom,1.65,,,
489590,22086,PAPER CHAIN KIT 50'S CHRISTMAS ,2,12-01-2009 14:14,2.95,13110,United Kingdom,5.9,,,
489590,84341B,SMALL PINK MAGIC CHRISTMAS TREE,2,12-01-2009 14:14,0.85,13110,United Kingdom,1.7,,,
489590,22211,WOOD STAMP SET FLOWERS,1,12-01-2009 14:14,1.65,13110,United Kingdom,1.65,,,
489590,22275,WEEKEND BAG VINTAGE ROSE PAISLEY,1,12-01-2009 14:14,8.5,13110,United Kingdom,8.5,,,
489590,22283,6 EGG HOUSE PAINTED WOOD,2,12-01-2009 14:14,7.95,13110,United Kingdom,15.9,,,
489590,22186,RED STAR CARD HOLDER,2,12-01-2009 14:14,2.95,13110,United Kingdom,5.9,,,
489590,22187,GREEN CHRISTMAS TREE CARD HOLDER,2,12-01-2009 14:14,4.25,13110,United Kingdom,8.5,,,
489590,35001G,HAND OPEN SHAPE GOLD,2,12-01-2009 14:14,4.25,13110,United Kingdom,8.5,,,
489590,35001W,HAND OPEN SHAPE DECO.WHITE,2,12-01-2009 14:14,3.49,13110,United Kingdom,6.98,,,
489590,35400,WOODEN BOX ADVENT CALENDAR ,2,12-01-2009 14:14,8.95,13110,United Kingdom,17.9,,,
489590,21804,WHITE CHRISTMAS GARLAND STARS TREES,12,12-01-2009 14:14,3.75,13110,United Kingdom,45,,,
489590,21735,TWO DOOR CURIO CABINET,2,12-01-2009 14:14,12.75,13110,United Kingdom,25.5,,,
489590,22295,HEART FILIGREE DOVE LARGE,12,12-01-2009 14:14,1.65,13110,United Kingdom,19.8,,,
489590,21755,LOVE BUILDING BLOCK WORD,6,12-01-2009 14:14,5.95,13110,United Kingdom,35.7,,,
489590,22325,MOBILE VINTAGE HEARTS ,1,12-01-2009 14:14,4.95,13110,United Kingdom,4.95,,,
489590,22320,BIRDS MOBILE VINTAGE DESIGN,1,12-01-2009 14:14,5.95,13110,United Kingdom,5.95,,,
489590,21756,BATH BUILDING BLOCK WORD,2,12-01-2009 14:14,5.95,13110,United Kingdom,11.9,,,
489590,22120,WELCOME  WOODEN BLOCK LETTERS,2,12-01-2009 14:14,9.95,13110,United Kingdom,19.9,,,
489590,20685,RED SPOTTY COIR DOORMAT,1,12-01-2009 14:14,6.75,13110,United Kingdom,6.75,,,
489590,48194,DOORMAT HEARTS,1,12-01-2009 14:14,6.75,13110,United Kingdom,6.75,,,
489590,48173C,DOOR MAT BLACK FLOCK ,1,12-01-2009 14:14,6.75,13110,United Kingdom,6.75,,,
489590,48189,DOOR MAT FRIENDSHIP ,1,12-01-2009 14:14,6.75,13110,United Kingdom,6.75,,,
489590,48116,DOOR MAT MULTICOLOUR STRIPE,1,12-01-2009 14:14,6.75,13110,United Kingdom,6.75,,,
489593,48194,DOORMAT HEARTS,3,12-01-2009 14:19,6.75,12836,United Kingdom,20.25,,,
489593,21181,PLEASE ONE PERSON  METAL SIGN,12,12-01-2009 14:19,2.1,12836,United Kingdom,25.2,,,
489593,21761,WOOD AND GLASS MEDICINE CABINET,1,12-01-2009 14:19,29.95,12836,United Kingdom,29.95,,,
489593,84879,ASSORTED COLOUR BIRD ORNAMENT,8,12-01-2009 14:19,1.69,12836,United Kingdom,13.52,,,
489593,85067,CREAM SWEETHEART WALL CABINET,1,12-01-2009 14:19,18.95,12836,United Kingdom,18.95,,,
489593,22113,GREY HEART HOT WATER BOTTLE,3,12-01-2009 14:19,3.45,12836,United Kingdom,10.35,,,
489593,22112,CHOCOLATE HOT WATER BOTTLE,2,12-01-2009 14:19,4.95,12836,United Kingdom,9.9,,,
489593,21480,PINK STRIPE HOT WATER BOTTLE,2,12-01-2009 14:19,2.95,12836,United Kingdom,5.9,,,
489593,79323S, SILVER CHERRY LIGHTS,4,12-01-2009 14:19,6.75,12836,United Kingdom,27,,,
489593,79323W, WHITE CHERRY LIGHTS,6,12-01-2009 14:19,6.75,12836,United Kingdom,40.5,,,
489593,37503,TEA TIME CAKE STAND IN GIFT BOX,4,12-01-2009 14:19,10.75,12836,United Kingdom,43,,,
489593,22086,PAPER CHAIN KIT 50'S CHRISTMAS ,4,12-01-2009 14:19,2.95,12836,United Kingdom,11.8,,,
489593,21016,LIGHT BIRD HOUSE TREE DECORATION,1,12-01-2009 14:19,0.85,12836,United Kingdom,0.85,,,
489593,21257,VICTORIAN SEWING BOX MEDIUM,2,12-01-2009 14:19,7.95,12836,United Kingdom,15.9,,,
489593,21767,FRENCH STYLE WIRE DOOR CABINET ,1,12-01-2009 14:19,29.95,12836,United Kingdom,29.95,,,
489593,85068,CREAM SWEETHEART SHELF + HOOKS,1,12-01-2009 14:19,7.95,12836,United Kingdom,7.95,,,
489593,21768,WALL MOUNTED VINTAGE ORGANISER,1,12-01-2009 14:19,14.95,12836,United Kingdom,14.95,,,
489593,22171,3 HOOK PHOTO SHELF ANTIQUE WHITE,2,12-01-2009 14:19,8.5,12836,United Kingdom,17,,,
489593,21490,SET OF THREE 50'S GIFT WRAPS ,4,12-01-2009 14:19,1.95,12836,United Kingdom,7.8,,,
489593,21491,SET OF THREE VINTAGE GIFT WRAPS,4,12-01-2009 14:19,1.95,12836,United Kingdom,7.8,,,
489593,22273,FELTCRAFT DOLL MOLLY,2,12-01-2009 14:19,2.95,12836,United Kingdom,5.9,,,
489593,22272,FELTCRAFT DOLL MARIA,2,12-01-2009 14:19,2.95,12836,United Kingdom,5.9,,,
489593,22349,"DOG BOWL , CHASING BALL DESIGN",3,12-01-2009 14:19,3.75,12836,United Kingdom,11.25,,,
489593,21790,VINTAGE SNAP CARDS,6,12-01-2009 14:19,0.85,12836,United Kingdom,5.1,,,
489593,21791,VINTAGE HEADS AND TAILS CARD GAME ,3,12-01-2009 14:19,1.25,12836,United Kingdom,3.75,,,
489593,21591,COSY HOUR CIGAR BOX MATCHES ,2,12-01-2009 14:19,1.25,12836,United Kingdom,2.5,,,
489593,22150, 3 STRIPEY MICE FELTCRAFT,3,12-01-2009 14:19,1.95,12836,United Kingdom,5.85,,,
489593,21493, VINTAGE DESIGN GIFT TAGS,5,12-01-2009 14:19,0.85,12836,United Kingdom,4.25,,,
489593,21257,VICTORIAN SEWING BOX MEDIUM,2,12-01-2009 14:19,7.95,12836,United Kingdom,15.9,,,
489593,84855,BLOKEY SILVER TOOL SET,1,12-01-2009 14:19,4.95,12836,United Kingdom,4.95,,,
489594,85045,GREEN CHRISTMAS TREE STRING 20LIGHT,1,12-01-2009 14:19,4.95,15005,United Kingdom,4.95,,,
489594,85042,ANTIQUE LILY FAIRY LIGHTS,1,12-01-2009 14:19,4.95,15005,United Kingdom,4.95,,,
489594,72349B,SET/6 PURPLE BUTTERFLY T-LIGHTS,4,12-01-2009 14:19,2.1,15005,United Kingdom,8.4,,,
489594,84596K,JELLY BABIES YELLOW SMALL BOWL,7,12-01-2009 14:19,1.25,15005,United Kingdom,8.75,,,
489594,20977,36 PENCILS TUBE WOODLAND,3,12-01-2009 14:19,1.25,15005,United Kingdom,3.75,,,
489594,20676,RED SPOTTY BOWL,6,12-01-2009 14:19,1.25,15005,United Kingdom,7.5,,,
489594,20675,BLUE SPOTTY BOWL,4,12-01-2009 14:19,1.25,15005,United Kingdom,5,,,
489594,84596E,SMALL LICORICE DES PINK BOWL,5,12-01-2009 14:19,1.25,15005,United Kingdom,6.25,,,
489594,84596G,SMALL CHOCOLATES PINK BOWL,5,12-01-2009 14:19,1.25,15005,United Kingdom,6.25,,,
489594,20975,12 PENCILS SMALL TUBE RED SPOTTY,4,12-01-2009 14:19,0.65,15005,United Kingdom,2.6,,,
489594,21931,JUMBO STORAGE BAG SUKI,2,12-01-2009 14:19,1.95,15005,United Kingdom,3.9,,,
489594,85099C,JUMBO  BAG BAROQUE BLACK WHITE,2,12-01-2009 14:19,1.95,15005,United Kingdom,3.9,,,
489594,21929,JUMBO BAG PINK VINTAGE PAISLEY,2,12-01-2009 14:19,1.95,15005,United Kingdom,3.9,,,
489594,37448,CERAMIC CAKE DESIGN SPOTTED MUG,3,12-01-2009 14:19,1.49,15005,United Kingdom,4.47,,,
489594,22131,FOOD CONTAINER SET 3 LOVE HEART ,3,12-01-2009 14:19,1.95,15005,United Kingdom,5.85,,,
489594,37447,CERAMIC CAKE DESIGN SPOTTED PLATE,2,12-01-2009 14:19,1.49,15005,United Kingdom,2.98,,,
489594,22055,MINI CAKE STAND  HANGING STRAWBERY,2,12-01-2009 14:19,1.65,15005,United Kingdom,3.3,,,
489594,22062,CERAMIC BOWL WITH LOVE HEART DESIGN,1,12-01-2009 14:19,2.95,15005,United Kingdom,2.95,,,
489594,84596B,SMALL DOLLY MIX DESIGN ORANGE BOWL,8,12-01-2009 14:19,1.25,15005,United Kingdom,10,,,
489594,21232,STRAWBERRY CERAMIC TRINKET BOX,12,12-01-2009 14:19,1.25,15005,United Kingdom,15,,,
489594,22055,MINI CAKE STAND  HANGING STRAWBERY,1,12-01-2009 14:19,1.65,15005,United Kingdom,1.65,,,
489594,37448,CERAMIC CAKE DESIGN SPOTTED MUG,2,12-01-2009 14:19,1.49,15005,United Kingdom,2.98,,,
489594,22347,PIZZA SLICE DISH,6,12-01-2009 14:19,1.25,15005,United Kingdom,7.5,,,
489594,37448,CERAMIC CAKE DESIGN SPOTTED MUG,1,12-01-2009 14:19,1.49,15005,United Kingdom,1.49,,,
489594,22350,CAT BOWL ,2,12-01-2009 14:19,2.55,15005,United Kingdom,5.1,,,
489594,21791,VINTAGE HEADS AND TAILS CARD GAME ,4,12-01-2009 14:19,1.25,15005,United Kingdom,5,,,
489594,84507C,BLUE CIRCLES DESIGN MONKEY DOLL,1,12-01-2009 14:19,2.55,15005,United Kingdom,2.55,,,
489594,84507B,STRIPES DESIGN MONKEY DOLL,1,12-01-2009 14:19,2.55,15005,United Kingdom,2.55,,,
489594,84508A,CAMOFLAGE DESIGN TEDDY,2,12-01-2009 14:19,2.55,15005,United Kingdom,5.1,,,
489594,22062,CERAMIC BOWL WITH LOVE HEART DESIGN,1,12-01-2009 14:19,2.95,15005,United Kingdom,2.95,,,
489594,37450,CERAMIC CAKE BOWL + HANGING CAKES,3,12-01-2009 14:19,2.95,15005,United Kingdom,8.85,,,
489594,22065,CHRISTMAS PUDDING TRINKET POT ,6,12-01-2009 14:19,1.45,15005,United Kingdom,8.7,,,
489594,79302M,"ART LIGHTS,FUNK MONKEY",1,12-01-2009 14:19,2.95,15005,United Kingdom,2.95,,,
489594,21034,REX CASH+CARRY JUMBO SHOPPER,3,12-01-2009 14:19,0.95,15005,United Kingdom,2.85,,,
489594,37502,TEA TIME MUG IN GIFT BOX,8,12-01-2009 14:19,2.95,15005,United Kingdom,23.6,,,
489594,37503,TEA TIME CAKE STAND IN GIFT BOX,1,12-01-2009 14:19,10.75,15005,United Kingdom,10.75,,,
489594,37449,CERAMIC CAKE STAND + HANGING CAKES,2,12-01-2009 14:19,9.95,15005,United Kingdom,19.9,,,
489594,84534B,FAIRY CAKE NOTEBOOK A5 SIZE,4,12-01-2009 14:19,0.85,15005,United Kingdom,3.4,,,
489594,84535B,FAIRY CAKES NOTEBOOK A6 SIZE,8,12-01-2009 14:19,0.65,15005,United Kingdom,5.2,,,
489594,84536B,FAIRY CAKES NOTEBOOK A7 SIZE,8,12-01-2009 14:19,0.42,15005,United Kingdom,3.36,,,
489594,21875,KINGS CHOICE MUG,2,12-01-2009 14:19,1.25,15005,United Kingdom,2.5,,,
489594,37450,CERAMIC CAKE BOWL + HANGING CAKES,1,12-01-2009 14:19,2.95,15005,United Kingdom,2.95,,,
489594,22068, BLACK PIRATE TREASURE CHEST,2,12-01-2009 14:19,1.65,15005,United Kingdom,3.3,,,
489594,22064,PINK DOUGHNUT TRINKET POT ,4,12-01-2009 14:19,1.65,15005,United Kingdom,6.6,,,
489594,20726,LUNCH BAG WOODLAND,4,12-01-2009 14:19,1.65,15005,United Kingdom,6.6,,,
489594,20725,LUNCH BAG RED SPOTTY,3,12-01-2009 14:19,1.65,15005,United Kingdom,4.95,,,
489594,21216,"SET 3 RED SPOT TIN TEA,COFFEE,SUGAR",1,12-01-2009 14:19,4.95,15005,United Kingdom,4.95,,,
489594,22114,HOT WATER BOTTLE TEA AND SYMPATHY,3,12-01-2009 14:19,3.95,15005,United Kingdom,11.85,,,
489594,22187,GREEN CHRISTMAS TREE CARD HOLDER,2,12-01-2009 14:19,4.25,15005,United Kingdom,8.5,,,
489594,82482,WOODEN PICTURE FRAME WHITE FINISH,6,12-01-2009 14:19,2.55,15005,United Kingdom,15.3,,,
489594,21231,SWEETHEART CERAMIC TRINKET BOX,11,12-01-2009 14:19,1.25,15005,United Kingdom,13.75,,,
489598,20685,RED SPOTTY COIR DOORMAT,2,12-01-2009 14:35,6.75,16620,United Kingdom,13.5,,,
489598,22180,RETRO SPOT LAMP,1,12-01-2009 14:35,9.95,16620,United Kingdom,9.95,,,
489598,85090,CANDY SPOT APRON,3,12-01-2009 14:35,4.65,16620,United Kingdom,13.95,,,
489598,21670,BLUE SPOT CERAMIC DRAWER KNOB,12,12-01-2009 14:35,1.25,16620,United Kingdom,15,,,
489598,21671,RED SPOT CERAMIC DRAWER KNOB,12,12-01-2009 14:35,1.25,16620,United Kingdom,15,,,
489598,21121,SET/10 RED SPOTTY PARTY CANDLES,24,12-01-2009 14:35,1.25,16620,United Kingdom,30,,,
489598,21122,SET/10 PINK SPOTTY PARTY CANDLES,24,12-01-2009 14:35,1.25,16620,United Kingdom,30,,,
489598,21124,SET/10 BLUE SPOTTY PARTY CANDLES,24,12-01-2009 14:35,1.25,16620,United Kingdom,30,,,
489598,22218,CAKE STAND LACE WHITE,3,12-01-2009 14:35,4.25,16620,United Kingdom,12.75,,,
489598,21242,RED SPOTTY PLATE ,8,12-01-2009 14:35,1.69,16620,United Kingdom,13.52,,,
489598,21238,RED SPOTTY CUP,8,12-01-2009 14:35,0.85,16620,United Kingdom,6.8,,,
489598,82482,WOODEN PICTURE FRAME WHITE FINISH,6,12-01-2009 14:35,2.55,16620,United Kingdom,15.3,,,
489598,22189,CREAM HEART CARD HOLDER,4,12-01-2009 14:35,3.95,16620,United Kingdom,15.8,,,
489598,21650,ASSORTED TUTTI FRUTTI BRACELET,24,12-01-2009 14:35,0.65,16620,United Kingdom,15.6,,,
489598,20983,12 PENCILS TALL TUBE RED SPOTTY,12,12-01-2009 14:35,0.85,16620,United Kingdom,10.2,,,
489598,21356,TOAST ITS - FAIRY FLOWER,12,12-01-2009 14:35,1.25,16620,United Kingdom,15,,,
489598,21357,TOAST ITS - DINOSAUR,12,12-01-2009 14:35,1.25,16620,United Kingdom,15,,,
489598,22280,POCKET BAG PINK PAISELY BROWN SPOT,6,12-01-2009 14:35,2.1,16620,United Kingdom,12.6,,,
489598,20982,12 PENCILS TALL TUBE SKULLS,12,12-01-2009 14:35,0.85,16620,United Kingdom,10.2,,,
489598,85099B,JUMBO BAG RED WHITE SPOTTY ,10,12-01-2009 14:35,1.95,16620,United Kingdom,19.5,,,
489598,21929,JUMBO BAG PINK VINTAGE PAISLEY,10,12-01-2009 14:35,1.95,16620,United Kingdom,19.5,,,
489598,90167,BEADED LOVE HEART JEWELLERY SET,12,12-01-2009 14:35,0.85,16620,United Kingdom,10.2,,,
489598,21544,SKULLS  WATER TRANSFER TATTOOS ,12,12-01-2009 14:35,0.85,16620,United Kingdom,10.2,,,
489598,21543,BUTTERFLY WATER TRANSFER TATTOOS ,12,12-01-2009 14:35,0.85,16620,United Kingdom,10.2,,,
489598,21833,CAMOUFLAGE LED TORCH,12,12-01-2009 14:35,1.69,16620,United Kingdom,20.28,,,
489598,21829,DINOSAUR KEYRINGS ASSORTED,36,12-01-2009 14:35,0.21,16620,United Kingdom,7.56,,,
489598,47591D,PINK FAIRY CAKE CHILD'S APRON,8,12-01-2009 14:35,1.95,16620,United Kingdom,15.6,,,
489598,21100,CHARLIE AND LOLA CHARLOTTE BAG,10,12-01-2009 14:35,1.65,16620,United Kingdom,16.5,,,
489598,21642,ASSORTED TUTTI FRUTTI PEN,24,12-01-2009 14:35,0.85,16620,United Kingdom,20.4,,,
489598,21639,ASSORTED TUTTI FRUTTI KEYRING,24,12-01-2009 14:35,0.85,16620,United Kingdom,20.4,,,
489598,72023F,RED ORGANIC CANDLE IN GLASS,12,12-01-2009 14:35,1.25,16620,United Kingdom,15,,,
489598,22082,RIBBON REEL STRIPES DESIGN ,20,12-01-2009 14:35,1.65,16620,United Kingdom,33,,,
489598,20886,BOX OF 9 PEBBLE CANDLES,12,12-01-2009 14:35,1.95,16620,United Kingdom,23.4,,,
489598,85172,HYACINTH BULB T-LIGHT CANDLES,16,12-01-2009 14:35,0.42,16620,United Kingdom,6.72,,,
489598,72008,FROSTED BOX 9 WHITE T-LIGHT CANDLES,12,12-01-2009 14:35,0.42,16620,United Kingdom,5.04,,,
489598,84970S,HANGING HEART ZINC T-LIGHT HOLDER,12,12-01-2009 14:35,0.85,16620,United Kingdom,10.2,,,
489598,21471,STRAWBERRY RAFFIA FOOD COVER,6,12-01-2009 14:35,3.75,16620,United Kingdom,22.5,,,
489598,21469,POLKA DOT RAFFIA FOOD COVER,6,12-01-2009 14:35,3.75,16620,United Kingdom,22.5,,,
489598,20753,RETRO PINK SPOT WASHING UP GLOVES,6,12-01-2009 14:35,2.1,16620,United Kingdom,12.6,,,
489598,21868,POTTING SHED TEA MUG,12,12-01-2009 14:35,1.25,16620,United Kingdom,15,,,
489598,21869,POTTING SHED COFFEE MUG,12,12-01-2009 14:35,1.25,16620,United Kingdom,15,,,
489598,22185,SLATE TILE NATURAL HANGING,12,12-01-2009 14:35,1.65,16620,United Kingdom,19.8,,,
489598,21897,POTTING SHED CANDLE CITRONELLA,6,12-01-2009 14:35,2.95,16620,United Kingdom,17.7,,,
489598,21898,POTTING SHED ROSE CANDLE,6,12-01-2009 14:35,2.95,16620,United Kingdom,17.7,,,
489598,20681,PINK SPOTTY CHILDS UMBRELLA,6,12-01-2009 14:35,3.25,16620,United Kingdom,19.5,,,
489598,85099F,JUMBO BAG STRAWBERRY,20,12-01-2009 14:35,1.95,16620,United Kingdom,39,,,
489598,20771,CHRYSANTHEMUM  JOURNAL,6,12-01-2009 14:35,2.55,16620,United Kingdom,15.3,,,
489598,20777,CHRYSANTHEMUM NOTEBOOK,6,12-01-2009 14:35,1.65,16620,United Kingdom,9.9,,,
489598,72815,3 WICK CHRISTMAS BRIAR CANDLE ,4,12-01-2009 14:35,3.75,16620,United Kingdom,15,,,
489598,22187,GREEN CHRISTMAS TREE CARD HOLDER,4,12-01-2009 14:35,4.25,16620,United Kingdom,17,,,
489599,22111,SCOTTIE DOG HOT WATER BOTTLE,3,12-01-2009 14:40,4.95,12758,Portugal,14.85,,,
489599,22113,GREY HEART HOT WATER BOTTLE,8,12-01-2009 14:40,3.45,12758,Portugal,27.6,,,
489599,22114,HOT WATER BOTTLE TEA AND SYMPATHY,8,12-01-2009 14:40,3.95,12758,Portugal,31.6,,,
489599,47504G,ENGLISH ROSE TAPE MEASURE,12,12-01-2009 14:40,1.25,12758,Portugal,15,,,
489599,85014D,PINK/BROWN DOTS RUFFLED UMBRELLA,3,12-01-2009 14:40,5.95,12758,Portugal,17.85,,,
489599,84985B,SET OF 72 BLACK PAPER DOILIES ,12,12-01-2009 14:40,1.45,12758,Portugal,17.4,,,
489599,84986B,SET OF 36 SILVER PAPER DOILIES,12,12-01-2009 14:40,1.45,12758,Portugal,17.4,,,
489599,84990,60 GOLD AND SILVER FAIRY CAKE CASES,24,12-01-2009 14:40,0.55,12758,Portugal,13.2,,,
489599,21891,TRADITIONAL WOODEN SKIPPING ROPE,12,12-01-2009 14:40,1.25,12758,Portugal,15,,,
489599,21890,S/6 WOODEN SKITTLES IN COTTON BAG,6,12-01-2009 14:40,2.95,12758,Portugal,17.7,,,
489599,22138,BAKING SET 9 PIECE RETROSPOT ,3,12-01-2009 14:40,4.95,12758,Portugal,14.85,,,
489599,20750, RED/WHITE DOT MINI CASES,12,12-01-2009 14:40,6.35,12758,Portugal,76.2,,,
489599,20749,ASSORTED COLOUR MINI CASES,2,12-01-2009 14:40,7.95,12758,Portugal,15.9,,,
489599,20684,STRAWBERRY DREAM CHILDS UMBRELLA,6,12-01-2009 14:40,3.25,12758,Portugal,19.5,,,
489599,85006,SET 4 NURSERY DES ROUND BOXES,6,12-01-2009 14:40,2.95,12758,Portugal,17.7,,,
489599,21429,RED GINGHAM ROSE JEWELLERY BOX,8,12-01-2009 14:40,1.65,12758,Portugal,13.2,,,
489599,20983,12 PENCILS TALL TUBE RED SPOTTY,12,12-01-2009 14:40,0.85,12758,Portugal,10.2,,,
489599,20979,36 PENCILS TUBE RED SPOTTY,16,12-01-2009 14:40,1.25,12758,Portugal,20,,,
489599,21156,RED SPOTTY CHILDS APRON,8,12-01-2009 14:40,1.95,12758,Portugal,15.6,,,
489599,21789,KIDS RAIN MAC PINK,24,12-01-2009 14:40,0.85,12758,Portugal,20.4,,,
489599,21788,KIDS RAIN MAC BLUE,24,12-01-2009 14:40,0.85,12758,Portugal,20.4,,,
489599,85199S,SMALL HANGING IVORY/RED WOOD BIRD,24,12-01-2009 14:40,0.42,12758,Portugal,10.08,,,
489599,85199L,LARGE HANGING IVORY & RED WOOD BIRD,24,12-01-2009 14:40,0.65,12758,Portugal,15.6,,,
489599,21556,CERAMIC STRAWBERRY MONEY BOX,12,12-01-2009 14:40,2.55,12758,Portugal,30.6,,,
489599,82081,PINK HEARTS PHOTO ALBUM,2,12-01-2009 14:40,8.5,12758,Portugal,17,,,
489599,21164,HOME SWEET HOME METAL SIGN ,12,12-01-2009 14:40,2.95,12758,Portugal,35.4,,,
489599,22321,BIRD DECORATION RED SPOT,24,12-01-2009 14:40,0.85,12758,Portugal,20.4,,,
489599,21238,RED SPOTTY CUP,16,12-01-2009 14:40,0.85,12758,Portugal,13.6,,,
489599,21239,PINK  SPOTTY CUP,16,12-01-2009 14:40,0.85,12758,Portugal,13.6,,,
489599,21243,PINK  SPOTTY PLATE ,16,12-01-2009 14:40,1.69,12758,Portugal,27.04,,,
489599,21242,RED SPOTTY PLATE ,16,12-01-2009 14:40,1.69,12758,Portugal,27.04,,,
489599,20711,JUMBO BAG TOYS ,30,12-01-2009 14:40,1.95,12758,Portugal,58.5,,,
489599,20724,RED SPOTTY CHARLOTTE BAG,40,12-01-2009 14:40,0.85,12758,Portugal,34,,,
489599,20725,LUNCH BAG RED SPOTTY,100,12-01-2009 14:40,1.45,12758,Portugal,145,,,
489599,21155,RED SPOTTY PEG BAG,12,12-01-2009 14:40,2.1,12758,Portugal,25.2,,,
489599,21527,RETRO SPOT TRADITIONAL TEAPOT ,4,12-01-2009 14:40,7.95,12758,Portugal,31.8,,,
489599,21843,RETRO SPOT CAKE STAND,6,12-01-2009 14:40,10.95,12758,Portugal,65.7,,,
489599,85099B,JUMBO BAG RED WHITE SPOTTY ,30,12-01-2009 14:40,1.95,12758,Portugal,58.5,,,
489599,21218,RED SPOTTY BISCUIT TIN,6,12-01-2009 14:40,3.75,12758,Portugal,22.5,,,
489599,21181,PLEASE ONE PERSON  METAL SIGN,12,12-01-2009 14:40,2.1,12758,Portugal,25.2,,,
489599,22356,"CHARLOTTE BAG , PINK/WHITE SPOTS",100,12-01-2009 14:40,0.72,12758,Portugal,72,,,
489599,85014B,RED/WHITE DOTS RUFFLED UMBRELLA,6,12-01-2009 14:40,5.95,12758,Portugal,35.7,,,
489599,22355,"CHARLOTTE BAG , SUKI DESIGN",20,12-01-2009 14:40,0.85,12758,Portugal,17,,,
489599,21931,JUMBO STORAGE BAG SUKI,20,12-01-2009 14:40,1.95,12758,Portugal,39,,,
489599,21928,JUMBO BAG SCANDINAVIAN PAISLEY,30,12-01-2009 14:40,1.95,12758,Portugal,58.5,,,
489599,21430,SET/3 RED GINGHAM ROSE STORAGE BOX,24,12-01-2009 14:40,3.39,12758,Portugal,81.36,,,
489599,21428,SET3 BOOK BOX GREEN GINGHAM FLOWER ,16,12-01-2009 14:40,3.75,12758,Portugal,60,,,
489599,22139,RETRO SPOT TEA SET CERAMIC 11 PC ,12,12-01-2009 14:40,4.95,12758,Portugal,59.4,,,
489599,47504E,ENGLISH ROSE SCISSORS,24,12-01-2009 14:40,1.25,12758,Portugal,30,,,
489599,20728,LUNCH BAG CARS BLUE,30,12-01-2009 14:40,1.65,12758,Portugal,49.5,,,
489599,20914,SET/5 RED SPOTTY LID GLASS BOWLS,6,12-01-2009 14:40,2.95,12758,Portugal,17.7,,,
489599,84988,SET OF 72 PINK HEART PAPER DOILIES,12,12-01-2009 14:40,1.45,12758,Portugal,17.4,,,
489599,84934,ASSTD DESIGN POP ART SLIM PEN,40,12-01-2009 14:40,0.85,12758,Portugal,34,,,
489599,22197,"POPCORN HOLDER , SMALL ",12,12-01-2009 14:40,0.85,12758,Portugal,10.2,,,
489599,20681,PINK SPOTTY CHILDS UMBRELLA,12,12-01-2009 14:40,3.25,12758,Portugal,39,,,
489599,20682,RED SPOTTY CHILDS UMBRELLA,12,12-01-2009 14:40,3.25,12758,Portugal,39,,,
489599,21844,RETRO SPOT MUG,12,12-01-2009 14:40,2.95,12758,Portugal,35.4,,,
489599,22071,SMALL RETRO SPOT MUG IN BOX  WHITE,6,12-01-2009 14:40,3.75,12758,Portugal,22.5,,,
489599,85014A,BLACK/BLUE DOTS RUFFLED UMBRELLA,6,12-01-2009 14:40,5.95,12758,Portugal,35.7,,,
489599,85014C,BLUE/BROWN DOTS RUFFLED UMBRELLA,6,12-01-2009 14:40,5.95,12758,Portugal,35.7,,,
489599,47504K,ENGLISH ROSE GARDEN SECATEURS,24,12-01-2009 14:40,1.95,12758,Portugal,46.8,,,
489599,21929,JUMBO BAG PINK VINTAGE PAISLEY,30,12-01-2009 14:40,1.95,12758,Portugal,58.5,,,
489599,21165,BEWARE OF THE CAT METAL SIGN ,36,12-01-2009 14:40,1.69,12758,Portugal,60.84,,,
489599,82600,NO SINGING METAL SIGN,24,12-01-2009 14:40,2.1,12758,Portugal,50.4,,,
489599,21877,HOME SWEET HOME MUG,12,12-01-2009 14:40,1.25,12758,Portugal,15,,,
489599,21431,GREEN GINGHAM FLOWER JEWELLERY BOX,16,12-01-2009 14:40,1.65,12758,Portugal,26.4,,,
489599,21398,RED  SPOTTY COFFEE  MUG,12,12-01-2009 14:40,2.1,12758,Portugal,25.2,,,
489599,16161U,"WRAP,SUKI AND FRIENDS",25,12-01-2009 14:40,0.42,12758,Portugal,10.5,,,
489599,21497,FANCY FONTS BIRTHDAY WRAP,25,12-01-2009 14:40,0.42,12758,Portugal,10.5,,,
489599,22051,BLUE SCANDINAVIAN PAISLEY WRAP,25,12-01-2009 14:40,0.42,12758,Portugal,10.5,,,
489599,84879,ASSORTED COLOUR BIRD ORNAMENT,48,12-01-2009 14:40,1.69,12758,Portugal,81.12,,,
489599,22117,METAL SIGN HER DINNER IS SERVED ,6,12-01-2009 14:40,2.95,12758,Portugal,17.7,,,
489599,22116,METAL SIGN HIS DINNER IS SERVED,6,12-01-2009 14:40,2.95,12758,Portugal,17.7,,,
489599,21042,RED SPOTTY APRON ,3,12-01-2009 14:40,5.95,12758,Portugal,17.85,,,
489599,21121,SET/10 RED SPOTTY PARTY CANDLES,24,12-01-2009 14:40,1.25,12758,Portugal,30,,,
489599,21212,PACK OF 72 RETRO SPOT CAKE CASES,24,12-01-2009 14:40,0.55,12758,Portugal,13.2,,,
489599,21210,SET OF 72 RETRO SPOT PAPER  DOILIES,24,12-01-2009 14:40,1.45,12758,Portugal,34.8,,,
489599,21531,RETRO SPOT SUGAR JAM BOWL,6,12-01-2009 14:40,2.55,12758,Portugal,15.3,,,
489599,22073,RETRO SPOT STORAGE JAR,4,12-01-2009 14:40,3.75,12758,Portugal,15,,,
489606,20753,RETRO PINK SPOT WASHING UP GLOVES,1,12-01-2009 14:48,2.1,17961,United Kingdom,2.1,,,
489611,21549,CERAMIC BIRDHOUSE RED ROOF SMALL,1,12-01-2009 14:53,2.95,15601,United Kingdom,2.95,,,
489613,22165,"DIAMANTE HEART SHAPED WALL MIRROR, ",1,12-01-2009 14:56,12.75,13585,United Kingdom,12.75,,,
489617,46000P,POLYESTER FILLER PAD 65CMx65CM,2,12-01-2009 14:59,4.25,13442,United Kingdom,8.5,,,
489617,46000M,POLYESTER FILLER PAD 45x45cm,4,12-01-2009 14:59,1.55,13442,United Kingdom,6.2,,,
489617,21685,MEDINA STAMPED METAL TRAY ,2,12-01-2009 14:59,14.95,13442,United Kingdom,29.9,,,
489617,84472,PINK AND LILAC QUILTED THROW ,1,12-01-2009 14:59,45.95,13442,United Kingdom,45.95,,,
489617,84658,WHITE STITCHED CUSHION COVER,2,12-01-2009 14:59,6.95,13442,United Kingdom,13.9,,,
489617,21622,VINTAGE UNION JACK CUSHION COVER,4,12-01-2009 14:59,4.95,13442,United Kingdom,19.8,,,
489617,20887,BOX OF 6 PEBBLE CANDLES,1,12-01-2009 14:59,3.45,13442,United Kingdom,3.45,,,
489617,20886,BOX OF 9 PEBBLE CANDLES,1,12-01-2009 14:59,1.95,13442,United Kingdom,1.95,,,
489617,21692,SILVER LATTICE VANILLA CANDLE POT,1,12-01-2009 14:59,3.75,13442,United Kingdom,3.75,,,
489617,21691,SILVER VANILLA FLOWER CANDLE POT,3,12-01-2009 14:59,3.75,13442,United Kingdom,11.25,,,
489617,22114,HOT WATER BOTTLE TEA AND SYMPATHY,4,12-01-2009 14:59,3.95,13442,United Kingdom,15.8,,,
489617,22125,UNION JACK HOT WATER BOTTLE ,2,12-01-2009 14:59,5.95,13442,United Kingdom,11.9,,,
489617,21756,BATH BUILDING BLOCK WORD,1,12-01-2009 14:59,5.95,13442,United Kingdom,5.95,,,
489617,21755,LOVE BUILDING BLOCK WORD,1,12-01-2009 14:59,5.95,13442,United Kingdom,5.95,,,
489617,21754,HOME BUILDING BLOCK WORD,1,12-01-2009 14:59,5.95,13442,United Kingdom,5.95,,,
489617,21326,AGED GLASS SILVER T-LIGHT HOLDER,12,12-01-2009 14:59,0.65,13442,United Kingdom,7.8,,,
489634,21814,HEART T-LIGHT HOLDER ,12,12-01-2009 15:19,1.45,13381,United Kingdom,17.4,,,
489635,47566,PARTY BUNTING,5,12-01-2009 15:26,4.65,16763,United Kingdom,23.25,,,
489635,47570B,TEA TIME TABLE CLOTH,2,12-01-2009 15:26,10.65,16763,United Kingdom,21.3,,,
489635,21826,EIGHT PIECE DINOSAUR SET,12,12-01-2009 15:26,1.25,16763,United Kingdom,15,,,
489635,84032B,CHARLIE + LOLA RED HOT WATER BOTTLE,6,12-01-2009 15:26,2.95,16763,United Kingdom,17.7,,,
489635,21541,DINOSAURS WATER TRANSFER TATTOOS ,12,12-01-2009 15:26,0.85,16763,United Kingdom,10.2,,,
489635,20682,RED SPOTTY CHILDS UMBRELLA,6,12-01-2009 15:26,3.25,16763,United Kingdom,19.5,,,
489635,22273,FELTCRAFT DOLL MOLLY,6,12-01-2009 15:26,2.95,16763,United Kingdom,17.7,,,
489635,51014C,"FEATHER PEN,COAL BLACK",12,12-01-2009 15:26,0.85,16763,United Kingdom,10.2,,,
489635,20659,ECONOMY LUGGAGE TAG,12,12-01-2009 15:26,1.25,16763,United Kingdom,15,,,
489635,20658,RED SPOTTY LUGGAGE TAG,12,12-01-2009 15:26,1.25,16763,United Kingdom,15,,,
489635,21231,SWEETHEART CERAMIC TRINKET BOX,12,12-01-2009 15:26,1.25,16763,United Kingdom,15,,,
489635,21232,STRAWBERRY CERAMIC TRINKET BOX,12,12-01-2009 15:26,1.25,16763,United Kingdom,15,,,
489635,21844,RETRO SPOT MUG,6,12-01-2009 15:26,2.95,16763,United Kingdom,17.7,,,
489635,22072,TEA CUP AND SAUCER RETRO SPOT,4,12-01-2009 15:26,3.75,16763,United Kingdom,15,,,
489635,21527,RETRO SPOT TRADITIONAL TEAPOT ,2,12-01-2009 15:26,7.95,16763,United Kingdom,15.9,,,
489635,21156,RED SPOTTY CHILDS APRON,8,12-01-2009 15:26,1.95,16763,United Kingdom,15.6,,,
489635,20750, RED/WHITE DOT MINI CASES,4,12-01-2009 15:26,7.95,16763,United Kingdom,31.8,,,
489635,21355,TOAST ITS - I LOVE YOU ,12,12-01-2009 15:26,1.25,16763,United Kingdom,15,,,
489635,84378,SET OF 3 HEART COOKIE CUTTERS,12,12-01-2009 15:26,1.25,16763,United Kingdom,15,,,
489635,84380,SET OF 3 BUTTERFLY COOKIE CUTTERS,12,12-01-2009 15:26,1.25,16763,United Kingdom,15,,,
489635,72807B,SET/3 OCEAN SCENT CANDLE JEWEL BOX,4,12-01-2009 15:26,4.25,16763,United Kingdom,17,,,
489637,72815,3 WICK CHRISTMAS BRIAR CANDLE ,12,12-01-2009 15:36,3.75,17243,United Kingdom,45,,,
489637,72800E,4 IVORY DINNER CANDLES SILVER FLOCK,12,12-01-2009 15:36,2.55,17243,United Kingdom,30.6,,,
489637,72814,SET/3 CHRISTMAS BRIAR CANDLES,12,12-01-2009 15:36,3.75,17243,United Kingdom,45,,,
489637,21213,PACK OF 72 SKULL CAKE CASES,12,12-01-2009 15:36,0.55,17243,United Kingdom,6.6,,,
489637,72008,FROSTED BOX 9 WHITE T-LIGHT CANDLES,9,12-01-2009 15:36,0.42,17243,United Kingdom,3.78,,,
489637,85231L,LAVENDER SCENTED SET/9 T-LIGHTS,9,12-01-2009 15:36,0.85,17243,United Kingdom,7.65,,,
489637,85231E,STRAWBERRY SCENTED SET/9 T-LIGHTS,9,12-01-2009 15:36,0.85,17243,United Kingdom,7.65,,,
489637,72801F,S/4 FESTIVE RED DINNER CANDLES,7,12-01-2009 15:36,1.25,17243,United Kingdom,8.75,,,
489637,85125,SMALL ROUND CUT GLASS CANDLESTICK,6,12-01-2009 15:36,4.95,17243,United Kingdom,29.7,,,
489637,85126,LARGE ROUND CUTGLASS CANDLESTICK,6,12-01-2009 15:36,6.75,17243,United Kingdom,40.5,,,
489637,72267,PREMIUM CHURCH CANDLE,6,12-01-2009 15:36,2.1,17243,United Kingdom,12.6,,,
489637,72529W,WHITE ADVENT CANDLE,16,12-01-2009 15:36,2.12,17243,United Kingdom,33.92,,,
489637,21795,SET OF 3 BLUE STRIPE BASKET,3,12-01-2009 15:36,12.75,17243,United Kingdom,38.25,,,
489637,21796,SET OF 3 RED STRIPE BASKETS,3,12-01-2009 15:36,12.75,17243,United Kingdom,38.25,,,
489637,84029G,KNITTED UNION FLAG HOT WATER BOTTLE,9,12-01-2009 15:36,3.75,17243,United Kingdom,33.75,,,
489637,22112,CHOCOLATE HOT WATER BOTTLE,6,12-01-2009 15:36,4.95,17243,United Kingdom,29.7,,,
489637,22111,SCOTTIE DOG HOT WATER BOTTLE,6,12-01-2009 15:36,4.95,17243,United Kingdom,29.7,,,
489637,48116,DOOR MAT MULTICOLOUR STRIPE,6,12-01-2009 15:36,6.75,17243,United Kingdom,40.5,,,
489637,48111,DOOR MAT 3 SMILEY CATS,4,12-01-2009 15:36,6.75,17243,United Kingdom,27,,,
489637,48188,DOOR MAT WELCOME PUPPIES,4,12-01-2009 15:36,6.75,17243,United Kingdom,27,,,
489639,15036,ASSORTED COLOURS SILK FAN,48,12-01-2009 16:05,0.65,14865,United Kingdom,31.2,,,
489640,22172,METAL SHELF WITH RAIL ,1,12-01-2009 16:17,8.5,17345,United Kingdom,8.5,,,
489640,21742,LARGE ROUND WICKER PLATTER ,1,12-01-2009 16:17,5.95,17345,United Kingdom,5.95,,,
489640,21745,GAOLERS KEYS DECORATIVE GARDEN ,1,12-01-2009 16:17,3.75,17345,United Kingdom,3.75,,,
489640,22111,SCOTTIE DOG HOT WATER BOTTLE,3,12-01-2009 16:17,4.95,17345,United Kingdom,14.85,,,
489640,21223,SET/4 BADGES WOODLAND ANIMAL,10,12-01-2009 16:17,1.25,17345,United Kingdom,12.5,,,
489640,21221,SET/4 BADGES CUTE CREATURES,10,12-01-2009 16:17,1.25,17345,United Kingdom,12.5,,,
489640,84559B,3D SHEET OF CAT STICKERS,13,12-01-2009 16:17,0.85,17345,United Kingdom,11.05,,,
489640,84559D,3D SHEET OF SEA WORLD STICKERS,15,12-01-2009 16:17,0.85,17345,United Kingdom,12.75,,,
489640,84559A,3D SHEET OF DOG STICKERS,21,12-01-2009 16:17,0.85,17345,United Kingdom,17.85,,,
489640,15056P,EDWARDIAN PARASOL PINK,1,12-01-2009 16:17,5.95,17345,United Kingdom,5.95,,,
489640,84199,GLOW IN DARK DOLPHINS,30,12-01-2009 16:17,0.21,17345,United Kingdom,6.3,,,
489640,17165B,ASS COL LARGE SAND GECKO P'WEIGHT,4,12-01-2009 16:17,1.05,17345,United Kingdom,4.2,,,
489640,17165D,ASS COL LARGE SAND FROG P'WEIGHT,8,12-01-2009 16:17,1.05,17345,United Kingdom,8.4,,,
489640,21642,ASSORTED TUTTI FRUTTI PEN,24,12-01-2009 16:17,0.85,17345,United Kingdom,20.4,,,
489640,17003,BROCADE RING PURSE ,144,12-01-2009 16:17,0.21,17345,United Kingdom,30.24,,,
489640,15034,PAPER POCKET TRAVELING FAN ,2,12-01-2009 16:17,0.14,17345,United Kingdom,0.28,,,
489640,16238,PARTY TIME PENCIL ERASERS,28,12-01-2009 16:17,0.21,17345,United Kingdom,5.88,,,
489640,16237,SLEEPING CAT ERASERS,30,12-01-2009 16:17,0.21,17345,United Kingdom,6.3,,,
489640,35085E,IVORY ROSE LAMPSHADE ,1,12-01-2009 16:17,1.25,17345,United Kingdom,1.25,,,
489640,21837,CROSS STITCH ALPHABET CUSHION COVER,1,12-01-2009 16:17,5.95,17345,United Kingdom,5.95,,,
489640,85099B,JUMBO BAG RED WHITE SPOTTY ,2,12-01-2009 16:17,1.95,17345,United Kingdom,3.9,,,
489640,10120,DOGGY RUBBER,60,12-01-2009 16:17,0.21,17345,United Kingdom,12.6,,,
489640,20828,GLITTER BUTTERFLY CLIPS,1,12-01-2009 16:17,2.55,17345,United Kingdom,2.55,,,
489640,17165B,ASS COL LARGE SAND GECKO P'WEIGHT,9,12-01-2009 16:17,1.05,17345,United Kingdom,9.45,,,
489640,17164D,ASS COL SMALL SAND FROG P'WEIGHT,36,12-01-2009 16:17,0.42,17345,United Kingdom,15.12,,,
489640,17164B,ASS COL SMALL SAND GECKO P'WEIGHT,72,12-01-2009 16:17,0.42,17345,United Kingdom,30.24,,,
489640,84006,MAGIC TREE -PAPER FLOWERS,72,12-01-2009 16:17,0.85,17345,United Kingdom,61.2,,,
489641,20724,RED SPOTTY CHARLOTTE BAG,30,12-01-2009 16:18,0.85,13819,United Kingdom,25.5,,,
489641,85099B,JUMBO BAG RED WHITE SPOTTY ,20,12-01-2009 16:18,1.95,13819,United Kingdom,39,,,
489641,20725,LUNCH BAG RED SPOTTY,30,12-01-2009 16:18,1.65,13819,United Kingdom,49.5,,,
489641,79323W, WHITE CHERRY LIGHTS,4,12-01-2009 16:18,6.75,13819,United Kingdom,27,,,
489641,37503,TEA TIME CAKE STAND IN GIFT BOX,2,12-01-2009 16:18,10.75,13819,United Kingdom,21.5,,,
489641,21156,RED SPOTTY CHILDS APRON,8,12-01-2009 16:18,1.95,13819,United Kingdom,15.6,,,
489641,20723,STRAWBERRY CHARLOTTE BAG,10,12-01-2009 16:18,0.85,13819,United Kingdom,8.5,,,
489641,20719,WOODLAND CHARLOTTE BAG,10,12-01-2009 16:18,0.85,13819,United Kingdom,8.5,,,
489641,85123A,WHITE HANGING HEART T-LIGHT HOLDER,6,12-01-2009 16:18,2.95,13819,United Kingdom,17.7,,,
489641,20712,JUMBO BAG WOODLAND ANIMALS,10,12-01-2009 16:18,1.95,13819,United Kingdom,19.5,,,
489641,84380,SET OF 3 BUTTERFLY COOKIE CUTTERS,12,12-01-2009 16:18,1.25,13819,United Kingdom,15,,,
489641,71477,COLOUR GLASS. STAR T-LIGHT HOLDER,8,12-01-2009 16:18,3.25,13819,United Kingdom,26,,,
489641,21080,SET/20 RED SPOTTY PAPER NAPKINS ,12,12-01-2009 16:18,0.85,13819,United Kingdom,10.2,,,
489641,21231,SWEETHEART CERAMIC TRINKET BOX,12,12-01-2009 16:18,1.25,13819,United Kingdom,15,,,
489641,21731,RED TOADSTOOL LED NIGHT LIGHT,12,12-01-2009 16:18,1.65,13819,United Kingdom,19.8,,,
489641,21041,RED SPOTTY OVEN GLOVE DOUBLE,6,12-01-2009 16:18,2.95,13819,United Kingdom,17.7,,,
489641,84991,60 TEATIME FAIRY CAKE CASES,24,12-01-2009 16:18,0.55,13819,United Kingdom,13.2,,,
489641,37446,MINI CAKE STAND WITH HANGING CAKES,8,12-01-2009 16:18,1.45,13819,United Kingdom,11.6,,,
489641,22138,BAKING SET 9 PIECE RETROSPOT ,6,12-01-2009 16:18,4.95,13819,United Kingdom,29.7,,,
489641,21232,STRAWBERRY CERAMIC TRINKET BOX,12,12-01-2009 16:18,1.25,13819,United Kingdom,15,,,
489641,20727,LUNCH BAG  BLACK SKULL.,10,12-01-2009 16:18,1.65,13819,United Kingdom,16.5,,,
489641,20726,LUNCH BAG WOODLAND,10,12-01-2009 16:18,1.65,13819,United Kingdom,16.5,,,
489641,84029E,RED WOOLLY HOTTIE WHITE HEART.,8,12-01-2009 16:18,3.75,13819,United Kingdom,30,,,
489641,84029C,BROWN FURRY HOT WATER BOTTLE,4,12-01-2009 16:18,3.75,13819,United Kingdom,15,,,
489641,21479,WHITE SKULL HOT WATER BOTTLE ,8,12-01-2009 16:18,3.75,13819,United Kingdom,30,,,
489641,84596G,SMALL CHOCOLATES PINK BOWL,8,12-01-2009 16:18,1.25,13819,United Kingdom,10,,,
489641,20677,PINK SPOTTY BOWL,8,12-01-2009 16:18,1.25,13819,United Kingdom,10,,,
489641,84992,72 SWEETHEART FAIRY CAKE CASES,24,12-01-2009 16:18,0.55,13819,United Kingdom,13.2,,,
489641,21212,PACK OF 72 RETRO SPOT CAKE CASES,120,12-01-2009 16:18,0.42,13819,United Kingdom,50.4,,,
489641,20718,RED SPOTTY SHOPPER BAG,20,12-01-2009 16:18,1.25,13819,United Kingdom,25,,,
489644,21218,RED SPOTTY BISCUIT TIN,1,12-01-2009 16:30,3.75,15808,United Kingdom,3.75,,,
489644,21080,SET/20 RED SPOTTY PAPER NAPKINS ,1,12-01-2009 16:30,0.85,15808,United Kingdom,0.85,,,
489644,22111,SCOTTIE DOG HOT WATER BOTTLE,12,12-01-2009 16:30,4.95,15808,United Kingdom,59.4,,,
489644,37502,TEA TIME MUG IN GIFT BOX,3,12-01-2009 16:30,2.95,15808,United Kingdom,8.85,,,
489644,21484,CHICK GREY HOT WATER BOTTLE,18,12-01-2009 16:30,3.45,15808,United Kingdom,62.1,,,
489644,22113,GREY HEART HOT WATER BOTTLE,18,12-01-2009 16:30,3.45,15808,United Kingdom,62.1,,,
489644,21479,WHITE SKULL HOT WATER BOTTLE ,8,12-01-2009 16:30,3.75,15808,United Kingdom,30,,,
489644,22114,HOT WATER BOTTLE TEA AND SYMPATHY,6,12-01-2009 16:30,3.95,15808,United Kingdom,23.7,,,
489644,21481,FAWN BLUE HOT WATER BOTTLE,6,12-01-2009 16:30,2.95,15808,United Kingdom,17.7,,,
489644,21080,SET/20 RED SPOTTY PAPER NAPKINS ,9,12-01-2009 16:30,0.85,15808,United Kingdom,7.65,,,
489644,20685,RED SPOTTY COIR DOORMAT,3,12-01-2009 16:30,6.75,15808,United Kingdom,20.25,,,
489644,48185,DOOR MAT FAIRY CAKE,6,12-01-2009 16:30,6.75,15808,United Kingdom,40.5,,,
489644,47556B,TEA TIME TEA TOWELS ,10,12-01-2009 16:30,2.95,15808,United Kingdom,29.5,,,
489644,15056N,EDWARDIAN PARASOL NATURAL,12,12-01-2009 16:30,5.95,15808,United Kingdom,71.4,,,
489644,21621,VINTAGE UNION JACK BUNTING,7,12-01-2009 16:30,8.5,15808,United Kingdom,59.5,,,
489644,21407,BROWN CHECK CAT DOORSTOP ,5,12-01-2009 16:30,4.25,15808,United Kingdom,21.25,,,
489644,22189,CREAM HEART CARD HOLDER,36,12-01-2009 16:30,3.39,15808,United Kingdom,122.04,,,
489644,82494L,WOODEN FRAME ANTIQUE WHITE ,12,12-01-2009 16:30,2.95,15808,United Kingdom,35.4,,,
489644,82482,WOODEN PICTURE FRAME WHITE FINISH,12,12-01-2009 16:30,2.55,15808,United Kingdom,30.6,,,
489644,85099B,JUMBO BAG RED WHITE SPOTTY ,30,12-01-2009 16:30,1.95,15808,United Kingdom,58.5,,,
489644,85099C,JUMBO  BAG BAROQUE BLACK WHITE,20,12-01-2009 16:30,1.95,15808,United Kingdom,39,,,
489644,85099C,JUMBO  BAG BAROQUE BLACK WHITE,20,12-01-2009 16:30,1.95,15808,United Kingdom,39,,,
489644,22356,"CHARLOTTE BAG , PINK/WHITE SPOTS",20,12-01-2009 16:30,0.85,15808,United Kingdom,17,,,
489644,20724,RED SPOTTY CHARLOTTE BAG,20,12-01-2009 16:30,0.85,15808,United Kingdom,17,,,
489644,20723,STRAWBERRY CHARLOTTE BAG,20,12-01-2009 16:30,0.85,15808,United Kingdom,17,,,
489644,21591,COSY HOUR CIGAR BOX MATCHES ,2,12-01-2009 16:30,1.25,15808,United Kingdom,2.5,,,
489645,20685,RED SPOTTY COIR DOORMAT,2,12-01-2009 16:34,6.75,17191,United Kingdom,13.5,,,
489645,21524,SPOTTY  HOME SWEET HOME DOORMAT,2,12-01-2009 16:34,6.75,17191,United Kingdom,13.5,,,
489645,21955,UNION JACK GUNS & ROSES  DOORMAT,2,12-01-2009 16:34,6.75,17191,United Kingdom,13.5,,,
489645,48184,DOOR MAT ENGLISH ROSE ,2,12-01-2009 16:34,6.75,17191,United Kingdom,13.5,,,
489645,48187,DOOR MAT NEW ENGLAND,1,12-01-2009 16:34,6.75,17191,United Kingdom,6.75,,,
489645,48188,DOOR MAT WELCOME PUPPIES,3,12-01-2009 16:34,6.75,17191,United Kingdom,20.25,,,
489645,22207,FRYING PAN UNION FLAG,3,12-01-2009 16:34,4.25,17191,United Kingdom,12.75,,,
489645,84750A,PINK SMALL GLASS CAKE STAND,4,12-01-2009 16:34,1.95,17191,United Kingdom,7.8,,,
489645,84987,SET OF 36 TEATIME PAPER DOILIES,3,12-01-2009 16:34,1.45,17191,United Kingdom,4.35,,,
489645,47556B,TEA TIME TEA TOWELS ,3,12-01-2009 16:34,2.95,17191,United Kingdom,8.85,,,
489645,72756,FAIRY CAKE CANDLES,9,12-01-2009 16:34,1.49,17191,United Kingdom,13.41,,,
489645,21621,VINTAGE UNION JACK BUNTING,1,12-01-2009 16:34,8.5,17191,United Kingdom,8.5,,,
489645,85008,SET OF 3 CONEY ISLAND OVAL BOXES,2,12-01-2009 16:34,4.95,17191,United Kingdom,9.9,,,
489645,85184C,S/4 VALENTINE DECOUPAGE HEART BOX,1,12-01-2009 16:34,2.95,17191,United Kingdom,2.95,,,
489645,84709B,PINK OVAL JEWELLED MIRROR,3,12-01-2009 16:34,5.95,17191,United Kingdom,17.85,,,
489645,35095A,BLUE VICTORIAN FABRIC OVAL BOX,12,12-01-2009 16:34,0.42,17191,United Kingdom,5.04,,,
489645,82583,HOT BATHS METAL SIGN,2,12-01-2009 16:34,2.1,17191,United Kingdom,4.2,,,
489645,82580,BATHROOM METAL SIGN,1,12-01-2009 16:34,0.55,17191,United Kingdom,0.55,,,
489645,82578,KITCHEN METAL SIGN,1,12-01-2009 16:34,0.55,17191,United Kingdom,0.55,,,
489645,82581,TOILET METAL SIGN,1,12-01-2009 16:34,0.55,17191,United Kingdom,0.55,,,
489645,20830,SILVER PHOTO FRAME,3,12-01-2009 16:34,2.1,17191,United Kingdom,6.3,,,
489645,35095B,RED VICTORIAN FABRIC OVAL BOX,12,12-01-2009 16:34,0.42,17191,United Kingdom,5.04,,,
489645,20831,GOLD PHOTO FRAME,3,12-01-2009 16:34,2.1,17191,United Kingdom,6.3,,,
489645,79067,CORONA MEXICAN TRAY,3,12-01-2009 16:34,3.75,17191,United Kingdom,11.25,,,
489645,84533B,FAIRY CAKES ROUND NESTING BOXES,2,12-01-2009 16:34,5.95,17191,United Kingdom,11.9,,,
489645,22173,METAL 4 HOOK HANGER FRENCH CHATEAU,4,12-01-2009 16:34,2.95,17191,United Kingdom,11.8,,,
489645,84792,ENCHANTED BIRD COATHANGER 5 HOOK,1,12-01-2009 16:34,4.65,17191,United Kingdom,4.65,,,
489645,85123A,WHITE HANGING HEART T-LIGHT HOLDER,2,12-01-2009 16:34,2.95,17191,United Kingdom,5.9,,,
489645,21272,SALLE DE BAIN HOOK,2,12-01-2009 16:34,1.25,17191,United Kingdom,2.5,,,
489645,21164,HOME SWEET HOME METAL SIGN ,3,12-01-2009 16:34,2.95,17191,United Kingdom,8.85,,,
489645,82551,LAUNDRY 15C METAL SIGN,2,12-01-2009 16:34,1.25,17191,United Kingdom,2.5,,,
489645,84406B,CREAM CUPID HEARTS COAT HANGER,2,12-01-2009 16:34,3.25,17191,United Kingdom,6.5,,,
489650,21490,SET OF THREE 50'S GIFT WRAPS ,20,12-01-2009 16:44,1.95,13748,United Kingdom,39,,,
489650,22086,PAPER CHAIN KIT 50'S CHRISTMAS ,12,12-01-2009 16:44,2.95,13748,United Kingdom,35.4,,,
489650,22294,HEART FILIGREE DOVE  SMALL,24,12-01-2009 16:44,1.25,13748,United Kingdom,30,,,
489650,22212,FOUR HOOK  WHITE LOVEBIRDS,6,12-01-2009 16:44,2.1,13748,United Kingdom,12.6,,,
489650,22295,HEART FILIGREE DOVE LARGE,12,12-01-2009 16:44,1.65,13748,United Kingdom,19.8,,,
489650,22214,CANDLE PLATE LACE WHITE,6,12-01-2009 16:44,2.55,13748,United Kingdom,15.3,,,
489650,85152,HAND OVER THE CHOCOLATE   SIGN ,10,12-01-2009 16:44,2.1,13748,United Kingdom,21,,,
489652,22186,RED STAR CARD HOLDER,6,12-01-2009 17:08,2.95,15265,United Kingdom,17.7,,,
489652,21349,IVY HEART WREATH,2,12-01-2009 17:08,6.75,15265,United Kingdom,13.5,,,
489652,85184C,S/4 VALENTINE DECOUPAGE HEART BOX,6,12-01-2009 17:08,2.95,15265,United Kingdom,17.7,,,
489652,21108,FAIRY CAKE FLANNEL ASSORTED COLOUR,9,12-01-2009 17:08,2.55,15265,United Kingdom,22.95,,,
489652,21556,CERAMIC STRAWBERRY MONEY BOX,6,12-01-2009 17:08,2.55,15265,United Kingdom,15.3,,,
489652,22065,CHRISTMAS PUDDING TRINKET POT ,12,12-01-2009 17:08,1.45,15265,United Kingdom,17.4,,,
489652,22139,RETRO SPOT TEA SET CERAMIC 11 PC ,3,12-01-2009 17:08,4.95,15265,United Kingdom,14.85,,,
489652,21112,"SWISS ROLL TOWEL, PINK  SPOTS",6,12-01-2009 17:08,2.95,15265,United Kingdom,17.7,,,
489652,21111,"SWISS ROLL TOWEL, CHOCOLATE  SPOTS",6,12-01-2009 17:08,2.95,15265,United Kingdom,17.7,,,
489652,37502,TEA TIME MUG IN GIFT BOX,6,12-01-2009 17:08,2.95,15265,United Kingdom,17.7,,,
489652,85041,SET/4 PINK ORCHID CANDLES IN BOWL,12,12-01-2009 17:08,1.65,15265,United Kingdom,19.8,,,
489652,85034A,3 GARDENIA MORRIS BOXED CANDLES,4,12-01-2009 17:08,4.25,15265,United Kingdom,17,,,
489652,72807A,SET/3 ROSE CANDLE IN JEWELLED BOX,4,12-01-2009 17:08,4.25,15265,United Kingdom,17,,,
489652,21640,ASSORTED TUTTI FRUTTI  FOB NOTEBOOK,24,12-01-2009 17:08,0.85,15265,United Kingdom,20.4,,,
489652,21642,ASSORTED TUTTI FRUTTI PEN,24,12-01-2009 17:08,0.85,15265,United Kingdom,20.4,,,
489652,21136,PAINTED METAL PEARS ASSORTED,8,12-01-2009 17:08,1.69,15265,United Kingdom,13.52,,,
489652,84879,ASSORTED COLOUR BIRD ORNAMENT,8,12-01-2009 17:08,1.69,15265,United Kingdom,13.52,,,
489654,20713,JUMBO BAG OWLS,3,12-01-2009 17:19,1.95,15750,United Kingdom,5.85,,,
489654,21931,JUMBO STORAGE BAG SUKI,3,12-01-2009 17:19,1.95,15750,United Kingdom,5.85,,,
489654,85099F,JUMBO BAG STRAWBERRY,3,12-01-2009 17:19,1.95,15750,United Kingdom,5.85,,,
489654,20716,PARTY FOOD SHOPPER BAG,3,12-01-2009 17:19,1.25,15750,United Kingdom,3.75,,,
489654,20730,STRAWBERRY CANDY BAG,3,12-01-2009 17:19,1.25,15750,United Kingdom,3.75,,,
489654,20729,RED SPOTTY CANDY BAG,3,12-01-2009 17:19,1.25,15750,United Kingdom,3.75,,,
489654,21181,PLEASE ONE PERSON  METAL SIGN,7,12-01-2009 17:19,2.1,15750,United Kingdom,14.7,,,
489654,22165,"DIAMANTE HEART SHAPED WALL MIRROR, ",1,12-01-2009 17:19,12.75,15750,United Kingdom,12.75,,,
489654,22167,"WALL MIRROR , DIAMANTE OVAL SHAPE",1,12-01-2009 17:19,9.95,15750,United Kingdom,9.95,,,
489654,37343,SPOTS DESIGN MUG W PINK INSIDE,12,12-01-2009 17:19,1.65,15750,United Kingdom,19.8,,,
489654,21535,RETRO SPOT SMALL MILK JUG,2,12-01-2009 17:19,2.55,15750,United Kingdom,5.1,,,
489654,21527,RETRO SPOT TRADITIONAL TEAPOT ,2,12-01-2009 17:19,7.95,15750,United Kingdom,15.9,,,
489654,21986,PACK OF 12 PINK SPOT TISSUES ,6,12-01-2009 17:19,0.29,15750,United Kingdom,1.74,,,
489654,21980,PACK OF 12 RED SPOTTY TISSUES ,6,12-01-2009 17:19,0.29,15750,United Kingdom,1.74,,,
489654,22109,FULL ENGLISH BREAKFAST PLATE,2,12-01-2009 17:19,3.75,15750,United Kingdom,7.5,,,
489654,82494L,WOODEN FRAME ANTIQUE WHITE ,6,12-01-2009 17:19,2.95,15750,United Kingdom,17.7,,,
489654,84839,SWEETHEART KEY CABINET,1,12-01-2009 17:19,6.75,15750,United Kingdom,6.75,,,
489654,84508A,CAMOFLAGE DESIGN TEDDY,2,12-01-2009 17:19,2.55,15750,United Kingdom,5.1,,,
489654,84670,JAPANESE CROCHETED ANIMAL,12,12-01-2009 17:19,0.42,15750,United Kingdom,5.04,,,
489654,22139,RETRO SPOT TEA SET CERAMIC 11 PC ,2,12-01-2009 17:19,4.95,15750,United Kingdom,9.9,,,
489654,21212,PACK OF 72 RETRO SPOT CAKE CASES,6,12-01-2009 17:19,0.55,15750,United Kingdom,3.3,,,
489654,22231,JIGSAW TREE WITH BIRDHOUSE,4,12-01-2009 17:19,1.45,15750,United Kingdom,5.8,,,
489654,10125,MINI FUNKY DESIGN TAPES,4,12-01-2009 17:19,0.85,15750,United Kingdom,3.4,,,
489654,21025,SPACE FROG,2,12-01-2009 17:19,1.25,15750,United Kingdom,2.5,,,
489654,21031,SPACE CADET BLACK,4,12-01-2009 17:19,1.25,15750,United Kingdom,5,,,
489654,70007,HI TEC ALPINE HAND WARMER,4,12-01-2009 17:19,1.65,15750,United Kingdom,6.6,,,
489654,22125,UNION JACK HOT WATER BOTTLE ,2,12-01-2009 17:19,5.95,15750,United Kingdom,11.9,,,
489654,20886,BOX OF 9 PEBBLE CANDLES,3,12-01-2009 17:19,1.95,15750,United Kingdom,5.85,,,
489654,21586,KINGS CHOICE GIANT TUBE MATCHES,3,12-01-2009 17:19,2.55,15750,United Kingdom,7.65,,,
489654,21589,SWALLOW GIANT TUBE MATCHES,3,12-01-2009 17:19,2.55,15750,United Kingdom,7.65,,,
489656,20770,ABSTRACT CIRCLE JOURNAL ,18,12-01-2009 17:28,2.55,17428,United Kingdom,45.9,,,
489656,22199,FRYING PAN RED POLKADOT ,8,12-01-2009 17:28,4.25,17428,United Kingdom,34,,,
489656,22023,EMPIRE BIRTHDAY CARD,12,12-01-2009 17:28,0.42,17428,United Kingdom,5.04,,,
489656,71477,COLOUR GLASS. STAR T-LIGHT HOLDER,24,12-01-2009 17:28,2.75,17428,United Kingdom,66,,,
489657,22349,"DOG BOWL , CHASING BALL DESIGN",4,12-01-2009 17:28,3.75,17428,United Kingdom,15,,,
489657,22350,CAT BOWL ,4,12-01-2009 17:28,2.55,17428,United Kingdom,10.2,,,
489657,22294,HEART FILIGREE DOVE  SMALL,24,12-01-2009 17:28,1.25,17428,United Kingdom,30,,,
489656,16169D,WRAP WINTER FOREST,25,12-01-2009 17:28,0.42,17428,United Kingdom,10.5,,,
489656,85048,15CM CHRISTMAS GLASS BALL 20 LIGHTS,12,12-01-2009 17:28,6.95,17428,United Kingdom,83.4,,,
489656,21732,RED HANGING METAL STAR TLIGHT HLDR,16,12-01-2009 17:28,3.39,17428,United Kingdom,54.24,,,
489656,85123A,WHITE HANGING HEART T-LIGHT HOLDER,32,12-01-2009 17:28,2.55,17428,United Kingdom,81.6,,,
489656,21136,PAINTED METAL PEARS ASSORTED,24,12-01-2009 17:28,1.69,17428,United Kingdom,40.56,,,
489656,84879,ASSORTED COLOUR BIRD ORNAMENT,24,12-01-2009 17:28,1.69,17428,United Kingdom,40.56,,,
489656,79323P,PINK CHERRY LIGHTS,48,12-01-2009 17:28,5.45,17428,United Kingdom,261.6,,,
489656,79323W, WHITE CHERRY LIGHTS,48,12-01-2009 17:28,5.45,17428,United Kingdom,261.6,,,
489656,21100,CHARLIE AND LOLA CHARLOTTE BAG,20,12-01-2009 17:28,1.65,17428,United Kingdom,33,,,
489656,21839,MUMMY MOUSE RED GINGHAM RIBBON,6,12-01-2009 17:28,5.45,17428,United Kingdom,32.7,,,
489656,21841,BABY MOUSE RED GINGHAM DRESS,6,12-01-2009 17:28,4.25,17428,United Kingdom,25.5,,,
489656,20777,CHRYSANTHEMUM NOTEBOOK,12,12-01-2009 17:28,1.65,17428,United Kingdom,19.8,,,
489656,20771,CHRYSANTHEMUM  JOURNAL,12,12-01-2009 17:28,2.55,17428,United Kingdom,30.6,,,
489656,20767,BLUE PAISLEY JOURNAL ,6,12-01-2009 17:28,2.55,17428,United Kingdom,15.3,,,
489656,20773,BLUE PAISLEY NOTEBOOK,6,12-01-2009 17:28,1.65,17428,United Kingdom,9.9,,,
489656,20774,GREEN FERN NOTEBOOK,12,12-01-2009 17:28,1.65,17428,United Kingdom,19.8,,,
489656,20776,ABSTRACT CIRCLES NOTEBOOK,12,12-01-2009 17:28,1.65,17428,United Kingdom,19.8,,,
489656,20768,GREEN FERN JOURNAL ,18,12-01-2009 17:28,2.55,17428,United Kingdom,45.9,,,
489658,21499,BLUE SPOTS  WRAP,25,12-01-2009 17:31,0.42,15485,United Kingdom,10.5,,,
489658,21498,RED SPOTS  WRAP ,50,12-01-2009 17:31,0.42,15485,United Kingdom,21,,,
489658,15056BL,EDWARDIAN PARASOL BLACK,12,12-01-2009 17:31,5.95,15485,United Kingdom,71.4,,,
489658,20679,EDWARDIAN PARASOL RED,12,12-01-2009 17:31,5.95,15485,United Kingdom,71.4,,,
489658,15056N,EDWARDIAN PARASOL NATURAL,12,12-01-2009 17:31,5.95,15485,United Kingdom,71.4,,,
489658,72008,FROSTED BOX 9 WHITE T-LIGHT CANDLES,12,12-01-2009 17:31,0.42,15485,United Kingdom,5.04,,,
489658,20886,BOX OF 9 PEBBLE CANDLES,24,12-01-2009 17:31,1.95,15485,United Kingdom,46.8,,,
489658,22193,RED DINER WALL CLOCK,4,12-01-2009 17:31,8.5,15485,United Kingdom,34,,,
489658,22191,EAU DE NIL DINER WALL CLOCK,3,12-01-2009 17:31,8.5,15485,United Kingdom,25.5,,,
489658,82494L,WOODEN FRAME ANTIQUE WHITE ,6,12-01-2009 17:31,2.95,15485,United Kingdom,17.7,,,
489658,22192,BLUE DINER WALL CLOCK,2,12-01-2009 17:31,8.5,15485,United Kingdom,17,,,
489658,22115,METAL SIGN EMPIRE TEA,12,12-01-2009 17:31,2.95,15485,United Kingdom,35.4,,,
489658,82597,BOMBS AWAY METAL SIGN,12,12-01-2009 17:31,2.1,15485,United Kingdom,25.2,,,
489658,21912,VINTAGE SNAKES & LADDERS,9,12-01-2009 17:31,3.75,15485,United Kingdom,33.75,,,
489658,21888,BINGO SET,9,12-01-2009 17:31,3.75,15485,United Kingdom,33.75,,,
489658,79323P,PINK CHERRY LIGHTS,6,12-01-2009 17:31,6.75,15485,United Kingdom,40.5,,,
489658,79323W, WHITE CHERRY LIGHTS,6,12-01-2009 17:31,6.75,15485,United Kingdom,40.5,,,
489658,79323S, SILVER CHERRY LIGHTS,6,12-01-2009 17:31,6.75,15485,United Kingdom,40.5,,,
489658,79323LP,LIGHT PINK CHERRY LIGHTS,6,12-01-2009 17:31,6.75,15485,United Kingdom,40.5,,,
489658,85047,WHITE BEADED GARLAND STRING 20LIGHT,15,12-01-2009 17:31,6.35,15485,United Kingdom,95.25,,,
489658,22194,BLACK DINER WALL CLOCK,6,12-01-2009 17:31,8.5,15485,United Kingdom,51,,,
489661,40016,CHINESE DRAGON PAPER LANTERNS,24,12-01-2009 17:45,0.42,17246,United Kingdom,10.08,,,
489661,15044B,BLUE PAPER PARASOL ,1,12-01-2009 17:45,2.95,17246,United Kingdom,2.95,,,
489661,15044D,RED PAPER PARASOL,2,12-01-2009 17:45,2.95,17246,United Kingdom,5.9,,,
489661,15036,ASSORTED COLOURS SILK FAN,7,12-01-2009 17:45,0.65,17246,United Kingdom,4.55,,,
489662,22086,PAPER CHAIN KIT 50'S CHRISTMAS ,25,12-01-2009 17:50,2.95,15485,United Kingdom,73.75,,,
489664,21737,SET 3 WICKER LOG BASKETS,1,12-01-2009 18:03,19.95,14061,United Kingdom,19.95,,,
489664,84814B,RHOMBUS CRYSTAL PERFUME BOTTLE,4,12-01-2009 18:03,1.95,14061,United Kingdom,7.8,,,
489664,79323P,PINK CHERRY LIGHTS,5,12-01-2009 18:03,6.75,14061,United Kingdom,33.75,,,
489664,79341,WILLOW BRANCH LIGHTS.,5,12-01-2009 18:03,6.75,14061,United Kingdom,33.75,,,
489664,79323GR,GREEN CHERRY LIGHTS,2,12-01-2009 18:03,6.75,14061,United Kingdom,13.5,,,
489664,79323W, WHITE CHERRY LIGHTS,2,12-01-2009 18:03,6.75,14061,United Kingdom,13.5,,,
489664,79323B,BLACK CHERRY LIGHTS,4,12-01-2009 18:03,6.75,14061,United Kingdom,27,,,
489664,79323G,GOLD  CHERRY LIGHTS,5,12-01-2009 18:03,6.75,14061,United Kingdom,33.75,,,
489664,79323S, SILVER CHERRY LIGHTS,5,12-01-2009 18:03,6.75,14061,United Kingdom,33.75,,,
489664,84360,TABLE LAMP WHITE SHADE WOOD BASE,12,12-01-2009 18:03,4.65,14061,United Kingdom,55.8,,,
489664,84358,FLOOR LAMP SHADE WOOD BASE,12,12-01-2009 18:03,8.49,14061,United Kingdom,101.88,,,
489665,22101,MIRROR MOSAIC VOTIVE HOLDER,36,12-01-2009 18:07,1.85,14108,United Kingdom,66.6,,,
489665,22065,CHRISTMAS PUDDING TRINKET POT ,12,12-01-2009 18:07,1.45,14108,United Kingdom,17.4,,,
489665,22349,"DOG BOWL , CHASING BALL DESIGN",6,12-01-2009 18:07,3.75,14108,United Kingdom,22.5,,,
489665,22350,CAT BOWL ,6,12-01-2009 18:07,2.55,14108,United Kingdom,15.3,,,
489665,20870,OPULENT VELVET CANDLE IN BOX,18,12-01-2009 18:07,1.25,14108,United Kingdom,22.5,,,
489665,85071B,RED CHARLIE+LOLA PERSONAL DOORSIGN,6,12-01-2009 18:07,2.95,14108,United Kingdom,17.7,,,
489665,85071A,BLUE CHARLIE+LOLA PERSONAL DOORSIGN,6,12-01-2009 18:07,2.95,14108,United Kingdom,17.7,,,
489665,22142,CHRISTMAS CRAFT WHITE FAIRY ,12,12-01-2009 18:07,1.45,14108,United Kingdom,17.4,,,
489665,85123A,WHITE HANGING HEART T-LIGHT HOLDER,12,12-01-2009 18:07,2.95,14108,United Kingdom,35.4,,,
489665,85174,S/4 CACTI CANDLES,4,12-01-2009 18:07,4.95,14108,United Kingdom,19.8,,,
489666,22337,ANGEL DECORATION PAINTED ZINC ,24,12-01-2009 18:13,0.65,13648,United Kingdom,15.6,,,
489666,84920,PINK FLOWER FABRIC PONY,4,12-01-2009 18:13,3.75,13648,United Kingdom,15,,,
489666,20665,RED SPOTTY PURSE ,6,12-01-2009 18:13,2.95,13648,United Kingdom,17.7,,,
489666,21826,EIGHT PIECE DINOSAUR SET,12,12-01-2009 18:13,1.25,13648,United Kingdom,15,,,
489666,21811,CHRISTMAS HANGING HEART WITH BELL,12,12-01-2009 18:13,1.25,13648,United Kingdom,15,,,
489666,21805,WHITE CHRISTMAS TREE DECORATION ,36,12-01-2009 18:13,0.42,13648,United Kingdom,15.12,,,
489666,21806,WHITE CHRISTMAS HEART DECORATION,36,12-01-2009 18:13,0.42,13648,United Kingdom,15.12,,,
489666,21411,GINGHAM HEART  DOORSTOP RED,3,12-01-2009 18:13,4.25,13648,United Kingdom,12.75,,,
489666,84832,ZINC WILLIE WINKIE  CANDLE STICK,12,12-01-2009 18:13,0.85,13648,United Kingdom,10.2,,,
489666,22114,HOT WATER BOTTLE TEA AND SYMPATHY,4,12-01-2009 18:13,3.95,13648,United Kingdom,15.8,,,
489666,22071,SMALL RETRO SPOT MUG IN BOX  WHITE,6,12-01-2009 18:13,3.75,13648,United Kingdom,22.5,,,
489666,21039,RED SPOTTY SHOPPING BAG,6,12-01-2009 18:13,2.55,13648,United Kingdom,15.3,,,
489666,20754,RETRO RED SPOTTY WASHING UP GLOVES,6,12-01-2009 18:13,2.1,13648,United Kingdom,12.6,,,
489666,22297,HEART IVORY TRELLIS SMALL,24,12-01-2009 18:13,1.25,13648,United Kingdom,30,,,
489666,85123A,WHITE HANGING HEART T-LIGHT HOLDER,12,12-01-2009 18:13,2.95,13648,United Kingdom,35.4,,,
489667,21133,PAINTED BIRD ASSORTED CHRISTMAS,12,12-01-2009 18:35,1.69,16563,United Kingdom,20.28,,,
489667,84879,ASSORTED COLOUR BIRD ORNAMENT,24,12-01-2009 18:35,1.69,16563,United Kingdom,40.56,,,
489667,16156S,WRAP PINK FAIRY CAKES ,25,12-01-2009 18:35,0.42,16563,United Kingdom,10.5,,,
489667,20765,CHRYSANTHEMUM SKETCHBOOK ,32,12-01-2009 18:35,2.95,16563,United Kingdom,94.4,,,
489667,82001S,VINYL RECORD FRAME SILVER,24,12-01-2009 18:35,3.39,16563,United Kingdom,81.36,,,
489667,21137,BLACK RECORD COVER FRAME,24,12-01-2009 18:35,3.39,16563,United Kingdom,81.36,,,
489667,22246,"GARLAND, MAGIC GARDEN 1.8M",12,12-01-2009 18:35,1.95,16563,United Kingdom,23.4,,,
489667,22187,GREEN CHRISTMAS TREE CARD HOLDER,24,12-01-2009 18:35,3.75,16563,United Kingdom,90,,,
489667,85123A,WHITE HANGING HEART T-LIGHT HOLDER,32,12-01-2009 18:35,2.55,16563,United Kingdom,81.6,,,
489667,84946,ANTIQUE SILVER TEA GLASS ETCHED,12,12-01-2009 18:35,1.25,16563,United Kingdom,15,,,
489668,21493, VINTAGE DESIGN GIFT TAGS,24,12-01-2009 19:19,0.85,16701,United Kingdom,20.4,,,
489668,20750, RED/WHITE DOT MINI CASES,12,12-01-2009 19:19,6.35,16701,United Kingdom,76.2,,,
489668,21868,POTTING SHED TEA MUG,24,12-01-2009 19:19,1.25,16701,United Kingdom,30,,,
489668,22192,BLUE DINER WALL CLOCK,2,12-01-2009 19:19,8.5,16701,United Kingdom,17,,,
489668,22193,RED DINER WALL CLOCK,4,12-01-2009 19:19,8.5,16701,United Kingdom,34,,,
489668,21479,WHITE SKULL HOT WATER BOTTLE ,12,12-01-2009 19:19,3.75,16701,United Kingdom,45,,,
489668,21490,SET OF THREE 50'S GIFT WRAPS ,48,12-01-2009 19:19,1.65,16701,United Kingdom,79.2,,,
489668,21877,HOME SWEET HOME MUG,72,12-01-2009 19:19,1.06,16701,United Kingdom,76.32,,,
489669,21733,RED HANGING HEART T-LIGHT HOLDER,24,12-02-2009 08:15,2.95,12842,United Kingdom,70.8,,,
489669,84970S,HANGING HEART ZINC T-LIGHT HOLDER,24,12-02-2009 08:15,0.85,12842,United Kingdom,20.4,,,
489669,22086,PAPER CHAIN KIT 50'S CHRISTMAS ,120,12-02-2009 08:15,2.55,12842,United Kingdom,306,,,
489670,21527,RETRO SPOT TRADITIONAL TEAPOT ,4,12-02-2009 08:16,7.95,14302,United Kingdom,31.8,,,
489670,22114,HOT WATER BOTTLE TEA AND SYMPATHY,24,12-02-2009 08:16,3.45,14302,United Kingdom,82.8,,,
489671,51008,AFGHAN SLIPPER SOCK PAIR,50,12-02-2009 08:58,3.45,14135,United Kingdom,172.5,,,
489671,21484,CHICK GREY HOT WATER BOTTLE,36,12-02-2009 08:58,2.95,14135,United Kingdom,106.2,,,
489671,21212,PACK OF 72 RETRO SPOT CAKE CASES,120,12-02-2009 08:58,0.42,14135,United Kingdom,50.4,,,
489671,21975,PACK OF 60 DINOSAUR CAKE CASES,120,12-02-2009 08:58,0.42,14135,United Kingdom,50.4,,,
489671,21977,PACK OF 60 PINK PAISLEY CAKE CASES,120,12-02-2009 08:58,0.42,14135,United Kingdom,50.4,,,
489671,84992,72 SWEETHEART FAIRY CAKE CASES,120,12-02-2009 08:58,0.42,14135,United Kingdom,50.4,,,
489671,21543,BUTTERFLY WATER TRANSFER TATTOOS ,200,12-02-2009 08:58,0.65,14135,United Kingdom,130,,,
489671,21541,DINOSAURS WATER TRANSFER TATTOOS ,200,12-02-2009 08:58,0.65,14135,United Kingdom,130,,,
489672,20676,RED SPOTTY BOWL,16,12-02-2009 09:21,1.25,14831,United Kingdom,20,,,
489672,21241,GREEN SPOTTY CUP,16,12-02-2009 09:21,0.85,14831,United Kingdom,13.6,,,
489672,21238,RED SPOTTY CUP,16,12-02-2009 09:21,0.85,14831,United Kingdom,13.6,,,
489672,21485,RED SPOT HEART HOT WATER BOTTLE,6,12-02-2009 09:21,4.95,14831,United Kingdom,29.7,,,
489672,84997B,RED 3 PIECE MINI DOTS CUTLERY SET,6,12-02-2009 09:21,3.75,14831,United Kingdom,22.5,,,
489672,84997A,GREEN 3 PIECE MINI DOTS CUTLERY SET,6,12-02-2009 09:21,3.75,14831,United Kingdom,22.5,,,
489672,21975,PACK OF 60 DINOSAUR CAKE CASES,24,12-02-2009 09:21,0.55,14831,United Kingdom,13.2,,,
489672,22138,BAKING SET 9 PIECE RETROSPOT ,3,12-02-2009 09:21,4.95,14831,United Kingdom,14.85,,,
489672,21396,RED SPOTTY EGG CUP ,12,12-02-2009 09:21,1.25,14831,United Kingdom,15,,,
489672,21086,SET/6 RED SPOTTY PAPER CUPS,12,12-02-2009 09:21,0.65,14831,United Kingdom,7.8,,,
489672,21094,SET/6 RED SPOTTY PAPER PLATES,12,12-02-2009 09:21,0.85,14831,United Kingdom,10.2,,,
489672,21843,RETRO SPOT CAKE STAND,6,12-02-2009 09:21,10.95,14831,United Kingdom,65.7,,,
489672,21539,RETRO SPOTS BUTTER DISH,3,12-02-2009 09:21,4.95,14831,United Kingdom,14.85,,,
489672,21535,RETRO SPOT SMALL MILK JUG,6,12-02-2009 09:21,2.55,14831,United Kingdom,15.3,,,
489672,21527,RETRO SPOT TRADITIONAL TEAPOT ,4,12-02-2009 09:21,7.95,14831,United Kingdom,31.8,,,
489672,21218,RED SPOTTY BISCUIT TIN,6,12-02-2009 09:21,3.75,14831,United Kingdom,22.5,,,
489672,21217,RED SPOTTY ROUND CAKE TINS,4,12-02-2009 09:21,9.95,14831,United Kingdom,39.8,,,
489672,21216,"SET 3 RED SPOT TIN TEA,COFFEE,SUGAR",4,12-02-2009 09:21,4.95,14831,United Kingdom,19.8,,,
489672,21212,PACK OF 72 RETRO SPOT CAKE CASES,48,12-02-2009 09:21,0.55,14831,United Kingdom,26.4,,,
489672,20913,SET/5 BLUE SPOTTY LID GLASS BOWLS,6,12-02-2009 09:21,2.95,14831,United Kingdom,17.7,,,
489672,20914,SET/5 RED SPOTTY LID GLASS BOWLS,6,12-02-2009 09:21,2.95,14831,United Kingdom,17.7,,,
489672,47591D,PINK FAIRY CAKE CHILD'S APRON,8,12-02-2009 09:21,1.95,14831,United Kingdom,15.6,,,
489672,84992,72 SWEETHEART FAIRY CAKE CASES,24,12-02-2009 09:21,0.55,14831,United Kingdom,13.2,,,
489672,21977,PACK OF 60 PINK PAISLEY CAKE CASES,24,12-02-2009 09:21,0.55,14831,United Kingdom,13.2,,,
489672,21107,CREAM SLICE FLANNEL PINK SPOT ,12,12-02-2009 09:21,2.95,14831,United Kingdom,35.4,,,
489672,79072,TEATIME CAKE TIN WITH HANDLE,4,12-02-2009 09:21,9.95,14831,United Kingdom,39.8,,,
489672,84510B,SET OF 4 FAIRY CAKES COASTERS ,10,12-02-2009 09:21,1.25,14831,United Kingdom,12.5,,,
489672,84509B,FAIRY CAKE PLACEMATS,4,12-02-2009 09:21,3.75,14831,United Kingdom,15,,,
489672,84991,60 TEATIME FAIRY CAKE CASES,72,12-02-2009 09:21,0.55,14831,United Kingdom,39.6,,,
489672,84987,SET OF 36 TEATIME PAPER DOILIES,24,12-02-2009 09:21,1.45,14831,United Kingdom,34.8,,,
489672,37503,TEA TIME CAKE STAND IN GIFT BOX,8,12-02-2009 09:21,10.75,14831,United Kingdom,86,,,
489672,72741,GRAND CHOCOLATECANDLE,9,12-02-2009 09:21,1.45,14831,United Kingdom,13.05,,,
489673,22195,HEART MEASURING SPOONS LARGE,12,12-02-2009 09:23,1.65,14831,United Kingdom,19.8,,,
489673,21658,GLASS  BEURRE DISH,4,12-02-2009 09:23,3.95,14831,United Kingdom,15.8,,,
489673,22197,"POPCORN HOLDER , SMALL ",12,12-02-2009 09:23,0.85,14831,United Kingdom,10.2,,,
489673,21531,RETRO SPOT SUGAR JAM BOWL,6,12-02-2009 09:23,2.55,14831,United Kingdom,15.3,,,
489674,22336,DOVE DECORATION PAINTED ZINC ,24,12-02-2009 09:35,0.65,15602,United Kingdom,15.6,,,
489674,22339,CHRISTMAS TREE PAINTED ZINC ,24,12-02-2009 09:35,0.65,15602,United Kingdom,15.6,,,
489674,22338,STAR DECORATION PAINTED ZINC ,24,12-02-2009 09:35,0.65,15602,United Kingdom,15.6,,,
489674,22335,HEART DECORATION PAINTED ZINC ,24,12-02-2009 09:35,0.65,15602,United Kingdom,15.6,,,
489674,21811,CHRISTMAS HANGING HEART WITH BELL,12,12-02-2009 09:35,1.25,15602,United Kingdom,15,,,
489674,21809,CHRISTMAS HANGING TREE WITH BELL,12,12-02-2009 09:35,1.25,15602,United Kingdom,15,,,
489674,21810,CHRISTMAS HANGING STAR WITH BELL,12,12-02-2009 09:35,1.25,15602,United Kingdom,15,,,
489674,21351,CINAMMON & ORANGE WREATH,6,12-02-2009 09:35,6.75,15602,United Kingdom,40.5,,,
489674,21349,IVY HEART WREATH,2,12-02-2009 09:35,6.75,15602,United Kingdom,13.5,,,
489674,22153,ANGEL DECORATION STARS ON DRESS,48,12-02-2009 09:35,0.42,15602,United Kingdom,20.16,,,
489674,85112,S/3 TEAR DROP CUT GLASS DECORATION,12,12-02-2009 09:35,1.25,15602,United Kingdom,15,,,
489674,84832,ZINC WILLIE WINKIE  CANDLE STICK,12,12-02-2009 09:35,0.85,15602,United Kingdom,10.2,,,
489674,84970S,HANGING HEART ZINC T-LIGHT HOLDER,12,12-02-2009 09:35,0.85,15602,United Kingdom,10.2,,,
489674,85123A,WHITE HANGING HEART T-LIGHT HOLDER,6,12-02-2009 09:35,2.95,15602,United Kingdom,17.7,,,
489674,22178,VICTORIAN GLASS HANGING T-LIGHT,12,12-02-2009 09:35,1.25,15602,United Kingdom,15,,,
489674,79534,MULTICOLOUR GLASS PLATE,12,12-02-2009 09:35,0.55,15602,United Kingdom,6.6,,,
489674,35594,WOODEN CHRISTMAS TREE 3 HANGING,12,12-02-2009 09:35,0.42,15602,United Kingdom,5.04,,,
489675,21842,PINK HEART CANDY BUTTON CALCULATOR,48,12-02-2009 09:47,2.1,13777,United Kingdom,100.8,,,
489675,15056BL,EDWARDIAN PARASOL BLACK,240,12-02-2009 09:47,4.6,13777,United Kingdom,1104,,,
489675,21864,UNION JACK FLAG PASSPORT COVER ,48,12-02-2009 09:47,1.69,13777,United Kingdom,81.12,,,
489675,84050,PINK HEART SHAPE EGG FRYING PAN,120,12-02-2009 09:47,1.25,13777,United Kingdom,150,,,
489675,84029E,RED WOOLLY HOTTIE WHITE HEART.,168,12-02-2009 09:47,2.95,13777,United Kingdom,495.6,,,
489675,20971,PINK BLUE FELT CRAFT TRINKET BOX,240,12-02-2009 09:47,1.06,13777,United Kingdom,254.4,,,
489675,82615,PINK MARSHMALLOW SCARF KNITTING KIT,48,12-02-2009 09:47,2.55,13777,United Kingdom,122.4,,,
489675,20679,EDWARDIAN PARASOL RED,120,12-02-2009 09:47,4.6,13777,United Kingdom,552,,,
489675,21354,TOAST ITS - BEST MUM,12,12-02-2009 09:47,1.05,13777,United Kingdom,12.6,,,
489675,22095,LADS ONLY TISSUE BOX,60,12-02-2009 09:47,1.25,13777,United Kingdom,75,,,
489675,72023F,RED ORGANIC CANDLE IN GLASS,96,12-02-2009 09:47,0.85,13777,United Kingdom,81.6,,,
489675,85038,6 CHOCOLATE LOVE HEART T-LIGHTS,48,12-02-2009 09:47,1.69,13777,United Kingdom,81.12,,,
489675,20934,SET/3 POT PLANT CANDLES,16,12-02-2009 09:47,4.95,13777,United Kingdom,79.2,,,
489675,21107,CREAM SLICE FLANNEL PINK SPOT ,48,12-02-2009 09:47,2.55,13777,United Kingdom,122.4,,,
489675,85099B,JUMBO BAG RED WHITE SPOTTY ,60,12-02-2009 09:47,1.65,13777,United Kingdom,99,,,
489675,85123A,WHITE HANGING HEART T-LIGHT HOLDER,64,12-02-2009 09:47,2.55,13777,United Kingdom,163.2,,,
489675,20727,LUNCH BAG  BLACK SKULL.,50,12-02-2009 09:47,1.45,13777,United Kingdom,72.5,,,
489675,22041,"RECORD FRAME 7"" SINGLE SIZE ",240,12-02-2009 09:47,2.1,13777,United Kingdom,504,,,
489675,21610,SET 12 PEAR BOTANICAL T-LIGHTS,48,12-02-2009 09:47,2.55,13777,United Kingdom,122.4,,,
489675,85174,S/4 CACTI CANDLES,48,12-02-2009 09:47,4.25,13777,United Kingdom,204,,,
489675,72802A,ROSE SCENT CANDLE IN JEWELLED BOX,48,12-02-2009 09:47,3.81,13777,United Kingdom,182.88,,,
489675,35004C,SET OF 3 COLOURED  FLYING DUCKS,60,12-02-2009 09:47,4.65,13777,United Kingdom,279,,,
489676,22095,LADS ONLY TISSUE BOX,120,12-02-2009 09:49,1.25,13777,United Kingdom,150,,,
489676,72023F,RED ORGANIC CANDLE IN GLASS,240,12-02-2009 09:49,0.85,13777,United Kingdom,204,,,
489676,21864,UNION JACK FLAG PASSPORT COVER ,120,12-02-2009 09:49,1.69,13777,United Kingdom,202.8,,,
489676,21107,CREAM SLICE FLANNEL PINK SPOT ,120,12-02-2009 09:49,2.55,13777,United Kingdom,306,,,
489676,85220,SMALL FAIRY CAKE FRIDGE MAGNETS,240,12-02-2009 09:49,1.45,13777,United Kingdom,348,,,
489677,21341,KASBAH LANTERN WITH GLASS ,24,12-02-2009 09:50,4.25,14000,United Kingdom,102,,,
489677,21323,HANGING MEDINA LANTERN LARGE,24,12-02-2009 09:50,3.75,14000,United Kingdom,90,,,
489678,22023,EMPIRE BIRTHDAY CARD,1,12-02-2009 09:57,0.42,16823,United Kingdom,0.42,,,
489678,22030,SWALLOWS GREETING CARD,12,12-02-2009 09:57,0.42,16823,United Kingdom,5.04,,,
489678,21504,SKULLS GREETING CARD,12,12-02-2009 09:57,0.42,16823,United Kingdom,5.04,,,
489678,21340,CLASSIC METAL BIRDCAGE PLANT HOLDER,1,12-02-2009 09:57,12.75,16823,United Kingdom,12.75,,,
489678,21347,GOTHIC CARRIAGE LANTERN,4,12-02-2009 09:57,5.95,16823,United Kingdom,23.8,,,
489678,22076,6 RIBBONS EMPIRE  ,3,12-02-2009 09:57,1.65,16823,United Kingdom,4.95,,,
489678,85049E,SCANDINAVIAN REDS RIBBONS,5,12-02-2009 09:57,1.25,16823,United Kingdom,6.25,,,
489678,21493, VINTAGE DESIGN GIFT TAGS,8,12-02-2009 09:57,0.85,16823,United Kingdom,6.8,,,
489678,22082,RIBBON REEL STRIPES DESIGN ,2,12-02-2009 09:57,1.65,16823,United Kingdom,3.3,,,
489678,84347,ROTATING SILVER ANGELS T-LIGHT HLDR,19,12-02-2009 09:57,2.55,16823,United Kingdom,48.45,,,
489678,21122,SET/10 PINK SPOTTY PARTY CANDLES,1,12-02-2009 09:57,1.25,16823,United Kingdom,1.25,,,
489678,21126,SET OF 6 GIRLS CELEBRATION CANDLES,1,12-02-2009 09:57,1.25,16823,United Kingdom,1.25,,,
489678,22349,"DOG BOWL , CHASING BALL DESIGN",1,12-02-2009 09:57,3.75,16823,United Kingdom,3.75,,,
489678,22079,RIBBON REEL HEARTS DESIGN ,4,12-02-2009 09:57,1.65,16823,United Kingdom,6.6,,,
489678,21490,SET OF THREE 50'S GIFT WRAPS ,3,12-02-2009 09:57,1.95,16823,United Kingdom,5.85,,,
489678,22303,COFFEE MUG APPLES DESIGN,6,12-02-2009 09:57,2.55,16823,United Kingdom,15.3,,,
489678,22118,JOY WOODEN BLOCK LETTERS,2,12-02-2009 09:57,4.95,16823,United Kingdom,9.9,,,
489678,84947,ANTIQUE SILVER TEA GLASS ENGRAVED,6,12-02-2009 09:57,1.25,16823,United Kingdom,7.5,,,
489678,84946,ANTIQUE SILVER TEA GLASS ETCHED,6,12-02-2009 09:57,1.25,16823,United Kingdom,7.5,,,
489678,21016,LIGHT BIRD HOUSE TREE DECORATION,16,12-02-2009 09:57,0.85,16823,United Kingdom,13.6,,,
489679,21527,RETRO SPOT TRADITIONAL TEAPOT ,2,12-02-2009 10:00,7.95,16163,United Kingdom,15.9,,,
489679,21733,RED HANGING HEART T-LIGHT HOLDER,6,12-02-2009 10:00,2.95,16163,United Kingdom,17.7,,,
489679,21843,RETRO SPOT CAKE STAND,1,12-02-2009 10:00,10.95,16163,United Kingdom,10.95,,,
489679,20692,FLORAL ELEPHANT SOFT TOY,3,12-02-2009 10:00,4.25,16163,United Kingdom,12.75,,,
489679,22184,CAKE STAND VICTORIAN FILIGREE LARGE,2,12-02-2009 10:00,8.5,16163,United Kingdom,17,,,
489679,21107,CREAM SLICE FLANNEL PINK SPOT ,18,12-02-2009 10:00,2.95,16163,United Kingdom,53.1,,,
489679,85232B,SET/3 RUSSIAN DOLL STACKING TINS,6,12-02-2009 10:00,4.95,16163,United Kingdom,29.7,,,
489679,22353,LUNCHBOX WITH CUTLERY FAIRY CAKES ,6,12-02-2009 10:00,2.55,16163,United Kingdom,15.3,,,
489679,22086,PAPER CHAIN KIT 50'S CHRISTMAS ,6,12-02-2009 10:00,2.95,16163,United Kingdom,17.7,,,
489679,22169,FAMILY ALBUM WHITE PICTURE FRAME,2,12-02-2009 10:00,8.5,16163,United Kingdom,17,,,
489679,21537,RETRO SPOTS PUDDING BOWL,4,12-02-2009 10:00,4.25,16163,United Kingdom,17,,,
489679,71459,HANGING JAM JAR T-LIGHT HOLDER,12,12-02-2009 10:00,0.85,16163,United Kingdom,10.2,,,
489679,21299,EDWARDIAN TOILET ROLL UNIT ,1,12-02-2009 10:00,12.75,16163,United Kingdom,12.75,,,
489679,21578,WOODLAND DESIGN  COTTON TOTE BAG,12,12-02-2009 10:00,2.25,16163,United Kingdom,27,,,
489679,84371,BIG PINK POODLE,1,12-02-2009 10:00,19.95,16163,United Kingdom,19.95,,,
489679,21080,SET/20 RED SPOTTY PAPER NAPKINS ,12,12-02-2009 10:00,0.85,16163,United Kingdom,10.2,,,
489679,21734,SMALL MARAKESH LANTERN ON STICK,4,12-02-2009 10:00,3.75,16163,United Kingdom,15,,,
489679,84879,ASSORTED COLOUR BIRD ORNAMENT,8,12-02-2009 10:00,1.69,16163,United Kingdom,13.52,,,
489679,20685,RED SPOTTY COIR DOORMAT,6,12-02-2009 10:00,6.75,16163,United Kingdom,40.5,,,
489679,22138,BAKING SET 9 PIECE RETROSPOT ,3,12-02-2009 10:00,4.95,16163,United Kingdom,14.85,,,
489679,82483,WOOD 2 DRAWER CABINET WHITE FINISH,3,12-02-2009 10:00,5.95,16163,United Kingdom,17.85,,,
489679,22181,SNOWSTORM PHOTO FRAME FRIDGE MAGNET,12,12-02-2009 10:00,0.85,16163,United Kingdom,10.2,,,
489679,22139,RETRO SPOT TEA SET CERAMIC 11 PC ,12,12-02-2009 10:00,4.95,16163,United Kingdom,59.4,,,
489679,22134,LADLE LOVE HEART RED ,24,12-02-2009 10:00,0.42,16163,United Kingdom,10.08,,,
489679,35979,SIX STRING SCANDINAVIAN HEART DECS,12,12-02-2009 10:00,2.95,16163,United Kingdom,35.4,,,
489679,21754,HOME BUILDING BLOCK WORD,3,12-02-2009 10:00,5.95,16163,United Kingdom,17.85,,,
489679,21448,12 DAISY PEGS IN WOOD BOX,12,12-02-2009 10:00,1.65,16163,United Kingdom,19.8,,,
489679,22322,BIRD DECORATION GREEN  SPOT,12,12-02-2009 10:00,0.85,16163,United Kingdom,10.2,,,
489679,85048,15CM CHRISTMAS GLASS BALL 20 LIGHTS,6,12-02-2009 10:00,7.95,16163,United Kingdom,47.7,,,
489679,22321,BIRD DECORATION RED SPOT,12,12-02-2009 10:00,0.85,16163,United Kingdom,10.2,,,
489679,22030,SWALLOWS GREETING CARD,12,12-02-2009 10:00,0.42,16163,United Kingdom,5.04,,,
489679,22027,TEA PARTY BIRTHDAY CARD,12,12-02-2009 10:00,0.42,16163,United Kingdom,5.04,,,
489679,21440,12 MINI TOADSTOOL PEGS,12,12-02-2009 10:00,1.25,16163,United Kingdom,15,,,
489679,84795C,OCEAN STRIPE HAMMOCK ,2,12-02-2009 10:00,7.95,16163,United Kingdom,15.9,,,
489679,21304,ARCHED GREY MIRROR,1,12-02-2009 10:00,12.75,16163,United Kingdom,12.75,,,
489679,85123A,WHITE HANGING HEART T-LIGHT HOLDER,6,12-02-2009 10:00,2.95,16163,United Kingdom,17.7,,,
489679,21259,VICTORIAN SEWING BOX SMALL ,2,12-02-2009 10:00,5.95,16163,United Kingdom,11.9,,,
489679,21258,VICTORIAN SEWING BOX LARGE,1,12-02-2009 10:00,12.75,16163,United Kingdom,12.75,,,
489679,21485,RED SPOT HEART HOT WATER BOTTLE,3,12-02-2009 10:00,4.95,16163,United Kingdom,14.85,,,
489679,85014B,RED/WHITE DOTS RUFFLED UMBRELLA,3,12-02-2009 10:00,5.95,16163,United Kingdom,17.85,,,
489679,21735,TWO DOOR CURIO CABINET,2,12-02-2009 10:00,12.75,16163,United Kingdom,25.5,,,
489679,21752,GLASS CAKE STAND MIRRORED BASE,1,12-02-2009 10:00,14.95,16163,United Kingdom,14.95,,,
489681,35649,VINTAGE BEAD COSMETIC BAG ,2,12-02-2009 10:02,3.35,17998,United Kingdom,6.7,,,
489681,35646,VINTAGE BEAD PINK EVENING BAG,2,12-02-2009 10:02,4.25,17998,United Kingdom,8.5,,,
489681,35651,VINTAGE BEAD PINK SCARF ,1,12-02-2009 10:02,7.95,17998,United Kingdom,7.95,,,
489681,35648,VINTAGE BEAD PINK PURSE ,1,12-02-2009 10:02,2.95,17998,United Kingdom,2.95,,,
489681,84670,JAPANESE CROCHETED ANIMAL,36,12-02-2009 10:02,0.42,17998,United Kingdom,15.12,,,
489681,21829,DINOSAUR KEYRINGS ASSORTED,72,12-02-2009 10:02,0.21,17998,United Kingdom,15.12,,,
489681,84270,ASSTD DESIGN BUBBLE GUM RING,30,12-02-2009 10:02,0.21,17998,United Kingdom,6.3,,,
489681,85227,SET/6 3D KIT CARDS FOR KIDS,12,12-02-2009 10:02,0.85,17998,United Kingdom,10.2,,,
489681,85226C,BLUE PULL BACK RACING CAR,11,12-02-2009 10:02,0.55,17998,United Kingdom,6.05,,,
489681,16212,FUNKY GIRLZ ASST MAGNETIC MEMO PAD,15,12-02-2009 10:02,0.65,17998,United Kingdom,9.75,,,
489681,21034,REX CASH+CARRY JUMBO SHOPPER,1,12-02-2009 10:02,0.95,17998,United Kingdom,0.95,,,
489680,21889,WOODEN BOX OF DOMINOES,36,12-02-2009 10:02,1.25,17193,United Kingdom,45,,,
489682,22121,NOEL WOODEN BLOCK LETTERS ,3,12-02-2009 10:08,5.95,15759,United Kingdom,17.85,,,
489682,22138,BAKING SET 9 PIECE RETROSPOT ,6,12-02-2009 10:08,4.95,15759,United Kingdom,29.7,,,
489682,22273,FELTCRAFT DOLL MOLLY,6,12-02-2009 10:08,2.95,15759,United Kingdom,17.7,,,
489682,84568,GIRLS ALPHABET IRON ON PATCHES ,288,12-02-2009 10:08,0.21,15759,United Kingdom,60.48,,,
489683,48116,DOOR MAT MULTICOLOUR STRIPE,2,12-02-2009 10:09,6.75,16131,United Kingdom,13.5,,,
489683,35095B,RED VICTORIAN FABRIC OVAL BOX,24,12-02-2009 10:09,0.42,16131,United Kingdom,10.08,,,
489683,35096A,BLUE VICTORIAN FABRIC HEART BOX,24,12-02-2009 10:09,0.42,16131,United Kingdom,10.08,,,
489683,82582,AREA PATROLLED METAL SIGN,72,12-02-2009 10:09,1.69,16131,United Kingdom,121.68,,,
489683,84520B,PACK 20 ENGLISH ROSE PAPER NAPKINS,12,12-02-2009 10:09,0.85,16131,United Kingdom,10.2,,,
489683,84536A,ENGLISH ROSE NOTEBOOK A7 SIZE,16,12-02-2009 10:09,0.42,16131,United Kingdom,6.72,,,
489683,79323W, WHITE CHERRY LIGHTS,24,12-02-2009 10:09,5.45,16131,United Kingdom,130.8,,,
489683,48184,DOOR MAT ENGLISH ROSE ,2,12-02-2009 10:09,6.75,16131,United Kingdom,13.5,,,
489683,35646,VINTAGE BEAD PINK EVENING BAG,4,12-02-2009 10:09,4.25,16131,United Kingdom,17,,,
489683,47503K,ASSORTED FLORAL SECATEURS,24,12-02-2009 10:09,1.95,16131,United Kingdom,46.8,,,
489683,84691,PACK 20 DOLLY PEGS,24,12-02-2009 10:09,0.85,16131,United Kingdom,20.4,,,
489683,84879,ASSORTED COLOUR BIRD ORNAMENT,24,12-02-2009 10:09,1.69,16131,United Kingdom,40.56,,,
489683,48189,DOOR MAT FRIENDSHIP ,2,12-02-2009 10:09,6.75,16131,United Kingdom,13.5,,,
489683,84970L,SINGLE HEART ZINC T-LIGHT HOLDER,24,12-02-2009 10:09,0.95,16131,United Kingdom,22.8,,,
489683,84990,60 GOLD AND SILVER FAIRY CAKE CASES,24,12-02-2009 10:09,0.55,16131,United Kingdom,13.2,,,
489683,85034A,3 GARDENIA MORRIS BOXED CANDLES,24,12-02-2009 10:09,3.81,16131,United Kingdom,91.44,,,
489683,85049C,ROMANTIC PINKS RIBBONS ,12,12-02-2009 10:09,1.25,16131,United Kingdom,15,,,
489683,48194,DOORMAT HEARTS,2,12-02-2009 10:09,6.75,16131,United Kingdom,13.5,,,
489683,85123A,WHITE HANGING HEART T-LIGHT HOLDER,12,12-02-2009 10:09,2.95,16131,United Kingdom,35.4,,,
489683,85222,ASSORTED COLOUR SILK COSMETIC PURSE,12,12-02-2009 10:09,2.1,16131,United Kingdom,25.2,,,
489683,85230F,JASMINE VOTIVE CANDLE,24,12-02-2009 10:09,0.29,16131,United Kingdom,6.96,,,
489683,20754,RETRO RED SPOTTY WASHING UP GLOVES,6,12-02-2009 10:09,2.1,16131,United Kingdom,12.6,,,
489683,20913,SET/5 BLUE SPOTTY LID GLASS BOWLS,6,12-02-2009 10:09,2.95,16131,United Kingdom,17.7,,,
489683,20914,SET/5 RED SPOTTY LID GLASS BOWLS,12,12-02-2009 10:09,2.95,16131,United Kingdom,35.4,,,
489683,21041,RED SPOTTY OVEN GLOVE DOUBLE,6,12-02-2009 10:09,2.95,16131,United Kingdom,17.7,,,
489683,21042,RED SPOTTY APRON ,6,12-02-2009 10:09,5.95,16131,United Kingdom,35.7,,,
489683,21080,SET/20 RED SPOTTY PAPER NAPKINS ,24,12-02-2009 10:09,0.85,16131,United Kingdom,20.4,,,
489683,21136,PAINTED METAL PEARS ASSORTED,24,12-02-2009 10:09,1.69,16131,United Kingdom,40.56,,,
489683,21154,RED SPOTTY OVEN GLOVE ,10,12-02-2009 10:09,1.25,16131,United Kingdom,12.5,,,
489683,21155,RED SPOTTY PEG BAG,12,12-02-2009 10:09,2.1,16131,United Kingdom,25.2,,,
489683,21164,HOME SWEET HOME METAL SIGN ,6,12-02-2009 10:09,2.95,16131,United Kingdom,17.7,,,
489683,21172,PARTY METAL SIGN ,12,12-02-2009 10:09,1.45,16131,United Kingdom,17.4,,,
489683,21181,PLEASE ONE PERSON  METAL SIGN,12,12-02-2009 10:09,2.1,16131,United Kingdom,25.2,,,
489683,21212,PACK OF 72 RETRO SPOT CAKE CASES,24,12-02-2009 10:09,0.55,16131,United Kingdom,13.2,,,
489683,21238,RED SPOTTY CUP,8,12-02-2009 10:09,0.85,16131,United Kingdom,6.8,,,
489683,21255,"FRENCH BOTTLE , LAVENDER",12,12-02-2009 10:09,1.65,16131,United Kingdom,19.8,,,
489683,21260,FIRST AID TIN,6,12-02-2009 10:09,3.25,16131,United Kingdom,19.5,,,
489683,21286,RETRO SPOT CANDLE  LARGE,12,12-02-2009 10:09,2.55,16131,United Kingdom,30.6,,,
489683,21313,GLASS HEART T-LIGHT HOLDER ,24,12-02-2009 10:09,0.85,16131,United Kingdom,20.4,,,
489683,21359,RELAX LARGE WOOD LETTERS,2,12-02-2009 10:09,15.95,16131,United Kingdom,31.9,,,
489683,21398,RED  SPOTTY COFFEE  MUG,48,12-02-2009 10:09,1.75,16131,United Kingdom,84,,,
489683,21529,RETRO SPOT CERAMIC TOASTRACK,6,12-02-2009 10:09,3.45,16131,United Kingdom,20.7,,,
489683,21534,DAIRY MAID LARGE MILK JUG,3,12-02-2009 10:09,4.95,16131,United Kingdom,14.85,,,
489683,21732,RED HANGING METAL STAR TLIGHT HLDR,16,12-02-2009 10:09,3.39,16131,United Kingdom,54.24,,,
489683,22196,SMALL HEART MEASURING SPOONS,24,12-02-2009 10:09,0.85,16131,United Kingdom,20.4,,,
489683,22212,FOUR HOOK  WHITE LOVEBIRDS,12,12-02-2009 10:09,2.1,16131,United Kingdom,25.2,,,
489684,84990,60 GOLD AND SILVER FAIRY CAKE CASES,48,12-02-2009 10:15,0.55,14560,United Kingdom,26.4,,,
489684,21217,RED SPOTTY ROUND CAKE TINS,5,12-02-2009 10:15,9.95,14560,United Kingdom,49.75,,,
489684,84520B,PACK 20 ENGLISH ROSE PAPER NAPKINS,12,12-02-2009 10:15,0.85,14560,United Kingdom,10.2,,,
489684,21080,SET/20 RED SPOTTY PAPER NAPKINS ,12,12-02-2009 10:15,0.85,14560,United Kingdom,10.2,,,
489684,21210,SET OF 72 RETRO SPOT PAPER  DOILIES,24,12-02-2009 10:15,1.45,14560,United Kingdom,34.8,,,
489684,37449,CERAMIC CAKE STAND + HANGING CAKES,4,12-02-2009 10:15,9.95,14560,United Kingdom,39.8,,,
489684,21843,RETRO SPOT CAKE STAND,6,12-02-2009 10:15,10.95,14560,United Kingdom,65.7,,,
489684,22218,CAKE STAND LACE WHITE,3,12-02-2009 10:15,4.25,14560,United Kingdom,12.75,,,
489684,22215,CAKE STAND WHITE TWO TIER LACE,2,12-02-2009 10:15,8.5,14560,United Kingdom,17,,,
489687,21837,CROSS STITCH ALPHABET CUSHION COVER,3,12-02-2009 10:41,5.95,17087,United Kingdom,17.85,,,
489687,20675,BLUE SPOTTY BOWL,8,12-02-2009 10:41,1.25,17087,United Kingdom,10,,,
489687,22086,PAPER CHAIN KIT 50'S CHRISTMAS ,6,12-02-2009 10:41,2.95,17087,United Kingdom,17.7,,,
489687,22111,SCOTTIE DOG HOT WATER BOTTLE,3,12-02-2009 10:41,4.95,17087,United Kingdom,14.85,,,
489687,22112,CHOCOLATE HOT WATER BOTTLE,3,12-02-2009 10:41,4.95,17087,United Kingdom,14.85,,,
489687,21691,SILVER VANILLA FLOWER CANDLE POT,4,12-02-2009 10:41,3.75,17087,United Kingdom,15,,,
489687,21133,PAINTED BIRD ASSORTED CHRISTMAS,12,12-02-2009 10:41,1.69,17087,United Kingdom,20.28,,,
489687,21591,COSY HOUR CIGAR BOX MATCHES ,24,12-02-2009 10:41,1.25,17087,United Kingdom,30,,,
489687,21584,RETRO SPOT SMALL TUBE MATCHES,20,12-02-2009 10:41,1.65,17087,United Kingdom,33,,,
489687,21407,BROWN CHECK CAT DOORSTOP ,3,12-02-2009 10:41,4.25,17087,United Kingdom,12.75,,,
489687,47505,MINATURE COLOURED GARDENING SET,3,12-02-2009 10:41,4.95,17087,United Kingdom,14.85,,,
489687,21640,ASSORTED TUTTI FRUTTI  FOB NOTEBOOK,24,12-02-2009 10:41,0.85,17087,United Kingdom,20.4,,,
489688,85047,WHITE BEADED GARLAND STRING 20LIGHT,6,12-02-2009 10:42,6.35,14894,United Kingdom,38.1,,,
489688,79323LP,LIGHT PINK CHERRY LIGHTS,24,12-02-2009 10:42,5.45,14894,United Kingdom,130.8,,,
489688,79323W, WHITE CHERRY LIGHTS,24,12-02-2009 10:42,5.45,14894,United Kingdom,130.8,,,
489695,22415,WHITE TISSUE REAM,1,12-02-2009 10:48,7.95,16202,United Kingdom,7.95,,,
489695,22121,NOEL WOODEN BLOCK LETTERS ,3,12-02-2009 10:48,5.95,16202,United Kingdom,17.85,,,
489695,22295,HEART FILIGREE DOVE LARGE,12,12-02-2009 10:48,1.65,16202,United Kingdom,19.8,,,
489695,21485,RED SPOT HEART HOT WATER BOTTLE,3,12-02-2009 10:48,4.95,16202,United Kingdom,14.85,,,
489695,85014D,PINK/BROWN DOTS RUFFLED UMBRELLA,3,12-02-2009 10:48,5.95,16202,United Kingdom,17.85,,,
489695,85014B,RED/WHITE DOTS RUFFLED UMBRELLA,3,12-02-2009 10:48,5.95,16202,United Kingdom,17.85,,,
489695,72760B,VINTAGE CREAM 3 BASKET CAKE STAND,4,12-02-2009 10:48,9.95,16202,United Kingdom,39.8,,,
489695,85042,ANTIQUE LILY FAIRY LIGHTS,8,12-02-2009 10:48,4.95,16202,United Kingdom,39.6,,,
489695,21790,VINTAGE SNAP CARDS,12,12-02-2009 10:48,0.85,16202,United Kingdom,10.2,,,
489695,21889,WOODEN BOX OF DOMINOES,12,12-02-2009 10:48,1.25,16202,United Kingdom,15,,,
489695,21912,VINTAGE SNAKES & LADDERS,4,12-02-2009 10:48,3.75,16202,United Kingdom,15,,,
489695,85031B,BLOSSOM IMAGES SCRAP BOOK SET,24,12-02-2009 10:48,1.25,16202,United Kingdom,30,,,
489695,85123A,WHITE HANGING HEART T-LIGHT HOLDER,6,12-02-2009 10:48,2.95,16202,United Kingdom,17.7,,,
489695,21955,UNION JACK GUNS & ROSES  DOORMAT,2,12-02-2009 10:48,6.75,16202,United Kingdom,13.5,,,
489695,21672,WHITE SPOT RED CERAMIC DRAWER KNOB,24,12-02-2009 10:48,1.25,16202,United Kingdom,30,,,
489699,85099C,JUMBO  BAG BAROQUE BLACK WHITE,20,12-02-2009 10:51,1.95,16700,United Kingdom,39,,,
489699,21931,JUMBO STORAGE BAG SUKI,10,12-02-2009 10:51,1.95,16700,United Kingdom,19.5,,,
489699,21930,JUMBO STORAGE BAG SKULLS,10,12-02-2009 10:51,1.95,16700,United Kingdom,19.5,,,
489699,21212,PACK OF 72 RETRO SPOT CAKE CASES,24,12-02-2009 10:51,0.55,16700,United Kingdom,13.2,,,
489699,21833,CAMOUFLAGE LED TORCH,12,12-02-2009 10:51,1.69,16700,United Kingdom,20.28,,,
489699,22131,FOOD CONTAINER SET 3 LOVE HEART ,6,12-02-2009 10:51,1.95,16700,United Kingdom,11.7,,,
489699,22111,SCOTTIE DOG HOT WATER BOTTLE,3,12-02-2009 10:51,4.95,16700,United Kingdom,14.85,,,
489699,22216,T-LIGHT HOLDER WHITE LACE,12,12-02-2009 10:51,0.85,16700,United Kingdom,10.2,,,
489699,22224,WHITE LOVEBIRD LANTERN,6,12-02-2009 10:51,2.95,16700,United Kingdom,17.7,,,
489699,22083,PAPER CHAIN KIT RETRO SPOT,6,12-02-2009 10:51,2.95,16700,United Kingdom,17.7,,,
489699,22086,PAPER CHAIN KIT 50'S CHRISTMAS ,6,12-02-2009 10:51,2.95,16700,United Kingdom,17.7,,,
489699,22348,TEA BAG PLATE RED SPOTTY ,12,12-02-2009 10:51,0.85,16700,United Kingdom,10.2,,,
489699,22355,"CHARLOTTE BAG , SUKI DESIGN",20,12-02-2009 10:51,0.85,16700,United Kingdom,17,,,
489699,22356,"CHARLOTTE BAG , PINK/WHITE SPOTS",10,12-02-2009 10:51,0.85,16700,United Kingdom,8.5,,,
489699,84879,ASSORTED COLOUR BIRD ORNAMENT,8,12-02-2009 10:51,1.69,16700,United Kingdom,13.52,,,
489699,85132C,CHARLIE AND LOLA FIGURES TINS,1,12-02-2009 10:51,9.95,16700,United Kingdom,9.95,,,
489699,21100,CHARLIE AND LOLA CHARLOTTE BAG,10,12-02-2009 10:51,1.65,16700,United Kingdom,16.5,,,
489699,85099B,JUMBO BAG RED WHITE SPOTTY ,10,12-02-2009 10:51,1.95,16700,United Kingdom,19.5,,,
489699,21746,SMALL RED SPOT  WINDMILL,12,12-02-2009 10:51,1.25,16700,United Kingdom,15,,,
489699,21210,SET OF 72 RETRO SPOT PAPER  DOILIES,12,12-02-2009 10:51,1.45,16700,United Kingdom,17.4,,,
489699,20681,PINK SPOTTY CHILDS UMBRELLA,6,12-02-2009 10:51,3.25,16700,United Kingdom,19.5,,,
489699,21238,RED SPOTTY CUP,8,12-02-2009 10:51,0.85,16700,United Kingdom,6.8,,,
489699,21527,RETRO SPOT TRADITIONAL TEAPOT ,2,12-02-2009 10:51,7.95,16700,United Kingdom,15.9,,,
489699,21531,RETRO SPOT SUGAR JAM BOWL,6,12-02-2009 10:51,2.55,16700,United Kingdom,15.3,,,
489699,21535,RETRO SPOT SMALL MILK JUG,6,12-02-2009 10:51,2.55,16700,United Kingdom,15.3,,,
489705,22207,FRYING PAN UNION FLAG,4,12-02-2009 10:52,4.25,16700,United Kingdom,17,,,
489702,22086,PAPER CHAIN KIT 50'S CHRISTMAS ,280,12-02-2009 10:52,2.55,17511,United Kingdom,714,,,
489702,85123A,WHITE HANGING HEART T-LIGHT HOLDER,64,12-02-2009 10:52,2.55,17511,United Kingdom,163.2,,,
489702,85065,CREAM SWEETHEART TRAYS,10,12-02-2009 10:52,9.95,17511,United Kingdom,99.5,,,
489702,20685,RED SPOTTY COIR DOORMAT,10,12-02-2009 10:52,5.95,17511,United Kingdom,59.5,,,
489702,20961,STRAWBERRY BATH SPONGE ,10,12-02-2009 10:52,1.25,17511,United Kingdom,12.5,,,
489702,20963,APPLE BATH SPONGE,10,12-02-2009 10:52,1.25,17511,United Kingdom,12.5,,,
489702,20966,SANDWICH BATH SPONGE,10,12-02-2009 10:52,1.25,17511,United Kingdom,12.5,,,
489702,20960,WATERMELON BATH SPONGE,10,12-02-2009 10:52,1.25,17511,United Kingdom,12.5,,,
489702,22197,"POPCORN HOLDER , SMALL ",120,12-02-2009 10:52,0.72,17511,United Kingdom,86.4,,,
489702,21238,RED SPOTTY CUP,96,12-02-2009 10:52,0.72,17511,United Kingdom,69.12,,,
489702,21241,GREEN SPOTTY CUP,96,12-02-2009 10:52,0.72,17511,United Kingdom,69.12,,,
489702,20677,PINK SPOTTY BOWL,72,12-02-2009 10:52,1.06,17511,United Kingdom,76.32,,,
489702,20675,BLUE SPOTTY BOWL,72,12-02-2009 10:52,1.06,17511,United Kingdom,76.32,,,
489702,20674,GREEN SPOTTY BOWL,72,12-02-2009 10:52,1.06,17511,United Kingdom,76.32,,,
489702,21212,PACK OF 72 RETRO SPOT CAKE CASES,120,12-02-2009 10:52,0.42,17511,United Kingdom,50.4,,,
489702,21094,SET/6 RED SPOTTY PAPER PLATES,96,12-02-2009 10:52,0.64,17511,United Kingdom,61.44,,,
489702,21086,SET/6 RED SPOTTY PAPER CUPS,48,12-02-2009 10:52,0.65,17511,United Kingdom,31.2,,,
489702,20979,36 PENCILS TUBE RED SPOTTY,128,12-02-2009 10:52,1.06,17511,United Kingdom,135.68,,,
489702,22109,FULL ENGLISH BREAKFAST PLATE,16,12-02-2009 10:52,3.39,17511,United Kingdom,54.24,,,
489702,21217,RED SPOTTY ROUND CAKE TINS,12,12-02-2009 10:52,8.95,17511,United Kingdom,107.4,,,
489702,21791,VINTAGE HEADS AND TAILS CARD GAME ,72,12-02-2009 10:52,1.06,17511,United Kingdom,76.32,,,
489702,21703,BAG 125g SWIRLY MARBLES,96,12-02-2009 10:52,0.36,17511,United Kingdom,34.56,,,
489702,21888,BINGO SET,8,12-02-2009 10:52,3.75,17511,United Kingdom,30,,,
489702,21205,MULTICOLOUR 3D BALLS GARLAND,48,12-02-2009 10:52,2.1,17511,United Kingdom,100.8,,,
489702,84692,BOX OF 24 COCKTAIL PARASOLS,100,12-02-2009 10:52,0.42,17511,United Kingdom,42,,,
489702,21477,STRING OF 20 ROSE LIGHTS,20,12-02-2009 10:52,10.95,17511,United Kingdom,219,,,
489702,79323W, WHITE CHERRY LIGHTS,24,12-02-2009 10:52,5.45,17511,United Kingdom,130.8,,,
489702,85099B,JUMBO BAG RED WHITE SPOTTY ,100,12-02-2009 10:52,1.65,17511,United Kingdom,165,,,
489702,21931,JUMBO STORAGE BAG SUKI,100,12-02-2009 10:52,1.65,17511,United Kingdom,165,,,
489702,85099F,JUMBO BAG STRAWBERRY,100,12-02-2009 10:52,1.65,17511,United Kingdom,165,,,
489723,22415,WHITE TISSUE REAM,2,12-02-2009 10:58,7.95,14299,United Kingdom,15.9,,,
489723,22114,HOT WATER BOTTLE TEA AND SYMPATHY,24,12-02-2009 10:58,3.45,14299,United Kingdom,82.8,,,
489723,22145,CHRISTMAS CRAFT HEART STOCKING ,40,12-02-2009 10:58,1.85,14299,United Kingdom,74,,,
489723,21485,RED SPOT HEART HOT WATER BOTTLE,24,12-02-2009 10:58,4.25,14299,United Kingdom,102,,,
489723,84077,WORLD WAR 2 GLIDERS ASSTD DESIGNS,288,12-02-2009 10:58,0.18,14299,United Kingdom,51.84,,,
489723,84029E,RED WOOLLY HOTTIE WHITE HEART.,48,12-02-2009 10:58,2.95,14299,United Kingdom,141.6,,,
489723,22111,SCOTTIE DOG HOT WATER BOTTLE,48,12-02-2009 10:58,4.25,14299,United Kingdom,204,,,
489723,72756,FAIRY CAKE CANDLES,108,12-02-2009 10:58,1.25,14299,United Kingdom,135,,,
489723,48184,DOOR MAT ENGLISH ROSE ,10,12-02-2009 10:58,5.95,14299,United Kingdom,59.5,,,
489723,48173C,DOOR MAT BLACK FLOCK ,10,12-02-2009 10:58,5.95,14299,United Kingdom,59.5,,,
489723,85014B,RED/WHITE DOTS RUFFLED UMBRELLA,12,12-02-2009 10:58,5.95,14299,United Kingdom,71.4,,,
489723,85231E,STRAWBERRY SCENTED SET/9 T-LIGHTS,36,12-02-2009 10:58,0.85,14299,United Kingdom,30.6,,,
489723,85231B,CINAMMON SET OF 9 T-LIGHTS,36,12-02-2009 10:58,0.85,14299,United Kingdom,30.6,,,
489723,21080,SET/20 RED SPOTTY PAPER NAPKINS ,24,12-02-2009 10:58,0.85,14299,United Kingdom,20.4,,,
489723,21098,CHRISTMAS TOILET ROLL,36,12-02-2009 10:58,1.06,14299,United Kingdom,38.16,,,
489723,21126,SET OF 6 GIRLS CELEBRATION CANDLES,12,12-02-2009 10:58,1.25,14299,United Kingdom,15,,,
489723,21212,PACK OF 72 RETRO SPOT CAKE CASES,120,12-02-2009 10:58,0.42,14299,United Kingdom,50.4,,,
489723,21231,SWEETHEART CERAMIC TRINKET BOX,72,12-02-2009 10:58,1.06,14299,United Kingdom,76.32,,,
489723,21232,STRAWBERRY CERAMIC TRINKET BOX,72,12-02-2009 10:58,1.06,14299,United Kingdom,76.32,,,
489723,21429,RED GINGHAM ROSE JEWELLERY BOX,8,12-02-2009 10:58,1.65,14299,United Kingdom,13.2,,,
489723,22049,WRAP CHRISTMAS SCREEN PRINT,25,12-02-2009 10:58,0.42,14299,United Kingdom,10.5,,,
489723,21832,CHOCOLATE CALCULATOR,36,12-02-2009 10:58,1.65,14299,United Kingdom,59.4,,,
489723,22064,PINK DOUGHNUT TRINKET POT ,48,12-02-2009 10:58,1.45,14299,United Kingdom,69.6,,,
489723,22189,CREAM HEART CARD HOLDER,72,12-02-2009 10:58,3.39,14299,United Kingdom,244.08,,,
489723,22195,LARGE HEART MEASURING SPOONS,80,12-02-2009 10:58,1.45,14299,United Kingdom,116,,,
489723,22112,CHOCOLATE HOT WATER BOTTLE,48,12-02-2009 10:58,4.25,14299,United Kingdom,204,,,
489726,21428,SET3 BOOK BOX GREEN GINGHAM FLOWER ,200,12-02-2009 11:07,3.75,17949,United Kingdom,750,,,
489725,22197,"POPCORN HOLDER , SMALL ",300,12-02-2009 11:07,0.72,17949,United Kingdom,216,,,
489727,22086,PAPER CHAIN KIT 50'S CHRISTMAS ,450,12-02-2009 11:09,2,17949,United Kingdom,900,,,
489728,48173C,DOOR MAT BLACK FLOCK ,4,12-02-2009 11:18,6.75,14799,United Kingdom,27,,,
489728,21523,FANCY FONT HOME SWEET HOME DOORMAT,2,12-02-2009 11:18,6.75,14799,United Kingdom,13.5,,,
489728,84926B,SCOTTS ROSES TILE COASTER,24,12-02-2009 11:18,1.25,14799,United Kingdom,30,,,
489728,21464,DISCO BALL ROTATOR BATTERY OPERATED,2,12-02-2009 11:18,4.25,14799,United Kingdom,8.5,,,
489728,21463,MIRRORED DISCO BALL ,2,12-02-2009 11:18,5.95,14799,United Kingdom,11.9,,,
489728,20668,DISCO BALL CHRISTMAS DECORATION,288,12-02-2009 11:18,0.1,14799,United Kingdom,28.8,,,
489728,22340,NOEL GARLAND PAINTED ZINC ,12,12-02-2009 11:18,1.65,14799,United Kingdom,19.8,,,
489728,21812,GARLAND WITH HEARTS AND BELLS,6,12-02-2009 11:18,4.95,14799,United Kingdom,29.7,,,
489728,72801G,S/4 BURGUNDY WINE DINNER CANDLES,3,12-02-2009 11:18,1.25,14799,United Kingdom,3.75,,,
489728,21009,ETCHED GLASS STAR TREE DECORATION,6,12-02-2009 11:18,1.25,14799,United Kingdom,7.5,,,
489733,71477,COLOUR GLASS. STAR T-LIGHT HOLDER,24,12-02-2009 11:20,2.75,15311,United Kingdom,66,,,
489733,21216,"SET 3 RED SPOT TIN TEA,COFFEE,SUGAR",24,12-02-2009 11:20,4.25,15311,United Kingdom,102,,,
489743,84562B,BLUE/WHITE RIBBED MELAMINE JUG,2,12-02-2009 11:24,7.95,16550,United Kingdom,15.9,,,
489743,84990,60 GOLD AND SILVER FAIRY CAKE CASES,24,12-02-2009 11:24,0.55,16550,United Kingdom,13.2,,,
489743,21212,PACK OF 72 RETRO SPOT CAKE CASES,24,12-02-2009 11:24,0.55,16550,United Kingdom,13.2,,,
489743,21213,PACK OF 72 SKULL CAKE CASES,24,12-02-2009 11:24,0.55,16550,United Kingdom,13.2,,,
489743,21977,PACK OF 60 PINK PAISLEY CAKE CASES,24,12-02-2009 11:24,0.55,16550,United Kingdom,13.2,,,
489743,21357,TOAST ITS - DINOSAUR,10,12-02-2009 11:24,1.25,16550,United Kingdom,12.5,,,
489743,21356,TOAST ITS - FAIRY FLOWER,10,12-02-2009 11:24,1.25,16550,United Kingdom,12.5,,,
489743,21355,TOAST ITS - I LOVE YOU ,8,12-02-2009 11:24,1.25,16550,United Kingdom,10,,,
489743,84948,SILVER HANGING T-LIGHT HOLDER DOME,12,12-02-2009 11:24,1.65,16550,United Kingdom,19.8,,,
489743,21240,BLUE  SPOTTY CUP,8,12-02-2009 11:24,0.85,16550,United Kingdom,6.8,,,
489743,21244,BLUE  SPOTTY PLATE ,8,12-02-2009 11:24,1.69,16550,United Kingdom,13.52,,,
489743,22198,"POPCORN HOLDER , LARGE",25,12-02-2009 11:24,1.65,16550,United Kingdom,41.25,,,
489743,84050,PINK HEART SHAPE EGG FRYING PAN,3,12-02-2009 11:24,1.65,16550,United Kingdom,4.95,,,
489743,21558,SKULL LUNCHBOX WITH CUTLERY ,4,12-02-2009 11:24,2.55,16550,United Kingdom,10.2,,,
489743,22353,LUNCHBOX WITH CUTLERY FAIRY CAKES ,4,12-02-2009 11:24,2.55,16550,United Kingdom,10.2,,,
489743,84997B,RED 3 PIECE MINI DOTS CUTLERY SET,12,12-02-2009 11:24,3.75,16550,United Kingdom,45,,,
489743,84997A,GREEN 3 PIECE MINI DOTS CUTLERY SET,6,12-02-2009 11:24,3.75,16550,United Kingdom,22.5,,,
489743,84997C,BLUE 3 PIECE MINI DOTS CUTLERY SET,12,12-02-2009 11:24,3.75,16550,United Kingdom,45,,,
489743,84997D,PINK 3 PIECE MINI DOTS CUTLERY SET,18,12-02-2009 11:24,3.75,16550,United Kingdom,67.5,,,
489743,75049L,LARGE CIRCULAR MIRROR MOBILE,24,12-02-2009 11:24,1.25,16550,United Kingdom,30,,,
489743,21822,GLITTER CHRISTMAS TREE WITH BELLS,6,12-02-2009 11:24,1.95,16550,United Kingdom,11.7,,,
489743,21821,GLITTER STAR GARLAND WITH BELLS ,6,12-02-2009 11:24,3.75,16550,United Kingdom,22.5,,,
489743,22347,PIZZA SLICE DISH,6,12-02-2009 11:24,1.25,16550,United Kingdom,7.5,,,
489743,20913,SET/5 BLUE SPOTTY LID GLASS BOWLS,1,12-02-2009 11:24,2.95,16550,United Kingdom,2.95,,,
489743,20675,BLUE SPOTTY BOWL,8,12-02-2009 11:24,1.25,16550,United Kingdom,10,,,
489743,21192,WHITE BELL HONEYCOMB PAPER ,6,12-02-2009 11:24,1.65,16550,United Kingdom,9.9,,,
489743,22142,CHRISTMAS CRAFT WHITE FAIRY ,3,12-02-2009 11:24,1.45,16550,United Kingdom,4.35,,,
489743,21745,GAOLERS KEYS DECORATIVE GARDEN ,3,12-02-2009 11:24,3.75,16550,United Kingdom,11.25,,,
489743,21889,WOODEN BOX OF DOMINOES,6,12-02-2009 11:24,1.25,16550,United Kingdom,7.5,,,
489743,22150, 3 STRIPEY MICE FELTCRAFT,4,12-02-2009 11:24,1.95,16550,United Kingdom,7.8,,,
489743,22148,EASTER CRAFT 4 CHICKS ,4,12-02-2009 11:24,1.95,16550,United Kingdom,7.8,,,
489743,22144,CHRISTMAS CRAFT LITTLE FRIENDS,1,12-02-2009 11:24,2.1,16550,United Kingdom,2.1,,,
489743,20682,RED SPOTTY CHILDS UMBRELLA,4,12-02-2009 11:24,3.25,16550,United Kingdom,13,,,
489748,84078A,SET/4 WHITE RETRO STORAGE CUBES ,12,12-02-2009 11:26,34.95,12980,United Kingdom,419.4,,,
489748,20780,BLACK EAR MUFF HEADPHONES,36,12-02-2009 11:26,4.65,12980,United Kingdom,167.4,,,
489748,35004C,SET OF 3 COLOURED  FLYING DUCKS,36,12-02-2009 11:26,4.65,12980,United Kingdom,167.4,,,
489764,20772,GARDEN PATH JOURNAL,6,12-02-2009 11:31,2.55,14425,United Kingdom,15.3,,,
489764,20770,ABSTRACT CIRCLE JOURNAL ,6,12-02-2009 11:31,2.55,14425,United Kingdom,15.3,,,
489764,21485,RED SPOT HEART HOT WATER BOTTLE,3,12-02-2009 11:31,4.95,14425,United Kingdom,14.85,,,
489764,21488,RED WHITE SCARF  HOT WATER BOTTLE,4,12-02-2009 11:31,3.95,14425,United Kingdom,15.8,,,
489764,85014B,RED/WHITE DOTS RUFFLED UMBRELLA,3,12-02-2009 11:31,5.95,14425,United Kingdom,17.85,,,
489764,85014A,BLACK/BLUE DOTS RUFFLED UMBRELLA,3,12-02-2009 11:31,5.95,14425,United Kingdom,17.85,,,
489764,21709,FOLDING UMBRELLA  CHOC/WHITE  SPOT,4,12-02-2009 11:31,4.95,14425,United Kingdom,19.8,,,
489764,21708,FOLDING UMBRELLA  CREAM/MULTI  SPOT,4,12-02-2009 11:31,4.95,14425,United Kingdom,19.8,,,
489764,22278,OVERNIGHT BAG VINTAGE ROSE PAISLEY,3,12-02-2009 11:31,4.95,14425,United Kingdom,14.85,,,
489764,21429,RED GINGHAM ROSE JEWELLERY BOX,8,12-02-2009 11:31,1.65,14425,United Kingdom,13.2,,,
489764,21431,GREEN GINGHAM FLOWER JEWELLERY BOX,8,12-02-2009 11:31,1.65,14425,United Kingdom,13.2,,,
489764,20768,GREEN FERN JOURNAL ,6,12-02-2009 11:31,2.55,14425,United Kingdom,15.3,,,
489764,20867,PINK ROSE FABRIC MIRROR,12,12-02-2009 11:31,1.25,14425,United Kingdom,15,,,
489764,20866,BLUE ROSE FABRIC MIRROR,12,12-02-2009 11:31,1.25,14425,United Kingdom,15,,,
489765,21843,RETRO SPOT CAKE STAND,2,12-02-2009 11:33,10.95,15353,United Kingdom,21.9,,,
489765,22167,"WALL MIRROR , DIAMANTE OVAL SHAPE",2,12-02-2009 11:33,9.95,15353,United Kingdom,19.9,,,
489765,22172,METAL SHELF WITH RAIL ,1,12-02-2009 11:33,8.5,15353,United Kingdom,8.5,,,
489765,22189,CREAM HEART CARD HOLDER,3,12-02-2009 11:33,3.95,15353,United Kingdom,11.85,,,
489765,21527,RETRO SPOT TRADITIONAL TEAPOT ,1,12-02-2009 11:33,7.95,15353,United Kingdom,7.95,,,
489765,22191,EAU DE NIL DINER WALL CLOCK,1,12-02-2009 11:33,8.5,15353,United Kingdom,8.5,,,
489765,22192,BLUE DINER WALL CLOCK,1,12-02-2009 11:33,8.5,15353,United Kingdom,8.5,,,
489765,72741,GRAND CHOCOLATECANDLE,9,12-02-2009 11:33,1.45,15353,United Kingdom,13.05,,,
489765,21833,CAMOUFLAGE LED TORCH,6,12-02-2009 11:33,1.69,15353,United Kingdom,10.14,,,
489765,21259,VICTORIAN SEWING BOX SMALL ,1,12-02-2009 11:33,5.95,15353,United Kingdom,5.95,,,
489765,84854,GIRLY PINK TOOL SET,1,12-02-2009 11:33,4.95,15353,United Kingdom,4.95,,,
489765,22271,FELTCRAFT DOLL ROSIE,1,12-02-2009 11:33,2.95,15353,United Kingdom,2.95,,,
489765,84925E,FLOWERS WALL THERMOMETER,1,12-02-2009 11:33,2.55,15353,United Kingdom,2.55,,,
489765,84925A,WAKE UP COCKEREL WALL THERMOMETER,1,12-02-2009 11:33,2.55,15353,United Kingdom,2.55,,,
489765,22274,FELTCRAFT DOLL EMILY,2,12-02-2009 11:33,2.95,15353,United Kingdom,5.9,,,
489765,22150, 3 STRIPEY MICE FELTCRAFT,2,12-02-2009 11:33,1.95,15353,United Kingdom,3.9,,,
489765,21741,COSY SLIPPER SHOES LARGE GREEN,2,12-02-2009 11:33,2.95,15353,United Kingdom,5.9,,,
489765,21738,COSY SLIPPER SHOES SMALL  RED ,2,12-02-2009 11:33,2.95,15353,United Kingdom,5.9,,,
489765,21740,COSY SLIPPER SHOES LARGE RED,2,12-02-2009 11:33,2.95,15353,United Kingdom,5.9,,,
489765,21739,COSY SLIPPER SHOES SMALL GREEN,2,12-02-2009 11:33,2.95,15353,United Kingdom,5.9,,,
489765,84854,GIRLY PINK TOOL SET,1,12-02-2009 11:33,4.95,15353,United Kingdom,4.95,,,
489765,22112,CHOCOLATE HOT WATER BOTTLE,2,12-02-2009 11:33,4.95,15353,United Kingdom,9.9,,,
489765,20982,12 PENCILS TALL TUBE SKULLS,3,12-02-2009 11:33,0.85,15353,United Kingdom,2.55,,,
489765,20983,12 PENCILS TALL TUBE RED SPOTTY,3,12-02-2009 11:33,0.85,15353,United Kingdom,2.55,,,
489765,20981,12 PENCILS TALL TUBE WOODLAND,3,12-02-2009 11:33,0.85,15353,United Kingdom,2.55,,,
489765,22315,200 RED + WHITE BENDY STRAWS,1,12-02-2009 11:33,1.25,15353,United Kingdom,1.25,,,
489765,22111,SCOTTIE DOG HOT WATER BOTTLE,2,12-02-2009 11:33,4.95,15353,United Kingdom,9.9,,,
489765,21042,RED SPOTTY APRON ,2,12-02-2009 11:33,5.95,15353,United Kingdom,11.9,,,
489765,22114,HOT WATER BOTTLE TEA AND SYMPATHY,1,12-02-2009 11:33,3.95,15353,United Kingdom,3.95,,,
489765,21329,DINOSAURS  WRITING SET ,2,12-02-2009 11:33,1.65,15353,United Kingdom,3.3,,,
489765,21328,BALLOONS  WRITING SET ,2,12-02-2009 11:33,1.65,15353,United Kingdom,3.3,,,
489765,21832,CHOCOLATE CALCULATOR,4,12-02-2009 11:33,1.65,15353,United Kingdom,6.6,,,
489765,21668,RED STRIPE CERAMIC DRAWER KNOB,1,12-02-2009 11:33,1.25,15353,United Kingdom,1.25,,,
489765,21671,RED SPOT CERAMIC DRAWER KNOB,1,12-02-2009 11:33,1.25,15353,United Kingdom,1.25,,,
489765,47503F,ASS FLORAL PRINT TORCH,12,12-02-2009 11:33,1.65,15353,United Kingdom,19.8,,,
489765,20970,PINK FLORAL FELTCRAFT SHOULDER BAG,2,12-02-2009 11:33,3.75,15353,United Kingdom,7.5,,,
489765,22271,FELTCRAFT DOLL ROSIE,1,12-02-2009 11:33,2.95,15353,United Kingdom,2.95,,,
489765,21842,PINK HEART CANDY BUTTON CALCULATOR,2,12-02-2009 11:33,2.55,15353,United Kingdom,5.1,,,
489765,21259,VICTORIAN SEWING BOX SMALL ,1,12-02-2009 11:33,5.95,15353,United Kingdom,5.95,,,
489765,21257,VICTORIAN SEWING BOX MEDIUM,1,12-02-2009 11:33,7.95,15353,United Kingdom,7.95,,,
489765,22275,WEEKEND BAG VINTAGE ROSE PAISLEY,1,12-02-2009 11:33,8.5,15353,United Kingdom,8.5,,,
489766,90042B,FRESHWATER PEARL BRACELET PINK,2,12-02-2009 11:34,2.55,17818,United Kingdom,5.1,,,
489766,90042A,FRESHWATER PEARL BRACELET GOLD,1,12-02-2009 11:34,2.55,17818,United Kingdom,2.55,,,
489766,85042,ANTIQUE LILY FAIRY LIGHTS,1,12-02-2009 11:34,4.95,17818,United Kingdom,4.95,,,
489766,21975,PACK OF 60 DINOSAUR CAKE CASES,1,12-02-2009 11:34,0.55,17818,United Kingdom,0.55,,,
489766,84989A,75 GREEN FAIRY CAKE CASES,1,12-02-2009 11:34,0.55,17818,United Kingdom,0.55,,,
489766,84992,72 SWEETHEART FAIRY CAKE CASES,1,12-02-2009 11:34,0.55,17818,United Kingdom,0.55,,,
489766,21977,PACK OF 60 PINK PAISLEY CAKE CASES,2,12-02-2009 11:34,0.55,17818,United Kingdom,1.1,,,
489766,20987,GEISHA GIRL CHOPSTICKS SET/5,2,12-02-2009 11:34,1.95,17818,United Kingdom,3.9,,,
489766,22138,BAKING SET 9 PIECE RETROSPOT ,1,12-02-2009 11:34,4.95,17818,United Kingdom,4.95,,,
489766,22271,FELTCRAFT DOLL ROSIE,1,12-02-2009 11:34,2.95,17818,United Kingdom,2.95,,,
489766,84279B,CHERRY BLOSSOM DECORATIVE FLASK,1,12-02-2009 11:34,3.75,17818,United Kingdom,3.75,,,
489766,16169D,WRAP WINTER FOREST,25,12-02-2009 11:34,0.42,17818,United Kingdom,10.5,,,
489766,21033,JUMBO BAG CHARLIE AND LOLA TOYS,1,12-02-2009 11:34,2.95,17818,United Kingdom,2.95,,,
489766,21931,JUMBO STORAGE BAG SUKI,1,12-02-2009 11:34,1.95,17818,United Kingdom,1.95,,,
489766,20865,PATCHWORK PENCIL CASE BUTTERFLY ,2,12-02-2009 11:34,2.1,17818,United Kingdom,4.2,,,
489766,20751,FUNKY WASHING UP GLOVES ASSORTED,1,12-02-2009 11:34,2.1,17818,United Kingdom,2.1,,,
489766,85113,POLKA DOT PISTACHIO PAIL,1,12-02-2009 11:34,2.1,17818,United Kingdom,2.1,,,
489766,21122,SET/10 PINK SPOTTY PARTY CANDLES,1,12-02-2009 11:34,1.25,17818,United Kingdom,1.25,,,
489766,21328,BALLOONS  WRITING SET ,2,12-02-2009 11:34,1.65,17818,United Kingdom,3.3,,,
489766,21947,SET OF 6 HEART CHOPSTICKS,1,12-02-2009 11:34,1.25,17818,United Kingdom,1.25,,,
489766,85107,CUT GLASS T-LIGHT HOLDER OCTAGON,4,12-02-2009 11:34,2.55,17818,United Kingdom,10.2,,,
489766,21975,PACK OF 60 DINOSAUR CAKE CASES,1,12-02-2009 11:34,0.55,17818,United Kingdom,0.55,,,
489766,84989A,75 GREEN FAIRY CAKE CASES,1,12-02-2009 11:34,0.55,17818,United Kingdom,0.55,,,
489766,84992,72 SWEETHEART FAIRY CAKE CASES,1,12-02-2009 11:34,0.55,17818,United Kingdom,0.55,,,
489766,47504E,ENGLISH ROSE SCISSORS,2,12-02-2009 11:34,1.25,17818,United Kingdom,2.5,,,
489766,20994,JAZZ HEARTS SPIRAL NOTEPAD,1,12-02-2009 11:34,0.85,17818,United Kingdom,0.85,,,
489766,20866,BLUE ROSE FABRIC MIRROR,1,12-02-2009 11:34,1.25,17818,United Kingdom,1.25,,,
489766,47504F,ENGLISH ROSE TORCH,2,12-02-2009 11:34,1.65,17818,United Kingdom,3.3,,,
489766,20976,12 PENCILS SMALL TUBE POSY,1,12-02-2009 11:34,0.65,17818,United Kingdom,0.65,,,
489766,85231G,ORANGE SCENTED SET/9 T-LIGHTS,2,12-02-2009 11:34,0.85,17818,United Kingdom,1.7,,,
489766,20977,36 PENCILS TUBE WOODLAND,2,12-02-2009 11:34,1.25,17818,United Kingdom,2.5,,,
489766,85049F,BABY BOOM RIBBONS ,2,12-02-2009 11:34,1.25,17818,United Kingdom,2.5,,,
489766,85049D,BRIGHT BLUES RIBBONS ,1,12-02-2009 11:34,1.25,17818,United Kingdom,1.25,,,
489766,21244,BLUE  SPOTTY PLATE ,2,12-02-2009 11:34,1.69,17818,United Kingdom,3.38,,,
489766,20991,JAZZ HEARTS MAGNETIC MEMO PAD,1,12-02-2009 11:34,0.65,17818,United Kingdom,0.65,,,
489766,20761,BLUE PAISLEY SKETCHBOOK,1,12-02-2009 11:34,3.75,17818,United Kingdom,3.75,,,
489766,85170D,SET/6 PINK BIRD T-LIGHT CANDLES,1,12-02-2009 11:34,2.1,17818,United Kingdom,2.1,,,
489766,85170C,SET/6 EAU DE NIL BIRD T-LIGHTS,2,12-02-2009 11:34,2.1,17818,United Kingdom,4.2,,,
489766,85039B,S/4 IVORY MINI ROSE CANDLE IN BOWL,2,12-02-2009 11:34,1.65,17818,United Kingdom,3.3,,,
489766,20761,BLUE PAISLEY SKETCHBOOK,1,12-02-2009 11:34,3.75,17818,United Kingdom,3.75,,,
489766,21078,SET/20 STRAWBERRY PAPER NAPKINS ,1,12-02-2009 11:34,0.85,17818,United Kingdom,0.85,,,
489766,21561,DINOSAUR LUNCHBOX WITH CUTLERY,1,12-02-2009 11:34,2.55,17818,United Kingdom,2.55,,,
489766,71459,HANGING JAM JAR T-LIGHT HOLDER,4,12-02-2009 11:34,0.85,17818,United Kingdom,3.4,,,
489766,20913,SET/5 BLUE SPOTTY LID GLASS BOWLS,2,12-02-2009 11:34,2.95,17818,United Kingdom,5.9,,,
489766,22353,LUNCHBOX WITH CUTLERY FAIRY CAKES ,1,12-02-2009 11:34,2.55,17818,United Kingdom,2.55,,,
489766,85232B,SET/3 RUSSIAN DOLL STACKING TINS,1,12-02-2009 11:34,4.95,17818,United Kingdom,4.95,,,
489780,22083,PAPER CHAIN KIT RETRO SPOT,12,12-02-2009 11:43,2.95,13654,United Kingdom,35.4,,,
489780,22086,PAPER CHAIN KIT 50'S CHRISTMAS ,12,12-02-2009 11:43,2.95,13654,United Kingdom,35.4,,,
489780,21242,RED SPOTTY PLATE ,8,12-02-2009 11:43,1.69,13654,United Kingdom,13.52,,,
489780,21243,PINK  SPOTTY PLATE ,8,12-02-2009 11:43,1.69,13654,United Kingdom,13.52,,,
489780,21245,GREEN  SPOTTY PLATE ,8,12-02-2009 11:43,1.69,13654,United Kingdom,13.52,,,
489780,21244,BLUE  SPOTTY PLATE ,8,12-02-2009 11:43,1.69,13654,United Kingdom,13.52,,,
489780,21930,JUMBO STORAGE BAG SKULLS,10,12-02-2009 11:43,1.95,13654,United Kingdom,19.5,,,
489780,20976,12 PENCILS SMALL TUBE POSY,24,12-02-2009 11:43,0.65,13654,United Kingdom,15.6,,,
489782,22356,"CHARLOTTE BAG , PINK/WHITE SPOTS",5,12-02-2009 11:45,0.85,17189,United Kingdom,4.25,,,
489782,20728,LUNCH BAG CARS BLUE,2,12-02-2009 11:45,1.65,17189,United Kingdom,3.3,,,
489782,20724,RED SPOTTY CHARLOTTE BAG,6,12-02-2009 11:45,0.85,17189,United Kingdom,5.1,,,
489782,21981,PACK OF 12 WOODLAND TISSUES ,12,12-02-2009 11:45,0.29,17189,United Kingdom,3.48,,,
489782,21986,PACK OF 12 PINK SPOT TISSUES ,12,12-02-2009 11:45,0.29,17189,United Kingdom,3.48,,,
489782,20941,FROG CANDLE,12,12-02-2009 11:45,1.25,17189,United Kingdom,15,,,
489782,21647,ASSORTED TUTTI FRUTTI LARGE PURSE,12,12-02-2009 11:45,2.1,17189,United Kingdom,25.2,,,
489782,72267,PREMIUM CHURCH CANDLE,8,12-02-2009 11:45,2.1,17189,United Kingdom,16.8,,,
489782,20940,SET/6 GARDEN GNOME T-LIGHT CANDLES,6,12-02-2009 11:45,2.95,17189,United Kingdom,17.7,,,
489782,84007,MAGIC GARDEN MOUNT FUJI,10,12-02-2009 11:45,2.55,17189,United Kingdom,25.5,,,
489782,17109A,FLOWER FAIRY INCENSE LILY,4,12-02-2009 11:45,1.69,17189,United Kingdom,6.76,,,
489782,17109C,FLOWER FAIRY INCENSE ROSE,4,12-02-2009 11:45,1.69,17189,United Kingdom,6.76,,,
489782,22315,200 RED + WHITE BENDY STRAWS,2,12-02-2009 11:45,1.25,17189,United Kingdom,2.5,,,
489782,72756,FAIRY CAKE CANDLES,27,12-02-2009 11:45,1.49,17189,United Kingdom,40.23,,,
489782,20998,ROSE DU SUD OVEN GLOVE,4,12-02-2009 11:45,2.95,17189,United Kingdom,11.8,,,
489782,21645,ASSORTED TUTTI FRUTTI ROUND BOX,11,12-02-2009 11:45,1.65,17189,United Kingdom,18.15,,,
489782,20751,FUNKY WASHING UP GLOVES ASSORTED,1,12-02-2009 11:45,2.1,17189,United Kingdom,2.1,,,
489782,20752,RETRO BLUE SPOTTY WASHING UP GLOVES,3,12-02-2009 11:45,2.1,17189,United Kingdom,6.3,,,
489782,20754,RETRO RED SPOTTY WASHING UP GLOVES,1,12-02-2009 11:45,2.1,17189,United Kingdom,2.1,,,
489782,20753,RETRO PINK SPOT WASHING UP GLOVES,2,12-02-2009 11:45,2.1,17189,United Kingdom,4.2,,,
489782,20751,FUNKY WASHING UP GLOVES ASSORTED,1,12-02-2009 11:45,2.1,17189,United Kingdom,2.1,,,
489782,21556,CERAMIC STRAWBERRY MONEY BOX,3,12-02-2009 11:45,2.55,17189,United Kingdom,7.65,,,
489783,21025,SPACE FROG,10,12-02-2009 11:47,1.25,13269,United Kingdom,12.5,,,
489783,21026,SPACE OWL,20,12-02-2009 11:47,1.25,13269,United Kingdom,25,,,
489783,20960,WATERMELON BATH SPONGE,10,12-02-2009 11:47,1.25,13269,United Kingdom,12.5,,,
489783,20966,SANDWICH BATH SPONGE,10,12-02-2009 11:47,1.25,13269,United Kingdom,12.5,,,
489783,21490,SET OF THREE 50'S GIFT WRAPS ,6,12-02-2009 11:47,1.95,13269,United Kingdom,11.7,,,
489783,22198,"POPCORN HOLDER , LARGE",48,12-02-2009 11:47,1.45,13269,United Kingdom,69.6,,,
489783,79328,BLUE FLOCK GLASS CANDLEHOLDER,48,12-02-2009 11:47,0.38,13269,United Kingdom,18.24,,,
489784,22344,PARTY PIZZA DISH PINK+WHITE SPOT ,12,12-02-2009 11:48,0.85,13269,United Kingdom,10.2,,,
489784,22346,PARTY PIZZA DISH GREEN+WHITE SPOT ,12,12-02-2009 11:48,0.85,13269,United Kingdom,10.2,,,
489784,22345,PARTY PIZZA DISH BLUE+WHITE SPOT ,12,12-02-2009 11:48,0.85,13269,United Kingdom,10.2,,,
489784,22343,PARTY PIZZA DISH RED WHITE SPOT ,12,12-02-2009 11:48,0.85,13269,United Kingdom,10.2,,,
489785,17084R,ASSORTED INCENSE PACK,72,12-02-2009 11:51,0.21,14653,United Kingdom,15.12,,,
489785,21981,PACK OF 12 WOODLAND TISSUES ,2,12-02-2009 11:51,0.29,14653,United Kingdom,0.58,,,
489785,72741,GRAND CHOCOLATECANDLE,9,12-02-2009 11:51,1.45,14653,United Kingdom,13.05,,,
489785,72756,FAIRY CAKE CANDLES,9,12-02-2009 11:51,1.49,14653,United Kingdom,13.41,,,
489785,84670,JAPANESE CROCHETED ANIMAL,24,12-02-2009 11:51,0.42,14653,United Kingdom,10.08,,,
489785,84347,ROTATING SILVER ANGELS T-LIGHT HLDR,60,12-02-2009 11:51,2.55,14653,United Kingdom,153,,,
489785,21981,PACK OF 12 WOODLAND TISSUES ,2,12-02-2009 11:51,0.29,14653,United Kingdom,0.58,,,
489785,21839,MUMMY MOUSE RED GINGHAM RIBBON,1,12-02-2009 11:51,5.45,14653,United Kingdom,5.45,,,
489785,21838,DADDY MOUSE RED GINGHAM BOW TIE,1,12-02-2009 11:51,5.45,14653,United Kingdom,5.45,,,
489785,21411,GINGHAM HEART  DOORSTOP RED,2,12-02-2009 11:51,4.25,14653,United Kingdom,8.5,,,
489785,72529W,WHITE ADVENT CANDLE,1,12-02-2009 11:51,2.12,14653,United Kingdom,2.12,,,
489785,21983,PACK OF 12 BLUE PAISLEY TISSUES ,6,12-02-2009 11:51,0.29,14653,United Kingdom,1.74,,,
489785,21986,PACK OF 12 PINK SPOT TISSUES ,6,12-02-2009 11:51,0.29,14653,United Kingdom,1.74,,,
489785,21822,GLITTER CHRISTMAS TREE WITH BELLS,12,12-02-2009 11:51,1.95,14653,United Kingdom,23.4,,,
489785,21818,GLITTER CHRISTMAS HEART ,36,12-02-2009 11:51,0.85,14653,United Kingdom,30.6,,,
489785,85066,CREAM SWEETHEART MINI CHEST,2,12-02-2009 11:51,12.75,14653,United Kingdom,25.5,,,
489785,21770,OPEN CLOSED METAL SIGN,1,12-02-2009 11:51,4.95,14653,United Kingdom,4.95,,,
489785,85135A,YELLOW DRAGONFLY HELICOPTER,1,12-02-2009 11:51,7.95,14653,United Kingdom,7.95,,,
489785,85135B,BLUE DRAGONFLY HELICOPTER,1,12-02-2009 11:51,7.95,14653,United Kingdom,7.95,,,
489785,22095,LADS ONLY TISSUE BOX,2,12-02-2009 11:51,1.25,14653,United Kingdom,2.5,,,
489786,21898,POTTING SHED ROSE CANDLE,1,12-02-2009 11:52,2.95,17019,United Kingdom,2.95,,,
489786,22333,RETRO SPORT PARTY BAG + STICKER SET,4,12-02-2009 11:52,1.65,17019,United Kingdom,6.6,,,
489786,22315,200 RED + WHITE BENDY STRAWS,1,12-02-2009 11:52,1.25,17019,United Kingdom,1.25,,,
489786,21094,SET/6 RED SPOTTY PAPER PLATES,1,12-02-2009 11:52,0.85,17019,United Kingdom,0.85,,,
489786,20974,12 PENCILS SMALL TUBE SKULL,3,12-02-2009 11:52,0.65,17019,United Kingdom,1.95,,,
489786,21791,VINTAGE HEADS AND TAILS CARD GAME ,6,12-02-2009 11:52,1.25,17019,United Kingdom,7.5,,,
489786,21440,12 MINI TOADSTOOL PEGS,3,12-02-2009 11:52,1.25,17019,United Kingdom,3.75,,,
489786,21212,PACK OF 72 RETRO SPOT CAKE CASES,1,12-02-2009 11:52,0.55,17019,United Kingdom,0.55,,,
489786,21086,SET/6 RED SPOTTY PAPER CUPS,5,12-02-2009 11:52,0.65,17019,United Kingdom,3.25,,,
489786,20975,12 PENCILS SMALL TUBE RED SPOTTY,48,12-02-2009 11:52,0.65,17019,United Kingdom,31.2,,,
489786,21790,VINTAGE SNAP CARDS,48,12-02-2009 11:52,0.85,17019,United Kingdom,40.8,,,
489786,22303,COFFEE MUG APPLES DESIGN,3,12-02-2009 11:52,2.55,17019,United Kingdom,7.65,,,
489786,22302,COFFEE MUG PEARS  DESIGN,3,12-02-2009 11:52,2.55,17019,United Kingdom,7.65,,,
489786,79191C,RETRO PLASTIC ELEPHANT TRAY,12,12-02-2009 11:52,0.85,17019,United Kingdom,10.2,,,
489786,22086,PAPER CHAIN KIT 50'S CHRISTMAS ,6,12-02-2009 11:52,2.95,17019,United Kingdom,17.7,,,
489786,21993,FLORAL FOLK STATIONERY SET,1,12-02-2009 11:52,2.95,17019,United Kingdom,2.95,,,
489786,21990,MODERN FLORAL STATIONERY SET,1,12-02-2009 11:52,2.95,17019,United Kingdom,2.95,,,
489786,72796A,S/3 ENGLISH LAVENDER SQU CANDLE,3,12-02-2009 11:52,1.65,17019,United Kingdom,4.95,,,
489786,72796B,S/3 FRENCH VANILLA SQU CANDLE,2,12-02-2009 11:52,1.65,17019,United Kingdom,3.3,,,
489786,85035C,ROSE 3 WICK MORRIS BOX CANDLE,2,12-02-2009 11:52,4.25,17019,United Kingdom,8.5,,,
489786,85035A,GARDENIA 3 WICK MORRIS BOXED CANDLE,2,12-02-2009 11:52,4.25,17019,United Kingdom,8.5,,,
489786,84029G,KNITTED UNION FLAG HOT WATER BOTTLE,1,12-02-2009 11:52,3.75,17019,United Kingdom,3.75,,,
489786,79191C,RETRO PLASTIC ELEPHANT TRAY,3,12-02-2009 11:52,0.85,17019,United Kingdom,2.55,,,
489786,20867,PINK ROSE FABRIC MIRROR,1,12-02-2009 11:52,1.25,17019,United Kingdom,1.25,,,
489786,20869,GOLD FABRIC MIRROR,1,12-02-2009 11:52,1.25,17019,United Kingdom,1.25,,,
489786,79190B,RETRO PLASTIC POLKA TRAY,3,12-02-2009 11:52,0.42,17019,United Kingdom,1.26,,,
489786,90214S,"LETTER ""S"" BLING KEY RING",1,12-02-2009 11:52,1.25,17019,United Kingdom,1.25,,,
489786,90214J,"LETTER ""J"" BLING KEY RING",1,12-02-2009 11:52,1.25,17019,United Kingdom,1.25,,,
489786,47504G,ENGLISH ROSE TAPE MEASURE,1,12-02-2009 11:52,1.25,17019,United Kingdom,1.25,,,
489786,20975,12 PENCILS SMALL TUBE RED SPOTTY,2,12-02-2009 11:52,0.65,17019,United Kingdom,1.3,,,
489786,16258B,DAISY ERASERS IN BAG,2,12-02-2009 11:52,0.42,17019,United Kingdom,0.84,,,
489786,84991,60 TEATIME FAIRY CAKE CASES,1,12-02-2009 11:52,0.55,17019,United Kingdom,0.55,,,
489786,21975,PACK OF 60 DINOSAUR CAKE CASES,1,12-02-2009 11:52,0.55,17019,United Kingdom,0.55,,,
489786,20963,APPLE BATH SPONGE,1,12-02-2009 11:52,1.25,17019,United Kingdom,1.25,,,
489786,20961,STRAWBERRY BATH SPONGE ,1,12-02-2009 11:52,1.25,17019,United Kingdom,1.25,,,
489786,22315,200 RED + WHITE BENDY STRAWS,1,12-02-2009 11:52,1.25,17019,United Kingdom,1.25,,,
489786,20986,BLUE CALCULATOR RULER,1,12-02-2009 11:52,1.25,17019,United Kingdom,1.25,,,
489786,20985,HEART CALCULATOR,1,12-02-2009 11:52,1.25,17019,United Kingdom,1.25,,,
489786,72796A,S/3 ENGLISH LAVENDER SQU CANDLE,2,12-02-2009 11:52,1.65,17019,United Kingdom,3.3,,,
489786,17003,BROCADE RING PURSE ,2,12-02-2009 11:52,0.21,17019,United Kingdom,0.42,,,
489786,21898,POTTING SHED ROSE CANDLE,1,12-02-2009 11:52,2.95,17019,United Kingdom,2.95,,,
489786,21424,WOODLAND STORAGE BOX LARGE ,1,12-02-2009 11:52,2.95,17019,United Kingdom,2.95,,,
489786,22029,SPACE BOY BIRTHDAY CARD,12,12-02-2009 11:52,0.42,17019,United Kingdom,5.04,,,
489786,85099B,JUMBO BAG RED WHITE SPOTTY ,2,12-02-2009 11:52,1.95,17019,United Kingdom,3.9,,,
489787,37348,SET OF 4 PASTEL STACKING MUGS,1,12-02-2009 11:53,2.55,15542,United Kingdom,2.55,,,
489787,21985,PACK OF 12 HEARTS DESIGN TISSUES ,1,12-02-2009 11:53,0.29,15542,United Kingdom,0.29,,,
489787,21535,RETRO SPOT SMALL MILK JUG,1,12-02-2009 11:53,2.55,15542,United Kingdom,2.55,,,
489787,21533,RETRO SPOT LARGE MILK JUG,1,12-02-2009 11:53,4.95,15542,United Kingdom,4.95,,,
489787,72817,SET/2 CHRISTMAS DECOUPAGE CANDLES,1,12-02-2009 11:53,1.25,15542,United Kingdom,1.25,,,
489787,21533,RETRO SPOT LARGE MILK JUG,1,12-02-2009 11:53,4.95,15542,United Kingdom,4.95,,,
489787,22279,POCKET BAG BLUE PAISLEY RED SPOT,2,12-02-2009 11:53,2.1,15542,United Kingdom,4.2,,,
489787,21432,SET OF 3 CASES WOODLAND DESIGN,1,12-02-2009 11:53,5.95,15542,United Kingdom,5.95,,,
489787,22095,LADS ONLY TISSUE BOX,1,12-02-2009 11:53,1.25,15542,United Kingdom,1.25,,,
489787,21843,RETRO SPOT CAKE STAND,1,12-02-2009 11:53,10.95,15542,United Kingdom,10.95,,,
489787,21557,SET OF 6 FUNKY BEAKERS,1,12-02-2009 11:53,2.95,15542,United Kingdom,2.95,,,
489787,21992,VINTAGE PAISLEY STATIONERY SET,1,12-02-2009 11:53,2.95,15542,United Kingdom,2.95,,,
489787,21990,MODERN FLORAL STATIONERY SET,1,12-02-2009 11:53,2.95,15542,United Kingdom,2.95,,,
489787,21993,FLORAL FOLK STATIONERY SET,1,12-02-2009 11:53,2.95,15542,United Kingdom,2.95,,,
489787,18097B,BLUE TALL PORCELAIN T-LIGHT HOLDER,1,12-02-2009 11:53,2.55,15542,United Kingdom,2.55,,,
489787,22150, 3 STRIPEY MICE FELTCRAFT,2,12-02-2009 11:53,1.95,15542,United Kingdom,3.9,,,
489787,84997A,GREEN 3 PIECE MINI DOTS CUTLERY SET,1,12-02-2009 11:53,3.75,15542,United Kingdom,3.75,,,
489787,84997D,PINK 3 PIECE MINI DOTS CUTLERY SET,2,12-02-2009 11:53,3.75,15542,United Kingdom,7.5,,,
489787,21981,PACK OF 12 WOODLAND TISSUES ,2,12-02-2009 11:53,0.29,15542,United Kingdom,0.58,,,
489787,85221,ASSORTED COLOUR SILK COIN PURSE,12,12-02-2009 11:53,1.25,15542,United Kingdom,15,,,
489787,21981,PACK OF 12 WOODLAND TISSUES ,2,12-02-2009 11:53,0.29,15542,United Kingdom,0.58,,,
489787,21985,PACK OF 12 HEARTS DESIGN TISSUES ,2,12-02-2009 11:53,0.29,15542,United Kingdom,0.58,,,
489787,21537,RETRO SPOTS PUDDING BOWL,1,12-02-2009 11:53,4.25,15542,United Kingdom,4.25,,,
489787,21985,PACK OF 12 HEARTS DESIGN TISSUES ,1,12-02-2009 11:53,0.29,15542,United Kingdom,0.29,,,
489787,21981,PACK OF 12 WOODLAND TISSUES ,1,12-02-2009 11:53,0.29,15542,United Kingdom,0.29,,,
489787,21532,DAIRY MAID SUGAR JAM BOWL,1,12-02-2009 11:53,2.1,15542,United Kingdom,2.1,,,
489787,22195,LARGE HEART MEASURING SPOONS,1,12-02-2009 11:53,1.65,15542,United Kingdom,1.65,,,
489787,84562B,BLUE/WHITE RIBBED MELAMINE JUG,1,12-02-2009 11:53,7.95,15542,United Kingdom,7.95,,,
489787,70006,LOVE HEART POCKET WARMER,1,12-02-2009 11:53,1.65,15542,United Kingdom,1.65,,,
489787,84526,GIANT BLACK SUNGLASSES,2,12-02-2009 11:53,1.95,15542,United Kingdom,3.9,,,
489787,21833,CAMOUFLAGE LED TORCH,6,12-02-2009 11:53,1.69,15542,United Kingdom,10.14,,,
489787,22096,PINK PAISLEY SQUARE TISSUE BOX ,1,12-02-2009 11:53,1.25,15542,United Kingdom,1.25,,,
489787,22109,FULL ENGLISH BREAKFAST PLATE,1,12-02-2009 11:53,3.75,15542,United Kingdom,3.75,,,
489787,22109,FULL ENGLISH BREAKFAST PLATE,1,12-02-2009 11:53,3.75,15542,United Kingdom,3.75,,,
489787,20728,LUNCH BAG CARS BLUE,1,12-02-2009 11:53,1.65,15542,United Kingdom,1.65,,,
489787,21166,COOK WITH WINE METAL SIGN ,1,12-02-2009 11:53,1.95,15542,United Kingdom,1.95,,,
489787,21579,LOLITA  DESIGN  COTTON TOTE BAG,1,12-02-2009 11:53,2.25,15542,United Kingdom,2.25,,,
489787,48111,DOOR MAT 3 SMILEY CATS,1,12-02-2009 11:53,6.75,15542,United Kingdom,6.75,,,
489787,85099C,JUMBO  BAG BAROQUE BLACK WHITE,2,12-02-2009 11:53,1.95,15542,United Kingdom,3.9,,,
489787,85088,CANDY SPOT HAND BAG,2,12-02-2009 11:53,2.1,15542,United Kingdom,4.2,,,
489787,21580,RABBIT  DESIGN  COTTON TOTE BAG,1,12-02-2009 11:53,2.25,15542,United Kingdom,2.25,,,
489787,84578,ELEPHANT TOY WITH BLUE T-SHIRT,1,12-02-2009 11:53,3.75,15542,United Kingdom,3.75,,,
489787,37474,SET/4 2 TONE EGG SHAPE MIXING BOWLS,1,12-02-2009 11:53,9.95,15542,United Kingdom,9.95,,,
489787,72756,FAIRY CAKE CANDLES,9,12-02-2009 11:53,1.49,15542,United Kingdom,13.41,,,
489787,21470,FLOWER VINE RAFFIA FOOD COVER,1,12-02-2009 11:53,3.75,15542,United Kingdom,3.75,,,
489787,21985,PACK OF 12 HEARTS DESIGN TISSUES ,2,12-02-2009 11:53,0.29,15542,United Kingdom,0.58,,,
489787,21100,CHARLIE AND LOLA CHARLOTTE BAG,2,12-02-2009 11:53,1.65,15542,United Kingdom,3.3,,,
489787,21933,PINK VINTAGE PAISLEY PICNIC BAG,1,12-02-2009 11:53,2.95,15542,United Kingdom,2.95,,,
489787,21932,SCANDINAVIAN PAISLEY PICNIC BAG,1,12-02-2009 11:53,2.95,15542,United Kingdom,2.95,,,
489787,84684,BEACH HUT PHOTO FRAME,1,12-02-2009 11:53,2.55,15542,United Kingdom,2.55,,,
489787,84007,MAGIC GARDEN MOUNT FUJI,2,12-02-2009 11:53,2.55,15542,United Kingdom,5.1,,,
489787,22197,"POPCORN HOLDER , SMALL ",3,12-02-2009 11:53,0.85,15542,United Kingdom,2.55,,,
489787,85014B,RED/WHITE DOTS RUFFLED UMBRELLA,1,12-02-2009 11:53,5.95,15542,United Kingdom,5.95,,,
489787,84532B,FAIRY CAKES RECTANGLUAR BOXES,1,12-02-2009 11:53,5.95,15542,United Kingdom,5.95,,,
489787,20748,KENSINGTON COFFEE SET,1,12-02-2009 11:53,12.75,15542,United Kingdom,12.75,,,
489787,20747,PICCADILLY TEA SET,2,12-02-2009 11:53,14.95,15542,United Kingdom,29.9,,,
489787,20914,SET/5 RED SPOTTY LID GLASS BOWLS,1,12-02-2009 11:53,2.95,15542,United Kingdom,2.95,,,
489787,21249,WOODLAND  HEIGHT CHART STICKERS ,1,12-02-2009 11:53,2.95,15542,United Kingdom,2.95,,,
489787,21252,SET OF MEADOW  FLOWER STICKERS,1,12-02-2009 11:53,2.95,15542,United Kingdom,2.95,,,
489787,37474,SET/4 2 TONE EGG SHAPE MIXING BOWLS,1,12-02-2009 11:53,9.95,15542,United Kingdom,9.95,,,
489787,20723,STRAWBERRY CHARLOTTE BAG,2,12-02-2009 11:53,0.85,15542,United Kingdom,1.7,,,
489787,20726,LUNCH BAG WOODLAND,4,12-02-2009 11:53,1.65,15542,United Kingdom,6.6,,,
489787,22355,"CHARLOTTE BAG , SUKI DESIGN",2,12-02-2009 11:53,0.85,15542,United Kingdom,1.7,,,
489787,20728,LUNCH BAG CARS BLUE,1,12-02-2009 11:53,1.65,15542,United Kingdom,1.65,,,
489787,21933,PINK VINTAGE PAISLEY PICNIC BAG,1,12-02-2009 11:53,2.95,15542,United Kingdom,2.95,,,
489787,20713,JUMBO BAG OWLS,2,12-02-2009 11:53,1.95,15542,United Kingdom,3.9,,,
489787,20712,JUMBO BAG WOODLAND ANIMALS,3,12-02-2009 11:53,1.95,15542,United Kingdom,5.85,,,
489787,85099F,JUMBO BAG STRAWBERRY,2,12-02-2009 11:53,1.95,15542,United Kingdom,3.9,,,
489787,21929,JUMBO BAG PINK VINTAGE PAISLEY,2,12-02-2009 11:53,1.95,15542,United Kingdom,3.9,,,
489787,21935,SUKI  SHOULDER BAG,1,12-02-2009 11:53,1.65,15542,United Kingdom,1.65,,,
489787,85183A,CHARLIE & LOLA WASTEPAPER BIN BLUE,1,12-02-2009 11:53,3.75,15542,United Kingdom,3.75,,,
489787,70007,HI TEC ALPINE HAND WARMER,2,12-02-2009 11:53,1.65,15542,United Kingdom,3.3,,,
489787,70006,LOVE HEART POCKET WARMER,1,12-02-2009 11:53,1.65,15542,United Kingdom,1.65,,,
489787,21034,REX CASH+CARRY JUMBO SHOPPER,4,12-02-2009 11:53,0.95,15542,United Kingdom,3.8,,,
489788,48111,DOOR MAT 3 SMILEY CATS,2,12-02-2009 11:55,6.75,13564,United Kingdom,13.5,,,
489788,20713,JUMBO BAG OWLS,1,12-02-2009 11:55,1.95,13564,United Kingdom,1.95,,,
489788,21163,DO NOT TOUCH MY STUFF DOOR HANGER ,1,12-02-2009 11:55,1.45,13564,United Kingdom,1.45,,,
489788,22315,200 RED + WHITE BENDY STRAWS,1,12-02-2009 11:55,1.25,13564,United Kingdom,1.25,,,
489788,21589,SWALLOW GIANT TUBE MATCHES,2,12-02-2009 11:55,2.55,13564,United Kingdom,5.1,,,
489788,21166,COOK WITH WINE METAL SIGN ,1,12-02-2009 11:55,1.95,13564,United Kingdom,1.95,,,
489788,21175,GIN + TONIC DIET METAL SIGN,2,12-02-2009 11:55,2.1,13564,United Kingdom,4.2,,,
489788,21663,VINTAGE GLASS SUGAR CADDY,1,12-02-2009 11:55,5.95,13564,United Kingdom,5.95,,,
489788,84029E,RED WOOLLY HOTTIE WHITE HEART.,2,12-02-2009 11:55,3.75,13564,United Kingdom,7.5,,,
489788,22114,HOT WATER BOTTLE TEA AND SYMPATHY,2,12-02-2009 11:55,3.95,13564,United Kingdom,7.9,,,
489788,22112,CHOCOLATE HOT WATER BOTTLE,2,12-02-2009 11:55,4.95,13564,United Kingdom,9.9,,,
489788,22125,UNION JACK HOT WATER BOTTLE ,2,12-02-2009 11:55,5.95,13564,United Kingdom,11.9,,,
489788,84029G,KNITTED UNION FLAG HOT WATER BOTTLE,3,12-02-2009 11:55,3.75,13564,United Kingdom,11.25,,,
489788,72811,SMALL ZINC/GLASS CANDLEHOLDER,4,12-02-2009 11:55,1.49,13564,United Kingdom,5.96,,,
489788,20886,BOX OF 9 PEBBLE CANDLES,6,12-02-2009 11:55,1.95,13564,United Kingdom,11.7,,,
489788,22175,PINK OWL SOFT TOY,3,12-02-2009 11:55,2.95,13564,United Kingdom,8.85,,,
489788,22176,BLUE OWL SOFT TOY,3,12-02-2009 11:55,2.95,13564,United Kingdom,8.85,,,
489790,84327A,PINK JUMPER LARRY THE LAMB,48,12-02-2009 11:59,1.69,16467,United Kingdom,81.12,,,
489790,22147,FELTCRAFT BUTTERFLY HEARTS,40,12-02-2009 11:59,1.25,16467,United Kingdom,50,,,
489789,20682,RED SPOTTY CHILDS UMBRELLA,6,12-02-2009 11:59,3.25,15833,United Kingdom,19.5,,,
489789,15056BL,EDWARDIAN PARASOL BLACK,3,12-02-2009 11:59,5.95,15833,United Kingdom,17.85,,,
489789,15056N,EDWARDIAN PARASOL NATURAL,3,12-02-2009 11:59,5.95,15833,United Kingdom,17.85,,,
489789,47568,ENGLISH ROSE DESIGN PEG BAG,6,12-02-2009 11:59,2.1,15833,United Kingdom,12.6,,,
489789,21181,PLEASE ONE PERSON  METAL SIGN,6,12-02-2009 11:59,2.1,15833,United Kingdom,12.6,,,
489791,84802B,PURPLE ANEMONE ARTIFICIAL FLOWER,3,12-02-2009 12:06,1.69,15542,United Kingdom,5.07,,,
489791,84597C,RETRO PINK BALL ASHTRAY ,1,12-02-2009 12:06,1.25,15542,United Kingdom,1.25,,,
489791,22114,HOT WATER BOTTLE TEA AND SYMPATHY,1,12-02-2009 12:06,3.95,15542,United Kingdom,3.95,,,
489791,84520D,PACK OF 20 FAIRY CAKE PAPER NAPKINS,2,12-02-2009 12:06,0.85,15542,United Kingdom,1.7,,,
489791,21770,OPEN CLOSED METAL SIGN,1,12-02-2009 12:06,4.95,15542,United Kingdom,4.95,,,
489791,47504E,ENGLISH ROSE SCISSORS,1,12-02-2009 12:06,1.25,15542,United Kingdom,1.25,,,
489791,84925C,FAIRY CAKES  WALL THERMOMETER,1,12-02-2009 12:06,2.55,15542,United Kingdom,2.55,,,
489791,82552,WASHROOM METAL SIGN,1,12-02-2009 12:06,1.25,15542,United Kingdom,1.25,,,
489791,21609,SET 12 LAVENDER  BOTANICAL T-LIGHTS,1,12-02-2009 12:06,2.95,15542,United Kingdom,2.95,,,
489791,21102,"CANDLE IN JAR COLLAGE , VANILLA",1,12-02-2009 12:06,2.55,15542,United Kingdom,2.55,,,
489791,20621,ECONOMY PASSPORT COVER ,1,12-02-2009 12:06,2.1,15542,United Kingdom,2.1,,,
489791,21615,4 LAVENDER BOTANICAL DINNER CANDLES,1,12-02-2009 12:06,3.75,15542,United Kingdom,3.75,,,
489791,21582,KINGS CHOICE SMALL TUBE MATCHES,1,12-02-2009 12:06,1.65,15542,United Kingdom,1.65,,,
489791,21591,COSY HOUR CIGAR BOX MATCHES ,1,12-02-2009 12:06,1.25,15542,United Kingdom,1.25,,,
489791,84509B,FAIRY CAKE PLACEMATS,1,12-02-2009 12:06,3.75,15542,United Kingdom,3.75,,,
489791,47556B,TEA TIME TEA TOWELS ,1,12-02-2009 12:06,2.95,15542,United Kingdom,2.95,,,
489791,84520B,PACK 20 ENGLISH ROSE PAPER NAPKINS,1,12-02-2009 12:06,0.85,15542,United Kingdom,0.85,,,
489791,21591,COSY HOUR CIGAR BOX MATCHES ,1,12-02-2009 12:06,1.25,15542,United Kingdom,1.25,,,
489791,21590,KINGS CHOICE CIGAR BOX MATCHES ,1,12-02-2009 12:06,1.25,15542,United Kingdom,1.25,,,
489791,21470,FLOWER VINE RAFFIA FOOD COVER,2,12-02-2009 12:06,3.75,15542,United Kingdom,7.5,,,
489791,22093,MOTORING TISSUE BOX,1,12-02-2009 12:06,1.25,15542,United Kingdom,1.25,,,
489791,20621,ECONOMY PASSPORT COVER ,1,12-02-2009 12:06,2.1,15542,United Kingdom,2.1,,,
489791,84029G,KNITTED UNION FLAG HOT WATER BOTTLE,1,12-02-2009 12:06,3.75,15542,United Kingdom,3.75,,,
489791,21312,LARGE CHUNKY GLASS ROMAN BOWL,1,12-02-2009 12:06,6.75,15542,United Kingdom,6.75,,,
489791,20714,POSY SHOPPER BAG,1,12-02-2009 12:06,1.25,15542,United Kingdom,1.25,,,
489791,21490,SET OF THREE 50'S GIFT WRAPS ,3,12-02-2009 12:06,1.95,15542,United Kingdom,5.85,,,
489791,21260,FIRST AID TIN,1,12-02-2009 12:06,3.25,15542,United Kingdom,3.25,,,
489791,22091,EMPIRE TISSUE BOX,2,12-02-2009 12:06,1.25,15542,United Kingdom,2.5,,,
489791,84926B,SCOTTS ROSES TILE COASTER,4,12-02-2009 12:06,1.25,15542,United Kingdom,5,,,
489791,84926C,FAIRY CAKES TILE COASTER,4,12-02-2009 12:06,1.25,15542,United Kingdom,5,,,
489791,21617,4 LILY  BOTANICAL DINNER CANDLES,1,12-02-2009 12:06,3.75,15542,United Kingdom,3.75,,,
489791,20748,KENSINGTON COFFEE SET,2,12-02-2009 12:06,12.75,15542,United Kingdom,25.5,,,
489791,22123,PING MICROWAVE APRON,1,12-02-2009 12:06,5.95,15542,United Kingdom,5.95,,,
489791,85107,CUT GLASS T-LIGHT HOLDER OCTAGON,2,12-02-2009 12:06,2.55,15542,United Kingdom,5.1,,,
489791,21232,STRAWBERRY CERAMIC TRINKET BOX,1,12-02-2009 12:06,1.25,15542,United Kingdom,1.25,,,
489791,21889,WOODEN BOX OF DOMINOES,1,12-02-2009 12:06,1.25,15542,United Kingdom,1.25,,,
489791,22313,OFFICE MUG WARMER PINK,1,12-02-2009 12:06,4.95,15542,United Kingdom,4.95,,,
489791,84341B,SMALL PINK MAGIC CHRISTMAS TREE,2,12-02-2009 12:06,0.85,15542,United Kingdom,1.7,,,
489791,22198,"POPCORN HOLDER , LARGE",4,12-02-2009 12:06,1.65,15542,United Kingdom,6.6,,,
489791,22095,LADS ONLY TISSUE BOX,1,12-02-2009 12:06,1.25,15542,United Kingdom,1.25,,,
489791,21467,CHERRY CROCHET FOOD COVER,1,12-02-2009 12:06,3.75,15542,United Kingdom,3.75,,,
489791,21472,LADYBIRD + BEE RAFFIA FOOD COVER,1,12-02-2009 12:06,3.75,15542,United Kingdom,3.75,,,
489791,21471,STRAWBERRY RAFFIA FOOD COVER,1,12-02-2009 12:06,3.75,15542,United Kingdom,3.75,,,
489791,21931,JUMBO STORAGE BAG SUKI,2,12-02-2009 12:06,1.95,15542,United Kingdom,3.9,,,
489791,20713,JUMBO BAG OWLS,1,12-02-2009 12:06,1.95,15542,United Kingdom,1.95,,,
489791,21523,FANCY FONT HOME SWEET HOME DOORMAT,1,12-02-2009 12:06,6.75,15542,United Kingdom,6.75,,,
489791,21916,SET 12 RETRO WHITE CHALK STICKS,1,12-02-2009 12:06,0.42,15542,United Kingdom,0.42,,,
489791,21866,UNION JACK FLAG LUGGAGE TAG,1,12-02-2009 12:06,1.25,15542,United Kingdom,1.25,,,
489791,21864,UNION JACK FLAG PASSPORT COVER ,1,12-02-2009 12:06,2.1,15542,United Kingdom,2.1,,,
489791,82616C,MIDNIGHT GLAMOUR SCARF KNITTING KIT,1,12-02-2009 12:06,2.95,15542,United Kingdom,2.95,,,
489791,20686,DOLLY MIXTURE CHILDREN'S UMBRELLA,1,12-02-2009 12:06,3.25,15542,United Kingdom,3.25,,,
489791,20886,BOX OF 9 PEBBLE CANDLES,1,12-02-2009 12:06,1.95,15542,United Kingdom,1.95,,,
489791,21175,GIN + TONIC DIET METAL SIGN,1,12-02-2009 12:06,2.1,15542,United Kingdom,2.1,,,
489791,84466,TOP SECRET PEN SET,1,12-02-2009 12:06,1.25,15542,United Kingdom,1.25,,,
489791,85104,SILVER GLASS T-LIGHT SET,1,12-02-2009 12:06,2.95,15542,United Kingdom,2.95,,,
489791,21253,SET OF PICTURE FRAME  STICKERS,1,12-02-2009 12:06,2.95,15542,United Kingdom,2.95,,,
489791,21326,AGED GLASS SILVER T-LIGHT HOLDER,4,12-02-2009 12:06,0.65,15542,United Kingdom,2.6,,,
489791,21162,TOXIC AREA  DOOR HANGER ,1,12-02-2009 12:06,1.45,15542,United Kingdom,1.45,,,
489791,21159,MOODY BOY  DOOR HANGER ,1,12-02-2009 12:06,1.45,15542,United Kingdom,1.45,,,
489791,22109,FULL ENGLISH BREAKFAST PLATE,1,12-02-2009 12:06,3.75,15542,United Kingdom,3.75,,,
489791,22107,PIZZA PLATE IN BOX,2,12-02-2009 12:06,3.75,15542,United Kingdom,7.5,,,
489791,84466,TOP SECRET PEN SET,1,12-02-2009 12:06,1.25,15542,United Kingdom,1.25,,,
489791,72802B,OCEAN SCENT CANDLE IN JEWELLED BOX,1,12-02-2009 12:06,4.25,15542,United Kingdom,4.25,,,
489791,72803A,ROSE SCENT CANDLE JEWELLED DRAWER,1,12-02-2009 12:06,4.25,15542,United Kingdom,4.25,,,
489791,21034,REX CASH+CARRY JUMBO SHOPPER,2,12-02-2009 12:06,0.95,15542,United Kingdom,1.9,,,
489792,21246,RED SPOTTY BIG BOWL,2,12-02-2009 12:06,4.95,14527,United Kingdom,9.9,,,
489792,21042,RED SPOTTY APRON ,6,12-02-2009 12:06,5.95,14527,United Kingdom,35.7,,,
489792,21041,RED SPOTTY OVEN GLOVE DOUBLE,5,12-02-2009 12:06,2.95,14527,United Kingdom,14.75,,,
489792,21035,SET/2 RED SPOTTY TEA TOWELS ,5,12-02-2009 12:06,2.95,14527,United Kingdom,14.75,,,
489792,47580,TEA TIME DES TEA COSY,3,12-02-2009 12:06,2.55,14527,United Kingdom,7.65,,,
489792,84029C,BROWN FURRY HOT WATER BOTTLE,3,12-02-2009 12:06,3.75,14527,United Kingdom,11.25,,,
489792,22125,UNION JACK HOT WATER BOTTLE ,2,12-02-2009 12:06,5.95,14527,United Kingdom,11.9,,,
489792,21486,PINK HEART DOTS HOT WATER BOTTLE,1,12-02-2009 12:06,3.75,14527,United Kingdom,3.75,,,
489792,21481,FAWN BLUE HOT WATER BOTTLE,2,12-02-2009 12:06,2.95,14527,United Kingdom,5.9,,,
489792,21482,MUSHROOM BLUE HOT WATER BOTTLE,1,12-02-2009 12:06,2.95,14527,United Kingdom,2.95,,,
489792,21484,CHICK GREY HOT WATER BOTTLE,1,12-02-2009 12:06,3.45,14527,United Kingdom,3.45,,,
489792,22112,CHOCOLATE HOT WATER BOTTLE,2,12-02-2009 12:06,4.95,14527,United Kingdom,9.9,,,
489792,84029E,RED WOOLLY HOTTIE WHITE HEART.,6,12-02-2009 12:06,3.75,14527,United Kingdom,22.5,,,
489792,22121,NOEL WOODEN BLOCK LETTERS ,2,12-02-2009 12:06,5.95,14527,United Kingdom,11.9,,,
489792,35599B,BLACK CHRISTMAS TREE 120CM,1,12-02-2009 12:06,8.49,14527,United Kingdom,8.49,,,
489792,22107,PIZZA PLATE IN BOX,2,12-02-2009 12:06,3.75,14527,United Kingdom,7.5,,,
489792,85232B,SET/3 RUSSIAN DOLL STACKING TINS,2,12-02-2009 12:06,4.95,14527,United Kingdom,9.9,,,
489792,21479,WHITE SKULL HOT WATER BOTTLE ,6,12-02-2009 12:06,3.75,14527,United Kingdom,22.5,,,
489792,37485,ENGLISH ROSE TEA SET IN GIFT BOX,1,12-02-2009 12:06,4.65,14527,United Kingdom,4.65,,,
489792,37501,TEA TIME TEA SET IN GIFT BOX,2,12-02-2009 12:06,6.95,14527,United Kingdom,13.9,,,
489792,84997C,BLUE 3 PIECE MINI DOTS CUTLERY SET,2,12-02-2009 12:06,3.75,14527,United Kingdom,7.5,,,
489792,84968E,S/16 VINTAGE BLACK CUTLERY,1,12-02-2009 12:06,12.75,14527,United Kingdom,12.75,,,
489792,84968B,S/16 VINTAGE IVORY CUTLERY,2,12-02-2009 12:06,12.75,14527,United Kingdom,25.5,,,
489792,21359,RELAX LARGE WOOD LETTERS,1,12-02-2009 12:06,15.95,14527,United Kingdom,15.95,,,
489792,84691,PACK 20 DOLLY PEGS,8,12-02-2009 12:06,0.85,14527,United Kingdom,6.8,,,
489792,21539,RETRO SPOTS BUTTER DISH,2,12-02-2009 12:06,4.95,14527,United Kingdom,9.9,,,
489792,84660C,PINK STITCHED WALL CLOCK,1,12-02-2009 12:06,3.75,14527,United Kingdom,3.75,,,
489792,21364,PEACE SMALL WOOD LETTERS,1,12-02-2009 12:06,6.75,14527,United Kingdom,6.75,,,
489792,21528,DAIRY MAID TRADITIONAL TEAPOT ,1,12-02-2009 12:06,6.95,14527,United Kingdom,6.95,,,
489792,22073,RETRO SPOT STORAGE JAR,2,12-02-2009 12:06,3.75,14527,United Kingdom,7.5,,,
489792,79065A,TEATIME ROUND CAKE TINS ,4,12-02-2009 12:06,9.95,14527,United Kingdom,39.8,,,
489792,37476,CONDIMENT TRAY 4 BOWLS AND 4 SPOONS,1,12-02-2009 12:06,9.95,14527,United Kingdom,9.95,,,
489792,85123A,WHITE HANGING HEART T-LIGHT HOLDER,8,12-02-2009 12:06,2.95,14527,United Kingdom,23.6,,,
489792,21217,RED SPOTTY ROUND CAKE TINS,4,12-02-2009 12:06,9.95,14527,United Kingdom,39.8,,,
489792,71053,WHITE METAL LANTERN,2,12-02-2009 12:06,3.75,14527,United Kingdom,7.5,,,
489792,21843,RETRO SPOT CAKE STAND,1,12-02-2009 12:06,10.95,14527,United Kingdom,10.95,,,
489792,21407,BROWN CHECK CAT DOORSTOP ,2,12-02-2009 12:06,4.25,14527,United Kingdom,8.5,,,
489792,21777,RECIPE BOX WITH METAL HEART,2,12-02-2009 12:06,7.95,14527,United Kingdom,15.9,,,
489792,21257,VICTORIAN SEWING BOX MEDIUM,2,12-02-2009 12:06,7.95,14527,United Kingdom,15.9,,,
489792,22193,RED DINER WALL CLOCK,2,12-02-2009 12:06,8.5,14527,United Kingdom,17,,,
489792,22354,RETRO SPOT PADDED SEAT CUSHION,2,12-02-2009 12:06,3.75,14527,United Kingdom,7.5,,,
489792,84623,PINK GINGHAM ROSE FLOOR CUSHION,3,12-02-2009 12:06,7.95,14527,United Kingdom,23.85,,,
489792,21258,VICTORIAN SEWING BOX LARGE,8,12-02-2009 12:06,10.95,14527,United Kingdom,87.6,,,
489792,21527,RETRO SPOT TRADITIONAL TEAPOT ,12,12-02-2009 12:06,6.95,14527,United Kingdom,83.4,,,
489792,79323P,PINK CHERRY LIGHTS,2,12-02-2009 12:06,6.75,14527,United Kingdom,13.5,,,
489792,79323LP,LIGHT PINK CHERRY LIGHTS,2,12-02-2009 12:06,6.75,14527,United Kingdom,13.5,,,
489792,79323W, WHITE CHERRY LIGHTS,2,12-02-2009 12:06,6.75,14527,United Kingdom,13.5,,,
489792,84619,BLUE GINGHAM ROSE QUILT ,1,12-02-2009 12:06,45.95,14527,United Kingdom,45.95,,,
489792,21628,TRIANGULAR POUFFE VINTAGE ,1,12-02-2009 12:06,14.95,14527,United Kingdom,14.95,,,
489792,21625,VINTAGE UNION JACK APRON,4,12-02-2009 12:06,6.95,14527,United Kingdom,27.8,,,
489792,35004C,SET OF 3 COLOURED  FLYING DUCKS,2,12-02-2009 12:06,5.45,14527,United Kingdom,10.9,,,
489792,79321,CHILLI LIGHTS,1,12-02-2009 12:06,4.95,14527,United Kingdom,4.95,,,
489792,21931,JUMBO STORAGE BAG SUKI,1,12-02-2009 12:06,1.95,14527,United Kingdom,1.95,,,
489792,21930,JUMBO STORAGE BAG SKULLS,3,12-02-2009 12:06,1.95,14527,United Kingdom,5.85,,,
489792,21432,SET OF 3 CASES WOODLAND DESIGN,1,12-02-2009 12:06,5.95,14527,United Kingdom,5.95,,,
489792,21706,"FOLDING UMBRELLA , RED/WHITE SPOT",1,12-02-2009 12:06,4.95,14527,United Kingdom,4.95,,,
489792,79320, FLAMINGO LIGHTS,1,12-02-2009 12:06,4.95,14527,United Kingdom,4.95,,,
489792,21156,RED SPOTTY CHILDS APRON,14,12-02-2009 12:06,1.95,14527,United Kingdom,27.3,,,
489793,85061W,WHITE JEWELLED HEART DECORATION,24,12-02-2009 12:09,0.85,17476,United Kingdom,20.4,,,
489793,84977,WIRE FLOWER T-LIGHT HOLDER,6,12-02-2009 12:09,1.25,17476,United Kingdom,7.5,,,
489793,85048,15CM CHRISTMAS GLASS BALL 20 LIGHTS,2,12-02-2009 12:09,7.95,17476,United Kingdom,15.9,,,
489793,72756,FAIRY CAKE CANDLES,9,12-02-2009 12:09,1.49,17476,United Kingdom,13.41,,,
489793,85123A,WHITE HANGING HEART T-LIGHT HOLDER,6,12-02-2009 12:09,2.95,17476,United Kingdom,17.7,,,
489793,21733,RED HANGING HEART T-LIGHT HOLDER,6,12-02-2009 12:09,2.95,17476,United Kingdom,17.7,,,
489793,22227,"DECORATION, HANGING HEART+MIRROR ",24,12-02-2009 12:09,0.65,17476,United Kingdom,15.6,,,
489793,84405A,S/3 PINK COL METAL BASKET W HANDLE,1,12-02-2009 12:09,12.75,17476,United Kingdom,12.75,,,
489793,35400,WOODEN BOX ADVENT CALENDAR ,2,12-02-2009 12:09,8.95,17476,United Kingdom,17.9,,,
489793,22224,WHITE LOVEBIRD LANTERN,6,12-02-2009 12:09,2.95,17476,United Kingdom,17.7,,,
489793,21811,CHRISTMAS HANGING HEART WITH BELL,12,12-02-2009 12:09,1.25,17476,United Kingdom,15,,,
489793,85066,CREAM SWEETHEART MINI CHEST,2,12-02-2009 12:09,12.75,17476,United Kingdom,25.5,,,
489793,21729,SMALL MARAKESH METAL  LANTERN ,6,12-02-2009 12:09,3.25,17476,United Kingdom,19.5,,,
489793,20889,JARDIN DE FEMME SCENTED CANDLE,4,12-02-2009 12:09,2.95,17476,United Kingdom,11.8,,,
489793,22172,METAL SHELF WITH RAIL ,2,12-02-2009 12:09,8.5,17476,United Kingdom,17,,,
489793,85112,S/3 TEAR DROP CUT GLASS DECORATION,12,12-02-2009 12:09,1.25,17476,United Kingdom,15,,,
489794,20982,12 PENCILS TALL TUBE SKULLS,12,12-02-2009 12:13,0.85,15287,United Kingdom,10.2,,,
489794,21327,SKULLS WRITING SET ,12,12-02-2009 12:13,1.65,15287,United Kingdom,19.8,,,
489794,21425,SKULLS STORAGE BOX LARGE,6,12-02-2009 12:13,2.95,15287,United Kingdom,17.7,,,
489794,21495,SKULLS WRAP,25,12-02-2009 12:13,0.42,15287,United Kingdom,10.5,,,
489795,72741,GRAND CHOCOLATECANDLE,18,12-02-2009 12:13,1.45,14440,United Kingdom,26.1,,,
489795,21754,HOME BUILDING BLOCK WORD,36,12-02-2009 12:13,5.45,14440,United Kingdom,196.2,,,
489795,21614,SET OF 12 ROSE BOTANICAL T-LIGHTS,8,12-02-2009 12:13,2.95,14440,United Kingdom,23.6,,,
489795,72756,FAIRY CAKE CANDLES,18,12-02-2009 12:13,1.49,14440,United Kingdom,26.82,,,
489795,22189,CREAM HEART CARD HOLDER,12,12-02-2009 12:13,3.95,14440,United Kingdom,47.4,,,
489795,82486,WOOD S/3 CABINET ANT WHITE FINISH,8,12-02-2009 12:13,7.95,14440,United Kingdom,63.6,,,
489795,21755,LOVE BUILDING BLOCK WORD,36,12-02-2009 12:13,5.45,14440,United Kingdom,196.2,,,
489795,21135,VICTORIAN  METAL POSTCARD SPRING,16,12-02-2009 12:13,1.69,14440,United Kingdom,27.04,,,
489795,82494L,WOODEN FRAME ANTIQUE WHITE ,24,12-02-2009 12:13,2.55,14440,United Kingdom,61.2,,,
489795,82482,WOODEN PICTURE FRAME WHITE FINISH,36,12-02-2009 12:13,2.1,14440,United Kingdom,75.6,,,
489795,21107,CREAM SLICE FLANNEL PINK SPOT ,24,12-02-2009 12:13,2.55,14440,United Kingdom,61.2,,,
489795,21106,CREAM SLICE FLANNEL CHOCOLATE SPOT ,24,12-02-2009 12:13,2.55,14440,United Kingdom,61.2,,,
489795,21108,FAIRY CAKE FLANNEL ASSORTED COLOUR,27,12-02-2009 12:13,2.55,14440,United Kingdom,68.85,,,
489796,20668,DISCO BALL CHRISTMAS DECORATION,24,12-02-2009 12:15,0.12,15680,United Kingdom,2.88,,,
489796,20956,PORCELAIN T-LIGHT HOLDERS ASSORTED,12,12-02-2009 12:15,1.25,15680,United Kingdom,15,,,
489796,21007,ETCHED GLASS DROPLET DECORATION,12,12-02-2009 12:15,1.45,15680,United Kingdom,17.4,,,
489796,85112,S/3 TEAR DROP CUT GLASS DECORATION,12,12-02-2009 12:15,1.25,15680,United Kingdom,15,,,
489796,22130,PARTY CONE CHRISTMAS DECORATION ,12,12-02-2009 12:15,0.85,15680,United Kingdom,10.2,,,
489796,21490,SET OF THREE 50'S GIFT WRAPS ,6,12-02-2009 12:15,1.95,15680,United Kingdom,11.7,,,
489796,21811,CHRISTMAS HANGING HEART WITH BELL,12,12-02-2009 12:15,1.25,15680,United Kingdom,15,,,
489796,22335,HEART DECORATION PAINTED ZINC ,24,12-02-2009 12:15,0.65,15680,United Kingdom,15.6,,,
489796,22294,HEART FILIGREE DOVE  SMALL,24,12-02-2009 12:15,1.25,15680,United Kingdom,30,,,
489796,22295,HEART FILIGREE DOVE LARGE,12,12-02-2009 12:15,1.65,15680,United Kingdom,19.8,,,
489796,22219,LOVEBIRD HANGING DECORATION WHITE ,12,12-02-2009 12:15,0.85,15680,United Kingdom,10.2,,,
489796,22224,WHITE LOVEBIRD LANTERN,6,12-02-2009 12:15,2.95,15680,United Kingdom,17.7,,,
489796,85123A,WHITE HANGING HEART T-LIGHT HOLDER,12,12-02-2009 12:15,2.95,15680,United Kingdom,35.4,,,
489796,21733,RED HANGING HEART T-LIGHT HOLDER,6,12-02-2009 12:15,2.95,15680,United Kingdom,17.7,,,
489796,84879,ASSORTED COLOUR BIRD ORNAMENT,16,12-02-2009 12:15,1.69,15680,United Kingdom,27.04,,,
489796,20814,SILVER FINCH DECORATION,12,12-02-2009 12:15,1.25,15680,United Kingdom,15,,,
489796,22212,FOUR HOOK  WHITE LOVEBIRDS,6,12-02-2009 12:15,2.1,15680,United Kingdom,12.6,,,
489796,85199S,SMALL HANGING IVORY/RED WOOD BIRD,24,12-02-2009 12:15,0.42,15680,United Kingdom,10.08,,,
489796,21212,PACK OF 72 RETRO SPOT CAKE CASES,24,12-02-2009 12:15,0.55,15680,United Kingdom,13.2,,,
489797,22276,WASH BAG VINTAGE ROSE PAISLEY,1,12-02-2009 12:19,2.55,15581,United Kingdom,2.55,,,
489797,72807A,SET/3 ROSE CANDLE IN JEWELLED BOX,5,12-02-2009 12:19,4.25,15581,United Kingdom,21.25,,,
489797,20725,LUNCH BAG RED SPOTTY,1,12-02-2009 12:19,1.65,15581,United Kingdom,1.65,,,
489797,47566B,TEA TIME PARTY BUNTING,2,12-02-2009 12:19,4.65,15581,United Kingdom,9.3,,,
489797,79329,PINK FLOCK GLASS CANDLEHOLDER,4,12-02-2009 12:19,1.65,15581,United Kingdom,6.6,,,
489797,20765,CHRYSANTHEMUM SKETCHBOOK ,1,12-02-2009 12:19,3.75,15581,United Kingdom,3.75,,,
489797,22130,PARTY CONE CHRISTMAS DECORATION ,12,12-02-2009 12:19,0.85,15581,United Kingdom,10.2,,,
489797,22114,HOT WATER BOTTLE TEA AND SYMPATHY,1,12-02-2009 12:19,3.95,15581,United Kingdom,3.95,,,
489797,72349B,SET/6 PURPLE BUTTERFLY T-LIGHTS,1,12-02-2009 12:19,2.1,15581,United Kingdom,2.1,,,
489797,21740,COSY SLIPPER SHOES LARGE RED,1,12-02-2009 12:19,2.95,15581,United Kingdom,2.95,,,
489797,72815,3 WICK CHRISTMAS BRIAR CANDLE ,1,12-02-2009 12:19,3.75,15581,United Kingdom,3.75,,,
489797,21114,LAVENDER SCENTED FABRIC HEART,5,12-02-2009 12:19,1.25,15581,United Kingdom,6.25,,,
489797,22208,WOOD STAMP SET THANK YOU,2,12-02-2009 12:19,1.65,15581,United Kingdom,3.3,,,
489797,35931,PINK STAR CHRISTMAS DECORATION,12,12-02-2009 12:19,1.95,15581,United Kingdom,23.4,,,
489797,20668,DISCO BALL CHRISTMAS DECORATION,24,12-02-2009 12:19,0.12,15581,United Kingdom,2.88,,,
489797,20829,GLITTER HANGING BUTTERFLY STRING,1,12-02-2009 12:19,2.1,15581,United Kingdom,2.1,,,
489797,20765,CHRYSANTHEMUM SKETCHBOOK ,1,12-02-2009 12:19,3.75,15581,United Kingdom,3.75,,,
489797,22275,WEEKEND BAG VINTAGE ROSE PAISLEY,1,12-02-2009 12:19,8.5,15581,United Kingdom,8.5,,,
489797,21500,PINK SPOTS  WRAP ,50,12-02-2009 12:19,0.42,15581,United Kingdom,21,,,
489797,85099B,JUMBO BAG RED WHITE SPOTTY ,4,12-02-2009 12:19,1.95,15581,United Kingdom,7.8,,,
489797,20979,36 PENCILS TUBE RED SPOTTY,2,12-02-2009 12:19,1.25,15581,United Kingdom,2.5,,,
489797,85103, SILVER T-LIGHT SETTING,3,12-02-2009 12:19,6.75,15581,United Kingdom,20.25,,,
489797,20748,KENSINGTON COFFEE SET,1,12-02-2009 12:19,12.75,15581,United Kingdom,12.75,,,
489797,84031A,CHARLIE+LOLA RED HOT WATER BOTTLE ,2,12-02-2009 12:19,4.65,15581,United Kingdom,9.3,,,
489797,84032A,CHARLIE+LOLA PINK HOT WATER BOTTLE,1,12-02-2009 12:19,2.95,15581,United Kingdom,2.95,,,
489797,47591D,PINK FAIRY CAKE CHILD'S APRON,3,12-02-2009 12:19,1.95,15581,United Kingdom,5.85,,,
489798,22114,HOT WATER BOTTLE TEA AND SYMPATHY,4,12-02-2009 12:22,3.95,13740,United Kingdom,15.8,,,
489798,22207,FRYING PAN UNION FLAG,4,12-02-2009 12:22,4.25,13740,United Kingdom,17,,,
489798,22201,FRYING PAN BLUE POLKADOT ,4,12-02-2009 12:22,4.25,13740,United Kingdom,17,,,
489798,22215,CAKE STAND WHITE TWO TIER LACE,2,12-02-2009 12:22,8.5,13740,United Kingdom,17,,,
489798,22296,HEART IVORY TRELLIS LARGE,12,12-02-2009 12:22,1.65,13740,United Kingdom,19.8,,,
489798,47591D,PINK FAIRY CAKE CHILD'S APRON,8,12-02-2009 12:22,1.95,13740,United Kingdom,15.6,,,
489798,22125,UNION JACK HOT WATER BOTTLE ,3,12-02-2009 12:22,5.95,13740,United Kingdom,17.85,,,
489798,21622,VINTAGE UNION JACK CUSHION COVER,4,12-02-2009 12:22,4.95,13740,United Kingdom,19.8,,,
489798,21624,VINTAGE UNION JACK DOORSTOP,3,12-02-2009 12:22,5.95,13740,United Kingdom,17.85,,,
489798,21231,SWEETHEART CERAMIC TRINKET BOX,12,12-02-2009 12:22,1.25,13740,United Kingdom,15,,,
489798,22073,RETRO SPOT STORAGE JAR,4,12-02-2009 12:22,3.75,13740,United Kingdom,15,,,
489798,21527,RETRO SPOT TRADITIONAL TEAPOT ,2,12-02-2009 12:22,7.95,13740,United Kingdom,15.9,,,
489798,21528,DAIRY MAID TRADITIONAL TEAPOT ,2,12-02-2009 12:22,6.95,13740,United Kingdom,13.9,,,
489798,22199,FRYING PAN RED POLKADOT ,4,12-02-2009 12:22,4.25,13740,United Kingdom,17,,,
489798,20685,RED SPOTTY COIR DOORMAT,2,12-02-2009 12:22,6.75,13740,United Kingdom,13.5,,,
489798,22135,LADLE LOVE HEART PINK,12,12-02-2009 12:22,0.42,13740,United Kingdom,5.04,,,
489798,21115,ROSE CARAVAN DOORSTOP,2,12-02-2009 12:22,6.75,13740,United Kingdom,13.5,,,
489798,22073,RETRO SPOT STORAGE JAR,4,12-02-2009 12:22,3.75,13740,United Kingdom,15,,,
489798,21533,RETRO SPOT LARGE MILK JUG,3,12-02-2009 12:22,4.95,13740,United Kingdom,14.85,,,
489798,21535,RETRO SPOT SMALL MILK JUG,6,12-02-2009 12:22,2.55,13740,United Kingdom,15.3,,,
489800,21499,BLUE SPOTS  WRAP,25,12-02-2009 12:26,0.42,17768,United Kingdom,10.5,,,
489800,72756,FAIRY CAKE CANDLES,9,12-02-2009 12:26,1.49,17768,United Kingdom,13.41,,,
489800,82615,PINK MARSHMALLOW SCARF KNITTING KIT,4,12-02-2009 12:26,2.95,17768,United Kingdom,11.8,,,
489800,82616A,BUBBLE GUM SCARF KNITTING KIT,2,12-02-2009 12:26,2.95,17768,United Kingdom,5.9,,,
489800,21726,MULTI HEARTS  STICKERS,50,12-02-2009 12:26,0.85,17768,United Kingdom,42.5,,,
489800,16161U,"WRAP,SUKI AND FRIENDS",25,12-02-2009 12:26,0.42,17768,United Kingdom,10.5,,,
489800,21497,FANCY FONTS BIRTHDAY WRAP,25,12-02-2009 12:26,0.42,17768,United Kingdom,10.5,,,
489800,16012,FOOD/DRINK SPUNGE STICKERS,61,12-02-2009 12:26,0.21,17768,United Kingdom,12.81,,,
489800,84559B,3D SHEET OF CAT STICKERS,8,12-02-2009 12:26,0.85,17768,United Kingdom,6.8,,,
489800,84559A,3D SHEET OF DOG STICKERS,4,12-02-2009 12:26,0.85,17768,United Kingdom,3.4,,,
489800,84249D,FAIRY CAKE GREETINGS CARD,12,12-02-2009 12:26,0.42,17768,United Kingdom,5.04,,,
489800,21098,CHRISTMAS TOILET ROLL,2,12-02-2009 12:26,1.25,17768,United Kingdom,2.5,,,
489800,22276,WASH BAG VINTAGE ROSE PAISLEY,10,12-02-2009 12:26,2.55,17768,United Kingdom,25.5,,,
489800,84270,ASSTD DESIGN BUBBLE GUM RING,90,12-02-2009 12:26,0.21,17768,United Kingdom,18.9,,,
489800,21700,BIG DOUGHNUT FRIDGE MAGNETS,30,12-02-2009 12:26,0.85,17768,United Kingdom,25.5,,,
489800,21100,CHARLIE AND LOLA CHARLOTTE BAG,20,12-02-2009 12:26,1.65,17768,United Kingdom,33,,,
489800,22200,FRYING PAN PINK POLKADOT ,1,12-02-2009 12:26,4.25,17768,United Kingdom,4.25,,,
489800,22202,MILK PAN PINK RETROSPOT,1,12-02-2009 12:26,3.75,17768,United Kingdom,3.75,,,
489800,84050,PINK HEART SHAPE EGG FRYING PAN,6,12-02-2009 12:26,1.65,17768,United Kingdom,9.9,,,
489800,22196,SMALL HEART MEASURING SPOONS,2,12-02-2009 12:26,0.85,17768,United Kingdom,1.7,,,
489800,22195,LARGE HEART MEASURING SPOONS,6,12-02-2009 12:26,1.65,17768,United Kingdom,9.9,,,
489800,17003,BROCADE RING PURSE ,36,12-02-2009 12:26,0.21,17768,United Kingdom,7.56,,,
489800,84813,SET OF 4 DIAMOND NAPKIN RINGS,1,12-02-2009 12:26,12.75,17768,United Kingdom,12.75,,,
489800,21700,BIG DOUGHNUT FRIDGE MAGNETS,30,12-02-2009 12:26,0.85,17768,United Kingdom,25.5,,,
489800,22064,PINK DOUGHNUT TRINKET POT ,12,12-02-2009 12:26,1.65,17768,United Kingdom,19.8,,,
489800,22347,PIZZA SLICE DISH,12,12-02-2009 12:26,1.25,17768,United Kingdom,15,,,
489800,21232,STRAWBERRY CERAMIC TRINKET BOX,12,12-02-2009 12:26,1.25,17768,United Kingdom,15,,,
489800,21231,SWEETHEART CERAMIC TRINKET BOX,12,12-02-2009 12:26,1.25,17768,United Kingdom,15,,,
489800,20718,RED SPOTTY SHOPPER BAG,6,12-02-2009 12:26,1.25,17768,United Kingdom,7.5,,,
489800,85099B,JUMBO BAG RED WHITE SPOTTY ,6,12-02-2009 12:26,1.95,17768,United Kingdom,11.7,,,
489800,20724,RED SPOTTY CHARLOTTE BAG,10,12-02-2009 12:26,0.85,17768,United Kingdom,8.5,,,
489800,22356,"CHARLOTTE BAG , PINK/WHITE SPOTS",2,12-02-2009 12:26,0.85,17768,United Kingdom,1.7,,,
489801,85071B,RED CHARLIE+LOLA PERSONAL DOORSIGN,96,12-02-2009 12:28,0.38,12948,United Kingdom,36.48,,,
489801,20730,STRAWBERRY CANDY BAG,10,12-02-2009 12:28,1.25,12948,United Kingdom,12.5,,,
489801,21935,SUKI  SHOULDER BAG,10,12-02-2009 12:28,1.65,12948,United Kingdom,16.5,,,
489801,51008,AFGHAN SLIPPER SOCK PAIR,10,12-02-2009 12:28,3.45,12948,United Kingdom,34.5,,,
489801,21871,SAVE THE PLANET MUG,12,12-02-2009 12:28,1.25,12948,United Kingdom,15,,,
489801,21577,SAVE THE PLANET COTTON TOTE BAG,6,12-02-2009 12:28,2.25,12948,United Kingdom,13.5,,,
489802,22081,RIBBON REEL FLORA + FAUNA ,5,12-02-2009 12:32,1.65,15581,United Kingdom,8.25,,,
489802,84388,WISE MAN STAR SHAPE EGG PAN,1,12-02-2009 12:32,1.65,15581,United Kingdom,1.65,,,
489802,11001,ASSTD DESIGN RACING CAR PEN,2,12-02-2009 12:32,1.69,15581,United Kingdom,3.38,,,
489802,84006,MAGIC TREE -PAPER FLOWERS,1,12-02-2009 12:32,0.85,15581,United Kingdom,0.85,,,
489802,84077,WORLD WAR 2 GLIDERS ASSTD DESIGNS,3,12-02-2009 12:32,0.21,15581,United Kingdom,0.63,,,
489802,20751,FUNKY WASHING UP GLOVES ASSORTED,1,12-02-2009 12:32,2.1,15581,United Kingdom,2.1,,,
489802,22196,SMALL HEART MEASURING SPOONS,1,12-02-2009 12:32,0.85,15581,United Kingdom,0.85,,,
489802,20981,12 PENCILS TALL TUBE WOODLAND,1,12-02-2009 12:32,0.85,15581,United Kingdom,0.85,,,
489802,20982,12 PENCILS TALL TUBE SKULLS,1,12-02-2009 12:32,0.85,15581,United Kingdom,0.85,,,
489802,85104,SILVER GLASS T-LIGHT SET,4,12-02-2009 12:32,2.95,15581,United Kingdom,11.8,,,
489802,85112,S/3 TEAR DROP CUT GLASS DECORATION,3,12-02-2009 12:32,1.25,15581,United Kingdom,3.75,,,
489802,21353,SILVER SLEIGHBELL  WREATH,1,12-02-2009 12:32,7.95,15581,United Kingdom,7.95,,,
489802,21034,REX CASH+CARRY JUMBO SHOPPER,1,12-02-2009 12:32,0.95,15581,United Kingdom,0.95,,,
489802,21508,VINTAGE KID DOLLY CARD ,12,12-02-2009 12:32,0.42,15581,United Kingdom,5.04,,,
489802,22028,PENNY FARTHING BIRTHDAY CARD,12,12-02-2009 12:32,0.42,15581,United Kingdom,5.04,,,
489802,79192A,RETRO PLASTIC 70'S TRAY,1,12-02-2009 12:32,1.25,15581,United Kingdom,1.25,,,
489802,85222,ASSORTED COLOUR SILK COSMETIC PURSE,3,12-02-2009 12:32,2.1,15581,United Kingdom,6.3,,,
489802,22046,TEA PARTY  WRAPPING PAPER ,25,12-02-2009 12:32,0.42,15581,United Kingdom,10.5,,,
489802,16161U,"WRAP,SUKI AND FRIENDS",25,12-02-2009 12:32,0.42,15581,United Kingdom,10.5,,,
489802,17033,"BROCADE PURSE,SMALL ARCH BUTTON",4,12-02-2009 12:32,0.29,15581,United Kingdom,1.16,,,
489802,85222,ASSORTED COLOUR SILK COSMETIC PURSE,4,12-02-2009 12:32,2.1,15581,United Kingdom,8.4,,,
489802,21692,SILVER LATTICE VANILLA CANDLE POT,2,12-02-2009 12:32,3.75,15581,United Kingdom,7.5,,,
489802,21931,JUMBO STORAGE BAG SUKI,1,12-02-2009 12:32,1.95,15581,United Kingdom,1.95,,,
489802,21883,STARS GIFT TAPE ,1,12-02-2009 12:32,0.65,15581,United Kingdom,0.65,,,
489802,21882,SKULLS TAPE,1,12-02-2009 12:32,0.65,15581,United Kingdom,0.65,,,
489802,21884,CAKES AND BOWS GIFT  TAPE,1,12-02-2009 12:32,0.65,15581,United Kingdom,0.65,,,
489802,21881,CUTE CATS TAPE,1,12-02-2009 12:32,0.65,15581,United Kingdom,0.65,,,
489802,21880,RED AND WHITE SPOT TAPE,1,12-02-2009 12:32,0.65,15581,United Kingdom,0.65,,,
489802,84692,BOX OF 24 COCKTAIL PARASOLS,1,12-02-2009 12:32,0.42,15581,United Kingdom,0.42,,,
489802,79336,LIGHT PINK FLOCK GLASS CANDLEHOLDER,1,12-02-2009 12:32,1.65,15581,United Kingdom,1.65,,,
489802,22331,WOODLAND PARTY BAG + STICKER SET,4,12-02-2009 12:32,1.65,15581,United Kingdom,6.6,,,
489802,21012,ANTIQUE ALL GLASS CANDLESTICK,1,12-02-2009 12:32,2.1,15581,United Kingdom,2.1,,,
489802,22315,200 RED + WHITE BENDY STRAWS,1,12-02-2009 12:32,1.25,15581,United Kingdom,1.25,,,
489802,85097B,BLUE ROCKING SINGING CANARY,2,12-02-2009 12:32,3.75,15581,United Kingdom,7.5,,,
489802,21486,PINK HEART DOTS HOT WATER BOTTLE,1,12-02-2009 12:32,3.75,15581,United Kingdom,3.75,,,
489802,21479,WHITE SKULL HOT WATER BOTTLE ,1,12-02-2009 12:32,3.75,15581,United Kingdom,3.75,,,
489802,21330,WOODLAND ANIMAL  WRITING SET ,1,12-02-2009 12:32,1.65,15581,United Kingdom,1.65,,,
489802,21328,BALLOONS  WRITING SET ,1,12-02-2009 12:32,1.65,15581,United Kingdom,1.65,,,
489802,21685,MEDINA STAMPED METAL TRAY ,1,12-02-2009 12:32,14.95,15581,United Kingdom,14.95,,,
489802,22079,RIBBON REEL HEARTS DESIGN ,5,12-02-2009 12:32,1.65,15581,United Kingdom,8.25,,,
489802,16235,RECYCLED PENCIL WITH RABBIT ERASER,1,12-02-2009 12:32,0.21,15581,United Kingdom,0.21,,,
489802,84466,TOP SECRET PEN SET,1,12-02-2009 12:32,1.25,15581,United Kingdom,1.25,,,
489802,85111,SILVER GLITTER FLOWER VOTIVE HOLDER,1,12-02-2009 12:32,1.25,15581,United Kingdom,1.25,,,
489802,85036C,ROSE 1 WICK MORRIS BOXED CANDLE,2,12-02-2009 12:32,4.25,15581,United Kingdom,8.5,,,
489802,21507,"ELEPHANT, BIRTHDAY CARD, ",12,12-02-2009 12:32,0.42,15581,United Kingdom,5.04,,,
489804,84854,GIRLY PINK TOOL SET,2,12-02-2009 12:38,4.95,14667,United Kingdom,9.9,,,
489804,22113,GREY HEART HOT WATER BOTTLE,12,12-02-2009 12:38,3.45,14667,United Kingdom,41.4,,,
489804,84855,BLOKEY SILVER TOOL SET,2,12-02-2009 12:38,4.95,14667,United Kingdom,9.9,,,
489804,84854,GIRLY PINK TOOL SET,3,12-02-2009 12:38,4.95,14667,United Kingdom,14.85,,,
489804,21806,WHITE CHRISTMAS HEART DECORATION,36,12-02-2009 12:38,0.42,14667,United Kingdom,15.12,,,
489804,84992,72 SWEETHEART FAIRY CAKE CASES,24,12-02-2009 12:38,0.55,14667,United Kingdom,13.2,,,
489804,21212,PACK OF 72 RETRO SPOT CAKE CASES,24,12-02-2009 12:38,0.55,14667,United Kingdom,13.2,,,
489804,85231B,CINAMMON SET OF 9 T-LIGHTS,6,12-02-2009 12:38,0.85,14667,United Kingdom,5.1,,,
489804,85231G,ORANGE SCENTED SET/9 T-LIGHTS,4,12-02-2009 12:38,0.85,14667,United Kingdom,3.4,,,
489804,22157,ANGEL DECORATION WITH LACE PADDED,24,12-02-2009 12:38,0.85,14667,United Kingdom,20.4,,,
489804,84952C,MIRROR LOVE BIRD T-LIGHT HOLDER,6,12-02-2009 12:38,3.75,14667,United Kingdom,22.5,,,
489804,21816,CHRISTMAS TREE T-LIGHT HOLDER,12,12-02-2009 12:38,1.45,14667,United Kingdom,17.4,,,
489804,84754,S/15 SILVER GLASS BAUBLES IN BAG,10,12-02-2009 12:38,1.25,14667,United Kingdom,12.5,,,
489804,21466,RED FLOWER CROCHET FOOD COVER,3,12-02-2009 12:38,3.75,14667,United Kingdom,11.25,,,
489804,22187,GREEN CHRISTMAS TREE CARD HOLDER,5,12-02-2009 12:38,4.25,14667,United Kingdom,21.25,,,
489804,85039B,S/4 IVORY MINI ROSE CANDLE IN BOWL,12,12-02-2009 12:38,1.65,14667,United Kingdom,19.8,,,
489805,84991,60 TEATIME FAIRY CAKE CASES,3,12-02-2009 12:39,0.55,17377,United Kingdom,1.65,,,
489805,21519,GIN & TONIC DIET GREETING CARD ,12,12-02-2009 12:39,0.42,17377,United Kingdom,5.04,,,
489805,21518,BANK ACCOUNT  GREETING  CARD ,12,12-02-2009 12:39,0.42,17377,United Kingdom,5.04,,,
489805,22030,SWALLOWS GREETING CARD,12,12-02-2009 12:39,0.42,17377,United Kingdom,5.04,,,
489805,22024,RAINY LADIES BIRTHDAY CARD,12,12-02-2009 12:39,0.42,17377,United Kingdom,5.04,,,
489805,22028,PENNY FARTHING BIRTHDAY CARD,12,12-02-2009 12:39,0.42,17377,United Kingdom,5.04,,,
489805,22023,EMPIRE BIRTHDAY CARD,12,12-02-2009 12:39,0.42,17377,United Kingdom,5.04,,,
489805,21877,HOME SWEET HOME MUG,6,12-02-2009 12:39,1.25,17377,United Kingdom,7.5,,,
489805,20752,RETRO BLUE SPOTTY WASHING UP GLOVES,1,12-02-2009 12:39,2.1,17377,United Kingdom,2.1,,,
489805,20753,RETRO PINK SPOT WASHING UP GLOVES,1,12-02-2009 12:39,2.1,17377,United Kingdom,2.1,,,
489805,21493, VINTAGE DESIGN GIFT TAGS,10,12-02-2009 12:39,0.85,17377,United Kingdom,8.5,,,
489805,21035,SET/2 RED SPOTTY TEA TOWELS ,2,12-02-2009 12:39,2.95,17377,United Kingdom,5.9,,,
489805,21041,RED SPOTTY OVEN GLOVE DOUBLE,3,12-02-2009 12:39,2.95,17377,United Kingdom,8.85,,,
489805,22122,SET OF 2 FANCY FONT TEA TOWELS,2,12-02-2009 12:39,2.95,17377,United Kingdom,5.9,,,
489805,47556B,TEA TIME TEA TOWELS ,2,12-02-2009 12:39,2.95,17377,United Kingdom,5.9,,,
489805,84600,NEW BAROQUE JEWELLERY BOX ,1,12-02-2009 12:39,7.95,17377,United Kingdom,7.95,,,
489805,21430,SET/3 RED GINGHAM ROSE STORAGE BOX,1,12-02-2009 12:39,3.75,17377,United Kingdom,3.75,,,
489805,21477,STRING OF 20 ROSE LIGHTS,2,12-02-2009 12:39,12.75,17377,United Kingdom,25.5,,,
489805,21429,RED GINGHAM ROSE JEWELLERY BOX,1,12-02-2009 12:39,1.65,17377,United Kingdom,1.65,,,
489805,21431,GREEN GINGHAM FLOWER JEWELLERY BOX,1,12-02-2009 12:39,1.65,17377,United Kingdom,1.65,,,
489805,84813,SET OF 4 DIAMOND NAPKIN RINGS,1,12-02-2009 12:39,12.75,17377,United Kingdom,12.75,,,
489805,21621,VINTAGE UNION JACK BUNTING,2,12-02-2009 12:39,8.5,17377,United Kingdom,17,,,
489805,72756,FAIRY CAKE CANDLES,9,12-02-2009 12:39,1.49,17377,United Kingdom,13.41,,,
489805,82494L,WOODEN FRAME ANTIQUE WHITE ,4,12-02-2009 12:39,2.95,17377,United Kingdom,11.8,,,
489805,85232B,SET/3 RUSSIAN DOLL STACKING TINS,1,12-02-2009 12:39,4.95,17377,United Kingdom,4.95,,,
489805,21590,KINGS CHOICE CIGAR BOX MATCHES ,3,12-02-2009 12:39,1.25,17377,United Kingdom,3.75,,,
489805,21593,SWALLOW CIGAR BOX MATCHES ,3,12-02-2009 12:39,1.25,17377,United Kingdom,3.75,,,
489805,84510A,SET OF 4 ENGLISH ROSE COASTERS,2,12-02-2009 12:39,1.25,17377,United Kingdom,2.5,,,
489805,84510C,SET OF 4 POLKADOTS COASTERS,2,12-02-2009 12:39,1.25,17377,United Kingdom,2.5,,,
489805,20981,12 PENCILS TALL TUBE WOODLAND,3,12-02-2009 12:39,0.85,17377,United Kingdom,2.55,,,
489805,17109B,FLOWER FAIRY INCENSE LAVENDER,2,12-02-2009 12:39,1.69,17377,United Kingdom,3.38,,,
489805,17109C,FLOWER FAIRY INCENSE ROSE,3,12-02-2009 12:39,1.69,17377,United Kingdom,5.07,,,
489805,21485,RED SPOT HEART HOT WATER BOTTLE,9,12-02-2009 12:39,4.95,17377,United Kingdom,44.55,,,
489805,21034,REX CASH+CARRY JUMBO SHOPPER,1,12-02-2009 12:39,0.95,17377,United Kingdom,0.95,,,
489805,21622,VINTAGE UNION JACK CUSHION COVER,25,12-02-2009 12:39,4.95,17377,United Kingdom,123.75,,,
489805,22111,SCOTTIE DOG HOT WATER BOTTLE,7,12-02-2009 12:39,4.95,17377,United Kingdom,34.65,,,
489805,21490,SET OF THREE 50'S GIFT WRAPS ,2,12-02-2009 12:39,1.95,17377,United Kingdom,3.9,,,
489805,21491,SET OF THREE VINTAGE GIFT WRAPS,4,12-02-2009 12:39,1.95,17377,United Kingdom,7.8,,,
489805,20658,RED SPOTTY LUGGAGE TAG,4,12-02-2009 12:39,1.25,17377,United Kingdom,5,,,
489805,20669,RED HEART LUGGAGE TAG,10,12-02-2009 12:39,1.25,17377,United Kingdom,12.5,,,
489805,22079,RIBBON REEL HEARTS DESIGN ,3,12-02-2009 12:39,1.65,17377,United Kingdom,4.95,,,
489805,22080,RIBBON REEL SPOTS DESIGN ,3,12-02-2009 12:39,1.65,17377,United Kingdom,4.95,,,
489805,21212,PACK OF 72 RETRO SPOT CAKE CASES,4,12-02-2009 12:39,0.55,17377,United Kingdom,2.2,,,
489805,21976,PACK OF 60 MUSHROOM CAKE CASES,1,12-02-2009 12:39,0.55,17377,United Kingdom,0.55,,,
489805,84992,72 SWEETHEART FAIRY CAKE CASES,7,12-02-2009 12:39,0.55,17377,United Kingdom,3.85,,,
489805,21977,PACK OF 60 PINK PAISLEY CAKE CASES,4,12-02-2009 12:39,0.55,17377,United Kingdom,2.2,,,
489807,85044,RED REINDEER STRING OF 20 LIGHTS,2,12-02-2009 12:43,4.95,15581,United Kingdom,9.9,,,
489807,21703,BAG 125g SWIRLY MARBLES,96,12-02-2009 12:43,0.36,15581,United Kingdom,34.56,,,
489807,21681,GIANT MEDINA STAMPED METAL BOWL ,1,12-02-2009 12:43,9.95,15581,United Kingdom,9.95,,,
489807,84828,JUNGLE POPSICLES ICE LOLLY HOLDERS,1,12-02-2009 12:43,1.25,15581,United Kingdom,1.25,,,
489807,35160,BUDDHA INCENSE HOLDER ASSORTED,1,12-02-2009 12:43,0.85,15581,United Kingdom,0.85,,,
489807,21975,PACK OF 60 DINOSAUR CAKE CASES,1,12-02-2009 12:43,0.55,15581,United Kingdom,0.55,,,
489807,84992,72 SWEETHEART FAIRY CAKE CASES,1,12-02-2009 12:43,0.55,15581,United Kingdom,0.55,,,
489807,20728,LUNCH BAG CARS BLUE,1,12-02-2009 12:43,1.65,15581,United Kingdom,1.65,,,
489807,21481,FAWN BLUE HOT WATER BOTTLE,1,12-02-2009 12:43,2.95,15581,United Kingdom,2.95,,,
489807,21931,JUMBO STORAGE BAG SUKI,1,12-02-2009 12:43,1.95,15581,United Kingdom,1.95,,,
489807,10138,ASSORTED COLOUR JUMBO PEN,96,12-02-2009 12:43,0.42,15581,United Kingdom,40.32,,,
489807,85047,WHITE BEADED GARLAND STRING 20LIGHT,1,12-02-2009 12:43,6.35,15581,United Kingdom,6.35,,,
489807,85183A,CHARLIE & LOLA WASTEPAPER BIN BLUE,1,12-02-2009 12:43,3.75,15581,United Kingdom,3.75,,,
489807,84031A,CHARLIE+LOLA RED HOT WATER BOTTLE ,1,12-02-2009 12:43,4.65,15581,United Kingdom,4.65,,,
489807,21016,LIGHT BIRD HOUSE TREE DECORATION,2,12-02-2009 12:43,0.85,15581,United Kingdom,1.7,,,
489807,22130,PARTY CONE CHRISTMAS DECORATION ,12,12-02-2009 12:43,0.85,15581,United Kingdom,10.2,,,
489807,35981C,WHITE SNOW SCANDINAVIAN STOCKING ,2,12-02-2009 12:43,1.25,15581,United Kingdom,2.5,,,
489807,21016,LIGHT BIRD HOUSE TREE DECORATION,1,12-02-2009 12:43,0.85,15581,United Kingdom,0.85,,,
489807,21825,PAINTED METAL TREE WITH HOLLY BELLS,8,12-02-2009 12:43,1.45,15581,United Kingdom,11.6,,,
489807,20974,12 PENCILS SMALL TUBE SKULL,1,12-02-2009 12:43,0.65,15581,United Kingdom,0.65,,,
489807,20975,12 PENCILS SMALL TUBE RED SPOTTY,1,12-02-2009 12:43,0.65,15581,United Kingdom,0.65,,,
489807,35979,SIX STRING SCANDINAVIAN HEART DECS,1,12-02-2009 12:43,2.95,15581,United Kingdom,2.95,,,
489807,21493, VINTAGE DESIGN GIFT TAGS,2,12-02-2009 12:43,0.85,15581,United Kingdom,1.7,,,
489807,22273,FELTCRAFT DOLL MOLLY,1,12-02-2009 12:43,2.95,15581,United Kingdom,2.95,,,
489807,35400,WOODEN BOX ADVENT CALENDAR ,2,12-02-2009 12:43,8.95,15581,United Kingdom,17.9,,,
489807,21467,CHERRY CROCHET FOOD COVER,1,12-02-2009 12:43,3.75,15581,United Kingdom,3.75,,,
489807,84347,ROTATING SILVER ANGELS T-LIGHT HLDR,1,12-02-2009 12:43,2.55,15581,United Kingdom,2.55,,,
489807,21034,REX CASH+CARRY JUMBO SHOPPER,1,12-02-2009 12:43,0.95,15581,United Kingdom,0.95,,,
489808,84510A,SET OF 4 ENGLISH ROSE COASTERS,2,12-02-2009 12:44,1.25,14467,United Kingdom,2.5,,,
489808,84510F,SET OF 4 NEW ENGLAND COASTERS ,2,12-02-2009 12:44,1.25,14467,United Kingdom,2.5,,,
489808,85123A,WHITE HANGING HEART T-LIGHT HOLDER,8,12-02-2009 12:44,2.95,14467,United Kingdom,23.6,,,
489808,20972,PINK CREAM FELT CRAFT TRINKET BOX ,4,12-02-2009 12:44,1.25,14467,United Kingdom,5,,,
489808,20736,PINK MINI TAPE MEASURE ,6,12-02-2009 12:44,0.85,14467,United Kingdom,5.1,,,
489808,21212,PACK OF 72 RETRO SPOT CAKE CASES,4,12-02-2009 12:44,0.55,14467,United Kingdom,2.2,,,
489808,22080,RIBBON REEL SPOTS DESIGN ,1,12-02-2009 12:44,1.65,14467,United Kingdom,1.65,,,
489808,22082,RIBBON REEL STRIPES DESIGN ,1,12-02-2009 12:44,1.65,14467,United Kingdom,1.65,,,
489808,21986,PACK OF 12 PINK SPOT TISSUES ,6,12-02-2009 12:44,0.29,14467,United Kingdom,1.74,,,
489808,22147,FELTCRAFT BUTTERFLY HEARTS,10,12-02-2009 12:44,1.45,14467,United Kingdom,14.5,,,
489808,21431,GREEN GINGHAM FLOWER JEWELLERY BOX,2,12-02-2009 12:44,1.65,14467,United Kingdom,3.3,,,
489808,21429,RED GINGHAM ROSE JEWELLERY BOX,2,12-02-2009 12:44,1.65,14467,United Kingdom,3.3,,,
489808,22186,RED STAR CARD HOLDER,5,12-02-2009 12:44,2.95,14467,United Kingdom,14.75,,,
489808,35961,FOLKART ZINC HEART CHRISTMAS DEC,12,12-02-2009 12:44,0.85,14467,United Kingdom,10.2,,,
489808,20983,12 PENCILS TALL TUBE RED SPOTTY,10,12-02-2009 12:44,0.85,14467,United Kingdom,8.5,,,
489808,20982,12 PENCILS TALL TUBE SKULLS,5,12-02-2009 12:44,0.85,14467,United Kingdom,4.25,,,
489808,47580,TEA TIME DES TEA COSY,2,12-02-2009 12:44,2.55,14467,United Kingdom,5.1,,,
489809,20726,LUNCH BAG WOODLAND,10,12-02-2009 12:46,1.65,13457,United Kingdom,16.5,,,
489809,85162C,WHITE RETRODISC LAMPSHADE,24,12-02-2009 12:46,1.95,13457,United Kingdom,46.8,,,
489809,17129D,CLEAR COLOUR GLASS GEMS IN BAG,12,12-02-2009 12:46,0.85,13457,United Kingdom,10.2,,,
489809,21935,SUKI  SHOULDER BAG,10,12-02-2009 12:46,1.65,13457,United Kingdom,16.5,,,
489809,84050,PINK HEART SHAPE EGG FRYING PAN,6,12-02-2009 12:46,1.65,13457,United Kingdom,9.9,,,
489809,47579,TEA TIME BREAKFAST BASKET,6,12-02-2009 12:46,2.1,13457,United Kingdom,12.6,,,
489810,22415,WHITE TISSUE REAM,4,12-02-2009 12:47,7.95,18108,United Kingdom,31.8,,,
489810,21754,HOME BUILDING BLOCK WORD,3,12-02-2009 12:47,5.95,18108,United Kingdom,17.85,,,
489810,21755,LOVE BUILDING BLOCK WORD,3,12-02-2009 12:47,5.95,18108,United Kingdom,17.85,,,
489810,82494L,WOODEN FRAME ANTIQUE WHITE ,6,12-02-2009 12:47,2.95,18108,United Kingdom,17.7,,,
489810,22296,HEART IVORY TRELLIS LARGE,12,12-02-2009 12:47,1.65,18108,United Kingdom,19.8,,,
489810,85103, SILVER T-LIGHT SETTING,2,12-02-2009 12:47,6.75,18108,United Kingdom,13.5,,,
489810,20749,ASSORTED COLOUR MINI CASES,2,12-02-2009 12:47,7.95,18108,United Kingdom,15.9,,,
489810,21337,SILVER WASHBAG,6,12-02-2009 12:47,2.95,18108,United Kingdom,17.7,,,
489810,72807A,SET/3 ROSE CANDLE IN JEWELLED BOX,4,12-02-2009 12:47,4.25,18108,United Kingdom,17,,,
489810,21143,ANTIQUE GLASS HEART DECORATION ,12,12-02-2009 12:47,1.95,18108,United Kingdom,23.4,,,
489810,21811,CHRISTMAS HANGING HEART WITH BELL,12,12-02-2009 12:47,1.25,18108,United Kingdom,15,,,
489810,21523,FANCY FONT HOME SWEET HOME DOORMAT,2,12-02-2009 12:47,6.75,18108,United Kingdom,13.5,,,
489810,21955,UNION JACK GUNS & ROSES  DOORMAT,2,12-02-2009 12:47,6.75,18108,United Kingdom,13.5,,,
489810,79323S, SILVER CHERRY LIGHTS,4,12-02-2009 12:47,6.75,18108,United Kingdom,27,,,
489810,79323B,BLACK CHERRY LIGHTS,4,12-02-2009 12:47,6.75,18108,United Kingdom,27,,,
489810,22120,WELCOME  WOODEN BLOCK LETTERS,3,12-02-2009 12:47,9.95,18108,United Kingdom,29.85,,,
489810,21864,UNION JACK FLAG PASSPORT COVER ,6,12-02-2009 12:47,2.1,18108,United Kingdom,12.6,,,
489810,20622,VIPPASSPORT COVER ,6,12-02-2009 12:47,2.1,18108,United Kingdom,12.6,,,
489810,46000M,POLYESTER FILLER PAD 45x45cm,4,12-02-2009 12:47,1.55,18108,United Kingdom,6.2,,,
489810,21622,VINTAGE UNION JACK CUSHION COVER,4,12-02-2009 12:47,4.95,18108,United Kingdom,19.8,,,
489810,72267,PREMIUM CHURCH CANDLE,8,12-02-2009 12:47,2.1,18108,United Kingdom,16.8,,,
489810,72484,ROSES IN WHITE HEART CANDLE ,12,12-02-2009 12:47,1.25,18108,United Kingdom,15,,,
489810,84836,ZINC METAL HEART DECORATION,24,12-02-2009 12:47,1.25,18108,United Kingdom,30,,,
489810,84791,GINGHAM HEART DECORATION,6,12-02-2009 12:47,2.95,18108,United Kingdom,17.7,,,
489810,22189,CREAM HEART CARD HOLDER,8,12-02-2009 12:47,3.95,18108,United Kingdom,31.6,,,
489810,22145,CHRISTMAS CRAFT HEART STOCKING ,6,12-02-2009 12:47,2.1,18108,United Kingdom,12.6,,,
489811,22109,FULL ENGLISH BREAKFAST PLATE,8,12-02-2009 12:54,3.75,16210,United Kingdom,30,,,
489811,22107,PIZZA PLATE IN BOX,8,12-02-2009 12:54,3.75,16210,United Kingdom,30,,,
489811,21625,VINTAGE UNION JACK APRON,3,12-02-2009 12:54,6.95,16210,United Kingdom,20.85,,,
489811,21622,VINTAGE UNION JACK CUSHION COVER,4,12-02-2009 12:54,4.95,16210,United Kingdom,19.8,,,
489811,21232,STRAWBERRY CERAMIC TRINKET BOX,72,12-02-2009 12:54,1.06,16210,United Kingdom,76.32,,,
489811,21231,SWEETHEART CERAMIC TRINKET BOX,72,12-02-2009 12:54,1.06,16210,United Kingdom,76.32,,,
489811,37494A,FAIRY CAKE CERAMIC BUTTER DISH,36,12-02-2009 12:54,2.55,16210,United Kingdom,91.8,,,
489811,22335,HEART DECORATION PAINTED ZINC ,288,12-02-2009 12:54,0.55,16210,United Kingdom,158.4,,,
489811,79323W, WHITE CHERRY LIGHTS,24,12-02-2009 12:54,5.45,16210,United Kingdom,130.8,,,
489812,20906,VINTAGE NOTEBOOK BEAUTY GIRL,1,12-02-2009 13:00,2.95,17377,United Kingdom,2.95,,,
489812,84709B,PINK OVAL JEWELLED MIRROR,2,12-02-2009 13:00,5.95,17377,United Kingdom,11.9,,,
489812,21212,PACK OF 72 RETRO SPOT CAKE CASES,1,12-02-2009 13:00,0.55,17377,United Kingdom,0.55,,,
489812,85032A,ROMANTIC IMAGES GIFT WRAP SET,1,12-02-2009 13:00,2.1,17377,United Kingdom,2.1,,,
489812,85018D,YULETIDE IMAGES S/6 PAPER BOXES,1,12-02-2009 13:00,2.55,17377,United Kingdom,2.55,,,
489812,85066,CREAM SWEETHEART MINI CHEST,1,12-02-2009 13:00,12.75,17377,United Kingdom,12.75,,,
489812,84708B,PINK JEWELLED PHOTO FRAME ,1,12-02-2009 13:00,4.95,17377,United Kingdom,4.95,,,
489812,85178,VICTORIAN SEWING KIT,2,12-02-2009 13:00,1.25,17377,United Kingdom,2.5,,,
489812,21391,FRENCH EMROIDR LAVENDER SCENT HEART,3,12-02-2009 13:00,2.1,17377,United Kingdom,6.3,,,
489812,90035C,"PEARL & SHELL 42""NECKL. IVORY",19,12-02-2009 13:00,10.75,17377,United Kingdom,204.25,,,
489812,90082A,DIAMANTE BOW BROOCH GREEN COLOUR,1,12-02-2009 13:00,6.35,17377,United Kingdom,6.35,,,
489812,21880,RED AND WHITE SPOT TAPE,1,12-02-2009 13:00,0.65,17377,United Kingdom,0.65,,,
489812,21883,STARS GIFT TAPE ,1,12-02-2009 13:00,0.65,17377,United Kingdom,0.65,,,
489812,22080,RIBBON REEL SPOTS DESIGN ,1,12-02-2009 13:00,1.65,17377,United Kingdom,1.65,,,
489812,47556B,TEA TIME TEA TOWELS ,1,12-02-2009 13:00,2.95,17377,United Kingdom,2.95,,,
489812,22122,SET OF 2 FANCY FONT TEA TOWELS,1,12-02-2009 13:00,2.95,17377,United Kingdom,2.95,,,
489812,21990,MODERN FLORAL STATIONERY SET,1,12-02-2009 13:00,2.95,17377,United Kingdom,2.95,,,
489812,21080,SET/20 RED SPOTTY PAPER NAPKINS ,2,12-02-2009 13:00,0.85,17377,United Kingdom,1.7,,,
489812,21077,SET/20 WOODLAND PAPER NAPKINS ,1,12-02-2009 13:00,0.85,17377,United Kingdom,0.85,,,
489812,20658,RED SPOTTY LUGGAGE TAG,2,12-02-2009 13:00,1.25,17377,United Kingdom,2.5,,,
489812,20752,RETRO BLUE SPOTTY WASHING UP GLOVES,1,12-02-2009 13:00,2.1,17377,United Kingdom,2.1,,,
489812,20754,RETRO RED SPOTTY WASHING UP GLOVES,1,12-02-2009 13:00,2.1,17377,United Kingdom,2.1,,,
489812,90035B,"PEARL & SHELL 42""NECKL. PINK",36,12-02-2009 13:00,8.49,17377,United Kingdom,305.64,,,
489812,21694,SMALL REGAL  SILVER CANDLEPOT ,2,12-02-2009 13:00,2.95,17377,United Kingdom,5.9,,,
489812,84600,NEW BAROQUE JEWELLERY BOX ,1,12-02-2009 13:00,7.95,17377,United Kingdom,7.95,,,
489814,21035,SET/2 RED SPOTTY TEA TOWELS ,1,12-02-2009 13:06,2.95,14669,United Kingdom,2.95,,,
489814,21035,SET/2 RED SPOTTY TEA TOWELS ,1,12-02-2009 13:06,2.95,14669,United Kingdom,2.95,,,
489814,21042,RED SPOTTY APRON ,1,12-02-2009 13:06,5.95,14669,United Kingdom,5.95,,,
489814,21041,RED SPOTTY OVEN GLOVE DOUBLE,2,12-02-2009 13:06,2.95,14669,United Kingdom,5.9,,,
489814,79163,BLACK CHAMPAGNE GLASS,12,12-02-2009 13:06,1.65,14669,United Kingdom,19.8,,,
489814,21975,PACK OF 60 DINOSAUR CAKE CASES,24,12-02-2009 13:06,0.55,14669,United Kingdom,13.2,,,
489814,84991,60 TEATIME FAIRY CAKE CASES,24,12-02-2009 13:06,0.55,14669,United Kingdom,13.2,,,
489814,84990,60 GOLD AND SILVER FAIRY CAKE CASES,24,12-02-2009 13:06,0.55,14669,United Kingdom,13.2,,,
489814,20914,SET/5 RED SPOTTY LID GLASS BOWLS,1,12-02-2009 13:06,2.95,14669,United Kingdom,2.95,,,
489814,21210,SET OF 72 RETRO SPOT PAPER  DOILIES,2,12-02-2009 13:06,1.45,14669,United Kingdom,2.9,,,
489814,21214,SET OF 72 IVORY PAPER DOILIES,2,12-02-2009 13:06,1.45,14669,United Kingdom,2.9,,,
489814,22271,FELTCRAFT DOLL ROSIE,2,12-02-2009 13:06,2.95,14669,United Kingdom,5.9,,,
489814,22272,FELTCRAFT DOLL MARIA,2,12-02-2009 13:06,2.95,14669,United Kingdom,5.9,,,
489814,22274,FELTCRAFT DOLL EMILY,2,12-02-2009 13:06,2.95,14669,United Kingdom,5.9,,,
489814,82616C,MIDNIGHT GLAMOUR SCARF KNITTING KIT,3,12-02-2009 13:06,2.95,14669,United Kingdom,8.85,,,
489814,84288B,SET/2 BLUE  NOODLE BASKETS,3,12-02-2009 13:06,1.95,14669,United Kingdom,5.85,,,
489814,47566,PARTY BUNTING,3,12-02-2009 13:06,4.65,14669,United Kingdom,13.95,,,
489814,85231G,ORANGE SCENTED SET/9 T-LIGHTS,6,12-02-2009 13:06,0.85,14669,United Kingdom,5.1,,,
489814,85231B,CINAMMON SET OF 9 T-LIGHTS,6,12-02-2009 13:06,0.85,14669,United Kingdom,5.1,,,
489814,72779,SET/6 BLACK ROSE T-LIGHT CANDLES,6,12-02-2009 13:06,1.69,14669,United Kingdom,10.14,,,
489814,21916,SET 12 RETRO WHITE CHALK STICKS,6,12-02-2009 13:06,0.42,14669,United Kingdom,2.52,,,
489814,22086,PAPER CHAIN KIT 50'S CHRISTMAS ,6,12-02-2009 13:06,2.95,14669,United Kingdom,17.7,,,
489814,85230G,ORANGE VOTIVE CANDLE,24,12-02-2009 13:06,0.29,14669,United Kingdom,6.96,,,
489814,82616A,BUBBLE GUM SCARF KNITTING KIT,3,12-02-2009 13:06,2.95,14669,United Kingdom,8.85,,,
489814,72024U,LILAC VOTIVE CANDLE,24,12-02-2009 13:06,0.21,14669,United Kingdom,5.04,,,
489814,84006,MAGIC TREE -PAPER FLOWERS,12,12-02-2009 13:06,0.85,14669,United Kingdom,10.2,,,
489814,47504F,ENGLISH ROSE TORCH,12,12-02-2009 13:06,1.65,14669,United Kingdom,19.8,,,
489814,79321,CHILLI LIGHTS,3,12-02-2009 13:06,4.95,14669,United Kingdom,14.85,,,
489814,84270,ASSTD DESIGN BUBBLE GUM RING,30,12-02-2009 13:06,0.21,14669,United Kingdom,6.3,,,
489814,20889,JARDIN DE FEMME SCENTED CANDLE,6,12-02-2009 13:06,2.95,14669,United Kingdom,17.7,,,
489814,84854,GIRLY PINK TOOL SET,4,12-02-2009 13:06,4.95,14669,United Kingdom,19.8,,,
489814,35160,BUDDHA INCENSE HOLDER ASSORTED,8,12-02-2009 13:06,0.85,14669,United Kingdom,6.8,,,
489814,72267,PREMIUM CHURCH CANDLE,4,12-02-2009 13:06,2.1,14669,United Kingdom,8.4,,,
489814,21732,RED HANGING METAL STAR TLIGHT HLDR,4,12-02-2009 13:06,3.75,14669,United Kingdom,15,,,
489814,72801E,S/4 FESTIVE GREEN DINNER CANDLES,12,12-02-2009 13:06,1.25,14669,United Kingdom,15,,,
489814,21645,ASSORTED TUTTI FRUTTI ROUND BOX,12,12-02-2009 13:06,1.65,14669,United Kingdom,19.8,,,
489814,82001S,VINYL RECORD FRAME SILVER,3,12-02-2009 13:06,3.75,14669,United Kingdom,11.25,,,
489814,84969,ASSORTED COLOUR SET 6 TEASPOONS,3,12-02-2009 13:06,4.25,14669,United Kingdom,12.75,,,
489814,48187,DOOR MAT NEW ENGLAND,1,12-02-2009 13:06,6.75,14669,United Kingdom,6.75,,,
489814,22309,TEA COSY RED  STRIPE,2,12-02-2009 13:06,2.55,14669,United Kingdom,5.1,,,
489814,22207,FRYING PAN UNION FLAG,2,12-02-2009 13:06,4.25,14669,United Kingdom,8.5,,,
489814,21559,STRAWBERRY LUNCHBOX WITH CUTLERY,2,12-02-2009 13:06,2.55,14669,United Kingdom,5.1,,,
489814,21561,DINOSAUR LUNCHBOX WITH CUTLERY,2,12-02-2009 13:06,2.55,14669,United Kingdom,5.1,,,
489814,22138,BAKING SET 9 PIECE RETROSPOT ,2,12-02-2009 13:06,4.95,14669,United Kingdom,9.9,,,
489814,21218,RED SPOTTY BISCUIT TIN,1,12-02-2009 13:06,3.75,14669,United Kingdom,3.75,,,
489814,22315,200 RED + WHITE BENDY STRAWS,2,12-02-2009 13:06,1.25,14669,United Kingdom,2.5,,,
489814,22071,SMALL RETRO SPOT MUG IN BOX  WHITE,2,12-02-2009 13:06,3.75,14669,United Kingdom,7.5,,,
489814,22070,SMALL RETRO SPOT MUG IN BOX  RED,2,12-02-2009 13:06,3.75,14669,United Kingdom,7.5,,,
489814,20963,APPLE BATH SPONGE,9,12-02-2009 13:06,1.25,14669,United Kingdom,11.25,,,
489814,21843,RETRO SPOT CAKE STAND,1,12-02-2009 13:06,10.95,14669,United Kingdom,10.95,,,
489814,21080,SET/20 RED SPOTTY PAPER NAPKINS ,6,12-02-2009 13:06,0.85,14669,United Kingdom,5.1,,,
489814,21042,RED SPOTTY APRON ,1,12-02-2009 13:06,5.95,14669,United Kingdom,5.95,,,
489814,84988,SET OF 72 PINK HEART PAPER DOILIES,2,12-02-2009 13:06,1.45,14669,United Kingdom,2.9,,,
489814,21973,SET OF 36 MUSHROOM PAPER DOILIES,2,12-02-2009 13:06,1.45,14669,United Kingdom,2.9,,,
489814,84987,SET OF 36 TEATIME PAPER DOILIES,2,12-02-2009 13:06,1.45,14669,United Kingdom,2.9,,,
489814,21238,RED SPOTTY CUP,8,12-02-2009 13:06,0.85,14669,United Kingdom,6.8,,,
489814,20676,RED SPOTTY BOWL,8,12-02-2009 13:06,1.25,14669,United Kingdom,10,,,
489814,35918B,BLUE FLORIBUNDA EGG WARMER,3,12-02-2009 13:06,1.25,14669,United Kingdom,3.75,,,
489814,21844,RETRO SPOT MUG,6,12-02-2009 13:06,2.95,14669,United Kingdom,17.7,,,
489814,22072,TEA CUP AND SAUCER RETRO SPOT,1,12-02-2009 13:06,3.75,14669,United Kingdom,3.75,,,
489814,85032D,YULETIDE IMAGES GIFT WRAP SET,12,12-02-2009 13:06,2.1,14669,United Kingdom,25.2,,,
489814,21527,RETRO SPOT TRADITIONAL TEAPOT ,1,12-02-2009 13:06,7.95,14669,United Kingdom,7.95,,,
489814,21533,RETRO SPOT LARGE MILK JUG,1,12-02-2009 13:06,4.95,14669,United Kingdom,4.95,,,
489814,20990,SPRING FLOWER CHOPSTICKS SET/5,3,12-02-2009 13:06,1.95,14669,United Kingdom,5.85,,,
489814,21949,SET OF 6 STRAWBERRY CHOPSTICKS,6,12-02-2009 13:06,1.25,14669,United Kingdom,7.5,,,
489814,22072,TEA CUP AND SAUCER RETRO SPOT,1,12-02-2009 13:06,3.75,14669,United Kingdom,3.75,,,
489814,21539,RETRO SPOTS BUTTER DISH,1,12-02-2009 13:06,4.95,14669,United Kingdom,4.95,,,
489814,21531,RETRO SPOT SUGAR JAM BOWL,2,12-02-2009 13:06,2.55,14669,United Kingdom,5.1,,,
489814,84596B,SMALL DOLLY MIX DESIGN ORANGE BOWL,8,12-02-2009 13:06,1.25,14669,United Kingdom,10,,,
489814,84596G,SMALL CHOCOLATES PINK BOWL,8,12-02-2009 13:06,1.25,14669,United Kingdom,10,,,
489814,84596K,JELLY BABIES YELLOW SMALL BOWL,8,12-02-2009 13:06,1.25,14669,United Kingdom,10,,,
489814,21217,RED SPOTTY ROUND CAKE TINS,2,12-02-2009 13:06,9.95,14669,United Kingdom,19.9,,,
489814,79163,BLACK CHAMPAGNE GLASS,8,12-02-2009 13:06,1.65,14669,United Kingdom,13.2,,,
489814,84380,SET OF 3 BUTTERFLY COOKIE CUTTERS,12,12-02-2009 13:06,1.25,14669,United Kingdom,15,,,
489814,22218,CAKE STAND LACE WHITE,2,12-02-2009 13:06,4.25,14669,United Kingdom,8.5,,,
489814,21242,RED SPOTTY PLATE ,8,12-02-2009 13:06,1.69,14669,United Kingdom,13.52,,,
489814,35914,PINK CHICK EGG WARMER + EGG CUP,12,12-02-2009 13:06,2.1,14669,United Kingdom,25.2,,,
489814,22319,HAIRCLIPS FORTIES FABRIC ASSORTED,12,12-02-2009 13:06,0.65,14669,United Kingdom,7.8,,,
489814,21679,SKULLS  STICKERS,6,12-02-2009 13:06,0.85,14669,United Kingdom,5.1,,,
489814,22139,RETRO SPOT TEA SET CERAMIC 11 PC ,6,12-02-2009 13:06,4.95,14669,United Kingdom,29.7,,,
489814,20970,PINK FLORAL FELTCRAFT SHOULDER BAG,3,12-02-2009 13:06,3.75,14669,United Kingdom,11.25,,,
489814,20969,RED FLORAL FELTCRAFT SHOULDER BAG,3,12-02-2009 13:06,3.75,14669,United Kingdom,11.25,,,
489814,22125,UNION JACK HOT WATER BOTTLE ,2,12-02-2009 13:06,5.95,14669,United Kingdom,11.9,,,
489814,47590A,BLUE HAPPY BIRTHDAY BUNTING,1,12-02-2009 13:06,5.45,14669,United Kingdom,5.45,,,
489814,22112,CHOCOLATE HOT WATER BOTTLE,1,12-02-2009 13:06,4.95,14669,United Kingdom,4.95,,,
489814,22111,SCOTTIE DOG HOT WATER BOTTLE,1,12-02-2009 13:06,4.95,14669,United Kingdom,4.95,,,
489814,21486,PINK HEART DOTS HOT WATER BOTTLE,2,12-02-2009 13:06,3.75,14669,United Kingdom,7.5,,,
489814,47590A,BLUE HAPPY BIRTHDAY BUNTING,2,12-02-2009 13:06,5.45,14669,United Kingdom,10.9,,,
489814,22273,FELTCRAFT DOLL MOLLY,2,12-02-2009 13:06,2.95,14669,United Kingdom,5.9,,,
489815,35610B,BLACK CHRISTMAS FLOCK DROPLET ,8,12-02-2009 13:10,1.25,17909,United Kingdom,10,,,
489815,21821,GLITTER STAR GARLAND WITH BELLS ,6,12-02-2009 13:10,3.75,17909,United Kingdom,22.5,,,
489815,21820,GLITTER HEART GARLAND WITH BELLS ,6,12-02-2009 13:10,3.75,17909,United Kingdom,22.5,,,
489815,21034,REX CASH+CARRY JUMBO SHOPPER,1,12-02-2009 13:10,0.95,17909,United Kingdom,0.95,,,
489815,21821,GLITTER STAR GARLAND WITH BELLS ,6,12-02-2009 13:10,3.75,17909,United Kingdom,22.5,,,
489815,85164B,BLACK BAROQUE CUCKOO CLOCK,1,12-02-2009 13:10,12.75,17909,United Kingdom,12.75,,,
489815,85168B,BLACK BAROQUE CARRIAGE CLOCK,1,12-02-2009 13:10,9.95,17909,United Kingdom,9.95,,,
489815,85168A,WHITE BAROQUE CARRIAGE CLOCK,1,12-02-2009 13:10,9.95,17909,United Kingdom,9.95,,,
489815,21143,ANTIQUE GLASS HEART DECORATION ,11,12-02-2009 13:10,1.95,17909,United Kingdom,21.45,,,
489816,21431,GREEN GINGHAM FLOWER JEWELLERY BOX,4,12-02-2009 13:20,1.65,16086,United Kingdom,6.6,,,
489816,21642,ASSORTED TUTTI FRUTTI PEN,24,12-02-2009 13:20,0.85,16086,United Kingdom,20.4,,,
489816,21638,ASSORTED TUTTI FRUTTI NOTEBOOK,6,12-02-2009 13:20,2.1,16086,United Kingdom,12.6,,,
489816,20974,12 PENCILS SMALL TUBE SKULL,3,12-02-2009 13:20,0.65,16086,United Kingdom,1.95,,,
489816,20727,LUNCH BAG  BLACK SKULL.,10,12-02-2009 13:20,1.65,16086,United Kingdom,16.5,,,
489816,21924,BLUE/CREAM STRIPE FRINGE HAMMOCK,1,12-02-2009 13:20,7.95,16086,United Kingdom,7.95,,,
489816,84795E,RIO PINK STRIPE HAMMOCK,2,12-02-2009 13:20,7.95,16086,United Kingdom,15.9,,,
489816,20782,CAMOUFLAGE EAR MUFF HEADPHONES,1,12-02-2009 13:20,5.49,16086,United Kingdom,5.49,,,
489816,21621,VINTAGE UNION JACK BUNTING,1,12-02-2009 13:20,8.5,16086,United Kingdom,8.5,,,
489816,21622,VINTAGE UNION JACK CUSHION COVER,2,12-02-2009 13:20,4.95,16086,United Kingdom,9.9,,,
489816,20968,GREEN FLORAL FELTCRAFT SHOULDER BAG,5,12-02-2009 13:20,3.75,16086,United Kingdom,18.75,,,
489816,21937,STRAWBERRY   PICNIC BAG,1,12-02-2009 13:20,2.95,16086,United Kingdom,2.95,,,
489816,85099F,JUMBO BAG STRAWBERRY,5,12-02-2009 13:20,1.95,16086,United Kingdom,9.75,,,
489816,20723,STRAWBERRY CHARLOTTE BAG,10,12-02-2009 13:20,0.85,16086,United Kingdom,8.5,,,
489816,21930,JUMBO STORAGE BAG SKULLS,10,12-02-2009 13:20,1.95,16086,United Kingdom,19.5,,,
489816,21498,RED SPOTS  WRAP ,25,12-02-2009 13:20,0.42,16086,United Kingdom,10.5,,,
489816,22047,EMPIRE GIFT WRAP,25,12-02-2009 13:20,0.42,16086,United Kingdom,10.5,,,
489816,16156S,WRAP PINK FAIRY CAKES ,25,12-02-2009 13:20,0.42,16086,United Kingdom,10.5,,,
489816,21251,DINOSAUR HEIGHT CHART STICKER SET,1,12-02-2009 13:20,2.95,16086,United Kingdom,2.95,,,
489816,21833,CAMOUFLAGE LED TORCH,12,12-02-2009 13:20,1.69,16086,United Kingdom,20.28,,,
489816,21864,UNION JACK FLAG PASSPORT COVER ,5,12-02-2009 13:20,2.1,16086,United Kingdom,10.5,,,
489816,21677,HEARTS  STICKERS,12,12-02-2009 13:20,0.85,16086,United Kingdom,10.2,,,
489816,21676,FLOWERS  STICKERS,12,12-02-2009 13:20,0.85,16086,United Kingdom,10.2,,,
489816,84077,WORLD WAR 2 GLIDERS ASSTD DESIGNS,48,12-02-2009 13:20,0.21,16086,United Kingdom,10.08,,,
489816,85226A,WHITE/BLUE PULL BACK RACING CAR,5,12-02-2009 13:20,0.55,16086,United Kingdom,2.75,,,
489816,21034,REX CASH+CARRY JUMBO SHOPPER,1,12-02-2009 13:20,0.95,16086,United Kingdom,0.95,,,
489816,78056,CAMOUFLAGE BACKPACK ON WHEELS,2,12-02-2009 13:20,9.95,16086,United Kingdom,19.9,,,
489817,22215,CAKE STAND WHITE TWO TIER LACE,12,12-02-2009 13:22,7.65,16711,United Kingdom,91.8,,,
489817,22218,CAKE STAND LACE WHITE,24,12-02-2009 13:22,3.75,16711,United Kingdom,90,,,
489817,21146,ANTIQUE GLASS RIDGED HANGING BALL,96,12-02-2009 13:22,1.65,16711,United Kingdom,158.4,,,
489819,85049G,CHOCOLATE BOX RIBBONS ,8,12-02-2009 13:23,1.25,14739,United Kingdom,10,,,
489819,85014B,RED/WHITE DOTS RUFFLED UMBRELLA,6,12-02-2009 13:23,5.95,14739,United Kingdom,35.7,,,
489819,85014C,BLUE/BROWN DOTS RUFFLED UMBRELLA,3,12-02-2009 13:23,5.95,14739,United Kingdom,17.85,,,
489819,21591,COSY HOUR CIGAR BOX MATCHES ,48,12-02-2009 13:23,1.25,14739,United Kingdom,60,,,
489819,84077,WORLD WAR 2 GLIDERS ASSTD DESIGNS,96,12-02-2009 13:23,0.21,14739,United Kingdom,20.16,,,
489819,84946,ANTIQUE SILVER TEA GLASS ETCHED,72,12-02-2009 13:23,1.06,14739,United Kingdom,76.32,,,
489819,22088,PAPER BUNTING COLOURED LACE,40,12-02-2009 13:23,2.55,14739,United Kingdom,102,,,
489819,21186,WHITE DOVE HONEYCOMB PAPER GARLAND,48,12-02-2009 13:23,1.45,14739,United Kingdom,69.6,,,
489819,84832,ZINC WILLIE WINKIE  CANDLE STICK,24,12-02-2009 13:23,0.85,14739,United Kingdom,20.4,,,
489819,20940,SET/6 GARDEN GNOME T-LIGHT CANDLES,36,12-02-2009 13:23,2.55,14739,United Kingdom,91.8,,,
489819,22075,6 RIBBONS ELEGANT CHRISTMAS ,24,12-02-2009 13:23,1.65,14739,United Kingdom,39.6,,,
489819,85049A,TRADITIONAL CHRISTMAS RIBBONS,36,12-02-2009 13:23,1.25,14739,United Kingdom,45,,,
489819,85049E,SCANDINAVIAN REDS RIBBONS,24,12-02-2009 13:23,1.25,14739,United Kingdom,30,,,
489818,22083,PAPER CHAIN KIT RETRO SPOT,12,12-02-2009 13:23,2.95,16233,United Kingdom,35.4,,,
489818,22084,PAPER CHAIN KIT EMPIRE,6,12-02-2009 13:23,2.95,16233,United Kingdom,17.7,,,
489818,22085,PAPER CHAIN KIT SKULLS ,6,12-02-2009 13:23,2.95,16233,United Kingdom,17.7,,,
489818,22086,PAPER CHAIN KIT 50'S CHRISTMAS ,6,12-02-2009 13:23,2.95,16233,United Kingdom,17.7,,,
489818,22143,CHRISTMAS CRAFT HEART DECORATIONS,6,12-02-2009 13:23,2.1,16233,United Kingdom,12.6,,,
489818,22130,PARTY CONE CHRISTMAS DECORATION ,12,12-02-2009 13:23,0.85,16233,United Kingdom,10.2,,,
489818,85176,SEWING SUSAN 21 NEEDLE SET,12,12-02-2009 13:23,0.85,16233,United Kingdom,10.2,,,
489818,85177,BASKET OF FLOWERS SEWING KIT,12,12-02-2009 13:23,0.85,16233,United Kingdom,10.2,,,
489818,21257,VICTORIAN SEWING BOX MEDIUM,2,12-02-2009 13:23,7.95,16233,United Kingdom,15.9,,,
489818,21258,VICTORIAN SEWING BOX LARGE,8,12-02-2009 13:23,10.95,16233,United Kingdom,87.6,,,
489818,22145,CHRISTMAS CRAFT HEART STOCKING ,6,12-02-2009 13:23,2.1,16233,United Kingdom,12.6,,,
489818,21035,SET/2 RED SPOTTY TEA TOWELS ,6,12-02-2009 13:23,2.95,16233,United Kingdom,17.7,,,
489818,22113,GREY HEART HOT WATER BOTTLE,4,12-02-2009 13:23,3.45,16233,United Kingdom,13.8,,,
489818,84029E,RED WOOLLY HOTTIE WHITE HEART.,4,12-02-2009 13:23,3.75,16233,United Kingdom,15,,,
489822,21484,CHICK GREY HOT WATER BOTTLE,1,12-02-2009 13:26,3.45,14204,United Kingdom,3.45,,,
489822,22097,SWALLOW SQUARE TISSUE BOX,4,12-02-2009 13:26,1.25,14204,United Kingdom,5,,,
489822,21428,SET3 BOOK BOX GREEN GINGHAM FLOWER ,1,12-02-2009 13:26,4.25,14204,United Kingdom,4.25,,,
489822,22114,HOT WATER BOTTLE TEA AND SYMPATHY,1,12-02-2009 13:26,3.95,14204,United Kingdom,3.95,,,
489822,21482,MUSHROOM BLUE HOT WATER BOTTLE,1,12-02-2009 13:26,2.95,14204,United Kingdom,2.95,,,
489822,22125,UNION JACK HOT WATER BOTTLE ,1,12-02-2009 13:26,5.95,14204,United Kingdom,5.95,,,
489822,21480,PINK STRIPE HOT WATER BOTTLE,1,12-02-2009 13:26,2.95,14204,United Kingdom,2.95,,,
489822,21485,RED SPOT HEART HOT WATER BOTTLE,1,12-02-2009 13:26,4.95,14204,United Kingdom,4.95,,,
489822,22111,SCOTTIE DOG HOT WATER BOTTLE,2,12-02-2009 13:26,4.95,14204,United Kingdom,9.9,,,
489822,21733,RED HANGING HEART T-LIGHT HOLDER,1,12-02-2009 13:26,2.95,14204,United Kingdom,2.95,,,
489822,90062,CARNIVAL BRACELET,8,12-02-2009 13:26,12.75,14204,United Kingdom,102,,,
489822,84656,WHITE ROSE C/COVER,1,12-02-2009 13:26,5.95,14204,United Kingdom,5.95,,,
489822,84879,ASSORTED COLOUR BIRD ORNAMENT,2,12-02-2009 13:26,1.69,14204,United Kingdom,3.38,,,
489822,22138,BAKING SET 9 PIECE RETROSPOT ,1,12-02-2009 13:26,4.95,14204,United Kingdom,4.95,,,
489822,22139,RETRO SPOT TEA SET CERAMIC 11 PC ,4,12-02-2009 13:26,4.95,14204,United Kingdom,19.8,,,
489822,21034,REX CASH+CARRY JUMBO SHOPPER,4,12-02-2009 13:26,0.95,14204,United Kingdom,3.8,,,
489822,90125E,AMBER BERTIE GLASS BEAD BAG CHARM,1,12-02-2009 13:26,2.1,14204,United Kingdom,2.1,,,
489822,90125A,PINK BERTIE GLASS BEAD BAG CHARM,3,12-02-2009 13:26,2.1,14204,United Kingdom,6.3,,,
489822,90129B,TURQUOISE GLASS TASSLE BAG CHARM ,3,12-02-2009 13:26,2.95,14204,United Kingdom,8.85,,,
489822,90125D,PURPLE BERTIE GLASS BEAD BAG CHARM,4,12-02-2009 13:26,2.1,14204,United Kingdom,8.4,,,
489822,47505,MINATURE COLOURED GARDENING SET,2,12-02-2009 13:26,4.95,14204,United Kingdom,9.9,,,
489822,21552,CERAMIC BIRDHOUSE BLACK ROSE  LARGE,1,12-02-2009 13:26,5.95,14204,United Kingdom,5.95,,,
489822,21912,VINTAGE SNAKES & LADDERS,1,12-02-2009 13:26,3.75,14204,United Kingdom,3.75,,,
489822,84855,BLOKEY SILVER TOOL SET,2,12-02-2009 13:26,4.95,14204,United Kingdom,9.9,,,
489822,85136A,YELLOW SHARK HELICOPTER,1,12-02-2009 13:26,7.95,14204,United Kingdom,7.95,,,
489822,35918B,BLUE FLORIBUNDA EGG WARMER,2,12-02-2009 13:26,1.25,14204,United Kingdom,2.5,,,
489822,84874B,BLUE TRAVEL FIRST AID KIT,1,12-02-2009 13:26,1.65,14204,United Kingdom,1.65,,,
489822,72754D,F FAIRY POTPOURRI CUSHIONS SUMMER,1,12-02-2009 13:26,1.69,14204,United Kingdom,1.69,,,
489822,20818,GOLD TEDDY BEAR,1,12-02-2009 13:26,3.75,14204,United Kingdom,3.75,,,
489822,20975,12 PENCILS SMALL TUBE RED SPOTTY,2,12-02-2009 13:26,0.65,14204,United Kingdom,1.3,,,
489822,18007,ESSENTIAL BALM 3.5g TIN IN ENVELOPE,5,12-02-2009 13:26,0.18,14204,United Kingdom,0.9,,,
489822,85211,S/4 GROOVY CAT MAGNETS,2,12-02-2009 13:26,1.65,14204,United Kingdom,3.3,,,
489822,85097B,BLUE ROCKING SINGING CANARY,1,12-02-2009 13:26,3.75,14204,United Kingdom,3.75,,,
489822,21725,SWEETIES  STICKERS,2,12-02-2009 13:26,0.85,14204,United Kingdom,1.7,,,
489822,84901,BLACK FACE LAMB WITH PANTS,1,12-02-2009 13:26,3.75,14204,United Kingdom,3.75,,,
489822,84671B,CROCHET BEAR WITH BLUE STRIPES,1,12-02-2009 13:26,2.55,14204,United Kingdom,2.55,,,
489822,48173C,DOOR MAT BLACK FLOCK ,2,12-02-2009 13:26,6.75,14204,United Kingdom,13.5,,,
489822,85185C,COW  SOCK PUPPET,1,12-02-2009 13:26,2.95,14204,United Kingdom,2.95,,,
489822,85112,S/3 TEAR DROP CUT GLASS DECORATION,1,12-02-2009 13:26,1.25,14204,United Kingdom,1.25,,,
489822,85049A,TRADITIONAL CHRISTMAS RIBBONS,2,12-02-2009 13:26,1.25,14204,United Kingdom,2.5,,,
489822,85049B,LUSH GREENS RIBBONS,4,12-02-2009 13:26,1.25,14204,United Kingdom,5,,,
489822,85049F,BABY BOOM RIBBONS ,2,12-02-2009 13:26,1.25,14204,United Kingdom,2.5,,,
489822,20724,RED SPOTTY CHARLOTTE BAG,1,12-02-2009 13:26,0.85,14204,United Kingdom,0.85,,,
489822,21551,CERAMIC BIRDHOUSE BUTTERFLY LARGE,1,12-02-2009 13:26,5.95,14204,United Kingdom,5.95,,,
489822,85040B,SET/4 BLUE FLOWER CANDLES IN BOWL,1,12-02-2009 13:26,1.65,14204,United Kingdom,1.65,,,
489822,84012,MAGIC SHEEP WOOL GROWING FROM PAPER,2,12-02-2009 13:26,2.55,14204,United Kingdom,5.1,,,
489822,84007,MAGIC GARDEN MOUNT FUJI,1,12-02-2009 13:26,2.55,14204,United Kingdom,2.55,,,
489822,20750, RED/WHITE DOT MINI CASES,1,12-02-2009 13:26,7.95,14204,United Kingdom,7.95,,,
489822,84497,BUTTONS AND STRIPES NOTEBOOK ,2,12-02-2009 13:26,3.75,14204,United Kingdom,7.5,,,
489822,84625C,BLUE NEW BAROQUE CANDLESTICK CANDLE,4,12-02-2009 13:26,2.95,14204,United Kingdom,11.8,,,
489822,84854,GIRLY PINK TOOL SET,3,12-02-2009 13:26,4.95,14204,United Kingdom,14.85,,,
489822,20829,GLITTER HANGING BUTTERFLY STRING,2,12-02-2009 13:26,2.1,14204,United Kingdom,4.2,,,
489822,21041,RED SPOTTY OVEN GLOVE DOUBLE,1,12-02-2009 13:26,2.95,14204,United Kingdom,2.95,,,
489822,85113,POLKA DOT PISTACHIO PAIL,1,12-02-2009 13:26,2.1,14204,United Kingdom,2.1,,,
489823,22271,FELTCRAFT DOLL ROSIE,6,12-02-2009 13:32,2.95,17606,United Kingdom,17.7,,,
489823,22272,FELTCRAFT DOLL MARIA,6,12-02-2009 13:32,2.95,17606,United Kingdom,17.7,,,
489823,47592A,CAROUSEL DES CHILD'S OVERALL,6,12-02-2009 13:32,2.1,17606,United Kingdom,12.6,,,
489823,47593B,SCOTTIES DESIGN BABY BIB,12,12-02-2009 13:32,1.25,17606,United Kingdom,15,,,
489823,22150, 3 STRIPEY MICE FELTCRAFT,6,12-02-2009 13:32,1.95,17606,United Kingdom,11.7,,,
489823,85053,FRENCH ENAMEL CANDLEHOLDER,6,12-02-2009 13:32,2.1,17606,United Kingdom,12.6,,,
489824,20914,SET/5 RED SPOTTY LID GLASS BOWLS,1,12-02-2009 13:33,2.95,16797,United Kingdom,2.95,,,
489824,20913,SET/5 BLUE SPOTTY LID GLASS BOWLS,1,12-02-2009 13:33,2.95,16797,United Kingdom,2.95,,,
489824,21159,MOODY BOY  DOOR HANGER ,3,12-02-2009 13:33,1.45,16797,United Kingdom,4.35,,,
489824,47556B,TEA TIME TEA TOWELS ,1,12-02-2009 13:33,2.95,16797,United Kingdom,2.95,,,
489824,85150,LADIES & GENTLEMEN METAL SIGN,1,12-02-2009 13:33,2.55,16797,United Kingdom,2.55,,,
489824,82582,AREA PATROLLED METAL SIGN,1,12-02-2009 13:33,2.1,16797,United Kingdom,2.1,,,
489824,82600,NO SINGING METAL SIGN,1,12-02-2009 13:33,2.1,16797,United Kingdom,2.1,,,
489824,21163,DO NOT TOUCH MY STUFF DOOR HANGER ,1,12-02-2009 13:33,1.45,16797,United Kingdom,1.45,,,
489824,21158,MOODY GIRL DOOR HANGER ,2,12-02-2009 13:33,1.45,16797,United Kingdom,2.9,,,
489824,21173,LOO ROLL  METAL SIGN ,1,12-02-2009 13:33,1.65,16797,United Kingdom,1.65,,,
489824,20725,LUNCH BAG RED SPOTTY,4,12-02-2009 13:33,1.65,16797,United Kingdom,6.6,,,
489824,47420,ASSORTED COLOUR SUCTION CUP HOOK,1,12-02-2009 13:33,0.19,16797,United Kingdom,0.19,,,
489824,22198,"POPCORN HOLDER , LARGE",6,12-02-2009 13:33,1.65,16797,United Kingdom,9.9,,,
489824,22197,"POPCORN HOLDER , SMALL ",10,12-02-2009 13:33,0.85,16797,United Kingdom,8.5,,,
489824,22348,TEA BAG PLATE RED SPOTTY ,2,12-02-2009 13:33,0.85,16797,United Kingdom,1.7,,,
489824,21243,PINK  SPOTTY PLATE ,1,12-02-2009 13:33,1.69,16797,United Kingdom,1.69,,,
489824,21244,BLUE  SPOTTY PLATE ,1,12-02-2009 13:33,1.69,16797,United Kingdom,1.69,,,
489824,22170,PICTURE FRAME WOOD TRIPLE PORTRAIT,1,12-02-2009 13:33,6.75,16797,United Kingdom,6.75,,,
489824,20977,36 PENCILS TUBE WOODLAND,2,12-02-2009 13:33,1.25,16797,United Kingdom,2.5,,,
489824,20981,12 PENCILS TALL TUBE WOODLAND,2,12-02-2009 13:33,0.85,16797,United Kingdom,1.7,,,
489824,22196,SMALL HEART MEASURING SPOONS,3,12-02-2009 13:33,0.85,16797,United Kingdom,2.55,,,
489824,21114,LAVENDER SCENTED FABRIC HEART,5,12-02-2009 13:33,1.25,16797,United Kingdom,6.25,,,
489824,21557,SET OF 6 FUNKY BEAKERS,1,12-02-2009 13:33,2.95,16797,United Kingdom,2.95,,,
489824,22212,FOUR HOOK  WHITE LOVEBIRDS,1,12-02-2009 13:33,2.1,16797,United Kingdom,2.1,,,
489824,37506,NEW ENGLAND MILK JUG W GIFT BOX,1,12-02-2009 13:33,5.95,16797,United Kingdom,5.95,,,
489824,37508,NEW ENGLAND CERAMIC CAKE SERVER,1,12-02-2009 13:33,2.55,16797,United Kingdom,2.55,,,
489824,22349,"DOG BOWL , CHASING BALL DESIGN",1,12-02-2009 13:33,3.75,16797,United Kingdom,3.75,,,
489824,22055,MINI CAKE STAND  HANGING STRAWBERY,1,12-02-2009 13:33,1.65,16797,United Kingdom,1.65,,,
489824,22128,PARTY CONES CANDY ASSORTED,6,12-02-2009 13:33,1.25,16797,United Kingdom,7.5,,,
489824,22127,PARTY CONES CARNIVAL ASSORTED,6,12-02-2009 13:33,1.25,16797,United Kingdom,7.5,,,
489824,22215,CAKE STAND WHITE TWO TIER LACE,1,12-02-2009 13:33,8.5,16797,United Kingdom,8.5,,,
489824,21232,STRAWBERRY CERAMIC TRINKET BOX,2,12-02-2009 13:33,1.25,16797,United Kingdom,2.5,,,
489824,21231,SWEETHEART CERAMIC TRINKET BOX,2,12-02-2009 13:33,1.25,16797,United Kingdom,2.5,,,
489824,20712,JUMBO BAG WOODLAND ANIMALS,1,12-02-2009 13:33,1.95,16797,United Kingdom,1.95,,,
489824,72529W,WHITE ADVENT CANDLE,1,12-02-2009 13:33,2.12,16797,United Kingdom,2.12,,,
489824,72815,3 WICK CHRISTMAS BRIAR CANDLE ,4,12-02-2009 13:33,3.75,16797,United Kingdom,15,,,
489824,21240,BLUE  SPOTTY CUP,1,12-02-2009 13:33,0.85,16797,United Kingdom,0.85,,,
489824,22347,PIZZA SLICE DISH,2,12-02-2009 13:33,1.25,16797,United Kingdom,2.5,,,
489824,22129,PARTY CONES CANDY TREE DECORATION,12,12-02-2009 13:33,0.85,16797,United Kingdom,10.2,,,
489824,22030,SWALLOWS GREETING CARD,12,12-02-2009 13:33,0.42,16797,United Kingdom,5.04,,,
489824,22130,PARTY CONE CHRISTMAS DECORATION ,12,12-02-2009 13:33,0.85,16797,United Kingdom,10.2,,,
489824,20975,12 PENCILS SMALL TUBE RED SPOTTY,2,12-02-2009 13:33,0.65,16797,United Kingdom,1.3,,,
489824,20982,12 PENCILS TALL TUBE SKULLS,2,12-02-2009 13:33,0.85,16797,United Kingdom,1.7,,,
489824,20974,12 PENCILS SMALL TUBE SKULL,4,12-02-2009 13:33,0.65,16797,United Kingdom,2.6,,,
489825,20972,PINK CREAM FELT CRAFT TRINKET BOX ,24,12-02-2009 13:34,1.25,16126,United Kingdom,30,,,
489825,20971,PINK BLUE FELT CRAFT TRINKET BOX,24,12-02-2009 13:34,1.25,16126,United Kingdom,30,,,
489825,22147,FELTCRAFT BUTTERFLY HEARTS,12,12-02-2009 13:34,1.45,16126,United Kingdom,17.4,,,
489825,22322,BIRD DECORATION GREEN  SPOT,12,12-02-2009 13:34,0.85,16126,United Kingdom,10.2,,,
489825,22321,BIRD DECORATION RED SPOT,12,12-02-2009 13:34,0.85,16126,United Kingdom,10.2,,,
489825,21843,RETRO SPOT CAKE STAND,1,12-02-2009 13:34,10.95,16126,United Kingdom,10.95,,,
489825,21632,VINTAGE PINK DECORATIVE PARASOL,1,12-02-2009 13:34,12.75,16126,United Kingdom,12.75,,,
489825,72760B,VINTAGE CREAM 3 BASKET CAKE STAND,2,12-02-2009 13:34,9.95,16126,United Kingdom,19.9,,,
489825,21837,CROSS STITCH ALPHABET CUSHION COVER,3,12-02-2009 13:34,5.95,16126,United Kingdom,17.85,,,
489825,22138,BAKING SET 9 PIECE RETROSPOT ,3,12-02-2009 13:34,4.95,16126,United Kingdom,14.85,,,
489826,15056BL,EDWARDIAN PARASOL BLACK,1,12-02-2009 13:39,5.95,17867,United Kingdom,5.95,,,
489826,21163,DO NOT TOUCH MY STUFF DOOR HANGER ,1,12-02-2009 13:39,1.45,17867,United Kingdom,1.45,,,
489826,21162,TOXIC AREA  DOOR HANGER ,1,12-02-2009 13:39,1.45,17867,United Kingdom,1.45,,,
489826,21993,FLORAL FOLK STATIONERY SET,2,12-02-2009 13:39,2.95,17867,United Kingdom,5.9,,,
489826,47503F,ASS FLORAL PRINT TORCH,2,12-02-2009 13:39,1.65,17867,United Kingdom,3.3,,,
489826,47503G,ASS FLORAL PRINT TAPE MEASURE,2,12-02-2009 13:39,1.25,17867,United Kingdom,2.5,,,
489826,22097,SWALLOW SQUARE TISSUE BOX,4,12-02-2009 13:39,1.25,17867,United Kingdom,5,,,
489826,84620,BLUE GINGHAM ROSE CUSHION COVER,1,12-02-2009 13:39,5.95,17867,United Kingdom,5.95,,,
489826,84619,BLUE GINGHAM ROSE QUILT ,1,12-02-2009 13:39,45.95,17867,United Kingdom,45.95,,,
489826,72802B,OCEAN SCENT CANDLE IN JEWELLED BOX,2,12-02-2009 13:39,4.25,17867,United Kingdom,8.5,,,
489827,22341,LOVE GARLAND PAINTED ZINC ,12,12-02-2009 13:51,1.65,17412,United Kingdom,19.8,,,
489827,22342,HOME GARLAND PAINTED ZINC ,12,12-02-2009 13:51,1.65,17412,United Kingdom,19.8,,,
489827,22340,NOEL GARLAND PAINTED ZINC ,12,12-02-2009 13:51,1.65,17412,United Kingdom,19.8,,,
489827,22130,PARTY CONE CHRISTMAS DECORATION ,24,12-02-2009 13:51,0.85,17412,United Kingdom,20.4,,,
489827,72817,SET/2 CHRISTMAS DECOUPAGE CANDLES,12,12-02-2009 13:51,1.25,17412,United Kingdom,15,,,
489827,72818,CHRISTMAS DECOUPAGE CANDLE,12,12-02-2009 13:51,0.85,17412,United Kingdom,10.2,,,
489827,21490,SET OF THREE 50'S GIFT WRAPS ,12,12-02-2009 13:51,1.95,17412,United Kingdom,23.4,,,
489827,21491,SET OF THREE VINTAGE GIFT WRAPS,12,12-02-2009 13:51,1.95,17412,United Kingdom,23.4,,,
489827,21493, VINTAGE DESIGN GIFT TAGS,12,12-02-2009 13:51,0.85,17412,United Kingdom,10.2,,,
489827,85018D,YULETIDE IMAGES S/6 PAPER BOXES,12,12-02-2009 13:51,2.55,17412,United Kingdom,30.6,,,
489827,22356,"CHARLOTTE BAG , PINK/WHITE SPOTS",20,12-02-2009 13:51,0.85,17412,United Kingdom,17,,,
489827,20724,RED SPOTTY CHARLOTTE BAG,20,12-02-2009 13:51,0.85,17412,United Kingdom,17,,,
489827,84970L,SINGLE HEART ZINC T-LIGHT HOLDER,24,12-02-2009 13:51,0.95,17412,United Kingdom,22.8,,,
489827,22186,RED STAR CARD HOLDER,6,12-02-2009 13:51,2.95,17412,United Kingdom,17.7,,,
489827,22337,ANGEL DECORATION PAINTED ZINC ,24,12-02-2009 13:51,0.65,17412,United Kingdom,15.6,,,
489827,22335,HEART DECORATION PAINTED ZINC ,24,12-02-2009 13:51,0.65,17412,United Kingdom,15.6,,,
489827,22336,DOVE DECORATION PAINTED ZINC ,24,12-02-2009 13:51,0.65,17412,United Kingdom,15.6,,,
489827,22338,STAR DECORATION PAINTED ZINC ,24,12-02-2009 13:51,0.65,17412,United Kingdom,15.6,,,
489827,22339,CHRISTMAS TREE PAINTED ZINC ,24,12-02-2009 13:51,0.65,17412,United Kingdom,15.6,,,
489827,22187,GREEN CHRISTMAS TREE CARD HOLDER,4,12-02-2009 13:51,4.25,17412,United Kingdom,17,,,
489827,21098,CHRISTMAS TOILET ROLL,24,12-02-2009 13:51,1.25,17412,United Kingdom,30,,,
489827,35793,S/3 PUPPIES CHRISTMAS DECORATIONS,8,12-02-2009 13:51,2.95,17412,United Kingdom,23.6,,,
489827,22294,HEART FILIGREE DOVE  SMALL,24,12-02-2009 13:51,1.25,17412,United Kingdom,30,,,
489829,85231L,LAVENDER SCENTED SET/9 T-LIGHTS,72,12-02-2009 13:53,0.85,16525,United Kingdom,61.2,,,
489829,21256,"FRENCH BOTTLE, BRASSERIE DES ARTIST",48,12-02-2009 13:53,1.45,16525,United Kingdom,69.6,,,
489829,22189,CREAM HEART CARD HOLDER,36,12-02-2009 13:53,3.39,16525,United Kingdom,122.04,,,
489829,21768,WALL MOUNTED VINTAGE ORGANISER,1,12-02-2009 13:53,14.95,16525,United Kingdom,14.95,,,
489829,82482,WOODEN PICTURE FRAME WHITE FINISH,36,12-02-2009 13:53,2.1,16525,United Kingdom,75.6,,,
489829,72008,FROSTED BOX 9 WHITE T-LIGHT CANDLES,24,12-02-2009 13:53,0.42,16525,United Kingdom,10.08,,,
489829,48129,DOOR MAT TOPIARY,10,12-02-2009 13:53,5.95,16525,United Kingdom,59.5,,,
489829,48187,DOOR MAT NEW ENGLAND,10,12-02-2009 13:53,5.95,16525,United Kingdom,59.5,,,
489830,90200C,BLUE SWEETHEART BRACELET,5,12-02-2009 13:57,4.25,13623,United Kingdom,21.25,,,
489830,90148,LONG SILVER NECKLACE PASTEL FLOWER,2,12-02-2009 13:57,12.75,13623,United Kingdom,25.5,,,
489830,90200D,PINK SWEETHEART BRACELET,5,12-02-2009 13:57,4.25,13623,United Kingdom,21.25,,,
489830,90200A,PURPLE SWEETHEART BRACELET,5,12-02-2009 13:57,4.25,13623,United Kingdom,21.25,,,
489830,90139,FLOWER BROOCH 4 ASSORTED COLOURS,2,12-02-2009 13:57,4.95,13623,United Kingdom,9.9,,,
489830,90203,SILVER CHARM NECKLACE 70CM,3,12-02-2009 13:57,7.5,13623,United Kingdom,22.5,,,
489830,90180A,BLACK+WHITE NECKLACE W TASSEL,3,12-02-2009 13:57,9.95,13623,United Kingdom,29.85,,,
489830,90147,CHUNKY SILVER NECKLACE PASTEL FLOWE,2,12-02-2009 13:57,9.95,13623,United Kingdom,19.9,,,
489830,90155,RESIN NECKLACE W PASTEL BEADS,1,12-02-2009 13:57,7.5,13623,United Kingdom,7.5,,,
489830,84688,BEACH HUT DESIGN BLACKBOARD,1,12-02-2009 13:57,4.25,13623,United Kingdom,4.25,,,
489830,84406B,CREAM CUPID HEARTS COAT HANGER,1,12-02-2009 13:57,3.25,13623,United Kingdom,3.25,,,
489830,21917,SET 12 KIDS  WHITE CHALK STICKS,1,12-02-2009 13:57,0.42,13623,United Kingdom,0.42,,,
489830,22294,HEART FILIGREE DOVE  SMALL,1,12-02-2009 13:57,1.25,13623,United Kingdom,1.25,,,
489830,22295,HEART FILIGREE DOVE LARGE,1,12-02-2009 13:57,1.65,13623,United Kingdom,1.65,,,
489830,21390,FILIGRIS HEART WITH BUTTERFLY,1,12-02-2009 13:57,1.25,13623,United Kingdom,1.25,,,
489830,21212,PACK OF 72 RETRO SPOT CAKE CASES,2,12-02-2009 13:57,0.55,13623,United Kingdom,1.1,,,
489830,20914,SET/5 RED SPOTTY LID GLASS BOWLS,1,12-02-2009 13:57,2.95,13623,United Kingdom,2.95,,,
489830,22086,PAPER CHAIN KIT 50'S CHRISTMAS ,1,12-02-2009 13:57,2.95,13623,United Kingdom,2.95,,,
489830,85123A,WHITE HANGING HEART T-LIGHT HOLDER,1,12-02-2009 13:57,2.95,13623,United Kingdom,2.95,,,
489830,21356,TOAST ITS - FAIRY FLOWER,1,12-02-2009 13:57,1.25,13623,United Kingdom,1.25,,,
489830,11001,ASSTD DESIGN RACING CAR PEN,2,12-02-2009 13:57,1.69,13623,United Kingdom,3.38,,,
489830,72800E,4 IVORY DINNER CANDLES SILVER FLOCK,1,12-02-2009 13:57,2.55,13623,United Kingdom,2.55,,,
489830,21357,TOAST ITS - DINOSAUR,1,12-02-2009 13:57,1.25,13623,United Kingdom,1.25,,,
489830,35809B,ENAMEL BLUE RIM TEA CONTAINER,1,12-02-2009 13:57,2.1,13623,United Kingdom,2.1,,,
489830,35810B,ENAMEL BLUE RIM COFFEE CONTAINER,1,12-02-2009 13:57,2.1,13623,United Kingdom,2.1,,,
489830,90214S,"LETTER ""S"" BLING KEY RING",1,12-02-2009 13:57,1.25,13623,United Kingdom,1.25,,,
489830,90214A,"LETTER ""A"" BLING KEY RING",1,12-02-2009 13:57,1.25,13623,United Kingdom,1.25,,,
489830,21618,4 WILDFLOWER BOTANICAL CANDLES,2,12-02-2009 13:57,3.75,13623,United Kingdom,7.5,,,
489830,21588,RETRO SPOT GIANT  TUBE MATCHES,3,12-02-2009 13:57,2.55,13623,United Kingdom,7.65,,,
489830,72756,FAIRY CAKE CANDLES,36,12-02-2009 13:57,1.49,13623,United Kingdom,53.64,,,
489830,20914,SET/5 RED SPOTTY LID GLASS BOWLS,6,12-02-2009 13:57,2.95,13623,United Kingdom,17.7,,,
489830,22348,TEA BAG PLATE RED SPOTTY ,1,12-02-2009 13:57,0.85,13623,United Kingdom,0.85,,,
489830,21916,SET 12 RETRO WHITE CHALK STICKS,2,12-02-2009 13:57,0.42,13623,United Kingdom,0.84,,,
489830,21396,RED SPOTTY EGG CUP ,1,12-02-2009 13:57,1.25,13623,United Kingdom,1.25,,,
489830,84991,60 TEATIME FAIRY CAKE CASES,5,12-02-2009 13:57,0.55,13623,United Kingdom,2.75,,,
489830,18007,ESSENTIAL BALM 3.5g TIN IN ENVELOPE,5,12-02-2009 13:57,0.18,13623,United Kingdom,0.9,,,
489830,22350,CAT BOWL ,2,12-02-2009 13:57,2.55,13623,United Kingdom,5.1,,,
489830,21357,TOAST ITS - DINOSAUR,2,12-02-2009 13:57,1.25,13623,United Kingdom,2.5,,,
489830,21592,RETRO SPOT  CIGAR BOX MATCHES ,1,12-02-2009 13:57,1.25,13623,United Kingdom,1.25,,,
489830,21356,TOAST ITS - FAIRY FLOWER,2,12-02-2009 13:57,1.25,13623,United Kingdom,2.5,,,
489830,22068, BLACK PIRATE TREASURE CHEST,1,12-02-2009 13:57,1.65,13623,United Kingdom,1.65,,,
489830,11001,ASSTD DESIGN RACING CAR PEN,64,12-02-2009 13:57,1.69,13623,United Kingdom,108.16,,,
489830,21212,PACK OF 72 RETRO SPOT CAKE CASES,10,12-02-2009 13:57,0.55,13623,United Kingdom,5.5,,,
489830,22061,LARGE CAKE STAND  HANGING STRAWBERY,1,12-02-2009 13:57,9.95,13623,United Kingdom,9.95,,,
489830,21784,SHOE SHINE BOX ,1,12-02-2009 13:57,9.95,13623,United Kingdom,9.95,,,
489830,21755,LOVE BUILDING BLOCK WORD,1,12-02-2009 13:57,5.95,13623,United Kingdom,5.95,,,
489830,21154,RED SPOTTY OVEN GLOVE ,2,12-02-2009 13:57,1.25,13623,United Kingdom,2.5,,,
489830,22086,PAPER CHAIN KIT 50'S CHRISTMAS ,1,12-02-2009 13:57,2.95,13623,United Kingdom,2.95,,,
489830,22112,CHOCOLATE HOT WATER BOTTLE,2,12-02-2009 13:57,4.95,13623,United Kingdom,9.9,,,
489830,22113,GREY HEART HOT WATER BOTTLE,3,12-02-2009 13:57,3.45,13623,United Kingdom,10.35,,,
489830,21755,LOVE BUILDING BLOCK WORD,1,12-02-2009 13:57,5.95,13623,United Kingdom,5.95,,,
489830,22064,PINK DOUGHNUT TRINKET POT ,1,12-02-2009 13:57,1.65,13623,United Kingdom,1.65,,,
489830,21210,SET OF 72 RETRO SPOT PAPER  DOILIES,2,12-02-2009 13:57,1.45,13623,United Kingdom,2.9,,,
489830,21034,REX CASH+CARRY JUMBO SHOPPER,2,12-02-2009 13:57,0.95,13623,United Kingdom,1.9,,,
489830,21972,SET OF 36 DINOSAUR PAPER DOILIES,2,12-02-2009 13:57,1.45,13623,United Kingdom,2.9,,,
489830,21211,SET OF 72 SKULL PAPER  DOILIES,2,12-02-2009 13:57,1.45,13623,United Kingdom,2.9,,,
489830,84987,SET OF 36 TEATIME PAPER DOILIES,1,12-02-2009 13:57,1.45,13623,United Kingdom,1.45,,,
489830,84988,SET OF 72 PINK HEART PAPER DOILIES,1,12-02-2009 13:57,1.45,13623,United Kingdom,1.45,,,
489830,90002E,FLOWER BURST SILVER RING GREEN,2,12-02-2009 13:57,3.75,13623,United Kingdom,7.5,,,
489830,90002B,FLOWER BURST SILVER RING ROSE,2,12-02-2009 13:57,3.75,13623,United Kingdom,7.5,,,
489830,90002D,FLOWER BURST SILVER RING CRYSTAL,2,12-02-2009 13:57,3.75,13623,United Kingdom,7.5,,,
489830,90002C,FLOWER BURST SILVER RING MIDN'T BLU,2,12-02-2009 13:57,3.75,13623,United Kingdom,7.5,,,
489830,90175D,TIGRIS EYE CHUNKY CHARM BRACELET,2,12-02-2009 13:57,8.95,13623,United Kingdom,17.9,,,
489830,90145,SILVER HOOP EARRINGS WITH FLOWER,3,12-02-2009 13:57,5.95,13623,United Kingdom,17.85,,,
489830,90200B,BLACK SWEETHEART BRACELET,5,12-02-2009 13:57,4.25,13623,United Kingdom,21.25,,,
489830,90190A,SILVER/CRYSTAL DROP EARRINGS W LEAF,1,12-02-2009 13:57,2.95,13623,United Kingdom,2.95,,,
489830,90072,RUBY DROP CHANDELIER EARRINGS,2,12-02-2009 13:57,3.75,13623,United Kingdom,7.5,,,
489830,90073,VINTAGE ENAMEL & CRYSTAL EARRINGS,2,12-02-2009 13:57,4.95,13623,United Kingdom,9.9,,,
489830,90200E,GREEN SWEETHEART BRACELET,5,12-02-2009 13:57,4.25,13623,United Kingdom,21.25,,,
489831,84347,ROTATING SILVER ANGELS T-LIGHT HLDR,480,12-02-2009 13:58,2.1,12435,Denmark,1008,,,
489832,21430,SET/3 RED GINGHAM ROSE STORAGE BOX,2,12-02-2009 14:06,3.75,14549,United Kingdom,7.5,,,
489832,84535A,ENGLISH ROSE NOTEBOOK A6 SIZE,4,12-02-2009 14:06,0.65,14549,United Kingdom,2.6,,,
489832,84535B,FAIRY CAKES NOTEBOOK A6 SIZE,2,12-02-2009 14:06,0.65,14549,United Kingdom,1.3,,,
489832,84536B,FAIRY CAKES NOTEBOOK A7 SIZE,2,12-02-2009 14:06,0.42,14549,United Kingdom,0.84,,,
489832,85099F,JUMBO BAG STRAWBERRY,2,12-02-2009 14:06,1.95,14549,United Kingdom,3.9,,,
489832,84536A,ENGLISH ROSE NOTEBOOK A7 SIZE,4,12-02-2009 14:06,0.42,14549,United Kingdom,1.68,,,
489832,20713,JUMBO BAG OWLS,2,12-02-2009 14:06,1.95,14549,United Kingdom,3.9,,,
489832,20712,JUMBO BAG WOODLAND ANIMALS,2,12-02-2009 14:06,1.95,14549,United Kingdom,3.9,,,
489832,21928,JUMBO BAG SCANDINAVIAN PAISLEY,2,12-02-2009 14:06,1.95,14549,United Kingdom,3.9,,,
489832,21929,JUMBO BAG PINK VINTAGE PAISLEY,2,12-02-2009 14:06,1.95,14549,United Kingdom,3.9,,,
489832,85099C,JUMBO  BAG BAROQUE BLACK WHITE,4,12-02-2009 14:06,1.95,14549,United Kingdom,7.8,,,
489832,85099B,JUMBO BAG RED WHITE SPOTTY ,4,12-02-2009 14:06,1.95,14549,United Kingdom,7.8,,,
489832,47570,ENGLISH ROSE TABLE CLOTH,1,12-02-2009 14:06,10.65,14549,United Kingdom,10.65,,,
489832,22086,PAPER CHAIN KIT 50'S CHRISTMAS ,3,12-02-2009 14:06,2.95,14549,United Kingdom,8.85,,,
489832,21931,JUMBO STORAGE BAG SUKI,4,12-02-2009 14:06,1.95,14549,United Kingdom,7.8,,,
489832,22355,"CHARLOTTE BAG , SUKI DESIGN",2,12-02-2009 14:06,0.85,14549,United Kingdom,1.7,,,
489832,48195,DOOR MAT GREEN PAISLEY ,1,12-02-2009 14:06,6.75,14549,United Kingdom,6.75,,,
489832,84247K,"FOLK ART GREETING CARD,pack/12",2,12-02-2009 14:06,2.95,14549,United Kingdom,5.9,,,
489832,84247C,PACK/12 BLUE REINDEER CARD,1,12-02-2009 14:06,2.95,14549,United Kingdom,2.95,,,
489832,22075,6 RIBBONS ELEGANT CHRISTMAS ,2,12-02-2009 14:06,1.65,14549,United Kingdom,3.3,,,
489832,85049A,TRADITIONAL CHRISTMAS RIBBONS,1,12-02-2009 14:06,1.25,14549,United Kingdom,1.25,,,
489832,21493, VINTAGE DESIGN GIFT TAGS,2,12-02-2009 14:06,0.85,14549,United Kingdom,1.7,,,
489832,21704,BAG 250g SWIRLY MARBLES,2,12-02-2009 14:06,0.85,14549,United Kingdom,1.7,,,
489832,21705,BAG 500g SWIRLY MARBLES,2,12-02-2009 14:06,1.65,14549,United Kingdom,3.3,,,
489832,21164,HOME SWEET HOME METAL SIGN ,1,12-02-2009 14:06,2.95,14549,United Kingdom,2.95,,,
489832,22111,SCOTTIE DOG HOT WATER BOTTLE,3,12-02-2009 14:06,4.95,14549,United Kingdom,14.85,,,
489832,84987,SET OF 36 TEATIME PAPER DOILIES,1,12-02-2009 14:06,1.45,14549,United Kingdom,1.45,,,
489832,22173,METAL 4 HOOK HANGER FRENCH CHATEAU,2,12-02-2009 14:06,2.95,14549,United Kingdom,5.9,,,
489832,47591C,BLUE FAIRY CAKE CHILD'S APRON,1,12-02-2009 14:06,1.95,14549,United Kingdom,1.95,,,
489832,47591D,PINK FAIRY CAKE CHILD'S APRON,2,12-02-2009 14:06,1.95,14549,United Kingdom,3.9,,,
489832,21156,RED SPOTTY CHILDS APRON,1,12-02-2009 14:06,1.95,14549,United Kingdom,1.95,,,
489832,84991,60 TEATIME FAIRY CAKE CASES,2,12-02-2009 14:06,0.55,14549,United Kingdom,1.1,,,
489832,21080,SET/20 RED SPOTTY PAPER NAPKINS ,3,12-02-2009 14:06,0.85,14549,United Kingdom,2.55,,,
489832,84520D,PACK OF 20 FAIRY CAKE PAPER NAPKINS,3,12-02-2009 14:06,0.85,14549,United Kingdom,2.55,,,
489832,84520B,PACK 20 ENGLISH ROSE PAPER NAPKINS,3,12-02-2009 14:06,0.85,14549,United Kingdom,2.55,,,
489832,82482,WOODEN PICTURE FRAME WHITE FINISH,2,12-02-2009 14:06,2.55,14549,United Kingdom,5.1,,,
489832,22280,POCKET BAG PINK PAISELY BROWN SPOT,2,12-02-2009 14:06,2.1,14549,United Kingdom,4.2,,,
489832,22279,POCKET BAG BLUE PAISLEY RED SPOT,2,12-02-2009 14:06,2.1,14549,United Kingdom,4.2,,,
489832,22276,WASH BAG VINTAGE ROSE PAISLEY,2,12-02-2009 14:06,2.55,14549,United Kingdom,5.1,,,
489832,22115,METAL SIGN EMPIRE TEA,2,12-02-2009 14:06,2.95,14549,United Kingdom,5.9,,,
489832,21164,HOME SWEET HOME METAL SIGN ,1,12-02-2009 14:06,2.95,14549,United Kingdom,2.95,,,
489832,47568,ENGLISH ROSE DESIGN PEG BAG,2,12-02-2009 14:06,2.1,14549,United Kingdom,4.2,,,
489832,20829,GLITTER HANGING BUTTERFLY STRING,4,12-02-2009 14:06,2.1,14549,United Kingdom,8.4,,,
489832,21491,SET OF THREE VINTAGE GIFT WRAPS,2,12-02-2009 14:06,1.95,14549,United Kingdom,3.9,,,
489832,21490,SET OF THREE 50'S GIFT WRAPS ,2,12-02-2009 14:06,1.95,14549,United Kingdom,3.9,,,
489832,47566B,TEA TIME PARTY BUNTING,4,12-02-2009 14:06,4.65,14549,United Kingdom,18.6,,,
489832,47566,PARTY BUNTING,5,12-02-2009 14:06,4.65,14549,United Kingdom,23.25,,,
489832,21621,VINTAGE UNION JACK BUNTING,4,12-02-2009 14:06,8.5,14549,United Kingdom,34,,,
489832,79067,CORONA MEXICAN TRAY,1,12-02-2009 14:06,3.75,14549,United Kingdom,3.75,,,
489832,22107,PIZZA PLATE IN BOX,1,12-02-2009 14:06,3.75,14549,United Kingdom,3.75,,,
489832,22095,LADS ONLY TISSUE BOX,1,12-02-2009 14:06,1.25,14549,United Kingdom,1.25,,,
489832,21465,PINK FLOWER CROCHET FOOD COVER,1,12-02-2009 14:06,3.75,14549,United Kingdom,3.75,,,
489832,21468,BUTTERFLY CROCHET FOOD COVER,1,12-02-2009 14:06,3.75,14549,United Kingdom,3.75,,,
489832,22138,BAKING SET 9 PIECE RETROSPOT ,2,12-02-2009 14:06,4.95,14549,United Kingdom,9.9,,,
489832,22139,RETRO SPOT TEA SET CERAMIC 11 PC ,4,12-02-2009 14:06,4.95,14549,United Kingdom,19.8,,,
489834,21217,RED SPOTTY ROUND CAKE TINS,24,12-02-2009 14:09,8.95,14106,United Kingdom,214.8,,,
489833,85185C,COW  SOCK PUPPET,1,12-02-2009 14:09,2.95,14980,United Kingdom,2.95,,,
489833,85185F,LION SOCK PUPPET,1,12-02-2009 14:09,2.95,14980,United Kingdom,2.95,,,
489833,84270,ASSTD DESIGN BUBBLE GUM RING,30,12-02-2009 14:09,0.21,14980,United Kingdom,6.3,,,
489833,21482,MUSHROOM BLUE HOT WATER BOTTLE,1,12-02-2009 14:09,2.95,14980,United Kingdom,2.95,,,
489833,85123A,WHITE HANGING HEART T-LIGHT HOLDER,8,12-02-2009 14:09,2.95,14980,United Kingdom,23.6,,,
489833,21154,RED SPOTTY OVEN GLOVE ,2,12-02-2009 14:09,1.25,14980,United Kingdom,2.5,,,
489833,21035,SET/2 RED SPOTTY TEA TOWELS ,1,12-02-2009 14:09,2.95,14980,United Kingdom,2.95,,,
489833,85014D,PINK/BROWN DOTS RUFFLED UMBRELLA,1,12-02-2009 14:09,5.95,14980,United Kingdom,5.95,,,
489833,21754,HOME BUILDING BLOCK WORD,1,12-02-2009 14:09,5.95,14980,United Kingdom,5.95,,,
489833,21108,FAIRY CAKE FLANNEL ASSORTED COLOUR,2,12-02-2009 14:09,2.55,14980,United Kingdom,5.1,,,
489833,21655,HANGING RIDGE GLASS T-LIGHT HOLDER,2,12-02-2009 14:09,1.69,14980,United Kingdom,3.38,,,
489833,47556,SET/2 SPOTTY + ROSE TEA TOWELS ,1,12-02-2009 14:09,2.55,14980,United Kingdom,2.55,,,
489833,20718,RED SPOTTY SHOPPER BAG,1,12-02-2009 14:09,1.25,14980,United Kingdom,1.25,,,
489833,21231,SWEETHEART CERAMIC TRINKET BOX,2,12-02-2009 14:09,1.25,14980,United Kingdom,2.5,,,
489833,22142,CHRISTMAS CRAFT WHITE FAIRY ,6,12-02-2009 14:09,1.45,14980,United Kingdom,8.7,,,
489833,22143,CHRISTMAS CRAFT HEART DECORATIONS,4,12-02-2009 14:09,2.1,14980,United Kingdom,8.4,,,
489833,79323P,PINK CHERRY LIGHTS,1,12-02-2009 14:09,6.75,14980,United Kingdom,6.75,,,
489833,79323W, WHITE CHERRY LIGHTS,3,12-02-2009 14:09,6.75,14980,United Kingdom,20.25,,,
489833,22275,WEEKEND BAG VINTAGE ROSE PAISLEY,1,12-02-2009 14:09,8.5,14980,United Kingdom,8.5,,,
489833,85099B,JUMBO BAG RED WHITE SPOTTY ,3,12-02-2009 14:09,1.95,14980,United Kingdom,5.85,,,
489833,21034,REX CASH+CARRY JUMBO SHOPPER,1,12-02-2009 14:09,0.95,14980,United Kingdom,0.95,,,
489833,84837,WHITE SWEETHEARTS CABINET 4 DRAWERS,1,12-02-2009 14:09,12.75,14980,United Kingdom,12.75,,,
489833,85231B,CINAMMON SET OF 9 T-LIGHTS,4,12-02-2009 14:09,0.85,14980,United Kingdom,3.4,,,
489833,72802A,ROSE SCENT CANDLE IN JEWELLED BOX,1,12-02-2009 14:09,4.25,14980,United Kingdom,4.25,,,
489835,22083,PAPER CHAIN KIT RETRO SPOT,80,12-02-2009 14:15,2.55,15061,United Kingdom,204,,,
489835,22086,PAPER CHAIN KIT 50'S CHRISTMAS ,200,12-02-2009 14:15,2.55,15061,United Kingdom,510,,,
489837,22210,WOOD STAMP SET BEST WISHES,4,12-02-2009 14:21,1.65,14396,United Kingdom,6.6,,,
489837,22208,WOOD STAMP SET THANK YOU,4,12-02-2009 14:21,1.65,14396,United Kingdom,6.6,,,
489837,22211,WOOD STAMP SET FLOWERS,4,12-02-2009 14:21,1.65,14396,United Kingdom,6.6,,,
489837,84558A,3D DOG PICTURE PLAYING CARDS,4,12-02-2009 14:21,2.95,14396,United Kingdom,11.8,,,
489837,20980,36 PENCILS TUBE POSY,4,12-02-2009 14:21,1.25,14396,United Kingdom,5,,,
489837,20979,36 PENCILS TUBE RED SPOTTY,4,12-02-2009 14:21,1.25,14396,United Kingdom,5,,,
489837,20977,36 PENCILS TUBE WOODLAND,4,12-02-2009 14:21,1.25,14396,United Kingdom,5,,,
489837,84818,DANISH ROSE PHOTO FRAME,3,12-02-2009 14:21,2.55,14396,United Kingdom,7.65,,,
489837,82482,WOODEN PICTURE FRAME WHITE FINISH,4,12-02-2009 14:21,2.55,14396,United Kingdom,10.2,,,
489837,22150, 3 STRIPEY MICE FELTCRAFT,3,12-02-2009 14:21,1.95,14396,United Kingdom,5.85,,,
489837,22147,FELTCRAFT BUTTERFLY HEARTS,3,12-02-2009 14:21,1.45,14396,United Kingdom,4.35,,,
489837,22145,CHRISTMAS CRAFT HEART STOCKING ,3,12-02-2009 14:21,2.1,14396,United Kingdom,6.3,,,
489837,16237,SLEEPING CAT ERASERS,10,12-02-2009 14:21,0.21,14396,United Kingdom,2.1,,,
489837,85042,ANTIQUE LILY FAIRY LIGHTS,2,12-02-2009 14:21,4.95,14396,United Kingdom,9.9,,,
489837,85047,WHITE BEADED GARLAND STRING 20LIGHT,3,12-02-2009 14:21,6.35,14396,United Kingdom,19.05,,,
489837,21671,RED SPOT CERAMIC DRAWER KNOB,6,12-02-2009 14:21,1.25,14396,United Kingdom,7.5,,,
489837,21670,BLUE SPOT CERAMIC DRAWER KNOB,6,12-02-2009 14:21,1.25,14396,United Kingdom,7.5,,,
489837,21670,BLUE SPOT CERAMIC DRAWER KNOB,6,12-02-2009 14:21,1.25,14396,United Kingdom,7.5,,,
489837,21668,RED STRIPE CERAMIC DRAWER KNOB,6,12-02-2009 14:21,1.25,14396,United Kingdom,7.5,,,
489837,21350,GINGHAM HEART WREATH,4,12-02-2009 14:21,2.95,14396,United Kingdom,11.8,,,
489837,79323W, WHITE CHERRY LIGHTS,3,12-02-2009 14:21,6.75,14396,United Kingdom,20.25,,,
489837,79323LP,LIGHT PINK CHERRY LIGHTS,2,12-02-2009 14:21,6.75,14396,United Kingdom,13.5,,,
489837,21353,SILVER SLEIGHBELL  WREATH,3,12-02-2009 14:21,7.95,14396,United Kingdom,23.85,,,
489837,21010,ETCHED GLASS BIRD TREE DECORATION,6,12-02-2009 14:21,1.25,14396,United Kingdom,7.5,,,
489837,21009,ETCHED GLASS STAR TREE DECORATION,6,12-02-2009 14:21,1.25,14396,United Kingdom,7.5,,,
489837,21929,JUMBO BAG PINK VINTAGE PAISLEY,4,12-02-2009 14:21,1.95,14396,United Kingdom,7.8,,,
489837,82494L,WOODEN FRAME ANTIQUE WHITE ,3,12-02-2009 14:21,2.95,14396,United Kingdom,8.85,,,
489837,20829,GLITTER HANGING BUTTERFLY STRING,7,12-02-2009 14:21,2.1,14396,United Kingdom,14.7,,,
489837,20828,GLITTER BUTTERFLY CLIPS,7,12-02-2009 14:21,2.55,14396,United Kingdom,17.85,,,
489837,21821,GLITTER STAR GARLAND WITH BELLS ,6,12-02-2009 14:21,3.75,14396,United Kingdom,22.5,,,
489837,71053,WHITE METAL LANTERN,4,12-02-2009 14:21,3.75,14396,United Kingdom,15,,,
489837,71038,WHITE HANGING BEADS CANDLE HOLDER,2,12-02-2009 14:21,5.45,14396,United Kingdom,10.9,,,
489837,82483,WOOD 2 DRAWER CABINET WHITE FINISH,2,12-02-2009 14:21,5.95,14396,United Kingdom,11.9,,,
489837,21291,SMALL SPOTTY CHOCOLATE GIFT BAG ,32,12-02-2009 14:21,0.85,14396,United Kingdom,27.2,,,
489837,10120,DOGGY RUBBER,10,12-02-2009 14:21,0.21,14396,United Kingdom,2.1,,,
489837,22147,FELTCRAFT BUTTERFLY HEARTS,1,12-02-2009 14:21,1.45,14396,United Kingdom,1.45,,,
489837,22145,CHRISTMAS CRAFT HEART STOCKING ,1,12-02-2009 14:21,2.1,14396,United Kingdom,2.1,,,
489837,22150, 3 STRIPEY MICE FELTCRAFT,1,12-02-2009 14:21,1.95,14396,United Kingdom,1.95,,,
489837,22173,METAL 4 HOOK HANGER FRENCH CHATEAU,4,12-02-2009 14:21,2.95,14396,United Kingdom,11.8,,,
489837,84406B,CREAM CUPID HEARTS COAT HANGER,3,12-02-2009 14:21,3.25,14396,United Kingdom,9.75,,,
489837,85123A,WHITE HANGING HEART T-LIGHT HOLDER,10,12-02-2009 14:21,2.95,14396,United Kingdom,29.5,,,
489837,21809,CHRISTMAS HANGING TREE WITH BELL,20,12-02-2009 14:21,1.25,14396,United Kingdom,25,,,
489837,21817,GLITTER CHRISTMAS TREE,10,12-02-2009 14:21,0.85,14396,United Kingdom,8.5,,,
489837,21818,GLITTER CHRISTMAS HEART ,10,12-02-2009 14:21,0.85,14396,United Kingdom,8.5,,,
489837,21819,GLITTER CHRISTMAS STAR ,10,12-02-2009 14:21,0.85,14396,United Kingdom,8.5,,,
489837,82486,WOOD S/3 CABINET ANT WHITE FINISH,2,12-02-2009 14:21,7.95,14396,United Kingdom,15.9,,,
489837,72756,FAIRY CAKE CANDLES,18,12-02-2009 14:21,1.49,14396,United Kingdom,26.82,,,
489840,20747,PICCADILLY TEA SET,6,12-02-2009 14:22,14.95,14122,United Kingdom,89.7,,,
489855,21493, VINTAGE DESIGN GIFT TAGS,6,12-02-2009 14:34,0.85,16987,United Kingdom,5.1,,,
489855,72529W,WHITE ADVENT CANDLE,1,12-02-2009 14:34,2.12,16987,United Kingdom,2.12,,,
489855,84029E,RED WOOLLY HOTTIE WHITE HEART.,2,12-02-2009 14:34,3.75,16987,United Kingdom,7.5,,,
489855,84029G,KNITTED UNION FLAG HOT WATER BOTTLE,3,12-02-2009 14:34,3.75,16987,United Kingdom,11.25,,,
489855,21488,RED WHITE SCARF  HOT WATER BOTTLE,3,12-02-2009 14:34,3.95,16987,United Kingdom,11.85,,,
489855,21489,BLUE WHITE SCARF HOT WATER BOTTLE,3,12-02-2009 14:34,3.95,16987,United Kingdom,11.85,,,
489855,22114,HOT WATER BOTTLE TEA AND SYMPATHY,2,12-02-2009 14:34,3.95,16987,United Kingdom,7.9,,,
489855,21480,PINK STRIPE HOT WATER BOTTLE,2,12-02-2009 14:34,2.95,16987,United Kingdom,5.9,,,
489855,20725,LUNCH BAG RED SPOTTY,3,12-02-2009 14:34,1.65,16987,United Kingdom,4.95,,,
489855,84032B,CHARLIE + LOLA RED HOT WATER BOTTLE,2,12-02-2009 14:34,2.95,16987,United Kingdom,5.9,,,
489855,84032A,CHARLIE+LOLA PINK HOT WATER BOTTLE,2,12-02-2009 14:34,2.95,16987,United Kingdom,5.9,,,
489855,22112,CHOCOLATE HOT WATER BOTTLE,2,12-02-2009 14:34,4.95,16987,United Kingdom,9.9,,,
489855,84352,SILVER CHRISTMAS TREE BAUBLE STAND ,1,12-02-2009 14:34,16.95,16987,United Kingdom,16.95,,,
489855,82494L,WOODEN FRAME ANTIQUE WHITE ,2,12-02-2009 14:34,2.95,16987,United Kingdom,5.9,,,
489855,82482,WOODEN PICTURE FRAME WHITE FINISH,2,12-02-2009 14:34,2.55,16987,United Kingdom,5.1,,,
489855,21869,POTTING SHED COFFEE MUG,1,12-02-2009 14:34,1.25,16987,United Kingdom,1.25,,,
489855,21873,IF YOU CAN'T STAND THE HEAT MUG,1,12-02-2009 14:34,1.25,16987,United Kingdom,1.25,,,
489855,21872,GLAMOROUS  MUG,2,12-02-2009 14:34,1.25,16987,United Kingdom,2.5,,,
489855,21877,HOME SWEET HOME MUG,1,12-02-2009 14:34,1.25,16987,United Kingdom,1.25,,,
489855,21874,GIN AND TONIC MUG,1,12-02-2009 14:34,1.25,16987,United Kingdom,1.25,,,
489855,21868,POTTING SHED TEA MUG,1,12-02-2009 14:34,1.25,16987,United Kingdom,1.25,,,
489855,21163,DO NOT TOUCH MY STUFF DOOR HANGER ,1,12-02-2009 14:34,1.45,16987,United Kingdom,1.45,,,
489855,21165,BEWARE OF THE CAT METAL SIGN ,1,12-02-2009 14:34,1.69,16987,United Kingdom,1.69,,,
489855,21161,KEEP OUT BOYS DOOR HANGER ,1,12-02-2009 14:34,1.45,16987,United Kingdom,1.45,,,
489855,21163,DO NOT TOUCH MY STUFF DOOR HANGER ,2,12-02-2009 14:34,1.45,16987,United Kingdom,2.9,,,
489855,21624,VINTAGE UNION JACK DOORSTOP,1,12-02-2009 14:34,5.95,16987,United Kingdom,5.95,,,
489855,85014B,RED/WHITE DOTS RUFFLED UMBRELLA,1,12-02-2009 14:34,5.95,16987,United Kingdom,5.95,,,
489855,21491,SET OF THREE VINTAGE GIFT WRAPS,3,12-02-2009 14:34,1.95,16987,United Kingdom,5.85,,,
489855,21490,SET OF THREE 50'S GIFT WRAPS ,3,12-02-2009 14:34,1.95,16987,United Kingdom,5.85,,,
489862,72598,SET/12 TAPER CANDLES,18,12-02-2009 14:52,0.85,17809,United Kingdom,15.3,,,
489862,79342B,BROWN FLOWER LIGHTS,36,12-02-2009 14:52,5.45,17809,United Kingdom,196.2,,,
489862,79323P,PINK CHERRY LIGHTS,72,12-02-2009 14:52,5.45,17809,United Kingdom,392.4,,,
489862,79323W, WHITE CHERRY LIGHTS,24,12-02-2009 14:52,5.45,17809,United Kingdom,130.8,,,
489863,20725,LUNCH BAG RED SPOTTY,1,12-02-2009 14:55,1.65,15917,United Kingdom,1.65,,,
489863,47591D,PINK FAIRY CAKE CHILD'S APRON,1,12-02-2009 14:55,1.95,15917,United Kingdom,1.95,,,
489863,21916,SET 12 RETRO WHITE CHALK STICKS,1,12-02-2009 14:55,0.42,15917,United Kingdom,0.42,,,
489863,21354,TOAST ITS - BEST MUM,1,12-02-2009 14:55,1.25,15917,United Kingdom,1.25,,,
489863,21357,TOAST ITS - DINOSAUR,1,12-02-2009 14:55,1.25,15917,United Kingdom,1.25,,,
489863,21358,TOAST ITS - HAPPY BIRTHDAY,1,12-02-2009 14:55,1.25,15917,United Kingdom,1.25,,,
489863,22315,200 RED + WHITE BENDY STRAWS,4,12-02-2009 14:55,1.25,15917,United Kingdom,5,,,
489863,21933,PINK VINTAGE PAISLEY PICNIC BAG,1,12-02-2009 14:55,2.95,15917,United Kingdom,2.95,,,
489863,20730,STRAWBERRY CANDY BAG,1,12-02-2009 14:55,1.25,15917,United Kingdom,1.25,,,
489863,21262,WHITE GOOSE FEATHER CHRISTMAS TREE ,1,12-02-2009 14:55,16.95,15917,United Kingdom,16.95,,,
489863,16202B,PASTEL BLUE PHOTO ALBUM ,1,12-02-2009 14:55,5.55,15917,United Kingdom,5.55,,,
489863,20905,VINTAGE KEEPSAKE BOX BEAUTY GIRL,1,12-02-2009 14:55,6.35,15917,United Kingdom,6.35,,,
489863,35965,FOLKART HEART NAPKIN RINGS,1,12-02-2009 14:55,2.95,15917,United Kingdom,2.95,,,
489863,21042,RED SPOTTY APRON ,1,12-02-2009 14:55,5.95,15917,United Kingdom,5.95,,,
489863,84029E,RED WOOLLY HOTTIE WHITE HEART.,1,12-02-2009 14:55,3.75,15917,United Kingdom,3.75,,,
489863,21484,CHICK GREY HOT WATER BOTTLE,1,12-02-2009 14:55,3.45,15917,United Kingdom,3.45,,,
489863,21480,PINK STRIPE HOT WATER BOTTLE,1,12-02-2009 14:55,2.95,15917,United Kingdom,2.95,,,
489863,47591C,BLUE FAIRY CAKE CHILD'S APRON,1,12-02-2009 14:55,1.95,15917,United Kingdom,1.95,,,
489864,22415,WHITE TISSUE REAM,1,12-02-2009 14:56,7.95,14987,United Kingdom,7.95,,,
489864,21733,RED HANGING HEART T-LIGHT HOLDER,32,12-02-2009 14:56,2.55,14987,United Kingdom,81.6,,,
489864,85123A,WHITE HANGING HEART T-LIGHT HOLDER,46,12-02-2009 14:56,2.55,14987,United Kingdom,117.3,,,
489865,20748,KENSINGTON COFFEE SET,1,12-02-2009 15:01,12.75,14080,United Kingdom,12.75,,,
489865,22192,BLUE DINER WALL CLOCK,1,12-02-2009 15:01,8.5,14080,United Kingdom,8.5,,,
489865,22191,EAU DE NIL DINER WALL CLOCK,1,12-02-2009 15:01,8.5,14080,United Kingdom,8.5,,,
489865,46775B,BERRIES CHUNKY KNITTED THROW ,2,12-02-2009 15:01,16.95,14080,United Kingdom,33.9,,,
489865,22119, PEACE WOODEN BLOCK LETTERS,2,12-02-2009 15:01,6.95,14080,United Kingdom,13.9,,,
489865,22121,NOEL WOODEN BLOCK LETTERS ,2,12-02-2009 15:01,5.95,14080,United Kingdom,11.9,,,
489865,21754,HOME BUILDING BLOCK WORD,2,12-02-2009 15:01,5.95,14080,United Kingdom,11.9,,,
489865,21756,BATH BUILDING BLOCK WORD,4,12-02-2009 15:01,5.95,14080,United Kingdom,23.8,,,
489865,22118,JOY WOODEN BLOCK LETTERS,2,12-02-2009 15:01,4.95,14080,United Kingdom,9.9,,,
489865,21114,LAVENDER SCENTED FABRIC HEART,5,12-02-2009 15:01,1.25,14080,United Kingdom,6.25,,,
489865,22111,SCOTTIE DOG HOT WATER BOTTLE,3,12-02-2009 15:01,4.95,14080,United Kingdom,14.85,,,
489865,21479,WHITE SKULL HOT WATER BOTTLE ,1,12-02-2009 15:01,3.75,14080,United Kingdom,3.75,,,
489865,84029G,KNITTED UNION FLAG HOT WATER BOTTLE,3,12-02-2009 15:01,3.75,14080,United Kingdom,11.25,,,
489865,22068, BLACK PIRATE TREASURE CHEST,2,12-02-2009 15:01,1.65,14080,United Kingdom,3.3,,,
489865,20913,SET/5 BLUE SPOTTY LID GLASS BOWLS,2,12-02-2009 15:01,2.95,14080,United Kingdom,5.9,,,
489865,84968F,S/16 VINTAGE SKY BLUE CUTLERY,1,12-02-2009 15:01,12.75,14080,United Kingdom,12.75,,,
489865,72756,FAIRY CAKE CANDLES,18,12-02-2009 15:01,1.49,14080,United Kingdom,26.82,,,
489865,20747,PICCADILLY TEA SET,1,12-02-2009 15:01,14.95,14080,United Kingdom,14.95,,,
489866,20692,FLORAL ELEPHANT SOFT TOY,1,12-02-2009 15:04,4.25,16200,United Kingdom,4.25,,,
489866,84971L,LARGE HEART FLOWERS HOOK   ,4,12-02-2009 15:04,1.25,16200,United Kingdom,5,,,
489866,47578A,ENGLISH ROSE SMALL SCENTED FLOWER,8,12-02-2009 15:04,0.85,16200,United Kingdom,6.8,,,
489866,82583,HOT BATHS METAL SIGN,2,12-02-2009 15:04,2.1,16200,United Kingdom,4.2,,,
489866,21164,HOME SWEET HOME METAL SIGN ,1,12-02-2009 15:04,2.95,16200,United Kingdom,2.95,,,
489866,82552,WASHROOM METAL SIGN,5,12-02-2009 15:04,1.25,16200,United Kingdom,6.25,,,
489866,82551,LAUNDRY 15C METAL SIGN,5,12-02-2009 15:04,1.25,16200,United Kingdom,6.25,,,
489866,85151,WELCOME METAL SIGN,5,12-02-2009 15:04,1.25,16200,United Kingdom,6.25,,,
489866,22113,GREY HEART HOT WATER BOTTLE,2,12-02-2009 15:04,3.45,16200,United Kingdom,6.9,,,
489866,21485,RED SPOT HEART HOT WATER BOTTLE,2,12-02-2009 15:04,4.95,16200,United Kingdom,9.9,,,
489866,21482,MUSHROOM BLUE HOT WATER BOTTLE,1,12-02-2009 15:04,2.95,16200,United Kingdom,2.95,,,
489866,21481,FAWN BLUE HOT WATER BOTTLE,2,12-02-2009 15:04,2.95,16200,United Kingdom,5.9,,,
489866,20693,FLORAL DINOSAUR GREEN,1,12-02-2009 15:04,4.25,16200,United Kingdom,4.25,,,
489866,21877,HOME SWEET HOME MUG,6,12-02-2009 15:04,1.25,16200,United Kingdom,7.5,,,
489866,84032B,CHARLIE + LOLA RED HOT WATER BOTTLE,2,12-02-2009 15:04,2.95,16200,United Kingdom,5.9,,,
489866,84705D,CHERRY BLOSSOM PHOTO FRAME ,2,12-02-2009 15:04,4.65,16200,United Kingdom,9.3,,,
489866,21665,TRIANGULAR RIDGED GLASS POSY HOLDER,18,12-02-2009 15:04,0.65,16200,United Kingdom,11.7,,,
489866,22296,HEART IVORY TRELLIS LARGE,12,12-02-2009 15:04,1.65,16200,United Kingdom,19.8,,,
489866,22064,PINK DOUGHNUT TRINKET POT ,1,12-02-2009 15:04,1.65,16200,United Kingdom,1.65,,,
489866,22335,HEART DECORATION PAINTED ZINC ,1,12-02-2009 15:04,0.65,16200,United Kingdom,0.65,,,
489866,85170D,SET/6 PINK BIRD T-LIGHT CANDLES,2,12-02-2009 15:04,2.1,16200,United Kingdom,4.2,,,
489866,21733,RED HANGING HEART T-LIGHT HOLDER,11,12-02-2009 15:04,2.95,16200,United Kingdom,32.45,,,
489866,85123A,WHITE HANGING HEART T-LIGHT HOLDER,10,12-02-2009 15:04,2.95,16200,United Kingdom,29.5,,,
489866,84247J,PACK/12 RUSSIAN DOLL CARDS,1,12-02-2009 15:04,2.95,16200,United Kingdom,2.95,,,
489866,84249D,FAIRY CAKE GREETINGS CARD,12,12-02-2009 15:04,0.42,16200,United Kingdom,5.04,,,
489866,85232A,SET/3 POLKA DOT STACKING TINS,1,12-02-2009 15:04,4.95,16200,United Kingdom,4.95,,,
489866,85053,FRENCH ENAMEL CANDLEHOLDER,1,12-02-2009 15:04,2.1,16200,United Kingdom,2.1,,,
489866,35241,ENAMEL BLUE RIM BISCUIT BIN,1,12-02-2009 15:04,4.95,16200,United Kingdom,4.95,,,
489866,85061W,WHITE JEWELLED HEART DECORATION,10,12-02-2009 15:04,0.85,16200,United Kingdom,8.5,,,
489866,84971S,SMALL HEART FLOWERS HOOK ,2,12-02-2009 15:04,0.85,16200,United Kingdom,1.7,,,
489866,85199S,SMALL HANGING IVORY/RED WOOD BIRD,10,12-02-2009 15:04,0.42,16200,United Kingdom,4.2,,,
489866,85199L,LARGE HANGING IVORY & RED WOOD BIRD,6,12-02-2009 15:04,0.65,16200,United Kingdom,3.9,,,
489866,35979,SIX STRING SCANDINAVIAN HEART DECS,1,12-02-2009 15:04,2.95,16200,United Kingdom,2.95,,,
489866,37446,MINI CAKE STAND WITH HANGING CAKES,1,12-02-2009 15:04,1.45,16200,United Kingdom,1.45,,,
489866,22055,MINI CAKE STAND  HANGING STRAWBERY,1,12-02-2009 15:04,1.65,16200,United Kingdom,1.65,,,
489866,22253,6 CROCHET STRAWBERRIES,3,12-02-2009 15:04,1.25,16200,United Kingdom,3.75,,,
489866,35962,12 ASS ZINC CHRISTMAS DECORATIONS,2,12-02-2009 15:04,2.1,16200,United Kingdom,4.2,,,
489866,37447,CERAMIC CAKE DESIGN SPOTTED PLATE,1,12-02-2009 15:04,1.49,16200,United Kingdom,1.49,,,
489866,84832,ZINC WILLIE WINKIE  CANDLE STICK,15,12-02-2009 15:04,0.85,16200,United Kingdom,12.75,,,
489866,22340,NOEL GARLAND PAINTED ZINC ,1,12-02-2009 15:04,1.65,16200,United Kingdom,1.65,,,
489866,21010,ETCHED GLASS BIRD TREE DECORATION,6,12-02-2009 15:04,1.25,16200,United Kingdom,7.5,,,
489866,21009,ETCHED GLASS STAR TREE DECORATION,6,12-02-2009 15:04,1.25,16200,United Kingdom,7.5,,,
489866,84970S,HANGING HEART ZINC T-LIGHT HOLDER,12,12-02-2009 15:04,0.85,16200,United Kingdom,10.2,,,
489866,21877,HOME SWEET HOME MUG,6,12-02-2009 15:04,1.25,16200,United Kingdom,7.5,,,
489866,84836,ZINC METAL HEART DECORATION,12,12-02-2009 15:04,1.25,16200,United Kingdom,15,,,
489866,21133,PAINTED BIRD ASSORTED CHRISTMAS,6,12-02-2009 15:04,1.69,16200,United Kingdom,10.14,,,
489866,21494,ROTATING LEAVES T-LIGHT HOLDER,10,12-02-2009 15:04,2.55,16200,United Kingdom,25.5,,,
489866,84347,ROTATING SILVER ANGELS T-LIGHT HLDR,4,12-02-2009 15:04,2.55,16200,United Kingdom,10.2,,,
489866,22224,WHITE LOVEBIRD LANTERN,3,12-02-2009 15:04,2.95,16200,United Kingdom,8.85,,,
489866,22265,EASTER DECORATION NATURAL CHICK,15,12-02-2009 15:04,0.65,16200,United Kingdom,9.75,,,
489866,22227,"DECORATION, HANGING HEART+MIRROR ",8,12-02-2009 15:04,0.65,16200,United Kingdom,5.2,,,
489866,22216,T-LIGHT HOLDER WHITE LACE,10,12-02-2009 15:04,0.85,16200,United Kingdom,8.5,,,
489866,84970S,HANGING HEART ZINC T-LIGHT HOLDER,24,12-02-2009 15:04,0.85,16200,United Kingdom,20.4,,,
489866,47568,ENGLISH ROSE DESIGN PEG BAG,2,12-02-2009 15:04,2.1,16200,United Kingdom,4.2,,,
489866,84509A,ENGLISH ROSE PLACEMATS,2,12-02-2009 15:04,3.75,16200,United Kingdom,7.5,,,
489866,21217,RED SPOTTY ROUND CAKE TINS,1,12-02-2009 15:04,9.95,16200,United Kingdom,9.95,,,
489866,22212,FOUR HOOK  WHITE LOVEBIRDS,3,12-02-2009 15:04,2.1,16200,United Kingdom,6.3,,,
489866,79030G,"TUMBLER, NEW ENGLAND",12,12-02-2009 15:04,1.65,16200,United Kingdom,19.8,,,
489866,79030A,"TUMBLER, ENGLISH ROSE",6,12-02-2009 15:04,1.65,16200,United Kingdom,9.9,,,
489866,21871,SAVE THE PLANET MUG,6,12-02-2009 15:04,1.25,16200,United Kingdom,7.5,,,
489866,47578A,ENGLISH ROSE SMALL SCENTED FLOWER,1,12-02-2009 15:04,0.85,16200,United Kingdom,0.85,,,
489866,21313,GLASS HEART T-LIGHT HOLDER ,1,12-02-2009 15:04,0.85,16200,United Kingdom,0.85,,,
489866,22335,HEART DECORATION PAINTED ZINC ,14,12-02-2009 15:04,0.65,16200,United Kingdom,9.1,,,
489866,21313,GLASS HEART T-LIGHT HOLDER ,5,12-02-2009 15:04,0.85,16200,United Kingdom,4.25,,,
489866,82580,BATHROOM METAL SIGN,5,12-02-2009 15:04,0.55,16200,United Kingdom,2.75,,,
489866,82578,KITCHEN METAL SIGN,3,12-02-2009 15:04,0.55,16200,United Kingdom,1.65,,,
489866,84879,ASSORTED COLOUR BIRD ORNAMENT,24,12-02-2009 15:04,1.69,16200,United Kingdom,40.56,,,
489866,21114,LAVENDER SCENTED FABRIC HEART,10,12-02-2009 15:04,1.25,16200,United Kingdom,12.5,,,
489866,47578A,ENGLISH ROSE SMALL SCENTED FLOWER,1,12-02-2009 15:04,0.85,16200,United Kingdom,0.85,,,
489866,21171,BATHROOM METAL SIGN ,4,12-02-2009 15:04,1.45,16200,United Kingdom,5.8,,,
489866,82578,KITCHEN METAL SIGN,2,12-02-2009 15:04,0.55,16200,United Kingdom,1.1,,,
489866,22055,MINI CAKE STAND  HANGING STRAWBERY,1,12-02-2009 15:04,1.65,16200,United Kingdom,1.65,,,
489866,37446,MINI CAKE STAND WITH HANGING CAKES,1,12-02-2009 15:04,1.45,16200,United Kingdom,1.45,,,
489866,21928,JUMBO BAG SCANDINAVIAN PAISLEY,4,12-02-2009 15:04,1.95,16200,United Kingdom,7.8,,,
489866,21931,JUMBO STORAGE BAG SUKI,2,12-02-2009 15:04,1.95,16200,United Kingdom,3.9,,,
489866,21929,JUMBO BAG PINK VINTAGE PAISLEY,4,12-02-2009 15:04,1.95,16200,United Kingdom,7.8,,,
489866,85099F,JUMBO BAG STRAWBERRY,5,12-02-2009 15:04,1.95,16200,United Kingdom,9.75,,,
489866,20712,JUMBO BAG WOODLAND ANIMALS,4,12-02-2009 15:04,1.95,16200,United Kingdom,7.8,,,
489866,20711,JUMBO BAG TOYS ,2,12-02-2009 15:04,1.95,16200,United Kingdom,3.9,,,
489866,85099B,JUMBO BAG RED WHITE SPOTTY ,4,12-02-2009 15:04,1.95,16200,United Kingdom,7.8,,,
489866,85129C,BEADED CRYSTAL HEART BLUE SMALL,8,12-02-2009 15:04,1.25,16200,United Kingdom,10,,,
489866,21384,IVORY HANGING DECORATION  BUTTERFLY,8,12-02-2009 15:04,0.85,16200,United Kingdom,6.8,,,
489866,21388,IVORY HANGING DECORATION  CHICKEN,6,12-02-2009 15:04,0.85,16200,United Kingdom,5.1,,,
489866,84288B,SET/2 BLUE  NOODLE BASKETS,12,12-02-2009 15:04,1.95,16200,United Kingdom,23.4,,,
489866,21523,FANCY FONT HOME SWEET HOME DOORMAT,4,12-02-2009 15:04,6.75,16200,United Kingdom,27,,,
489866,21524,SPOTTY  HOME SWEET HOME DOORMAT,2,12-02-2009 15:04,6.75,16200,United Kingdom,13.5,,,
489866,48189,DOOR MAT FRIENDSHIP ,2,12-02-2009 15:04,6.75,16200,United Kingdom,13.5,,,
489866,48187,DOOR MAT NEW ENGLAND,2,12-02-2009 15:04,6.75,16200,United Kingdom,13.5,,,
489866,48185,DOOR MAT FAIRY CAKE,1,12-02-2009 15:04,6.75,16200,United Kingdom,6.75,,,
489866,21955,UNION JACK GUNS & ROSES  DOORMAT,2,12-02-2009 15:04,6.75,16200,United Kingdom,13.5,,,
489866,71459,HANGING JAM JAR T-LIGHT HOLDER,12,12-02-2009 15:04,0.85,16200,United Kingdom,10.2,,,
489866,84755,COLOUR GLASS T-LIGHT HOLDER HANGING,40,12-02-2009 15:04,0.65,16200,United Kingdom,26,,,
489866,21333,CLASSIC WHITE FRAME,4,12-02-2009 15:04,2.95,16200,United Kingdom,11.8,,,
489866,21444,BLUE CHALET BIRDFEEDER,1,12-02-2009 15:04,3.75,16200,United Kingdom,3.75,,,
489866,84705A,ENGLISH ROSE PHOTO FRAME ,1,12-02-2009 15:04,4.65,16200,United Kingdom,4.65,,,
489866,84705D,CHERRY BLOSSOM PHOTO FRAME ,1,12-02-2009 15:04,4.65,16200,United Kingdom,4.65,,,
489866,21756,BATH BUILDING BLOCK WORD,2,12-02-2009 15:04,5.95,16200,United Kingdom,11.9,,,
489866,21754,HOME BUILDING BLOCK WORD,3,12-02-2009 15:04,5.95,16200,United Kingdom,17.85,,,
489866,21755,LOVE BUILDING BLOCK WORD,2,12-02-2009 15:04,5.95,16200,United Kingdom,11.9,,,
489866,85231L,LAVENDER SCENTED SET/9 T-LIGHTS,2,12-02-2009 15:04,0.85,16200,United Kingdom,1.7,,,
489866,85231E,STRAWBERRY SCENTED SET/9 T-LIGHTS,2,12-02-2009 15:04,0.85,16200,United Kingdom,1.7,,,
489866,85231G,ORANGE SCENTED SET/9 T-LIGHTS,2,12-02-2009 15:04,0.85,16200,United Kingdom,1.7,,,
489866,85231B,CINAMMON SET OF 9 T-LIGHTS,2,12-02-2009 15:04,0.85,16200,United Kingdom,1.7,,,
489866,85042,ANTIQUE LILY FAIRY LIGHTS,4,12-02-2009 15:04,4.95,16200,United Kingdom,19.8,,,
489866,85047,WHITE BEADED GARLAND STRING 20LIGHT,2,12-02-2009 15:04,6.35,16200,United Kingdom,12.7,,,
489866,82482,WOODEN PICTURE FRAME WHITE FINISH,3,12-02-2009 15:04,2.55,16200,United Kingdom,7.65,,,
489866,85164B,BLACK BAROQUE CUCKOO CLOCK,1,12-02-2009 15:04,12.75,16200,United Kingdom,12.75,,,
489866,85163A,WHITE BAROQUE WALL CLOCK ,1,12-02-2009 15:04,12.75,16200,United Kingdom,12.75,,,
489866,85165,CANDY PINK FRENCH BOUDOIR CLOCK,2,12-02-2009 15:04,9.95,16200,United Kingdom,19.9,,,
489866,35004P,SET OF 3 PINK FLYING DUCKS,2,12-02-2009 15:04,5.45,16200,United Kingdom,10.9,,,
489866,22186,RED STAR CARD HOLDER,2,12-02-2009 15:04,2.95,16200,United Kingdom,5.9,,,
489866,85166A,WHITE METAL BAROQUE PHOTO FRAME,3,12-02-2009 15:04,3.75,16200,United Kingdom,11.25,,,
489866,84705A,ENGLISH ROSE PHOTO FRAME ,1,12-02-2009 15:04,4.65,16200,United Kingdom,4.65,,,
489866,84705F,RED PEONY PHOTO FRAME ,2,12-02-2009 15:04,4.65,16200,United Kingdom,9.3,,,
489866,85129A,"WHITE PEARL BEADED HEART, SMALL",6,12-02-2009 15:04,1.25,16200,United Kingdom,7.5,,,
489866,22087,PAPER BUNTING WHITE LACE,1,12-02-2009 15:04,2.95,16200,United Kingdom,2.95,,,
489866,22088,PAPER BUNTING COLOURED LACE,1,12-02-2009 15:04,2.95,16200,United Kingdom,2.95,,,
489866,21232,STRAWBERRY CERAMIC TRINKET BOX,5,12-02-2009 15:04,1.25,16200,United Kingdom,6.25,,,
489866,21231,SWEETHEART CERAMIC TRINKET BOX,5,12-02-2009 15:04,1.25,16200,United Kingdom,6.25,,,
489866,22054,MINI CAKE STAND HANGING HEARTS,1,12-02-2009 15:04,1.65,16200,United Kingdom,1.65,,,
489868,85170A,SET/6 IVORY BIRD T-LIGHT CANDLES,6,12-02-2009 15:10,2.1,15794,United Kingdom,12.6,,,
489868,21613,S/12 VANILLA  BOTANICAL T-LIGHTS,6,12-02-2009 15:10,2.95,15794,United Kingdom,17.7,,,
489868,84690,S/2 BEACH HUT STOOLS,6,12-02-2009 15:10,7.95,15794,United Kingdom,47.7,,,
489868,22121,NOEL WOODEN BLOCK LETTERS ,24,12-02-2009 15:10,5.45,15794,United Kingdom,130.8,,,
489868,84970S,HANGING HEART ZINC T-LIGHT HOLDER,12,12-02-2009 15:10,0.85,15794,United Kingdom,10.2,,,
489868,84946,ANTIQUE SILVER TEA GLASS ETCHED,12,12-02-2009 15:10,1.25,15794,United Kingdom,15,,,
489868,20713,JUMBO BAG OWLS,10,12-02-2009 15:10,1.95,15794,United Kingdom,19.5,,,
489868,22084,PAPER CHAIN KIT EMPIRE,12,12-02-2009 15:10,2.95,15794,United Kingdom,35.4,,,
489868,20886,BOX OF 9 PEBBLE CANDLES,72,12-02-2009 15:10,1.65,15794,United Kingdom,118.8,,,
489868,21282,NATURAL BARK CANDLE LARGE,24,12-02-2009 15:10,3.75,15794,United Kingdom,90,,,
489868,21611,SET OF 12 LILY BOTANICAL T-LIGHTS,36,12-02-2009 15:10,2.95,15794,United Kingdom,106.2,,,
489868,22415,WHITE TISSUE REAM,1,12-02-2009 15:10,7.95,15794,United Kingdom,7.95,,,
489868,22218,CAKE STAND LACE WHITE,3,12-02-2009 15:10,4.25,15794,United Kingdom,12.75,,,
489868,72351A,SET/6 TURQUOISE BUTTERFLY T-LIGHTS,24,12-02-2009 15:10,2.1,15794,United Kingdom,50.4,,,
489869,22350,CAT BOWL ,1,12-02-2009 15:15,2.55,16200,United Kingdom,2.55,,,
489869,22349,"DOG BOWL , CHASING BALL DESIGN",1,12-02-2009 15:15,3.75,16200,United Kingdom,3.75,,,
489869,85114C,RED ENCHANTED FOREST PLACEMAT,1,12-02-2009 15:15,1.65,16200,United Kingdom,1.65,,,
489869,21193,WHITE HONEYCOMB PAPER FAN ,1,12-02-2009 15:15,2.1,16200,United Kingdom,2.1,,,
489869,85049E,SCANDINAVIAN REDS RIBBONS,1,12-02-2009 15:15,1.25,16200,United Kingdom,1.25,,,
489869,35962,12 ASS ZINC CHRISTMAS DECORATIONS,1,12-02-2009 15:15,2.1,16200,United Kingdom,2.1,,,
489869,21805,WHITE CHRISTMAS TREE DECORATION ,4,12-02-2009 15:15,0.42,16200,United Kingdom,1.68,,,
489869,22340,NOEL GARLAND PAINTED ZINC ,1,12-02-2009 15:15,1.65,16200,United Kingdom,1.65,,,
489869,22336,DOVE DECORATION PAINTED ZINC ,2,12-02-2009 15:15,0.65,16200,United Kingdom,1.3,,,
489869,22337,ANGEL DECORATION PAINTED ZINC ,2,12-02-2009 15:15,0.65,16200,United Kingdom,1.3,,,
489869,21733,RED HANGING HEART T-LIGHT HOLDER,1,12-02-2009 15:15,2.95,16200,United Kingdom,2.95,,,
489869,21743,STAR PORTABLE TABLE LIGHT ,1,12-02-2009 15:15,2.95,16200,United Kingdom,2.95,,,
489869,21891,TRADITIONAL WOODEN SKIPPING ROPE,1,12-02-2009 15:15,1.25,16200,United Kingdom,1.25,,,
489869,85080,PADDED RED HEART DECORATION,1,12-02-2009 15:15,1.25,16200,United Kingdom,1.25,,,
489869,35603C,SET/16 WHITE SHINY & MATT BAUBLES,1,12-02-2009 15:15,2.1,16200,United Kingdom,2.1,,,
489869,84832,ZINC WILLIE WINKIE  CANDLE STICK,2,12-02-2009 15:15,0.85,16200,United Kingdom,1.7,,,
489869,84879,ASSORTED COLOUR BIRD ORNAMENT,5,12-02-2009 15:15,1.69,16200,United Kingdom,8.45,,,
489870,85099B,JUMBO BAG RED WHITE SPOTTY ,30,12-02-2009 15:16,1.95,15523,United Kingdom,58.5,,,
489870,21989,PACK OF 20 SKULL PAPER NAPKINS,40,12-02-2009 15:16,0.85,15523,United Kingdom,34,,,
489870,84987,SET OF 36 TEATIME PAPER DOILIES,48,12-02-2009 15:16,1.45,15523,United Kingdom,69.6,,,
489871,37502,TEA TIME MUG IN GIFT BOX,96,12-02-2009 15:17,2.55,15523,United Kingdom,244.8,,,
489871,21217,RED SPOTTY ROUND CAKE TINS,12,12-02-2009 15:17,8.95,15523,United Kingdom,107.4,,,
489871,37449,CERAMIC CAKE STAND + HANGING CAKES,16,12-02-2009 15:17,8.5,15523,United Kingdom,136,,,
489871,47591C,BLUE FAIRY CAKE CHILD'S APRON,50,12-02-2009 15:17,1.65,15523,United Kingdom,82.5,,,
489871,47591D,PINK FAIRY CAKE CHILD'S APRON,100,12-02-2009 15:17,1.65,15523,United Kingdom,165,,,
489872,21930,JUMBO STORAGE BAG SKULLS,20,12-02-2009 15:28,1.95,15615,United Kingdom,39,,,
489872,21816,CHRISTMAS TREE T-LIGHT HOLDER,12,12-02-2009 15:28,1.45,15615,United Kingdom,17.4,,,
489872,21825,PAINTED METAL TREE WITH HOLLY BELLS,12,12-02-2009 15:28,1.45,15615,United Kingdom,17.4,,,
489872,21824,PAINTED METAL STAR WITH HOLLY BELLS,12,12-02-2009 15:28,1.45,15615,United Kingdom,17.4,,,
489872,21823,PAINTED METAL HEART WITH HOLLY BELL,12,12-02-2009 15:28,1.45,15615,United Kingdom,17.4,,,
489872,21803,CHRISTMAS TREE STAR DECORATION,36,12-02-2009 15:28,0.42,15615,United Kingdom,15.12,,,
489872,21621,VINTAGE UNION JACK BUNTING,2,12-02-2009 15:28,8.5,15615,United Kingdom,17,,,
489872,21918,SET 12 KIDS COLOUR  CHALK STICKS,24,12-02-2009 15:28,0.42,15615,United Kingdom,10.08,,,
489872,10135,COLOURING PENCILS BROWN TUBE,20,12-02-2009 15:28,1.25,15615,United Kingdom,25,,,
489872,21485,RED SPOT HEART HOT WATER BOTTLE,6,12-02-2009 15:28,4.95,15615,United Kingdom,29.7,,,
489872,22112,CHOCOLATE HOT WATER BOTTLE,12,12-02-2009 15:28,4.95,15615,United Kingdom,59.4,,,
489872,22111,SCOTTIE DOG HOT WATER BOTTLE,12,12-02-2009 15:28,4.95,15615,United Kingdom,59.4,,,
489872,22114,HOT WATER BOTTLE TEA AND SYMPATHY,12,12-02-2009 15:28,3.95,15615,United Kingdom,47.4,,,
489872,84029E,RED WOOLLY HOTTIE WHITE HEART.,12,12-02-2009 15:28,3.75,15615,United Kingdom,45,,,
489872,84029G,KNITTED UNION FLAG HOT WATER BOTTLE,12,12-02-2009 15:28,3.75,15615,United Kingdom,45,,,
489872,21479,WHITE SKULL HOT WATER BOTTLE ,12,12-02-2009 15:28,3.75,15615,United Kingdom,45,,,
489872,20979,36 PENCILS TUBE RED SPOTTY,16,12-02-2009 15:28,1.25,15615,United Kingdom,20,,,
489872,84992,72 SWEETHEART FAIRY CAKE CASES,24,12-02-2009 15:28,0.55,15615,United Kingdom,13.2,,,
489872,22178,VICTORIAN GLASS HANGING T-LIGHT,12,12-02-2009 15:28,1.25,15615,United Kingdom,15,,,
489872,85099B,JUMBO BAG RED WHITE SPOTTY ,20,12-02-2009 15:28,1.95,15615,United Kingdom,39,,,
489872,20712,JUMBO BAG WOODLAND ANIMALS,10,12-02-2009 15:28,1.95,15615,United Kingdom,19.5,,,
489872,20713,JUMBO BAG OWLS,10,12-02-2009 15:28,1.95,15615,United Kingdom,19.5,,,
489873,22348,TEA BAG PLATE RED SPOTTY ,12,12-02-2009 15:29,0.85,15615,United Kingdom,10.2,,,
489874,21498,RED SPOTS  WRAP ,50,12-02-2009 15:38,0.42,18001,United Kingdom,21,,,
489874,21499,BLUE SPOTS  WRAP,50,12-02-2009 15:38,0.42,18001,United Kingdom,21,,,
489874,85039B,S/4 IVORY MINI ROSE CANDLE IN BOWL,12,12-02-2009 15:38,1.65,18001,United Kingdom,19.8,,,
489874,20793,BLUE TILED TRAY,3,12-02-2009 15:38,6.75,18001,United Kingdom,20.25,,,
489874,22173,METAL 4 HOOK HANGER FRENCH CHATEAU,3,12-02-2009 15:38,2.95,18001,United Kingdom,8.85,,,
489874,21828,EIGHT PIECE SNAKE  SET,1,12-02-2009 15:38,1.25,18001,United Kingdom,1.25,,,
489874,21827,EIGHT PIECE CREEPY CRAWLIE SET,1,12-02-2009 15:38,1.25,18001,United Kingdom,1.25,,,
489874,21588,RETRO SPOT GIANT  TUBE MATCHES,6,12-02-2009 15:38,2.55,18001,United Kingdom,15.3,,,
489874,21333,CLASSIC WHITE FRAME,4,12-02-2009 15:38,2.95,18001,United Kingdom,11.8,,,
489874,85031C,CURIOUS IMAGES SCRAP BOOK SET,3,12-02-2009 15:38,4.95,18001,United Kingdom,14.85,,,
489874,21619,4 VANILLA BOTANICAL CANDLES,6,12-02-2009 15:38,3.75,18001,United Kingdom,22.5,,,
489874,22354,RETRO SPOT PADDED SEAT CUSHION,5,12-02-2009 15:38,3.75,18001,United Kingdom,18.75,,,
489875,79160,HEART SHAPE WIRELESS DOORBELL,11,12-02-2009 15:41,2.1,17841,United Kingdom,23.1,,,
489875,20620,RED SPOTTY PASSPORT COVER,1,12-02-2009 15:41,2.1,17841,United Kingdom,2.1,,,
489875,84750B,BLACK SMALL GLASS CAKE STAND,1,12-02-2009 15:41,1.95,17841,United Kingdom,1.95,,,
489875,21218,RED SPOTTY BISCUIT TIN,1,12-02-2009 15:41,3.75,17841,United Kingdom,3.75,,,
489875,84765,SILVER ROCOCO CANDELABRA,3,12-02-2009 15:41,12.75,17841,United Kingdom,38.25,,,
489875,79072,TEATIME CAKE TIN WITH HANDLE,1,12-02-2009 15:41,9.95,17841,United Kingdom,9.95,,,
489875,85099B,JUMBO BAG RED WHITE SPOTTY ,2,12-02-2009 15:41,1.95,17841,United Kingdom,3.9,,,
489875,21100,CHARLIE AND LOLA CHARLOTTE BAG,1,12-02-2009 15:41,1.65,17841,United Kingdom,1.65,,,
489875,21935,SUKI  SHOULDER BAG,1,12-02-2009 15:41,1.65,17841,United Kingdom,1.65,,,
489875,20727,LUNCH BAG  BLACK SKULL.,1,12-02-2009 15:41,1.65,17841,United Kingdom,1.65,,,
489875,22356,"CHARLOTTE BAG , PINK/WHITE SPOTS",2,12-02-2009 15:41,0.85,17841,United Kingdom,1.7,,,
489875,20724,RED SPOTTY CHARLOTTE BAG,1,12-02-2009 15:41,0.85,17841,United Kingdom,0.85,,,
489875,20725,LUNCH BAG RED SPOTTY,1,12-02-2009 15:41,1.65,17841,United Kingdom,1.65,,,
489875,20723,STRAWBERRY CHARLOTTE BAG,10,12-02-2009 15:41,0.85,17841,United Kingdom,8.5,,,
489875,22355,"CHARLOTTE BAG , SUKI DESIGN",20,12-02-2009 15:41,0.85,17841,United Kingdom,17,,,
489875,20747,PICCADILLY TEA SET,1,12-02-2009 15:41,14.95,17841,United Kingdom,14.95,,,
489875,21846,PINK DIAMANTE PEN IN GIFT BOX,1,12-02-2009 15:41,4.95,17841,United Kingdom,4.95,,,
489875,72800E,4 IVORY DINNER CANDLES SILVER FLOCK,1,12-02-2009 15:41,2.55,17841,United Kingdom,2.55,,,
489875,72800A,S/4 BLACK DINNER CANDLE SILVER FLOC,2,12-02-2009 15:41,2.55,17841,United Kingdom,5.1,,,
489875,35471A,SET OF 3 BIRD L.BLUE FEATHER,12,12-02-2009 15:41,1.25,17841,United Kingdom,15,,,
489875,47504F,ENGLISH ROSE TORCH,1,12-02-2009 15:41,1.65,17841,United Kingdom,1.65,,,
489875,22083,PAPER CHAIN KIT RETRO SPOT,1,12-02-2009 15:41,2.95,17841,United Kingdom,2.95,,,
489875,22086,PAPER CHAIN KIT 50'S CHRISTMAS ,5,12-02-2009 15:41,2.95,17841,United Kingdom,14.75,,,
489875,85049A,TRADITIONAL CHRISTMAS RIBBONS,2,12-02-2009 15:41,1.25,17841,United Kingdom,2.5,,,
489875,22200,FRYING PAN PINK POLKADOT ,1,12-02-2009 15:41,4.25,17841,United Kingdom,4.25,,,
489875,22202,MILK PAN PINK RETROSPOT,3,12-02-2009 15:41,3.75,17841,United Kingdom,11.25,,,
489875,21299,EDWARDIAN TOILET ROLL UNIT ,1,12-02-2009 15:41,12.75,17841,United Kingdom,12.75,,,
489875,22114,HOT WATER BOTTLE TEA AND SYMPATHY,1,12-02-2009 15:41,3.95,17841,United Kingdom,3.95,,,
489875,21035,SET/2 RED SPOTTY TEA TOWELS ,1,12-02-2009 15:41,2.95,17841,United Kingdom,2.95,,,
489875,21479,WHITE SKULL HOT WATER BOTTLE ,1,12-02-2009 15:41,3.75,17841,United Kingdom,3.75,,,
489875,21327,SKULLS WRITING SET ,1,12-02-2009 15:41,1.65,17841,United Kingdom,1.65,,,
489875,47563A,RETRO LONGBOARD IRONING BOARD COVER,1,12-02-2009 15:41,3.75,17841,United Kingdom,3.75,,,
489875,85175,CACTI T-LIGHT CANDLES,16,12-02-2009 15:41,0.42,17841,United Kingdom,6.72,,,
489875,21181,PLEASE ONE PERSON  METAL SIGN,1,12-02-2009 15:41,2.1,17841,United Kingdom,2.1,,,
489875,21174,POTTERING IN THE SHED METAL SIGN,1,12-02-2009 15:41,1.95,17841,United Kingdom,1.95,,,
489875,85112,S/3 TEAR DROP CUT GLASS DECORATION,3,12-02-2009 15:41,1.25,17841,United Kingdom,3.75,,,
489875,20729,RED SPOTTY CANDY BAG,2,12-02-2009 15:41,1.25,17841,United Kingdom,2.5,,,
489875,21930,JUMBO STORAGE BAG SKULLS,3,12-02-2009 15:41,1.95,17841,United Kingdom,5.85,,,
489875,79190B,RETRO PLASTIC POLKA TRAY,4,12-02-2009 15:41,0.42,17841,United Kingdom,1.68,,,
489875,85049E,SCANDINAVIAN REDS RIBBONS,1,12-02-2009 15:41,1.25,17841,United Kingdom,1.25,,,
489875,21155,RED SPOTTY PEG BAG,2,12-02-2009 15:41,2.1,17841,United Kingdom,4.2,,,
489875,47591C,BLUE FAIRY CAKE CHILD'S APRON,1,12-02-2009 15:41,1.95,17841,United Kingdom,1.95,,,
489875,84912B,GREEN ROSE WASHBAG,1,12-02-2009 15:41,3.75,17841,United Kingdom,3.75,,,
489875,20783,HEART EAR MUFF HEADPHONES,3,12-02-2009 15:41,5.49,17841,United Kingdom,16.47,,,
489875,21870,I CAN ONLY PLEASE ONE PERSON MUG,2,12-02-2009 15:41,1.25,17841,United Kingdom,2.5,,,
489875,21557,SET OF 6 FUNKY BEAKERS,1,12-02-2009 15:41,2.95,17841,United Kingdom,2.95,,,
489875,21247,SET OF RED SALAD SERVERS ,1,12-02-2009 15:41,1.49,17841,United Kingdom,1.49,,,
489875,20780,BLACK EAR MUFF HEADPHONES,2,12-02-2009 15:41,5.49,17841,United Kingdom,10.98,,,
489875,84029C,BROWN FURRY HOT WATER BOTTLE,3,12-02-2009 15:41,3.75,17841,United Kingdom,11.25,,,
489875,35957,SMALLFOLKART BAUBLE CHRISTMAS DEC,4,12-02-2009 15:41,0.42,17841,United Kingdom,1.68,,,
489875,21267,VINTAGE PINK TINSEL REEL ,2,12-02-2009 15:41,2.1,17841,United Kingdom,4.2,,,
489875,85031C,CURIOUS IMAGES SCRAP BOOK SET,1,12-02-2009 15:41,4.95,17841,United Kingdom,4.95,,,
489875,85031A,ROMANTIC IMAGES SCRAP BOOK SET,1,12-02-2009 15:41,4.95,17841,United Kingdom,4.95,,,
489875,21622,VINTAGE UNION JACK CUSHION COVER,4,12-02-2009 15:41,4.95,17841,United Kingdom,19.8,,,
489875,82553,POP'S GREASY SPOON METAL SIGN,1,12-02-2009 15:41,1.65,17841,United Kingdom,1.65,,,
489875,21412,VINTAGE GOLD TINSEL REEL,1,12-02-2009 15:41,2.1,17841,United Kingdom,2.1,,,
489875,21490,SET OF THREE 50'S GIFT WRAPS ,4,12-02-2009 15:41,1.95,17841,United Kingdom,7.8,,,
489875,21944,KITTENS DESIGN FLANNEL,12,12-02-2009 15:41,0.85,17841,United Kingdom,10.2,,,
489875,84968C,S/16 VINTAGE PISTACHIO CUTLERY,1,12-02-2009 15:41,12.75,17841,United Kingdom,12.75,,,
489875,21107,CREAM SLICE FLANNEL PINK SPOT ,1,12-02-2009 15:41,2.95,17841,United Kingdom,2.95,,,
489875,37477B,"FLOWER FAIRY MUG+COASTER,LAVENDER",1,12-02-2009 15:41,3.75,17841,United Kingdom,3.75,,,
489875,46000M,POLYESTER FILLER PAD 45x45cm,4,12-02-2009 15:41,1.55,17841,United Kingdom,6.2,,,
489875,21385,IVORY HANGING DECORATION  HEART,2,12-02-2009 15:41,0.85,17841,United Kingdom,1.7,,,
489875,21622,VINTAGE UNION JACK CUSHION COVER,3,12-02-2009 15:41,4.95,17841,United Kingdom,14.85,,,
489875,85025C,PINK HEART SHAPE PHOTO FRAME,2,12-02-2009 15:41,1.65,17841,United Kingdom,3.3,,,
489875,37464,ROBOT MUG IN DISPLAY BOX,1,12-02-2009 15:41,1.25,17841,United Kingdom,1.25,,,
489875,84340,LARGE FIBRE OPTIC CHRISTMAS TREE,3,12-02-2009 15:41,2.55,17841,United Kingdom,7.65,,,
489875,35914,PINK CHICK EGG WARMER + EGG CUP,1,12-02-2009 15:41,2.1,17841,United Kingdom,2.1,,,
489875,35911A,MULTICOLOUR RABBIT EGG WARMER,1,12-02-2009 15:41,2.1,17841,United Kingdom,2.1,,,
489875,21348,PINK SPOTS CHOCOLATE NESTING BOXES ,1,12-02-2009 15:41,2.95,17841,United Kingdom,2.95,,,
489875,85048,15CM CHRISTMAS GLASS BALL 20 LIGHTS,1,12-02-2009 15:41,7.95,17841,United Kingdom,7.95,,,
489875,82011B,BATHROOM SCALES RUBBER DUCKS,1,12-02-2009 15:41,3.75,17841,United Kingdom,3.75,,,
489875,85232B,SET/3 RUSSIAN DOLL STACKING TINS,1,12-02-2009 15:41,4.95,17841,United Kingdom,4.95,,,
489875,21034,REX CASH+CARRY JUMBO SHOPPER,2,12-02-2009 15:41,0.95,17841,United Kingdom,1.9,,,
489875,21865,PINK UNION JACK  PASSPORT COVER ,1,12-02-2009 15:41,2.1,17841,United Kingdom,2.1,,,
489875,21864,UNION JACK FLAG PASSPORT COVER ,1,12-02-2009 15:41,2.1,17841,United Kingdom,2.1,,,
489875,85033G,SET/6 GOLD REINDEER T-LIGHT CANDLES,1,12-02-2009 15:41,1.95,17841,United Kingdom,1.95,,,
489875,35603C,SET/16 WHITE SHINY & MATT BAUBLES,1,12-02-2009 15:41,2.1,17841,United Kingdom,2.1,,,
489875,20622,VIPPASSPORT COVER ,1,12-02-2009 15:41,2.1,17841,United Kingdom,2.1,,,
489875,20619,TROPICAL PASSPORT COVER ,1,12-02-2009 15:41,2.1,17841,United Kingdom,2.1,,,
489875,20618,QUEEN OF THE SKIES PASSPORT COVER ,1,12-02-2009 15:41,2.1,17841,United Kingdom,2.1,,,
489875,22125,UNION JACK HOT WATER BOTTLE ,1,12-02-2009 15:41,5.95,17841,United Kingdom,5.95,,,
489875,21865,PINK UNION JACK  PASSPORT COVER ,1,12-02-2009 15:41,2.1,17841,United Kingdom,2.1,,,
489875,84997A,GREEN 3 PIECE MINI DOTS CUTLERY SET,2,12-02-2009 15:41,3.75,17841,United Kingdom,7.5,,,
489875,84997B,RED 3 PIECE MINI DOTS CUTLERY SET,1,12-02-2009 15:41,3.75,17841,United Kingdom,3.75,,,
489875,85185B,PINK HORSE SOCK PUPPET,1,12-02-2009 15:41,2.95,17841,United Kingdom,2.95,,,
489875,21098,CHRISTMAS TOILET ROLL,1,12-02-2009 15:41,1.25,17841,United Kingdom,1.25,,,
489875,21348,PINK SPOTS CHOCOLATE NESTING BOXES ,1,12-02-2009 15:41,2.95,17841,United Kingdom,2.95,,,
489875,21353,SILVER SLEIGHBELL  WREATH,1,12-02-2009 15:41,7.95,17841,United Kingdom,7.95,,,
489875,21890,S/6 WOODEN SKITTLES IN COTTON BAG,1,12-02-2009 15:41,2.95,17841,United Kingdom,2.95,,,
489875,20934,SET/3 POT PLANT CANDLES,1,12-02-2009 15:41,5.45,17841,United Kingdom,5.45,,,
489875,85174,S/4 CACTI CANDLES,1,12-02-2009 15:41,4.95,17841,United Kingdom,4.95,,,
489875,35599B,BLACK CHRISTMAS TREE 120CM,1,12-02-2009 15:41,8.49,17841,United Kingdom,8.49,,,
489875,35599D,PINK AND WHITE CHRISTMAS TREE 120CM,2,12-02-2009 15:41,2.95,17841,United Kingdom,5.9,,,
489875,35400,WOODEN BOX ADVENT CALENDAR ,1,12-02-2009 15:41,8.95,17841,United Kingdom,8.95,,,
489877,21548,CERAMIC BIRDHOUSE FINCH BLUE ROOF,12,12-02-2009 15:44,2.95,13089,United Kingdom,35.4,,,
489877,22297,HEART IVORY TRELLIS SMALL,24,12-02-2009 15:44,1.25,13089,United Kingdom,30,,,
489877,84949,SILVER HANGING T-LIGHT HOLDER,96,12-02-2009 15:44,1.45,13089,United Kingdom,139.2,,,
489877,79323W, WHITE CHERRY LIGHTS,30,12-02-2009 15:44,5.45,13089,United Kingdom,163.5,,,
489876,21929,JUMBO BAG PINK VINTAGE PAISLEY,1,12-02-2009 15:44,1.95,15917,United Kingdom,1.95,,,
489876,21210,SET OF 72 RETRO SPOT PAPER  DOILIES,1,12-02-2009 15:44,1.45,15917,United Kingdom,1.45,,,
489876,20752,RETRO BLUE SPOTTY WASHING UP GLOVES,1,12-02-2009 15:44,2.1,15917,United Kingdom,2.1,,,
489876,21440,12 MINI TOADSTOOL PEGS,1,12-02-2009 15:44,1.25,15917,United Kingdom,1.25,,,
489876,22315,200 RED + WHITE BENDY STRAWS,1,12-02-2009 15:44,1.25,15917,United Kingdom,1.25,,,
489876,20960,WATERMELON BATH SPONGE,1,12-02-2009 15:44,1.25,15917,United Kingdom,1.25,,,
489876,20966,SANDWICH BATH SPONGE,1,12-02-2009 15:44,1.25,15917,United Kingdom,1.25,,,
489876,21709,FOLDING UMBRELLA  CHOC/WHITE  SPOT,1,12-02-2009 15:44,4.95,15917,United Kingdom,4.95,,,
489876,21555,CERAMIC STRAWBERRY TRINKET TRAY,1,12-02-2009 15:44,2.55,15917,United Kingdom,2.55,,,
489876,22260,FELT EGG COSY BLUE RABBIT ,2,12-02-2009 15:44,0.85,15917,United Kingdom,1.7,,,
489876,22107,PIZZA PLATE IN BOX,1,12-02-2009 15:44,3.75,15917,United Kingdom,3.75,,,
489876,21529,RETRO SPOT CERAMIC TOASTRACK,1,12-02-2009 15:44,3.45,15917,United Kingdom,3.45,,,
489876,21122,SET/10 PINK SPOTTY PARTY CANDLES,1,12-02-2009 15:44,1.25,15917,United Kingdom,1.25,,,
489876,21124,SET/10 BLUE SPOTTY PARTY CANDLES,1,12-02-2009 15:44,1.25,15917,United Kingdom,1.25,,,
489876,22255,FELT TOADSTOOL  SMALL,3,12-02-2009 15:44,0.85,15917,United Kingdom,2.55,,,
489876,22254,FELT TOADSTOOL LARGE,2,12-02-2009 15:44,1.25,15917,United Kingdom,2.5,,,
489876,21484,CHICK GREY HOT WATER BOTTLE,1,12-02-2009 15:44,3.45,15917,United Kingdom,3.45,,,
489876,85099B,JUMBO BAG RED WHITE SPOTTY ,1,12-02-2009 15:44,1.95,15917,United Kingdom,1.95,,,
489878,22150, 3 STRIPEY MICE FELTCRAFT,1,12-02-2009 15:51,1.95,15989,United Kingdom,1.95,,,
489878,21832,CHOCOLATE CALCULATOR,1,12-02-2009 15:51,1.65,15989,United Kingdom,1.65,,,
489878,85211,S/4 GROOVY CAT MAGNETS,1,12-02-2009 15:51,1.65,15989,United Kingdom,1.65,,,
489878,20966,SANDWICH BATH SPONGE,1,12-02-2009 15:51,1.25,15989,United Kingdom,1.25,,,
489878,37327,ASSTD MULTICOLOUR CIRCLES MUG,2,12-02-2009 15:51,1.69,15989,United Kingdom,3.38,,,
489878,37327,ASSTD MULTICOLOUR CIRCLES MUG,1,12-02-2009 15:51,1.69,15989,United Kingdom,1.69,,,
489878,84875A,PINK SQUARE COMPACT MIRROR,1,12-02-2009 15:51,3.75,15989,United Kingdom,3.75,,,
489878,21556,CERAMIC STRAWBERRY MONEY BOX,1,12-02-2009 15:51,2.55,15989,United Kingdom,2.55,,,
489878,20887,BOX OF 6 PEBBLE CANDLES,2,12-02-2009 15:51,3.45,15989,United Kingdom,6.9,,,
489878,85047,WHITE BEADED GARLAND STRING 20LIGHT,1,12-02-2009 15:51,6.35,15989,United Kingdom,6.35,,,
489878,22109,FULL ENGLISH BREAKFAST PLATE,1,12-02-2009 15:51,3.75,15989,United Kingdom,3.75,,,
489878,35821P,"JEWELLED DECORATION,PINK",1,12-02-2009 15:51,2.95,15989,United Kingdom,2.95,,,
489878,21107,CREAM SLICE FLANNEL PINK SPOT ,1,12-02-2009 15:51,2.95,15989,United Kingdom,2.95,,,
489878,21124,SET/10 BLUE SPOTTY PARTY CANDLES,1,12-02-2009 15:51,1.25,15989,United Kingdom,1.25,,,
489878,22075,6 RIBBONS ELEGANT CHRISTMAS ,1,12-02-2009 15:51,1.65,15989,United Kingdom,1.65,,,
489878,20913,SET/5 BLUE SPOTTY LID GLASS BOWLS,1,12-02-2009 15:51,2.95,15989,United Kingdom,2.95,,,
489878,18098C,PORCELAIN BUTTERFLY OIL BURNER,1,12-02-2009 15:51,2.95,15989,United Kingdom,2.95,,,
489878,62018,SOMBRERO ,3,12-02-2009 15:51,1.95,15989,United Kingdom,5.85,,,
489878,22080,RIBBON REEL SPOTS DESIGN ,1,12-02-2009 15:51,1.65,15989,United Kingdom,1.65,,,
489878,22175,PINK OWL SOFT TOY,1,12-02-2009 15:51,2.95,15989,United Kingdom,2.95,,,
489878,20751,FUNKY WASHING UP GLOVES ASSORTED,1,12-02-2009 15:51,2.1,15989,United Kingdom,2.1,,,
489878,20753,RETRO PINK SPOT WASHING UP GLOVES,2,12-02-2009 15:51,2.1,15989,United Kingdom,4.2,,,
489878,20692,FLORAL ELEPHANT SOFT TOY,1,12-02-2009 15:51,4.25,15989,United Kingdom,4.25,,,
489878,72760B,VINTAGE CREAM 3 BASKET CAKE STAND,1,12-02-2009 15:51,9.95,15989,United Kingdom,9.95,,,
489878,22220,CAKE STAND LOVEBIRD 2 TIER WHITE,1,12-02-2009 15:51,9.95,15989,United Kingdom,9.95,,,
489878,72756,FAIRY CAKE CANDLES,9,12-02-2009 15:51,1.49,15989,United Kingdom,13.41,,,
489878,21166,COOK WITH WINE METAL SIGN ,2,12-02-2009 15:51,1.95,15989,United Kingdom,3.9,,,
489878,90129C,GREEN GLASS TASSLE BAG CHARM,2,12-02-2009 15:51,2.95,15989,United Kingdom,5.9,,,
489878,35653,VINTAGE BEAD NOTEBOOK,1,12-02-2009 15:51,2.95,15989,United Kingdom,2.95,,,
489878,22176,BLUE OWL SOFT TOY,1,12-02-2009 15:51,2.95,15989,United Kingdom,2.95,,,
489878,21165,BEWARE OF THE CAT METAL SIGN ,1,12-02-2009 15:51,1.69,15989,United Kingdom,1.69,,,
489878,21107,CREAM SLICE FLANNEL PINK SPOT ,1,12-02-2009 15:51,2.95,15989,United Kingdom,2.95,,,
489878,37461,FUNKY MONKEY MUG,1,12-02-2009 15:51,1.25,15989,United Kingdom,1.25,,,
489878,22254,FELT TOADSTOOL LARGE,1,12-02-2009 15:51,1.25,15989,United Kingdom,1.25,,,
489878,84507B,STRIPES DESIGN MONKEY DOLL,1,12-02-2009 15:51,2.55,15989,United Kingdom,2.55,,,
489878,20988,TRELLIS FLOWER CHOPSTICKS SET/5,1,12-02-2009 15:51,1.95,15989,United Kingdom,1.95,,,
489878,84934,ASSTD DESIGN POP ART SLIM PEN,4,12-02-2009 15:51,0.85,15989,United Kingdom,3.4,,,
489878,84572,6 HOOK JEWEL STAND LILAC DRESS,1,12-02-2009 15:51,8.49,15989,United Kingdom,8.49,,,
489879,21353,SILVER SLEIGHBELL  WREATH,1,12-02-2009 16:02,7.95,17660,United Kingdom,7.95,,,
489879,17084N,FAIRY DREAMS INCENSE ,50,12-02-2009 16:02,0.21,17660,United Kingdom,10.5,,,
489879,20913,SET/5 BLUE SPOTTY LID GLASS BOWLS,1,12-02-2009 16:02,2.95,17660,United Kingdom,2.95,,,
489879,21011,GLITTER SNOW PEAR TREE DECORATION,2,12-02-2009 16:02,1.45,17660,United Kingdom,2.9,,,
489879,21582,KINGS CHOICE SMALL TUBE MATCHES,1,12-02-2009 16:02,1.65,17660,United Kingdom,1.65,,,
489879,20950,SET/6  ANGEL T-LIGHTS WHITE/GOLD,3,12-02-2009 16:02,1.25,17660,United Kingdom,3.75,,,
489879,21550,CERAMIC BIRDHOUSE CRESTED TIT LARGE,1,12-02-2009 16:02,5.95,17660,United Kingdom,5.95,,,
489879,85150,LADIES & GENTLEMEN METAL SIGN,1,12-02-2009 16:02,2.55,17660,United Kingdom,2.55,,,
489879,22095,LADS ONLY TISSUE BOX,1,12-02-2009 16:02,1.25,17660,United Kingdom,1.25,,,
489879,21609,SET 12 LAVENDER  BOTANICAL T-LIGHTS,1,12-02-2009 16:02,2.95,17660,United Kingdom,2.95,,,
489879,21615,4 LAVENDER BOTANICAL DINNER CANDLES,1,12-02-2009 16:02,3.75,17660,United Kingdom,3.75,,,
489879,47569,ENGLISH ROSE DESIGN SHOPPING BAG,1,12-02-2009 16:02,2.55,17660,United Kingdom,2.55,,,
489879,82615,PINK MARSHMALLOW SCARF KNITTING KIT,1,12-02-2009 16:02,2.95,17660,United Kingdom,2.95,,,
489879,21544,SKULLS  WATER TRANSFER TATTOOS ,1,12-02-2009 16:02,0.85,17660,United Kingdom,0.85,,,
489879,22297,HEART IVORY TRELLIS SMALL,2,12-02-2009 16:02,1.25,17660,United Kingdom,2.5,,,
489879,22294,HEART FILIGREE DOVE  SMALL,2,12-02-2009 16:02,1.25,17660,United Kingdom,2.5,,,
489879,22296,HEART IVORY TRELLIS LARGE,5,12-02-2009 16:02,1.65,17660,United Kingdom,8.25,,,
489879,21172,PARTY METAL SIGN ,1,12-02-2009 16:02,1.45,17660,United Kingdom,1.45,,,
489879,85049A,TRADITIONAL CHRISTMAS RIBBONS,1,12-02-2009 16:02,1.25,17660,United Kingdom,1.25,,,
489879,85049A,TRADITIONAL CHRISTMAS RIBBONS,3,12-02-2009 16:02,1.25,17660,United Kingdom,3.75,,,
489879,84029E,RED WOOLLY HOTTIE WHITE HEART.,1,12-02-2009 16:02,3.75,17660,United Kingdom,3.75,,,
489879,21482,MUSHROOM BLUE HOT WATER BOTTLE,1,12-02-2009 16:02,2.95,17660,United Kingdom,2.95,,,
489879,22113,GREY HEART HOT WATER BOTTLE,1,12-02-2009 16:02,3.45,17660,United Kingdom,3.45,,,
489879,22122,SET OF 2 FANCY FONT TEA TOWELS,1,12-02-2009 16:02,2.95,17660,United Kingdom,2.95,,,
489879,21839,MUMMY MOUSE RED GINGHAM RIBBON,1,12-02-2009 16:02,5.45,17660,United Kingdom,5.45,,,
489879,22131,FOOD CONTAINER SET 3 LOVE HEART ,1,12-02-2009 16:02,1.95,17660,United Kingdom,1.95,,,
489879,21638,ASSORTED TUTTI FRUTTI NOTEBOOK,2,12-02-2009 16:02,2.1,17660,United Kingdom,4.2,,,
489879,17084G,MOON INCENSE,25,12-02-2009 16:02,0.21,17660,United Kingdom,5.25,,,
489879,21832,CHOCOLATE CALCULATOR,3,12-02-2009 16:02,1.65,17660,United Kingdom,4.95,,,
489879,10080,GROOVY CACTUS INFLATABLE,1,12-02-2009 16:02,0.85,17660,United Kingdom,0.85,,,
489879,21846,PINK DIAMANTE PEN IN GIFT BOX,1,12-02-2009 16:02,4.95,17660,United Kingdom,4.95,,,
489879,21849,SILVER DIAMANTE PEN IN GIFT BOX,1,12-02-2009 16:02,4.95,17660,United Kingdom,4.95,,,
489879,21851,LILAC DIAMANTE PEN IN GIFT BOX,3,12-02-2009 16:02,4.95,17660,United Kingdom,14.85,,,
489879,20974,12 PENCILS SMALL TUBE SKULL,1,12-02-2009 16:02,0.65,17660,United Kingdom,0.65,,,
489879,21638,ASSORTED TUTTI FRUTTI NOTEBOOK,1,12-02-2009 16:02,2.1,17660,United Kingdom,2.1,,,
489879,21034,REX CASH+CARRY JUMBO SHOPPER,1,12-02-2009 16:02,0.95,17660,United Kingdom,0.95,,,
489879,84535A,ENGLISH ROSE NOTEBOOK A6 SIZE,1,12-02-2009 16:02,0.65,17660,United Kingdom,0.65,,,
489879,84536A,ENGLISH ROSE NOTEBOOK A7 SIZE,1,12-02-2009 16:02,0.42,17660,United Kingdom,0.42,,,
489879,21864,UNION JACK FLAG PASSPORT COVER ,1,12-02-2009 16:02,2.1,17660,United Kingdom,2.1,,,
489879,21866,UNION JACK FLAG LUGGAGE TAG,1,12-02-2009 16:02,1.25,17660,United Kingdom,1.25,,,
489879,84854,GIRLY PINK TOOL SET,1,12-02-2009 16:02,4.95,17660,United Kingdom,4.95,,,
489879,20828,GLITTER BUTTERFLY CLIPS,2,12-02-2009 16:02,2.55,17660,United Kingdom,5.1,,,
489879,20829,GLITTER HANGING BUTTERFLY STRING,5,12-02-2009 16:02,2.1,17660,United Kingdom,10.5,,,
489879,20865,PATCHWORK PENCIL CASE BUTTERFLY ,1,12-02-2009 16:02,2.1,17660,United Kingdom,2.1,,,
489880,20871,OPULENT VELVET SET/3 CANDLES,18,12-02-2009 16:18,1.25,13313,United Kingdom,22.5,,,
489880,21118,SHOPPING BAG DOORSTOP,15,12-02-2009 16:18,1.25,13313,United Kingdom,18.75,,,
489880,35751D,PINK CURRENT CANDLE RING,28,12-02-2009 16:18,0.19,13313,United Kingdom,5.32,,,
489880,35968,FOLK ART METAL HEART T-LIGHT HOLDER,48,12-02-2009 16:18,0.38,13313,United Kingdom,18.24,,,
489880,72038P,PRICE'S CANDLE PEACH,200,12-02-2009 16:18,0.08,13313,United Kingdom,16,,,
489880,72750A,"F.FAIRY S/3 CANDLE/GLASS,LILY/VALLY",8,12-02-2009 16:18,1.95,13313,United Kingdom,15.6,,,
489880,82616C,MIDNIGHT GLAMOUR SCARF KNITTING KIT,24,12-02-2009 16:18,1.25,13313,United Kingdom,30,,,
489880,35015,JACOBS LADDER SMALL,72,12-02-2009 16:18,0.06,13313,United Kingdom,4.32,,,
489880,22139,RETRO SPOT TEA SET CERAMIC 11 PC ,3,12-02-2009 16:18,4.95,13313,United Kingdom,14.85,,,
489880,90014C,SILVER/BLACK ORBIT NECKLACE,1,12-02-2009 16:18,9.95,13313,United Kingdom,9.95,,,
489880,22275,WEEKEND BAG VINTAGE ROSE PAISLEY,2,12-02-2009 16:18,8.5,13313,United Kingdom,17,,,
489880,20682,RED SPOTTY CHILDS UMBRELLA,6,12-02-2009 16:18,3.25,13313,United Kingdom,19.5,,,
489880,85014B,RED/WHITE DOTS RUFFLED UMBRELLA,3,12-02-2009 16:18,5.95,13313,United Kingdom,17.85,,,
489880,21429,RED GINGHAM ROSE JEWELLERY BOX,8,12-02-2009 16:18,1.65,13313,United Kingdom,13.2,,,
489880,20727,LUNCH BAG  BLACK SKULL.,10,12-02-2009 16:18,1.65,13313,United Kingdom,16.5,,,
489880,20726,LUNCH BAG WOODLAND,10,12-02-2009 16:18,1.65,13313,United Kingdom,16.5,,,
489880,21262,WHITE GOOSE FEATHER CHRISTMAS TREE ,6,12-02-2009 16:18,2.95,13313,United Kingdom,17.7,,,
489880,84270,ASSTD DESIGN BUBBLE GUM RING,30,12-02-2009 16:18,0.21,13313,United Kingdom,6.3,,,
489880,20819,SILVER TEDDY BEAR,24,12-02-2009 16:18,1.25,13313,United Kingdom,30,,,
489880,16202E,BLACK PHOTO ALBUM ,12,12-02-2009 16:18,1.95,13313,United Kingdom,23.4,,,
489880,16201B,PASTEL BLUE PHOTO ALBUM,12,12-02-2009 16:18,1.95,13313,United Kingdom,23.4,,,
489880,16201A,PASTEL PINK PHOTO ALBUM,12,12-02-2009 16:18,1.95,13313,United Kingdom,23.4,,,
489883,22139,RETRO SPOT TEA SET CERAMIC 11 PC ,6,12-02-2009 16:24,4.95,12437,France,29.7,,,
489883,22138,BAKING SET 9 PIECE RETROSPOT ,6,12-02-2009 16:24,4.95,12437,France,29.7,,,
489883,20696,FLORAL SOFT CAR TOY,4,12-02-2009 16:24,3.75,12437,France,15,,,
489883,85089,CANDY SPOT BUNNY,6,12-02-2009 16:24,2.95,12437,France,17.7,,,
489883,21249,WOOD ANIMALS HEIGHT CHART STICKERS ,6,12-02-2009 16:24,2.95,12437,France,17.7,,,
489883,21791,VINTAGE HEADS AND TAILS CARD GAME ,12,12-02-2009 16:24,1.25,12437,France,15,,,
489884,35751C,PURPLE CURRENT CANDLE RING,19,12-02-2009 16:24,0.19,13313,United Kingdom,3.61,,,
489883,85227,SET/6 3D KIT CARDS FOR KIDS,12,12-02-2009 16:24,0.85,12437,France,10.2,,,
489883,21429,RED GINGHAM ROSE JEWELLERY BOX,16,12-02-2009 16:24,1.65,12437,France,26.4,,,
489883,20724,RED SPOTTY CHARLOTTE BAG,10,12-02-2009 16:24,0.85,12437,France,8.5,,,
489883,21935,SUKI  SHOULDER BAG,10,12-02-2009 16:24,1.65,12437,France,16.5,,,
489883,20749,ASSORTED COLOUR MINI CASES,4,12-02-2009 16:24,7.95,12437,France,31.8,,,
489883,20750, RED/WHITE DOT MINI CASES,4,12-02-2009 16:24,7.95,12437,France,31.8,,,
489883,21432,SET OF 3 CASES WOODLAND DESIGN,8,12-02-2009 16:24,5.95,12437,France,47.6,,,
489883,22211,WOOD STAMP SET FLOWERS,12,12-02-2009 16:24,1.65,12437,France,19.8,,,
489883,21826,EIGHT PIECE DINOSAUR SET,12,12-02-2009 16:24,1.25,12437,France,15,,,
489883,84670,JAPANESE CROCHETED ANIMAL,24,12-02-2009 16:24,0.42,12437,France,10.08,,,
489883,22352,LUNCHBOX WITH CUTLERY RETROSPOT ,6,12-02-2009 16:24,2.55,12437,France,15.3,,,
489883,84671B,CROCHET BEAR WITH BLUE STRIPES,6,12-02-2009 16:24,2.55,12437,France,15.3,,,
489883,20977,36 PENCILS TUBE WOODLAND,16,12-02-2009 16:24,1.25,12437,France,20,,,
489883,20979,36 PENCILS TUBE RED SPOTTY,16,12-02-2009 16:24,1.25,12437,France,20,,,
489883,20983,12 PENCILS TALL TUBE RED SPOTTY,12,12-02-2009 16:24,0.85,12437,France,10.2,,,
489883,20981,12 PENCILS TALL TUBE WOODLAND,12,12-02-2009 16:24,0.85,12437,France,10.2,,,
489883,22325,MOBILE VINTAGE HEARTS ,6,12-02-2009 16:24,4.95,12437,France,29.7,,,
489883,21754,HOME BUILDING BLOCK WORD,6,12-02-2009 16:24,5.95,12437,France,35.7,,,
489883,84535A,ENGLISH ROSE NOTEBOOK A6 SIZE,16,12-02-2009 16:24,0.65,12437,France,10.4,,,
489883,40046A,RED DAISY PAPER LAMPSHADE,12,12-02-2009 16:24,1.25,12437,France,15,,,
489883,POST,POSTAGE,3,12-02-2009 16:24,18,12437,France,54,,,
489888,22121,NOEL WOODEN BLOCK LETTERS ,3,12-02-2009 16:49,5.95,14841,United Kingdom,17.85,,,
489888,20975,12 PENCILS SMALL TUBE RED SPOTTY,24,12-02-2009 16:49,0.65,14841,United Kingdom,15.6,,,
489888,20979,36 PENCILS TUBE RED SPOTTY,16,12-02-2009 16:49,1.25,14841,United Kingdom,20,,,
489888,20983,12 PENCILS TALL TUBE RED SPOTTY,12,12-02-2009 16:49,0.85,14841,United Kingdom,10.2,,,
489888,21746,SMALL RED SPOT  WINDMILL,12,12-02-2009 16:49,1.25,14841,United Kingdom,15,,,
489888,21832,CHOCOLATE CALCULATOR,12,12-02-2009 16:49,1.65,14841,United Kingdom,19.8,,,
489888,84879,ASSORTED COLOUR BIRD ORNAMENT,32,12-02-2009 16:49,1.69,14841,United Kingdom,54.08,,,
489888,22294,HEART FILIGREE DOVE  SMALL,24,12-02-2009 16:49,1.25,14841,United Kingdom,30,,,
489888,22295,HEART FILIGREE DOVE LARGE,12,12-02-2009 16:49,1.65,14841,United Kingdom,19.8,,,
489888,21638,ASSORTED TUTTI FRUTTI NOTEBOOK,12,12-02-2009 16:49,2.1,14841,United Kingdom,25.2,,,
489888,21639,ASSORTED TUTTI FRUTTI KEYRING,24,12-02-2009 16:49,0.85,14841,United Kingdom,20.4,,,
489888,21650,ASSORTED TUTTI FRUTTI BRACELET,48,12-02-2009 16:49,0.65,14841,United Kingdom,31.2,,,
489888,84949,SILVER HANGING T-LIGHT HOLDER,6,12-02-2009 16:49,1.65,14841,United Kingdom,9.9,,,
489888,21733,RED HANGING HEART T-LIGHT HOLDER,6,12-02-2009 16:49,2.95,14841,United Kingdom,17.7,,,
489888,22178,VICTORIAN GLASS HANGING T-LIGHT,12,12-02-2009 16:49,1.25,14841,United Kingdom,15,,,
489888,22182,CAKE STAND VICTORIAN FILIGREE SMALL,4,12-02-2009 16:49,4.95,14841,United Kingdom,19.8,,,
489888,22183,CAKE STAND VICTORIAN FILIGREE MED,3,12-02-2009 16:49,6.75,14841,United Kingdom,20.25,,,
489888,20750, RED/WHITE DOT MINI CASES,2,12-02-2009 16:49,7.95,14841,United Kingdom,15.9,,,
489888,35015,JACOBS LADDER SMALL,72,12-02-2009 16:49,0.06,14841,United Kingdom,4.32,,,
489888,16202C,BEIGE PHOTO ALBUM,12,12-02-2009 16:49,1.95,14841,United Kingdom,23.4,,,
489888,16201A,PASTEL PINK PHOTO ALBUM,12,12-02-2009 16:49,1.95,14841,United Kingdom,23.4,,,
489888,16201B,PASTEL BLUE PHOTO ALBUM,12,12-02-2009 16:49,1.95,14841,United Kingdom,23.4,,,
489888,84396,6 HOOK JEWELLERY STAND BLACK DRESS,12,12-02-2009 16:49,1.95,14841,United Kingdom,23.4,,,
489888,84402D,PINK DRESS JEWELLERY STAND ,36,12-02-2009 16:49,0.85,14841,United Kingdom,30.6,,,
489888,85221,ASSORTED COLOUR SILK COIN PURSE,120,12-02-2009 16:49,0.38,14841,United Kingdom,45.6,,,
489888,85224,ASSORTED COLOUR SILK GLASSES CASE,120,12-02-2009 16:49,0.38,14841,United Kingdom,45.6,,,
489889,22271,FELTCRAFT DOLL ROSIE,96,12-02-2009 16:52,2.55,14646,Netherlands,244.8,,,
489889,22078,RIBBON REEL LACE DESIGN ,120,12-02-2009 16:52,1.85,14646,Netherlands,222,,,
489889,22082,RIBBON REEL STRIPES DESIGN ,120,12-02-2009 16:52,1.45,14646,Netherlands,174,,,
489889,22149,FELTCRAFT 6 FLOWER FRIENDS,120,12-02-2009 16:52,2.1,14646,Netherlands,252,,,
489889,22294,HEART FILIGREE DOVE  SMALL,288,12-02-2009 16:52,1.06,14646,Netherlands,305.28,,,
489889,20914,SET/5 RED SPOTTY LID GLASS BOWLS,32,12-02-2009 16:52,2.55,14646,Netherlands,81.6,,,
489889,35961,FOLKART ZINC HEART CHRISTMAS DEC,288,12-02-2009 16:52,0.72,14646,Netherlands,207.36,,,
489889,22335,HEART DECORATION PAINTED ZINC ,288,12-02-2009 16:52,0.55,14646,Netherlands,158.4,,,
489889,22337,ANGEL DECORATION PAINTED ZINC ,288,12-02-2009 16:52,0.55,14646,Netherlands,158.4,,,
489889,22131,FOOD CONTAINER SET 3 LOVE HEART ,144,12-02-2009 16:52,1.65,14646,Netherlands,237.6,,,
489889,85123A,WHITE HANGING HEART T-LIGHT HOLDER,480,12-02-2009 16:52,2.55,14646,Netherlands,1224,,,
489889,22336,DOVE DECORATION PAINTED ZINC ,288,12-02-2009 16:52,0.55,14646,Netherlands,158.4,,,
489889,21681,GIANT MEDINA STAMPED METAL BOWL ,24,12-02-2009 16:52,8.5,14646,Netherlands,204,,,
489889,21841,BABY MOUSE RED GINGHAM DRESS,36,12-02-2009 16:52,3.75,14646,Netherlands,135,,,
489889,21531,RETRO SPOT SUGAR JAM BOWL,48,12-02-2009 16:52,2.1,14646,Netherlands,100.8,,,
489889,21432,SET OF 3 CASES WOODLAND DESIGN,36,12-02-2009 16:52,5.45,14646,Netherlands,196.2,,,
489889,21243,PINK  SPOTTY PLATE ,96,12-02-2009 16:52,1.45,14646,Netherlands,139.2,,,
489889,84836,ZINC METAL HEART DECORATION,216,12-02-2009 16:52,1.06,14646,Netherlands,228.96,,,
489889,21077,SET/20 WOODLAND PAPER NAPKINS ,96,12-02-2009 16:52,0.64,14646,Netherlands,61.44,,,
489889,22273,FELTCRAFT DOLL MOLLY,96,12-02-2009 16:52,2.55,14646,Netherlands,244.8,,,
489890,22343,PARTY PIZZA DISH RED WHITE SPOT ,288,12-02-2009 16:53,0.85,14646,Netherlands,244.8,,,
489890,22149,FELTCRAFT 6 FLOWER FRIENDS,160,12-02-2009 16:53,2.1,14646,Netherlands,336,,,
489890,71477,COLOUR GLASS. STAR T-LIGHT HOLDER,144,12-02-2009 16:53,2.75,14646,Netherlands,396,,,
489891,20679,EDWARDIAN PARASOL RED,6,12-02-2009 16:59,5.95,15482,United Kingdom,35.7,,,
489891,15056N,EDWARDIAN PARASOL NATURAL,6,12-02-2009 16:59,5.95,15482,United Kingdom,35.7,,,
489891,15056BL,EDWARDIAN PARASOL BLACK,6,12-02-2009 16:59,5.95,15482,United Kingdom,35.7,,,
489891,85007,SET OF 3 VINTAGE TEA TIME BOXES,18,12-02-2009 16:59,1.65,15482,United Kingdom,29.7,,,
489891,72739B,WHITE CHOCOLATE SCENT CANDLE,36,12-02-2009 16:59,0.65,15482,United Kingdom,23.4,,,
489891,85111,SILVER GLITTER FLOWER VOTIVE HOLDER,72,12-02-2009 16:59,0.29,15482,United Kingdom,20.88,,,
489893,22314,OFFICE MUG WARMER CHOC+BLUE,8,12-02-2009 17:06,4.95,16156,United Kingdom,39.6,,,
489893,22311,OFFICE MUG WARMER BLACK+SILVER ,8,12-02-2009 17:06,4.95,16156,United Kingdom,39.6,,,
489893,22114,HOT WATER BOTTLE TEA AND SYMPATHY,8,12-02-2009 17:06,3.95,16156,United Kingdom,31.6,,,
489893,22084,PAPER CHAIN KIT EMPIRE,6,12-02-2009 17:06,2.95,16156,United Kingdom,17.7,,,
489893,22347,PIZZA SLICE DISH,12,12-02-2009 17:06,1.25,16156,United Kingdom,15,,,
489893,22109,FULL ENGLISH BREAKFAST PLATE,8,12-02-2009 17:06,3.75,16156,United Kingdom,30,,,
489893,85150,LADIES & GENTLEMEN METAL SIGN,12,12-02-2009 17:06,2.55,16156,United Kingdom,30.6,,,
489893,21181,PLEASE ONE PERSON  METAL SIGN,12,12-02-2009 17:06,2.1,16156,United Kingdom,25.2,,,
489893,22086,PAPER CHAIN KIT 50'S CHRISTMAS ,24,12-02-2009 17:06,2.95,16156,United Kingdom,70.8,,,
489894,22086,PAPER CHAIN KIT 50'S CHRISTMAS ,12,12-02-2009 17:18,2.95,17716,United Kingdom,35.4,,,
489894,22083,PAPER CHAIN KIT RETRO SPOT,18,12-02-2009 17:18,2.95,17716,United Kingdom,53.1,,,
489894,22084,PAPER CHAIN KIT EMPIRE,12,12-02-2009 17:18,2.95,17716,United Kingdom,35.4,,,
489894,22085,PAPER CHAIN KIT SKULLS ,6,12-02-2009 17:18,2.95,17716,United Kingdom,17.7,,,
489894,20914,SET/5 RED SPOTTY LID GLASS BOWLS,12,12-02-2009 17:18,2.95,17716,United Kingdom,35.4,,,
489894,21080,SET/20 RED SPOTTY PAPER NAPKINS ,12,12-02-2009 17:18,0.85,17716,United Kingdom,10.2,,,
489894,21210,SET OF 72 RETRO SPOT PAPER  DOILIES,12,12-02-2009 17:18,1.45,17716,United Kingdom,17.4,,,
489894,21212,PACK OF 72 RETRO SPOT CAKE CASES,24,12-02-2009 17:18,0.55,17716,United Kingdom,13.2,,,
489894,20971,PINK BLUE FELT CRAFT TRINKET BOX,12,12-02-2009 17:18,1.25,17716,United Kingdom,15,,,
489894,22271,FELTCRAFT DOLL ROSIE,6,12-02-2009 17:18,2.95,17716,United Kingdom,17.7,,,
489894,22273,FELTCRAFT DOLL MOLLY,6,12-02-2009 17:18,2.95,17716,United Kingdom,17.7,,,
489894,20974,12 PENCILS SMALL TUBE SKULL,24,12-02-2009 17:18,0.65,17716,United Kingdom,15.6,,,
489894,21213,PACK OF 72 SKULL CAKE CASES,24,12-02-2009 17:18,0.55,17716,United Kingdom,13.2,,,
489894,21989,PACK OF 20 SKULL PAPER NAPKINS,12,12-02-2009 17:18,0.85,17716,United Kingdom,10.2,,,
489894,84520D,PACK OF 20 FAIRY CAKE PAPER NAPKINS,12,12-02-2009 17:18,0.85,17716,United Kingdom,10.2,,,
489894,84987,SET OF 36 TEATIME PAPER DOILIES,12,12-02-2009 17:18,1.45,17716,United Kingdom,17.4,,,
489894,84991,60 TEATIME FAIRY CAKE CASES,48,12-02-2009 17:18,0.55,17716,United Kingdom,26.4,,,
489894,84992,72 SWEETHEART FAIRY CAKE CASES,24,12-02-2009 17:18,0.55,17716,United Kingdom,13.2,,,
489894,21668,RED STRIPE CERAMIC DRAWER KNOB,12,12-02-2009 17:18,1.25,17716,United Kingdom,15,,,
489894,21669,BLUE STRIPE CERAMIC DRAWER KNOB,12,12-02-2009 17:18,1.25,17716,United Kingdom,15,,,
489894,21670,BLUE SPOT CERAMIC DRAWER KNOB,12,12-02-2009 17:18,1.25,17716,United Kingdom,15,,,
489894,21671,RED SPOT CERAMIC DRAWER KNOB,12,12-02-2009 17:18,1.25,17716,United Kingdom,15,,,
489894,21672,WHITE SPOT RED CERAMIC DRAWER KNOB,12,12-02-2009 17:18,1.25,17716,United Kingdom,15,,,
489894,21673,WHITE SPOT BLUE CERAMIC DRAWER KNOB,12,12-02-2009 17:18,1.25,17716,United Kingdom,15,,,
489894,22087,PAPER BUNTING WHITE LACE,12,12-02-2009 17:18,2.95,17716,United Kingdom,35.4,,,
489894,21077,SET/20 WOODLAND PAPER NAPKINS ,12,12-02-2009 17:18,0.85,17716,United Kingdom,10.2,,,
489894,21076,SET/20 COLLAGE PAPER NAPKIN ,12,12-02-2009 17:18,0.85,17716,United Kingdom,10.2,,,
489895,22130,PARTY CONE CHRISTMAS DECORATION ,12,12-03-2009 07:25,0.85,12779,Poland,10.2,,,
489895,21432,SET OF 3 CASES WOODLAND DESIGN,2,12-03-2009 07:25,5.95,12779,Poland,11.9,,,
489895,21232,STRAWBERRY CERAMIC TRINKET BOX,24,12-03-2009 07:25,1.25,12779,Poland,30,,,
489895,37448,CERAMIC CAKE DESIGN SPOTTED MUG,24,12-03-2009 07:25,1.49,12779,Poland,35.76,,,
489895,37494A,FAIRY CAKE CERAMIC BUTTER DISH,6,12-03-2009 07:25,2.95,12779,Poland,17.7,,,
489895,21700,BIG DOUGHNUT FRIDGE MAGNETS,24,12-03-2009 07:25,0.85,12779,Poland,20.4,,,
489895,47556B,TEA TIME TEA TOWELS ,6,12-03-2009 07:25,2.95,12779,Poland,17.7,,,
489895,22059,CERAMIC STRWBERRY DESIGN MUG,24,12-03-2009 07:25,1.49,12779,Poland,35.76,,,
489895,22055,MINI CAKE STAND  HANGING STRAWBERY,8,12-03-2009 07:25,1.65,12779,Poland,13.2,,,
489895,37446,MINI CAKE STAND WITH HANGING CAKES,8,12-03-2009 07:25,1.45,12779,Poland,11.6,,,
489895,84569D,PACK 6 HEART/ICE-CREAM PATCHES,12,12-03-2009 07:25,1.25,12779,Poland,15,,,
489895,22209,WOOD STAMP SET HAPPY BIRTHDAY,12,12-03-2009 07:25,1.65,12779,Poland,19.8,,,
489895,22210,WOOD STAMP SET BEST WISHES,12,12-03-2009 07:25,1.65,12779,Poland,19.8,,,
489895,22208,WOOD STAMP SET THANK YOU,12,12-03-2009 07:25,1.65,12779,Poland,19.8,,,
489895,21428,SET3 BOOK BOX GREEN GINGHAM FLOWER ,4,12-03-2009 07:25,4.25,12779,Poland,17,,,
489895,21430,SET/3 RED GINGHAM ROSE STORAGE BOX,4,12-03-2009 07:25,3.75,12779,Poland,15,,,
489895,21884,CAKES AND BOWS GIFT  TAPE,12,12-03-2009 07:25,0.65,12779,Poland,7.8,,,
489895,21882,SKULLS TAPE,12,12-03-2009 07:25,0.65,12779,Poland,7.8,,,
489895,21880,RED AND WHITE SPOT TAPE,12,12-03-2009 07:25,0.65,12779,Poland,7.8,,,
489895,21883,STARS GIFT TAPE ,12,12-03-2009 07:25,0.65,12779,Poland,7.8,,,
489895,85049C,ROMANTIC PINKS RIBBONS ,12,12-03-2009 07:25,1.25,12779,Poland,15,,,
489895,85049F,BABY BOOM RIBBONS ,12,12-03-2009 07:25,1.25,12779,Poland,15,,,
489896,22349,"DOG BOWL , CHASING BALL DESIGN",6,12-03-2009 07:57,3.75,13611,United Kingdom,22.5,,,
489896,22350,CAT BOWL ,6,12-03-2009 07:57,2.55,13611,United Kingdom,15.3,,,
489896,22110,BIRD HOUSE HOT WATER BOTTLE,4,12-03-2009 07:57,3.45,13611,United Kingdom,13.8,,,
489896,21485,RED SPOT HEART HOT WATER BOTTLE,3,12-03-2009 07:57,4.95,13611,United Kingdom,14.85,,,
489896,21488,RED WHITE SCARF  HOT WATER BOTTLE,4,12-03-2009 07:57,3.95,13611,United Kingdom,15.8,,,
489896,21489,BLUE WHITE SCARF HOT WATER BOTTLE,4,12-03-2009 07:57,3.95,13611,United Kingdom,15.8,,,
489896,21011,GLITTER SNOW PEAR TREE DECORATION,12,12-03-2009 07:57,1.45,13611,United Kingdom,17.4,,,
489896,21402,RED  EGG  SPOON,12,12-03-2009 07:57,0.42,13611,United Kingdom,5.04,,,
489896,21403,BLUE EGG  SPOON,12,12-03-2009 07:57,0.42,13611,United Kingdom,5.04,,,
489896,22300,COFFEE MUG DOG + BALL DESIGN,6,12-03-2009 07:57,2.55,13611,United Kingdom,15.3,,,
489896,22301,COFFEE MUG CAT + BIRD DESIGN,6,12-03-2009 07:57,2.55,13611,United Kingdom,15.3,,,
489896,21738,COSY SLIPPER SHOES SMALL  RED ,6,12-03-2009 07:57,2.95,13611,United Kingdom,17.7,,,
489896,21740,COSY SLIPPER SHOES LARGE RED,6,12-03-2009 07:57,2.95,13611,United Kingdom,17.7,,,
489896,21212,PACK OF 72 RETRO SPOT CAKE CASES,24,12-03-2009 07:57,0.55,13611,United Kingdom,13.2,,,
489896,84991,60 TEATIME FAIRY CAKE CASES,24,12-03-2009 07:57,0.55,13611,United Kingdom,13.2,,,
489896,21535,RETRO SPOT SMALL MILK JUG,12,12-03-2009 07:57,2.55,13611,United Kingdom,30.6,,,
489896,21285,RETRO SPOT CANDLE  MEDIUM,12,12-03-2009 07:57,2.1,13611,United Kingdom,25.2,,,
489896,21584,RETRO SPOT SMALL TUBE MATCHES,20,12-03-2009 07:57,1.65,13611,United Kingdom,33,,,
489896,21900,"KEY FOB , SHED",24,12-03-2009 07:57,0.65,13611,United Kingdom,15.6,,,
489896,21901,"KEY FOB , BACK DOOR ",24,12-03-2009 07:57,0.65,13611,United Kingdom,15.6,,,
489897,84347,ROTATING SILVER ANGELS T-LIGHT HLDR,6,12-03-2009 09:10,2.55,15255,United Kingdom,15.3,,,
489897,21135,VICTORIAN  METAL POSTCARD SPRING,16,12-03-2009 09:10,1.69,15255,United Kingdom,27.04,,,
489897,22147,FELTCRAFT BUTTERFLY HEARTS,12,12-03-2009 09:10,1.45,15255,United Kingdom,17.4,,,
489897,21490,SET OF THREE 50'S GIFT WRAPS ,12,12-03-2009 09:10,1.95,15255,United Kingdom,23.4,,,
489897,85049E,SCANDINAVIAN REDS RIBBONS,12,12-03-2009 09:10,1.25,15255,United Kingdom,15,,,
489897,21349,IVY HEART WREATH,2,12-03-2009 09:10,6.75,15255,United Kingdom,13.5,,,
489897,21134,VICTORIAN METAL POSTCARD CHRISTMAS,32,12-03-2009 09:10,1.65,15255,United Kingdom,52.8,,,
489897,22130,PARTY CONE CHRISTMAS DECORATION ,36,12-03-2009 09:10,0.85,15255,United Kingdom,30.6,,,
489897,20871,OPULENT VELVET SET/3 CANDLES,6,12-03-2009 09:10,2.1,15255,United Kingdom,12.6,,,
489897,84946,ANTIQUE SILVER TEA GLASS ETCHED,12,12-03-2009 09:10,1.25,15255,United Kingdom,15,,,
489897,20956,PORCELAIN T-LIGHT HOLDERS ASSORTED,12,12-03-2009 09:10,1.25,15255,United Kingdom,15,,,
489897,85032D,YULETIDE IMAGES GIFT WRAP SET,6,12-03-2009 09:10,2.1,15255,United Kingdom,12.6,,,
489897,21790,VINTAGE SNAP CARDS,12,12-03-2009 09:10,0.85,15255,United Kingdom,10.2,,,
489900,84832,ZINC WILLIE WINKIE  CANDLE STICK,24,12-03-2009 09:44,0.85,14771,United Kingdom,20.4,,,
489900,22178,VICTORIAN GLASS HANGING T-LIGHT,24,12-03-2009 09:44,1.25,14771,United Kingdom,30,,,
489900,84755,COLOUR GLASS T-LIGHT HOLDER HANGING,16,12-03-2009 09:44,0.65,14771,United Kingdom,10.4,,,
489900,17136A,BLUE STONES ON WIRE FOR CANDLE,24,12-03-2009 09:44,0.08,14771,United Kingdom,1.92,,,
489900,72756,FAIRY CAKE CANDLES,9,12-03-2009 09:44,1.49,14771,United Kingdom,13.41,,,
489900,72801F,S/4 FESTIVE RED DINNER CANDLES,12,12-03-2009 09:44,1.25,14771,United Kingdom,15,,,
489900,22219,LOVEBIRD HANGING DECORATION WHITE ,12,12-03-2009 09:44,0.85,14771,United Kingdom,10.2,,,
489900,22253,6 CROCHET STRAWBERRIES,12,12-03-2009 09:44,1.25,14771,United Kingdom,15,,,
489900,21136,PAINTED METAL PEARS ASSORTED,8,12-03-2009 09:44,1.69,14771,United Kingdom,13.52,,,
489900,84879,ASSORTED COLOUR BIRD ORNAMENT,8,12-03-2009 09:44,1.69,14771,United Kingdom,13.52,,,
489900,20814,SILVER FINCH DECORATION,12,12-03-2009 09:44,1.25,14771,United Kingdom,15,,,
489900,21440,12 MINI TOADSTOOL PEGS,12,12-03-2009 09:44,1.25,14771,United Kingdom,15,,,
489900,35471D,SET OF 3 BIRD LIGHT PINK FEATHER ,12,12-03-2009 09:44,1.25,14771,United Kingdom,15,,,
489900,21009,ETCHED GLASS STAR TREE DECORATION,12,12-03-2009 09:44,1.25,14771,United Kingdom,15,,,
489900,21144,PINK POODLE HANGING DECORATION ,12,12-03-2009 09:44,1.45,14771,United Kingdom,17.4,,,
489900,84754,S/15 SILVER GLASS BAUBLES IN BAG,12,12-03-2009 09:44,1.25,14771,United Kingdom,15,,,
489900,21134,VICTORIAN METAL POSTCARD CHRISTMAS,8,12-03-2009 09:44,1.65,14771,United Kingdom,13.2,,,
489900,22246,"GARLAND, MAGIC GARDEN 1.8M",12,12-03-2009 09:44,1.95,14771,United Kingdom,23.4,,,
489900,22091,EMPIRE TISSUE BOX,12,12-03-2009 09:44,1.25,14771,United Kingdom,15,,,
489902,85045,GREEN CHRISTMAS TREE STRING 20LIGHT,2,12-03-2009 09:52,4.95,14838,United Kingdom,9.9,,,
489902,22121,NOEL WOODEN BLOCK LETTERS ,2,12-03-2009 09:52,5.95,14838,United Kingdom,11.9,,,
489902,22119, PEACE WOODEN BLOCK LETTERS,2,12-03-2009 09:52,6.95,14838,United Kingdom,13.9,,,
489902,85048,15CM CHRISTMAS GLASS BALL 20 LIGHTS,12,12-03-2009 09:52,6.95,14838,United Kingdom,83.4,,,
489904,85048,15CM CHRISTMAS GLASS BALL 20 LIGHTS,2,12-03-2009 10:02,7.95,13979,United Kingdom,15.9,,,
489904,84670,JAPANESE CROCHETED ANIMAL,24,12-03-2009 10:02,0.42,13979,United Kingdom,10.08,,,
489904,21829,DINOSAUR KEYRINGS ASSORTED,72,12-03-2009 10:02,0.21,13979,United Kingdom,15.12,,,
489904,21833,CAMOUFLAGE LED TORCH,12,12-03-2009 10:02,1.69,13979,United Kingdom,20.28,,,
489904,21480,PINK STRIPE HOT WATER BOTTLE,6,12-03-2009 10:02,2.95,13979,United Kingdom,17.7,,,
489904,84029E,RED WOOLLY HOTTIE WHITE HEART.,4,12-03-2009 10:02,3.75,13979,United Kingdom,15,,,
489904,85099B,JUMBO BAG RED WHITE SPOTTY ,10,12-03-2009 10:02,1.95,13979,United Kingdom,19.5,,,
489904,85014B,RED/WHITE DOTS RUFFLED UMBRELLA,3,12-03-2009 10:02,5.95,13979,United Kingdom,17.85,,,
489904,48111,DOOR MAT 3 SMILEY CATS,2,12-03-2009 10:02,6.75,13979,United Kingdom,13.5,,,
489904,20685,RED SPOTTY COIR DOORMAT,2,12-03-2009 10:02,6.75,13979,United Kingdom,13.5,,,
489904,22177,5 HOOK BLACKBOARD ORGANISER ,1,12-03-2009 10:02,9.95,13979,United Kingdom,9.95,,,
489904,21744,SNOWFLAKE PORTABLE TABLE LIGHT ,6,12-03-2009 10:02,2.95,13979,United Kingdom,17.7,,,
489904,21743,STAR PORTABLE TABLE LIGHT ,6,12-03-2009 10:02,2.95,13979,United Kingdom,17.7,,,
489905,21107,CREAM SLICE FLANNEL PINK SPOT ,6,12-03-2009 10:03,2.95,13800,United Kingdom,17.7,,,
489905,84970S,HANGING HEART ZINC T-LIGHT HOLDER,12,12-03-2009 10:03,0.85,13800,United Kingdom,10.2,,,
489905,84970L,SINGLE HEART ZINC T-LIGHT HOLDER,12,12-03-2009 10:03,0.95,13800,United Kingdom,11.4,,,
489905,22082,RIBBON REEL STRIPES DESIGN ,10,12-03-2009 10:03,1.65,13800,United Kingdom,16.5,,,
489905,21135,VICTORIAN  METAL POSTCARD SPRING,16,12-03-2009 10:03,1.69,13800,United Kingdom,27.04,,,
489905,21754,HOME BUILDING BLOCK WORD,9,12-03-2009 10:03,5.95,13800,United Kingdom,53.55,,,
489905,22120,WELCOME  WOODEN BLOCK LETTERS,9,12-03-2009 10:03,9.95,13800,United Kingdom,89.55,,,
489905,21260,FIRST AID TIN,6,12-03-2009 10:03,3.25,13800,United Kingdom,19.5,,,
489905,20905,VINTAGE KEEPSAKE BOX BEAUTY GIRL,4,12-03-2009 10:03,6.35,13800,United Kingdom,25.4,,,
489905,21589,SWALLOW GIANT TUBE MATCHES,48,12-03-2009 10:03,2.1,13800,United Kingdom,100.8,,,
489905,85222,ASSORTED COLOUR SILK COSMETIC PURSE,12,12-03-2009 10:03,2.1,13800,United Kingdom,25.2,,,
489905,17033,"BROCADE PURSE,SMALL ARCH BUTTON",36,12-03-2009 10:03,0.29,13800,United Kingdom,10.44,,,
489905,84836,ZINC METAL HEART DECORATION,12,12-03-2009 10:03,1.25,13800,United Kingdom,15,,,
489905,84879,ASSORTED COLOUR BIRD ORNAMENT,8,12-03-2009 10:03,1.69,13800,United Kingdom,13.52,,,
489905,84832,ZINC WILLIE WINKIE  CANDLE STICK,12,12-03-2009 10:03,0.85,13800,United Kingdom,10.2,,,
489905,21313,GLASS HEART T-LIGHT HOLDER ,12,12-03-2009 10:03,0.85,13800,United Kingdom,10.2,,,
489905,82607A,GLASS BONBON JAR PARFUME AUX FLEURE,6,12-03-2009 10:03,1.25,13800,United Kingdom,7.5,,,
489905,82607E,GLASS BONBON JAR. D'AMANDES,6,12-03-2009 10:03,1.25,13800,United Kingdom,7.5,,,
489905,82607C,GLASS BONBON JAR. SUPERFINES,6,12-03-2009 10:03,1.25,13800,United Kingdom,7.5,,,
489906,21591,COSY HOUR CIGAR BOX MATCHES ,24,12-03-2009 10:16,1.25,14483,United Kingdom,30,,,
489906,21593,SWALLOW CIGAR BOX MATCHES ,24,12-03-2009 10:16,1.25,14483,United Kingdom,30,,,
489906,21592,RETRO SPOT  CIGAR BOX MATCHES ,24,12-03-2009 10:16,1.25,14483,United Kingdom,30,,,
489906,21590,KINGS CHOICE CIGAR BOX MATCHES ,24,12-03-2009 10:16,1.25,14483,United Kingdom,30,,,
489907,20979,36 PENCILS TUBE RED SPOTTY,16,12-03-2009 10:17,1.25,14915,United Kingdom,20,,,
489907,20978,36 PENCILS TUBE SKULLS,16,12-03-2009 10:17,1.25,14915,United Kingdom,20,,,
489907,22111,SCOTTIE DOG HOT WATER BOTTLE,3,12-03-2009 10:17,4.95,14915,United Kingdom,14.85,,,
489907,84029E,RED WOOLLY HOTTIE WHITE HEART.,4,12-03-2009 10:17,3.75,14915,United Kingdom,15,,,
489907,72756,FAIRY CAKE CANDLES,9,12-03-2009 10:17,1.49,14915,United Kingdom,13.41,,,
489907,22283,6 EGG HOUSE PAINTED WOOD,2,12-03-2009 10:17,7.95,14915,United Kingdom,15.9,,,
489907,72369A,PINK CLEAR GLASS CANDLE PLATE,6,12-03-2009 10:17,1.25,14915,United Kingdom,7.5,,,
489907,70006,LOVE HEART POCKET WARMER,12,12-03-2009 10:17,1.65,14915,United Kingdom,19.8,,,
489907,72351B,SET/6 PINK  BUTTERFLY T-LIGHTS,12,12-03-2009 10:17,2.1,14915,United Kingdom,25.2,,,
489907,72351A,SET/6 TURQUOISE BUTTERFLY T-LIGHTS,12,12-03-2009 10:17,2.1,14915,United Kingdom,25.2,,,
489907,72349B,SET/6 PURPLE BUTTERFLY T-LIGHTS,12,12-03-2009 10:17,2.1,14915,United Kingdom,25.2,,,
489909,84970L,SINGLE HEART ZINC T-LIGHT HOLDER,24,12-03-2009 10:20,0.95,13753,United Kingdom,22.8,,,
489909,22228,BUNNY WOODEN PAINTED WITH BIRD ,24,12-03-2009 10:20,0.85,13753,United Kingdom,20.4,,,
489909,22231,JIGSAW TREE WITH BIRDHOUSE,24,12-03-2009 10:20,1.45,13753,United Kingdom,34.8,,,
489909,21438,TUB 24 HANGING EASTER EGGS SPOTTY,20,12-03-2009 10:20,3.75,13753,United Kingdom,75,,,
489909,22241,"GARLAND , WOODEN  "" HAPPY EASTER""",24,12-03-2009 10:20,1.25,13753,United Kingdom,30,,,
489909,22270,HAPPY EASTER HANGING DECORATION,16,12-03-2009 10:20,3.75,13753,United Kingdom,60,,,
489909,22284,HEN HOUSE DECORATION,24,12-03-2009 10:20,1.65,13753,United Kingdom,39.6,,,
489909,84836,ZINC METAL HEART DECORATION,24,12-03-2009 10:20,1.25,13753,United Kingdom,30,,,
489909,48189,DOOR MAT FRIENDSHIP ,10,12-03-2009 10:20,5.95,13753,United Kingdom,59.5,,,
489909,48187,DOOR MAT NEW ENGLAND,10,12-03-2009 10:20,5.95,13753,United Kingdom,59.5,,,
489909,22246,"GARLAND, MAGIC GARDEN 1.8M",12,12-03-2009 10:20,1.95,13753,United Kingdom,23.4,,,
489909,79000,MOROCCAN TEA GLASS,36,12-03-2009 10:20,0.85,13753,United Kingdom,30.6,,,
489909,21668,RED STRIPE CERAMIC DRAWER KNOB,24,12-03-2009 10:20,1.25,13753,United Kingdom,30,,,
489909,21669,BLUE STRIPE CERAMIC DRAWER KNOB,24,12-03-2009 10:20,1.25,13753,United Kingdom,30,,,
489909,85017A,ENVELOPE 50 ROMANTIC IMAGES,12,12-03-2009 10:20,0.85,13753,United Kingdom,10.2,,,
489909,22129,PARTY CONES CANDY TREE DECORATION,120,12-03-2009 10:20,0.72,13753,United Kingdom,86.4,,,
489908,20703,BLUE PADDED SOFT MOBILE,3,12-03-2009 10:20,4.25,16301,United Kingdom,12.75,,,
489908,84509B,FAIRY CAKE PLACEMATS,4,12-03-2009 10:20,3.75,16301,United Kingdom,15,,,
489908,72807C,SET/3 VANILLA SCENTED CANDLE IN BOX,4,12-03-2009 10:20,4.25,16301,United Kingdom,17,,,
489908,22059,CERAMIC STRWBERRY DESIGN MUG,12,12-03-2009 10:20,1.49,16301,United Kingdom,17.88,,,
489908,21231,SWEETHEART CERAMIC TRINKET BOX,12,12-03-2009 10:20,1.25,16301,United Kingdom,15,,,
489908,22112,CHOCOLATE HOT WATER BOTTLE,6,12-03-2009 10:20,4.95,16301,United Kingdom,29.7,,,
489910,85112,S/3 TEAR DROP CUT GLASS DECORATION,288,12-03-2009 10:23,0.5,15482,United Kingdom,144,,,
489912,21430,SET/3 RED GINGHAM ROSE STORAGE BOX,4,12-03-2009 10:26,3.75,13931,United Kingdom,15,,,
489912,21212,PACK OF 72 RETRO SPOT CAKE CASES,24,12-03-2009 10:26,0.55,13931,United Kingdom,13.2,,,
489912,21206,STRAWBERRY HONEYCOMB  GARLAND ,12,12-03-2009 10:26,1.65,13931,United Kingdom,19.8,,,
489912,21203,BUTTERFLIES  HONEYCOMB GARLAND,12,12-03-2009 10:26,1.65,13931,United Kingdom,19.8,,,
489912,21188,3D HEARTS  HONEYCOMB PAPER GARLAND,12,12-03-2009 10:26,2.95,13931,United Kingdom,35.4,,,
489912,85179C,PINK BITTY LIGHT CHAIN,6,12-03-2009 10:26,4.65,13931,United Kingdom,27.9,,,
489912,85179A,GREEN BITTY LIGHT CHAIN,6,12-03-2009 10:26,4.65,13931,United Kingdom,27.9,,,
489912,21743,STAR PORTABLE TABLE LIGHT ,12,12-03-2009 10:26,2.95,13931,United Kingdom,35.4,,,
489912,85047,WHITE BEADED GARLAND STRING 20LIGHT,6,12-03-2009 10:26,6.35,13931,United Kingdom,38.1,,,
489912,84992,72 SWEETHEART FAIRY CAKE CASES,24,12-03-2009 10:26,0.55,13931,United Kingdom,13.2,,,
489912,85180B,PINK HEARTS LIGHT CHAIN ,6,12-03-2009 10:26,4.65,13931,United Kingdom,27.9,,,
489912,85180A,RED HEARTS LIGHT CHAIN ,6,12-03-2009 10:26,4.65,13931,United Kingdom,27.9,,,
489912,22083,PAPER CHAIN KIT RETRO SPOT,12,12-03-2009 10:26,2.95,13931,United Kingdom,35.4,,,
489912,21124,SET/10 BLUE SPOTTY PARTY CANDLES,24,12-03-2009 10:26,1.25,13931,United Kingdom,30,,,
489912,21123,SET/10 IVORY SPOTTY PARTY CANDLES,24,12-03-2009 10:26,1.25,13931,United Kingdom,30,,,
489912,21122,SET/10 PINK SPOTTY PARTY CANDLES,24,12-03-2009 10:26,1.25,13931,United Kingdom,30,,,
489912,21121,SET/10 RED SPOTTY PARTY CANDLES,24,12-03-2009 10:26,1.25,13931,United Kingdom,30,,,
489912,20713,JUMBO BAG OWLS,10,12-03-2009 10:26,1.95,13931,United Kingdom,19.5,,,
489912,20711,JUMBO BAG TOYS ,10,12-03-2009 10:26,1.95,13931,United Kingdom,19.5,,,
489912,21931,JUMBO STORAGE BAG SUKI,10,12-03-2009 10:26,1.95,13931,United Kingdom,19.5,,,
489912,82616C,MIDNIGHT GLAMOUR SCARF KNITTING KIT,6,12-03-2009 10:26,2.95,13931,United Kingdom,17.7,,,
489912,82616B,FRAPPUCINO SCARF KNITTING KIT,6,12-03-2009 10:26,2.95,13931,United Kingdom,17.7,,,
489912,82615,PINK MARSHMALLOW SCARF KNITTING KIT,6,12-03-2009 10:26,2.95,13931,United Kingdom,17.7,,,
489912,82616A,BUBBLE GUM SCARF KNITTING KIT,6,12-03-2009 10:26,2.95,13931,United Kingdom,17.7,,,
489912,85185E,DUCK SOCK PUPPET,3,12-03-2009 10:26,2.95,13931,United Kingdom,8.85,,,
489912,85185D,FROG SOCK PUPPET,6,12-03-2009 10:26,2.95,13931,United Kingdom,17.7,,,
489912,85185B,PINK HORSE SOCK PUPPET,6,12-03-2009 10:26,2.95,13931,United Kingdom,17.7,,,
489912,22274,FELTCRAFT DOLL EMILY,6,12-03-2009 10:26,2.95,13931,United Kingdom,17.7,,,
489912,22272,FELTCRAFT DOLL MARIA,6,12-03-2009 10:26,2.95,13931,United Kingdom,17.7,,,
489912,22273,FELTCRAFT DOLL MOLLY,6,12-03-2009 10:26,2.95,13931,United Kingdom,17.7,,,
489912,22271,FELTCRAFT DOLL ROSIE,6,12-03-2009 10:26,2.95,13931,United Kingdom,17.7,,,
489912,20969,RED FLORAL FELTCRAFT SHOULDER BAG,4,12-03-2009 10:26,3.75,13931,United Kingdom,15,,,
489912,20968,GREEN FLORAL FELTCRAFT SHOULDER BAG,4,12-03-2009 10:26,3.75,13931,United Kingdom,15,,,
489912,20970,PINK FLORAL FELTCRAFT SHOULDER BAG,4,12-03-2009 10:26,3.75,13931,United Kingdom,15,,,
489912,20974,12 PENCILS SMALL TUBE SKULL,24,12-03-2009 10:26,0.65,13931,United Kingdom,15.6,,,
489912,20982,12 PENCILS TALL TUBE SKULLS,12,12-03-2009 10:26,0.85,13931,United Kingdom,10.2,,,
489912,20979,36 PENCILS TUBE RED SPOTTY,16,12-03-2009 10:26,1.25,13931,United Kingdom,20,,,
489912,20983,12 PENCILS TALL TUBE RED SPOTTY,12,12-03-2009 10:26,0.85,13931,United Kingdom,10.2,,,
489912,20981,12 PENCILS TALL TUBE WOODLAND,12,12-03-2009 10:26,0.85,13931,United Kingdom,10.2,,,
489912,85099C,JUMBO  BAG BAROQUE BLACK WHITE,10,12-03-2009 10:26,1.95,13931,United Kingdom,19.5,,,
489912,21929,JUMBO BAG PINK VINTAGE PAISLEY,10,12-03-2009 10:26,1.95,13931,United Kingdom,19.5,,,
489912,85099F,JUMBO BAG STRAWBERRY,10,12-03-2009 10:26,1.95,13931,United Kingdom,19.5,,,
489912,21928,JUMBO BAG SCANDINAVIAN PAISLEY,10,12-03-2009 10:26,1.95,13931,United Kingdom,19.5,,,
489912,85099B,JUMBO BAG RED WHITE SPOTTY ,10,12-03-2009 10:26,1.95,13931,United Kingdom,19.5,,,
489912,22166,"WALL MIRROR , RECT DIAMANTE, PINK/",3,12-03-2009 10:26,7.95,13931,United Kingdom,23.85,,,
489912,22084,PAPER CHAIN KIT EMPIRE,6,12-03-2009 10:26,2.95,13931,United Kingdom,17.7,,,
489912,22180,RETRO SPOT LAMP,4,12-03-2009 10:26,9.95,13931,United Kingdom,39.8,,,
489912,20914,SET/5 RED SPOTTY LID GLASS BOWLS,6,12-03-2009 10:26,2.95,13931,United Kingdom,17.7,,,
489912,20913,SET/5 BLUE SPOTTY LID GLASS BOWLS,6,12-03-2009 10:26,2.95,13931,United Kingdom,17.7,,,
489912,22196,SMALL HEART MEASURING SPOONS,12,12-03-2009 10:26,0.85,13931,United Kingdom,10.2,,,
489912,22195,LARGE HEART MEASURING SPOONS,12,12-03-2009 10:26,1.65,13931,United Kingdom,19.8,,,
489912,22131,FOOD CONTAINER SET 3 LOVE HEART ,6,12-03-2009 10:26,1.95,13931,United Kingdom,11.7,,,
489912,20963,APPLE BATH SPONGE,10,12-03-2009 10:26,1.25,13931,United Kingdom,12.5,,,
489912,20960,WATERMELON BATH SPONGE,10,12-03-2009 10:26,1.25,13931,United Kingdom,12.5,,,
489912,20961,STRAWBERRY BATH SPONGE ,10,12-03-2009 10:26,1.25,13931,United Kingdom,12.5,,,
489912,21773,DECORATIVE ROSE BATHROOM BOTTLE,12,12-03-2009 10:26,1.25,13931,United Kingdom,15,,,
489912,82607A,GLASS BONBON JAR PARFUME AUX FLEURE,6,12-03-2009 10:26,1.25,13931,United Kingdom,7.5,,,
489912,85123A,WHITE HANGING HEART T-LIGHT HOLDER,6,12-03-2009 10:26,2.95,13931,United Kingdom,17.7,,,
489913,22283,6 EGG HOUSE PAINTED WOOD,2,12-03-2009 10:28,7.95,13931,United Kingdom,15.9,,,
489913,22179,SET 10 LIGHTS NIGHT OWL,6,12-03-2009 10:28,6.75,13931,United Kingdom,40.5,,,
489913,22232,3 PIECE JIGSAW TOADSTOOLS,8,12-03-2009 10:28,1.65,13931,United Kingdom,13.2,,,
489914,84946,ANTIQUE SILVER TEA GLASS ETCHED,24,12-03-2009 10:28,1.25,12921,United Kingdom,30,,,
489914,84950,ASSORTED COLOUR T-LIGHT HOLDER,24,12-03-2009 10:28,0.85,12921,United Kingdom,20.4,,,
489914,79323P,PINK CHERRY LIGHTS,8,12-03-2009 10:28,6.75,12921,United Kingdom,54,,,
489914,79323W, WHITE CHERRY LIGHTS,24,12-03-2009 10:28,5.45,12921,United Kingdom,130.8,,,
489914,79323G,GOLD  CHERRY LIGHTS,4,12-03-2009 10:28,6.75,12921,United Kingdom,27,,,
489914,21929,JUMBO BAG PINK VINTAGE PAISLEY,20,12-03-2009 10:28,1.95,12921,United Kingdom,39,,,
489914,21928,JUMBO BAG SCANDINAVIAN PAISLEY,20,12-03-2009 10:28,1.95,12921,United Kingdom,39,,,
489914,85099B,JUMBO BAG RED WHITE SPOTTY ,40,12-03-2009 10:28,1.95,12921,United Kingdom,78,,,
489914,85064,CREAM SWEETHEART LETTER RACK,4,12-03-2009 10:28,5.45,12921,United Kingdom,21.8,,,
489914,85066,CREAM SWEETHEART MINI CHEST,4,12-03-2009 10:28,12.75,12921,United Kingdom,51,,,
489914,84879,ASSORTED COLOUR BIRD ORNAMENT,48,12-03-2009 10:28,1.69,12921,United Kingdom,81.12,,,
489914,84997D,PINK 3 PIECE MINI DOTS CUTLERY SET,6,12-03-2009 10:28,3.75,12921,United Kingdom,22.5,,,
489914,84997C,BLUE 3 PIECE MINI DOTS CUTLERY SET,6,12-03-2009 10:28,3.75,12921,United Kingdom,22.5,,,
489914,84997B,RED 3 PIECE MINI DOTS CUTLERY SET,6,12-03-2009 10:28,3.75,12921,United Kingdom,22.5,,,
489914,20727,LUNCH BAG  BLACK SKULL.,30,12-03-2009 10:28,1.65,12921,United Kingdom,49.5,,,
489914,20728,LUNCH BAG CARS BLUE,10,12-03-2009 10:28,1.65,12921,United Kingdom,16.5,,,
489914,20726,LUNCH BAG WOODLAND,10,12-03-2009 10:28,1.65,12921,United Kingdom,16.5,,,
489914,20725,LUNCH BAG RED SPOTTY,10,12-03-2009 10:28,1.65,12921,United Kingdom,16.5,,,
489914,21241,GREEN SPOTTY CUP,16,12-03-2009 10:28,0.85,12921,United Kingdom,13.6,,,
489914,20675,BLUE SPOTTY BOWL,16,12-03-2009 10:28,1.25,12921,United Kingdom,20,,,
489914,21244,BLUE  SPOTTY PLATE ,16,12-03-2009 10:28,1.69,12921,United Kingdom,27.04,,,
489914,21243,PINK  SPOTTY PLATE ,16,12-03-2009 10:28,1.69,12921,United Kingdom,27.04,,,
489914,21239,PINK  SPOTTY CUP,32,12-03-2009 10:28,0.85,12921,United Kingdom,27.2,,,
489914,20676,RED SPOTTY BOWL,24,12-03-2009 10:28,1.25,12921,United Kingdom,30,,,
489914,20914,SET/5 RED SPOTTY LID GLASS BOWLS,6,12-03-2009 10:28,2.95,12921,United Kingdom,17.7,,,
489914,21035,SET/2 RED SPOTTY TEA TOWELS ,12,12-03-2009 10:28,2.95,12921,United Kingdom,35.4,,,
489914,21213,PACK OF 72 SKULL CAKE CASES,24,12-03-2009 10:28,0.55,12921,United Kingdom,13.2,,,
489914,21212,PACK OF 72 RETRO SPOT CAKE CASES,24,12-03-2009 10:28,0.55,12921,United Kingdom,13.2,,,
489914,21232,STRAWBERRY CERAMIC TRINKET BOX,24,12-03-2009 10:28,1.25,12921,United Kingdom,30,,,
489915,22296,HEART IVORY TRELLIS LARGE,24,12-03-2009 10:37,1.65,17035,United Kingdom,39.6,,,
489915,84836,ZINC METAL HEART DECORATION,12,12-03-2009 10:37,1.25,17035,United Kingdom,15,,,
489916,84347,ROTATING SILVER ANGELS T-LIGHT HLDR,48,12-03-2009 10:37,2.55,15194,United Kingdom,122.4,,,
489916,22149,FELTCRAFT 6 FLOWER FRIENDS,6,12-03-2009 10:37,2.1,15194,United Kingdom,12.6,,,
489916,79164,BLACK WINE GLASS,48,12-03-2009 10:37,1.45,15194,United Kingdom,69.6,,,
489916,22083,PAPER CHAIN KIT RETRO SPOT,12,12-03-2009 10:37,2.95,15194,United Kingdom,35.4,,,
489916,16156N,"WRAP, FRIENDSHIP ON GREEN",25,12-03-2009 10:37,0.42,15194,United Kingdom,10.5,,,
489916,16169M,WRAP DAISY CARPET ,25,12-03-2009 10:37,0.42,15194,United Kingdom,10.5,,,
489916,22297,HEART IVORY TRELLIS SMALL,24,12-03-2009 10:37,1.25,15194,United Kingdom,30,,,
489916,22296,HEART IVORY TRELLIS LARGE,12,12-03-2009 10:37,1.65,15194,United Kingdom,19.8,,,
489916,72351B,SET/6 PINK  BUTTERFLY T-LIGHTS,12,12-03-2009 10:37,2.1,15194,United Kingdom,25.2,,,
489932,85123A,WHITE HANGING HEART T-LIGHT HOLDER,6,12-03-2009 10:49,2.95,14347,United Kingdom,17.7,,,
489932,84347,ROTATING SILVER ANGELS T-LIGHT HLDR,6,12-03-2009 10:49,2.55,14347,United Kingdom,15.3,,,
489932,21629,SQUARE FLOOR CUSHION VINTAGE PINK ,2,12-03-2009 10:49,7.95,14347,United Kingdom,15.9,,,
489932,20724,RED SPOTTY CHARLOTTE BAG,10,12-03-2009 10:49,0.85,14347,United Kingdom,8.5,,,
489932,21791,VINTAGE HEADS AND TAILS CARD GAME ,12,12-03-2009 10:49,1.25,14347,United Kingdom,15,,,
489932,21790,VINTAGE SNAP CARDS,12,12-03-2009 10:49,0.85,14347,United Kingdom,10.2,,,
489935,84884A,ANT WHITE WIRE HEART SPIRAL,30,12-03-2009 10:51,3.39,12934,United Kingdom,101.7,,,
489935,21769,VINTAGE POST OFFICE CABINET,1,12-03-2009 10:51,79.95,12934,United Kingdom,79.95,,,
489994,22084,PAPER CHAIN KIT EMPIRE,40,12-03-2009 11:09,2.55,15291,United Kingdom,102,,,
489994,22086,PAPER CHAIN KIT 50'S CHRISTMAS ,80,12-03-2009 11:09,2.55,15291,United Kingdom,204,,,
489994,22121,NOEL WOODEN BLOCK LETTERS ,12,12-03-2009 11:09,5.45,15291,United Kingdom,65.4,,,
489994,20685,RED SPOTTY COIR DOORMAT,10,12-03-2009 11:09,5.95,15291,United Kingdom,59.5,,,
489996,21479,WHITE SKULL HOT WATER BOTTLE ,3,12-03-2009 11:10,3.75,17209,United Kingdom,11.25,,,
489996,21484,CHICK GREY HOT WATER BOTTLE,3,12-03-2009 11:10,3.45,17209,United Kingdom,10.35,,,
489996,21481,FAWN BLUE HOT WATER BOTTLE,3,12-03-2009 11:10,2.95,17209,United Kingdom,8.85,,,
489996,20748,KENSINGTON COFFEE SET,1,12-03-2009 11:10,12.75,17209,United Kingdom,12.75,,,
489996,21666, RIDGED GLASS T-LIGHT HOLDER,504,12-03-2009 11:10,0.55,17209,United Kingdom,277.2,,,
489998,21955,UNION JACK GUNS & ROSES  DOORMAT,2,12-03-2009 11:19,6.75,15658,United Kingdom,13.5,,,
489998,21586,KINGS CHOICE GIANT TUBE MATCHES,12,12-03-2009 11:19,2.55,15658,United Kingdom,30.6,,,
489998,21696,SMALL SILVER TRELLIS CANDLEPOT,6,12-03-2009 11:19,2.95,15658,United Kingdom,17.7,,,
489998,21693,SMALL HAMMERED SILVER CANDLEPOT ,6,12-03-2009 11:19,2.95,15658,United Kingdom,17.7,,,
489998,21687,SILVER PLATE CANDLE BOWL LARGE,8,12-03-2009 11:19,3.75,15658,United Kingdom,30,,,
489998,21688,SILVER PLATE CANDLE BOWL SMALL,12,12-03-2009 11:19,2.95,15658,United Kingdom,35.4,,,
489998,84949,SILVER HANGING T-LIGHT HOLDER,12,12-03-2009 11:19,1.65,15658,United Kingdom,19.8,,,
489998,22184,CAKE STAND VICTORIAN FILIGREE LARGE,2,12-03-2009 11:19,8.5,15658,United Kingdom,17,,,
489998,22183,CAKE STAND VICTORIAN FILIGREE MED,3,12-03-2009 11:19,6.75,15658,United Kingdom,20.25,,,
489998,22182,CAKE STAND VICTORIAN FILIGREE SMALL,4,12-03-2009 11:19,4.95,15658,United Kingdom,19.8,,,
489998,22178,VICTORIAN GLASS HANGING T-LIGHT,12,12-03-2009 11:19,1.25,15658,United Kingdom,15,,,
489998,21552,CERAMIC BIRDHOUSE BLACK ROSE  LARGE,2,12-03-2009 11:19,5.95,15658,United Kingdom,11.9,,,
489998,21554,CERAMIC BIRDHOUSE RED ROOF LARGE,2,12-03-2009 11:19,5.95,15658,United Kingdom,11.9,,,
489998,21551,CERAMIC BIRDHOUSE BUTTERFLY LARGE,2,12-03-2009 11:19,5.95,15658,United Kingdom,11.9,,,
489998,21755,LOVE BUILDING BLOCK WORD,3,12-03-2009 11:19,5.95,15658,United Kingdom,17.85,,,
489998,21754,HOME BUILDING BLOCK WORD,3,12-03-2009 11:19,5.95,15658,United Kingdom,17.85,,,
489998,21524,SPOTTY  HOME SWEET HOME DOORMAT,2,12-03-2009 11:19,6.75,15658,United Kingdom,13.5,,,
489999,22121,NOEL WOODEN BLOCK LETTERS ,3,12-03-2009 11:25,5.95,17314,United Kingdom,17.85,,,
489999,35961,FOLKART ZINC HEART CHRISTMAS DEC,12,12-03-2009 11:25,0.85,17314,United Kingdom,10.2,,,
489999,21651,HANGING GLASS ETCHED TEALIGHT,12,12-03-2009 11:25,1.65,17314,United Kingdom,19.8,,,
489999,84970L,SINGLE HEART ZINC T-LIGHT HOLDER,12,12-03-2009 11:25,0.95,17314,United Kingdom,11.4,,,
489999,22178,VICTORIAN GLASS HANGING T-LIGHT,12,12-03-2009 11:25,1.25,17314,United Kingdom,15,,,
489999,85008,SET OF 3 CONEY ISLAND OVAL BOXES,9,12-03-2009 11:25,4.95,17314,United Kingdom,44.55,,,
489999,85184C,S/4 VALENTINE DECOUPAGE HEART BOX,12,12-03-2009 11:25,2.95,17314,United Kingdom,35.4,,,
490000,10133,COLOURING PENCILS BROWN TUBE,20,12-03-2009 11:34,0.85,17155,United Kingdom,17,,,
490000,84993B,75 BLACK PETIT FOUR CASES,8,12-03-2009 11:34,0.42,17155,United Kingdom,3.36,,,
490000,84990,60 GOLD AND SILVER FAIRY CAKE CASES,8,12-03-2009 11:34,0.55,17155,United Kingdom,4.4,,,
490000,21975,PACK OF 60 DINOSAUR CAKE CASES,8,12-03-2009 11:34,0.55,17155,United Kingdom,4.4,,,
490000,21212,PACK OF 72 RETRO SPOT CAKE CASES,8,12-03-2009 11:34,0.55,17155,United Kingdom,4.4,,,
490000,21429,RED GINGHAM ROSE JEWELLERY BOX,1,12-03-2009 11:34,1.65,17155,United Kingdom,1.65,,,
490000,22082,RIBBON REEL STRIPES DESIGN ,15,12-03-2009 11:34,1.65,17155,United Kingdom,24.75,,,
490000,22151,PLACE SETTING WHITE HEART,5,12-03-2009 11:34,0.42,17155,United Kingdom,2.1,,,
490000,21479,WHITE SKULL HOT WATER BOTTLE ,1,12-03-2009 11:34,3.75,17155,United Kingdom,3.75,,,
490000,21156,RED SPOTTY CHILDS APRON,3,12-03-2009 11:34,1.95,17155,United Kingdom,5.85,,,
490000,21552,CERAMIC BIRDHOUSE BLACK ROSE  LARGE,6,12-03-2009 11:34,5.95,17155,United Kingdom,35.7,,,
490000,21551,CERAMIC BIRDHOUSE BUTTERFLY LARGE,6,12-03-2009 11:34,5.95,17155,United Kingdom,35.7,,,
490001,84270,ASSTD DESIGN BUBBLE GUM RING,30,12-03-2009 11:45,0.21,15965,United Kingdom,6.3,,,
490001,85123A,WHITE HANGING HEART T-LIGHT HOLDER,64,12-03-2009 11:45,2.55,15965,United Kingdom,163.2,,,
490002,21928,JUMBO BAG SCANDINAVIAN PAISLEY,1,12-03-2009 11:46,1.95,17322,United Kingdom,1.95,,,
490002,22355,"CHARLOTTE BAG , SUKI DESIGN",2,12-03-2009 11:46,0.85,17322,United Kingdom,1.7,,,
490002,20963,APPLE BATH SPONGE,3,12-03-2009 11:46,1.25,17322,United Kingdom,3.75,,,
490002,20960,WATERMELON BATH SPONGE,11,12-03-2009 11:46,1.25,17322,United Kingdom,13.75,,,
490002,20961,STRAWBERRY BATH SPONGE ,6,12-03-2009 11:46,1.25,17322,United Kingdom,7.5,,,
490002,85040B,SET/4 BLUE FLOWER CANDLES IN BOWL,3,12-03-2009 11:46,1.65,17322,United Kingdom,4.95,,,
490002,85040A,S/4 PINK FLOWER CANDLES IN BOWL,3,12-03-2009 11:46,1.65,17322,United Kingdom,4.95,,,
490002,85041,SET/4 PINK ORCHID CANDLES IN BOWL,3,12-03-2009 11:46,1.65,17322,United Kingdom,4.95,,,
490002,84270,ASSTD DESIGN BUBBLE GUM RING,30,12-03-2009 11:46,0.21,17322,United Kingdom,6.3,,,
490002,72529W,WHITE ADVENT CANDLE,4,12-03-2009 11:46,2.12,17322,United Kingdom,8.48,,,
490002,90085,CRYSTAL STILETTO PHONE CHARM,4,12-03-2009 11:46,0.85,17322,United Kingdom,3.4,,,
490002,90090,PINK CRYSTAL HEART PHONE CHARM,2,12-03-2009 11:46,0.85,17322,United Kingdom,1.7,,,
490002,90083,CRYSTAL CZECH CROSS PHONE CHARM,2,12-03-2009 11:46,0.85,17322,United Kingdom,1.7,,,
490002,90088,CRYSTAL KEY+LOCK PHONE CHARM,2,12-03-2009 11:46,0.85,17322,United Kingdom,1.7,,,
490002,90084,PINK CRYSTAL GUITAR PHONE CHARM,4,12-03-2009 11:46,0.85,17322,United Kingdom,3.4,,,
490002,16215,FUNKY GIRLZ MAGNETIC TO DO LIST ,3,12-03-2009 11:46,0.65,17322,United Kingdom,1.95,,,
490002,16212,FUNKY GIRLZ ASST MAGNETIC MEMO PAD,4,12-03-2009 11:46,0.65,17322,United Kingdom,2.6,,,
490002,17164B,ASS COL SMALL SAND GECKO P'WEIGHT,2,12-03-2009 11:46,0.42,17322,United Kingdom,0.84,,,
490002,17164D,ASS COL SMALL SAND FROG P'WEIGHT,4,12-03-2009 11:46,0.42,17322,United Kingdom,1.68,,,
490002,21582,KINGS CHOICE SMALL TUBE MATCHES,4,12-03-2009 11:46,1.65,17322,United Kingdom,6.6,,,
490002,20718,RED SPOTTY SHOPPER BAG,4,12-03-2009 11:46,1.25,17322,United Kingdom,5,,,
490002,20714,POSY SHOPPER BAG,2,12-03-2009 11:46,1.25,17322,United Kingdom,2.5,,,
490002,20716,PARTY FOOD SHOPPER BAG,2,12-03-2009 11:46,1.25,17322,United Kingdom,2.5,,,
490002,22276,WASH BAG VINTAGE ROSE PAISLEY,2,12-03-2009 11:46,2.55,17322,United Kingdom,5.1,,,
490002,20713,JUMBO BAG OWLS,3,12-03-2009 11:46,1.95,17322,United Kingdom,5.85,,,
490002,85099B,JUMBO BAG RED WHITE SPOTTY ,2,12-03-2009 11:46,1.95,17322,United Kingdom,3.9,,,
490002,21931,JUMBO STORAGE BAG SUKI,2,12-03-2009 11:46,1.95,17322,United Kingdom,3.9,,,
490002,21929,JUMBO BAG PINK VINTAGE PAISLEY,1,12-03-2009 11:46,1.95,17322,United Kingdom,1.95,,,
490003,21380,WOODEN HAPPY BIRTHDAY GARLAND,12,12-03-2009 11:51,2.95,16159,United Kingdom,35.4,,,
490003,72756,FAIRY CAKE CANDLES,45,12-03-2009 11:51,1.49,16159,United Kingdom,67.05,,,
490003,84997A,GREEN 3 PIECE MINI DOTS CUTLERY SET,6,12-03-2009 11:51,3.75,16159,United Kingdom,22.5,,,
490003,84997D,PINK 3 PIECE MINI DOTS CUTLERY SET,6,12-03-2009 11:51,3.75,16159,United Kingdom,22.5,,,
490003,84997B,RED 3 PIECE MINI DOTS CUTLERY SET,6,12-03-2009 11:51,3.75,16159,United Kingdom,22.5,,,
490003,21212,PACK OF 72 RETRO SPOT CAKE CASES,24,12-03-2009 11:51,0.55,16159,United Kingdom,13.2,,,
490003,21977,PACK OF 60 PINK PAISLEY CAKE CASES,24,12-03-2009 11:51,0.55,16159,United Kingdom,13.2,,,
490003,84991,60 TEATIME FAIRY CAKE CASES,24,12-03-2009 11:51,0.55,16159,United Kingdom,13.2,,,
490003,48188,DOOR MAT WELCOME PUPPIES,4,12-03-2009 11:51,6.75,16159,United Kingdom,27,,,
490003,48111,DOOR MAT 3 SMILEY CATS,4,12-03-2009 11:51,6.75,16159,United Kingdom,27,,,
490003,48187,DOOR MAT NEW ENGLAND,4,12-03-2009 11:51,6.75,16159,United Kingdom,27,,,
490003,20685,RED SPOTTY COIR DOORMAT,4,12-03-2009 11:51,6.75,16159,United Kingdom,27,,,
490004,79323P,PINK CHERRY LIGHTS,24,12-03-2009 11:53,5.45,14051,United Kingdom,130.8,,,
490004,79323LP,LIGHT PINK CHERRY LIGHTS,24,12-03-2009 11:53,5.45,14051,United Kingdom,130.8,,,
490004,22111,SCOTTIE DOG HOT WATER BOTTLE,24,12-03-2009 11:53,4.25,14051,United Kingdom,102,,,
490004,21877,HOME SWEET HOME MUG,36,12-03-2009 11:53,1.25,14051,United Kingdom,45,,,
490004,22112,CHOCOLATE HOT WATER BOTTLE,24,12-03-2009 11:53,4.25,14051,United Kingdom,102,,,
490004,21523,FANCY FONT HOME SWEET HOME DOORMAT,20,12-03-2009 11:53,5.95,14051,United Kingdom,119,,,
490004,84029G,KNITTED UNION FLAG HOT WATER BOTTLE,24,12-03-2009 11:53,3.39,14051,United Kingdom,81.36,,,
490004,22125,UNION JACK HOT WATER BOTTLE ,24,12-03-2009 11:53,4.95,14051,United Kingdom,118.8,,,
490004,22114,HOT WATER BOTTLE TEA AND SYMPATHY,24,12-03-2009 11:53,3.45,14051,United Kingdom,82.8,,,
490005,21185, HOME SWEET HOME  BLACKBOARD,3,12-03-2009 11:57,6.35,13993,United Kingdom,19.05,,,
490005,21770,OPEN CLOSED METAL SIGN,2,12-03-2009 11:57,4.95,13993,United Kingdom,9.9,,,
490005,21668,RED STRIPE CERAMIC DRAWER KNOB,12,12-03-2009 11:57,1.25,13993,United Kingdom,15,,,
490005,21671,RED SPOT CERAMIC DRAWER KNOB,12,12-03-2009 11:57,1.25,13993,United Kingdom,15,,,
490005,21669,BLUE STRIPE CERAMIC DRAWER KNOB,12,12-03-2009 11:57,1.25,13993,United Kingdom,15,,,
490005,21670,BLUE SPOT CERAMIC DRAWER KNOB,12,12-03-2009 11:57,1.25,13993,United Kingdom,15,,,
490005,20685,RED SPOTTY COIR DOORMAT,4,12-03-2009 11:57,6.75,13993,United Kingdom,27,,,
490005,21523,FANCY FONT HOME SWEET HOME DOORMAT,4,12-03-2009 11:57,6.75,13993,United Kingdom,27,,,
490005,48173C,DOOR MAT BLACK FLOCK ,4,12-03-2009 11:57,6.75,13993,United Kingdom,27,,,
490005,48194,DOORMAT HEARTS,2,12-03-2009 11:57,6.75,13993,United Kingdom,13.5,,,
490005,48187,DOOR MAT NEW ENGLAND,4,12-03-2009 11:57,6.75,13993,United Kingdom,27,,,
490005,21754,HOME BUILDING BLOCK WORD,3,12-03-2009 11:57,5.95,13993,United Kingdom,17.85,,,
490005,22083,PAPER CHAIN KIT RETRO SPOT,12,12-03-2009 11:57,2.95,13993,United Kingdom,35.4,,,
490005,21589,SWALLOW GIANT TUBE MATCHES,24,12-03-2009 11:57,2.55,13993,United Kingdom,61.2,,,
490005,21592,RETRO SPOT  CIGAR BOX MATCHES ,24,12-03-2009 11:57,1.25,13993,United Kingdom,30,,,
490005,48184,DOOR MAT ENGLISH ROSE ,2,12-03-2009 11:57,6.75,13993,United Kingdom,13.5,,,
490005,84509B,FAIRY CAKE PLACEMATS,8,12-03-2009 11:57,3.75,13993,United Kingdom,30,,,
490005,21294,ETCHED GLASS COASTER,12,12-03-2009 11:57,1.25,13993,United Kingdom,15,,,
490005,84510B,SET OF 4 FAIRY CAKES COASTERS ,10,12-03-2009 11:57,1.25,13993,United Kingdom,12.5,,,
490005,22177,5 HOOK BLACKBOARD ORGANISER ,4,12-03-2009 11:57,9.95,13993,United Kingdom,39.8,,,
490005,21175,GIN + TONIC DIET METAL SIGN,6,12-03-2009 11:57,2.1,13993,United Kingdom,12.6,,,
490005,21181,PLEASE ONE PERSON  METAL SIGN,6,12-03-2009 11:57,2.1,13993,United Kingdom,12.6,,,
490005,21908,CHOCOLATE THIS WAY METAL SIGN,6,12-03-2009 11:57,2.1,13993,United Kingdom,12.6,,,
490005,21340,CLASSIC METAL BIRDCAGE PLANT HOLDER,3,12-03-2009 11:57,12.75,13993,United Kingdom,38.25,,,
490005,21145,ANTIQUE GLASS PLACE SETTING,12,12-03-2009 11:57,1.25,13993,United Kingdom,15,,,
490006,84347,ROTATING SILVER ANGELS T-LIGHT HLDR,6,12-03-2009 12:02,2.55,17411,United Kingdom,15.3,,,
490006,22163,HEART STRING MEMO HOLDER HANGING,6,12-03-2009 12:02,2.95,17411,United Kingdom,17.7,,,
490006,35979,SIX STRING SCANDINAVIAN HEART DECS,6,12-03-2009 12:02,2.95,17411,United Kingdom,17.7,,,
490006,79323P,PINK CHERRY LIGHTS,8,12-03-2009 12:02,6.75,17411,United Kingdom,54,,,
490006,85038,6 CHOCOLATE LOVE HEART T-LIGHTS,6,12-03-2009 12:02,2.1,17411,United Kingdom,12.6,,,
490006,84832,ZINC WILLIE WINKIE  CANDLE STICK,12,12-03-2009 12:02,0.85,17411,United Kingdom,10.2,,,
490006,22337,ANGEL DECORATION PAINTED ZINC ,24,12-03-2009 12:02,0.65,17411,United Kingdom,15.6,,,
490006,21018,BIRD BOX CHRISTMAS TREE DECORATION,12,12-03-2009 12:02,0.85,17411,United Kingdom,10.2,,,
490006,22186,RED STAR CARD HOLDER,6,12-03-2009 12:02,2.95,17411,United Kingdom,17.7,,,
490006,22187,GREEN CHRISTMAS TREE CARD HOLDER,4,12-03-2009 12:02,4.25,17411,United Kingdom,17,,,
490006,22086,PAPER CHAIN KIT 50'S CHRISTMAS ,6,12-03-2009 12:02,2.95,17411,United Kingdom,17.7,,,
490006,21186,WHITE DOVE HONEYCOMB PAPER GARLAND,12,12-03-2009 12:02,1.65,17411,United Kingdom,19.8,,,
490006,15039,SANDALWOOD FAN,10,12-03-2009 12:02,0.85,17411,United Kingdom,8.5,,,
490006,79321,CHILLI LIGHTS,4,12-03-2009 12:02,4.95,17411,United Kingdom,19.8,,,
490006,85042,ANTIQUE LILY FAIRY LIGHTS,4,12-03-2009 12:02,4.95,17411,United Kingdom,19.8,,,
490006,21738,COSY SLIPPER SHOES SMALL  RED ,6,12-03-2009 12:02,2.95,17411,United Kingdom,17.7,,,
490006,21739,COSY SLIPPER SHOES SMALL GREEN,6,12-03-2009 12:02,2.95,17411,United Kingdom,17.7,,,
490006,21740,COSY SLIPPER SHOES LARGE RED,6,12-03-2009 12:02,2.95,17411,United Kingdom,17.7,,,
490006,21741,COSY SLIPPER SHOES LARGE GREEN,6,12-03-2009 12:02,2.95,17411,United Kingdom,17.7,,,
490008,84627,CANDY STRIPE ROSE C/COVER ,1,12-03-2009 12:10,5.95,15768,United Kingdom,5.95,,,
490008,21648,ASSORTED TUTTI FRUTTI SMALL PURSE,2,12-03-2009 12:10,1.25,15768,United Kingdom,2.5,,,
490008,21276,TWO EMBOSSED HEART MINI DRAWERS,1,12-03-2009 12:10,6.95,15768,United Kingdom,6.95,,,
490008,21784,SHOE SHINE BOX ,2,12-03-2009 12:10,9.95,15768,United Kingdom,19.9,,,
490008,21218,RED SPOTTY BISCUIT TIN,1,12-03-2009 12:10,3.75,15768,United Kingdom,3.75,,,
490008,10138,ASSORTED COLOUR JUMBO PEN,12,12-03-2009 12:10,0.42,15768,United Kingdom,5.04,,,
490008,85152,HAND OVER THE CHOCOLATE   SIGN ,12,12-03-2009 12:10,2.1,15768,United Kingdom,25.2,,,
490008,21929,JUMBO BAG PINK VINTAGE PAISLEY,4,12-03-2009 12:10,1.95,15768,United Kingdom,7.8,,,
490008,22275,WEEKEND BAG VINTAGE ROSE PAISLEY,1,12-03-2009 12:10,8.5,15768,United Kingdom,8.5,,,
490008,35832,WOOLLY HAT SOCK GLOVE ADVENT STRING,2,12-03-2009 12:10,5.95,15768,United Kingdom,11.9,,,
490008,22152,PLACE SETTING WHITE STAR,2,12-03-2009 12:10,0.42,15768,United Kingdom,0.84,,,
490008,22151,PLACE SETTING WHITE HEART,2,12-03-2009 12:10,0.42,15768,United Kingdom,0.84,,,
490008,85053,FRENCH ENAMEL CANDLEHOLDER,2,12-03-2009 12:10,2.1,15768,United Kingdom,4.2,,,
490008,22352,LUNCHBOX WITH CUTLERY RETROSPOT ,1,12-03-2009 12:10,2.55,15768,United Kingdom,2.55,,,
490008,21106,CREAM SLICE FLANNEL CHOCOLATE SPOT ,1,12-03-2009 12:10,2.95,15768,United Kingdom,2.95,,,
490008,21107,CREAM SLICE FLANNEL PINK SPOT ,1,12-03-2009 12:10,2.95,15768,United Kingdom,2.95,,,
490008,21210,SET OF 72 RETRO SPOT PAPER  DOILIES,1,12-03-2009 12:10,1.45,15768,United Kingdom,1.45,,,
490008,84987,SET OF 36 TEATIME PAPER DOILIES,8,12-03-2009 12:10,1.45,15768,United Kingdom,11.6,,,
490008,84510A,SET OF 4 ENGLISH ROSE COASTERS,1,12-03-2009 12:10,1.25,15768,United Kingdom,1.25,,,
490008,22310,KNITTED MUG COSY IVORY COLOUR ,1,12-03-2009 12:10,1.65,15768,United Kingdom,1.65,,,
490008,21540,DAIRY MAID CERAMIC BUTTER DISH,1,12-03-2009 12:10,4.25,15768,United Kingdom,4.25,,,
490008,21533,RETRO SPOT LARGE MILK JUG,1,12-03-2009 12:10,4.95,15768,United Kingdom,4.95,,,
490008,21754,HOME BUILDING BLOCK WORD,1,12-03-2009 12:10,5.95,15768,United Kingdom,5.95,,,
490008,22114,HOT WATER BOTTLE TEA AND SYMPATHY,1,12-03-2009 12:10,3.95,15768,United Kingdom,3.95,,,
490008,22309,TEA COSY RED  STRIPE,1,12-03-2009 12:10,2.55,15768,United Kingdom,2.55,,,
490008,22308,TEA COSY BLUE STRIPE,1,12-03-2009 12:10,2.55,15768,United Kingdom,2.55,,,
490008,37503,TEA TIME CAKE STAND IN GIFT BOX,1,12-03-2009 12:10,10.75,15768,United Kingdom,10.75,,,
490008,84509A,ENGLISH ROSE PLACEMATS,3,12-03-2009 12:10,3.75,15768,United Kingdom,11.25,,,
490008,17109C,FLOWER FAIRY INCENSE ROSE,1,12-03-2009 12:10,1.69,15768,United Kingdom,1.69,,,
490008,17109B,FLOWER FAIRY INCENSE LAVENDER,1,12-03-2009 12:10,1.69,15768,United Kingdom,1.69,,,
490008,84249D,FAIRY CAKE GREETINGS CARD,12,12-03-2009 12:10,0.42,15768,United Kingdom,5.04,,,
490008,22139,RETRO SPOT TEA SET CERAMIC 11 PC ,1,12-03-2009 12:10,4.95,15768,United Kingdom,4.95,,,
490008,21620,S/4 ROSE    BOTANICAL  CANDLE,2,12-03-2009 12:10,3.75,15768,United Kingdom,7.5,,,
490008,21617,4 LILY  BOTANICAL DINNER CANDLES,2,12-03-2009 12:10,3.75,15768,United Kingdom,7.5,,,
490008,21619,4 VANILLA BOTANICAL CANDLES,2,12-03-2009 12:10,3.75,15768,United Kingdom,7.5,,,
490008,47591B,SCOTTIES DES CHILD'S APRON,1,12-03-2009 12:10,1.65,15768,United Kingdom,1.65,,,
490008,21156,RED SPOTTY CHILDS APRON,2,12-03-2009 12:10,1.95,15768,United Kingdom,3.9,,,
490008,47591C,BLUE FAIRY CAKE CHILD'S APRON,2,12-03-2009 12:10,1.95,15768,United Kingdom,3.9,,,
490008,47591D,PINK FAIRY CAKE CHILD'S APRON,2,12-03-2009 12:10,1.95,15768,United Kingdom,3.9,,,
490008,85123A,WHITE HANGING HEART T-LIGHT HOLDER,3,12-03-2009 12:10,2.95,15768,United Kingdom,8.85,,,
490008,20750, RED/WHITE DOT MINI CASES,1,12-03-2009 12:10,7.95,15768,United Kingdom,7.95,,,
490008,20749,ASSORTED COLOUR MINI CASES,1,12-03-2009 12:10,7.95,15768,United Kingdom,7.95,,,
490008,84270,ASSTD DESIGN BUBBLE GUM RING,30,12-03-2009 12:10,0.21,15768,United Kingdom,6.3,,,
490008,21690,SILVER  CANDLEPOT JARDIN ,2,12-03-2009 12:10,3.75,15768,United Kingdom,7.5,,,
490008,20814,SILVER FINCH DECORATION,2,12-03-2009 12:10,1.25,15768,United Kingdom,2.5,,,
490008,21430,SET/3 RED GINGHAM ROSE STORAGE BOX,3,12-03-2009 12:10,3.75,15768,United Kingdom,11.25,,,
490008,47591A,CAROUSEL DES CHILD'S APRON,2,12-03-2009 12:10,1.65,15768,United Kingdom,3.3,,,
490008,47591B,SCOTTIES DES CHILD'S APRON,1,12-03-2009 12:10,1.65,15768,United Kingdom,1.65,,,
490008,84537B,FAIRY CAKES GIFT BAG,6,12-03-2009 12:10,0.42,15768,United Kingdom,2.52,,,
490008,22033,BOTANICAL ROSE GREETING CARD,12,12-03-2009 12:10,0.42,15768,United Kingdom,5.04,,,
490008,22032,BOTANICAL LILY GREETING CARD,12,12-03-2009 12:10,0.42,15768,United Kingdom,5.04,,,
490008,22031,BOTANICAL LAVENDER BIRTHDAY CARD,12,12-03-2009 12:10,0.42,15768,United Kingdom,5.04,,,
490008,21115,ROSE CARAVAN DOORSTOP,1,12-03-2009 12:10,6.75,15768,United Kingdom,6.75,,,
490008,21407,BROWN CHECK CAT DOORSTOP ,1,12-03-2009 12:10,4.25,15768,United Kingdom,4.25,,,
490008,16161M,WRAP  PINK FLOCK,25,12-03-2009 12:10,0.42,15768,United Kingdom,10.5,,,
490008,82482,WOODEN PICTURE FRAME WHITE FINISH,12,12-03-2009 12:10,2.55,15768,United Kingdom,30.6,,,
490008,21450,DISTRESSED CANDLE STICK WHITE,2,12-03-2009 12:10,5.95,15768,United Kingdom,11.9,,,
490008,84763,ZINC FINISH 15CM PLANTER POTS,6,12-03-2009 12:10,1.25,15768,United Kingdom,7.5,,,
490008,82486,WOOD S/3 CABINET ANT WHITE FINISH,6,12-03-2009 12:10,7.95,15768,United Kingdom,47.7,,,
490008,85067,CREAM SWEETHEART WALL CABINET,1,12-03-2009 12:10,18.95,15768,United Kingdom,18.95,,,
490008,21781,MA CAMPAGNE CUTLERY BOX,2,12-03-2009 12:10,14.95,15768,United Kingdom,29.9,,,
490008,35810A,ENAMEL PINK COFFEE CONTAINER,6,12-03-2009 12:10,2.1,15768,United Kingdom,12.6,,,
490008,35809A,ENAMEL PINK TEA CONTAINER,6,12-03-2009 12:10,2.1,15768,United Kingdom,12.6,,,
490008,35811A,ENAMEL PINK SUGAR CONTAINER,6,12-03-2009 12:10,2.1,15768,United Kingdom,12.6,,,
490009,35991,SET/6 BLACK SNOWFLAKE T-LIGHTS ,1,12-03-2009 12:13,1.69,12835,United Kingdom,1.69,,,
490009,20943,SET/6 GINGERBREAD STAR T-LIGHTS,5,12-03-2009 12:13,1.25,12835,United Kingdom,6.25,,,
490009,21157,RED SPOTTY WASHBAG,1,12-03-2009 12:13,2.1,12835,United Kingdom,2.1,,,
490009,84380,SET OF 3 BUTTERFLY COOKIE CUTTERS,1,12-03-2009 12:13,1.25,12835,United Kingdom,1.25,,,
490009,21612,SET 12 WILDFLOWER BOTANICAL T-LIGHT,1,12-03-2009 12:13,2.95,12835,United Kingdom,2.95,,,
490009,84569C,PACK 4 FLOWER/BUTTERFLY PATCHES,1,12-03-2009 12:13,1.25,12835,United Kingdom,1.25,,,
490009,84569D,PACK 6 HEART/ICE-CREAM PATCHES,1,12-03-2009 12:13,1.25,12835,United Kingdom,1.25,,,
490009,72814,SET/3 CHRISTMAS BRIAR CANDLES,1,12-03-2009 12:13,3.75,12835,United Kingdom,3.75,,,
490009,22195,LARGE HEART MEASURING SPOONS,2,12-03-2009 12:13,1.65,12835,United Kingdom,3.3,,,
490009,22196,SMALL HEART MEASURING SPOONS,8,12-03-2009 12:13,0.85,12835,United Kingdom,6.8,,,
490009,20967,GREY FLORAL FELTCRAFT SHOULDER BAG,2,12-03-2009 12:13,3.75,12835,United Kingdom,7.5,,,
490009,20970,PINK FLORAL FELTCRAFT SHOULDER BAG,2,12-03-2009 12:13,3.75,12835,United Kingdom,7.5,,,
490009,22278,OVERNIGHT BAG VINTAGE ROSE PAISLEY,2,12-03-2009 12:13,4.95,12835,United Kingdom,9.9,,,
490009,21931,JUMBO STORAGE BAG SUKI,1,12-03-2009 12:13,1.95,12835,United Kingdom,1.95,,,
490009,21933,PINK VINTAGE PAISLEY PICNIC BAG,1,12-03-2009 12:13,2.95,12835,United Kingdom,2.95,,,
490009,21932,SCANDINAVIAN PAISLEY PICNIC BAG,2,12-03-2009 12:13,2.95,12835,United Kingdom,5.9,,,
490009,21110,LARGE CAKE TOWEL PINK SPOTS,3,12-03-2009 12:13,6.75,12835,United Kingdom,20.25,,,
490009,48129,DOOR MAT TOPIARY,1,12-03-2009 12:13,6.75,12835,United Kingdom,6.75,,,
490009,48188,DOOR MAT WELCOME PUPPIES,1,12-03-2009 12:13,6.75,12835,United Kingdom,6.75,,,
490009,20685,RED SPOTTY COIR DOORMAT,2,12-03-2009 12:13,6.75,12835,United Kingdom,13.5,,,
490009,85099B,JUMBO BAG RED WHITE SPOTTY ,5,12-03-2009 12:13,1.95,12835,United Kingdom,9.75,,,
490009,21929,JUMBO BAG PINK VINTAGE PAISLEY,5,12-03-2009 12:13,1.95,12835,United Kingdom,9.75,,,
490009,22196,SMALL HEART MEASURING SPOONS,15,12-03-2009 12:13,0.85,12835,United Kingdom,12.75,,,
490009,37503,TEA TIME CAKE STAND IN GIFT BOX,3,12-03-2009 12:13,10.75,12835,United Kingdom,32.25,,,
490009,20913,SET/5 BLUE SPOTTY LID GLASS BOWLS,2,12-03-2009 12:13,2.95,12835,United Kingdom,5.9,,,
490009,21232,STRAWBERRY CERAMIC TRINKET BOX,10,12-03-2009 12:13,1.25,12835,United Kingdom,12.5,,,
490009,85014A,BLACK/BLUE DOTS RUFFLED UMBRELLA,2,12-03-2009 12:13,5.95,12835,United Kingdom,11.9,,,
490009,21157,RED SPOTTY WASHBAG,8,12-03-2009 12:13,2.1,12835,United Kingdom,16.8,,,
490009,85014B,RED/WHITE DOTS RUFFLED UMBRELLA,2,12-03-2009 12:13,5.95,12835,United Kingdom,11.9,,,
490009,22054,MINI CAKE STAND HANGING HEARTS,5,12-03-2009 12:13,1.65,12835,United Kingdom,8.25,,,
490009,22061,LARGE CAKE STAND  HANGING STRAWBERY,4,12-03-2009 12:13,9.95,12835,United Kingdom,39.8,,,
490010,84347,ROTATING SILVER ANGELS T-LIGHT HLDR,480,12-03-2009 12:15,2.1,15061,United Kingdom,1008,,,
490012,21883,STARS GIFT TAPE ,12,12-03-2009 12:27,0.65,15179,United Kingdom,7.8,,,
490012,22030,SWALLOWS GREETING CARD,24,12-03-2009 12:27,0.42,15179,United Kingdom,10.08,,,
490012,84029E,RED WOOLLY HOTTIE WHITE HEART.,4,12-03-2009 12:27,3.75,15179,United Kingdom,15,,,
490012,21592,RETRO SPOT  CIGAR BOX MATCHES ,24,12-03-2009 12:27,1.25,15179,United Kingdom,30,,,
490012,20983,12 PENCILS TALL TUBE RED SPOTTY,24,12-03-2009 12:27,0.85,15179,United Kingdom,20.4,,,
490012,21649,ASSORTED TUTTI FRUTTI PHOTO FRAME,12,12-03-2009 12:27,2.95,15179,United Kingdom,35.4,,,
490012,84792,ENCHANTED BIRD COATHANGER 5 HOOK,4,12-03-2009 12:27,4.65,15179,United Kingdom,18.6,,,
490012,22034,ROBIN CHRISTMAS CARD,12,12-03-2009 12:27,0.42,15179,United Kingdom,5.04,,,
490012,22151,PLACE SETTING WHITE HEART,24,12-03-2009 12:27,0.42,15179,United Kingdom,10.08,,,
490012,21349,IVY HEART WREATH,2,12-03-2009 12:27,6.75,15179,United Kingdom,13.5,,,
490012,21975,PACK OF 60 DINOSAUR CAKE CASES,24,12-03-2009 12:27,0.55,15179,United Kingdom,13.2,,,
490012,84991,60 TEATIME FAIRY CAKE CASES,24,12-03-2009 12:27,0.55,15179,United Kingdom,13.2,,,
490012,21977,PACK OF 60 PINK PAISLEY CAKE CASES,24,12-03-2009 12:27,0.55,15179,United Kingdom,13.2,,,
490012,21212,PACK OF 72 RETRO SPOT CAKE CASES,24,12-03-2009 12:27,0.55,15179,United Kingdom,13.2,,,
490012,21054,NURSE'S BAG SOFT TOY,9,12-03-2009 12:27,8.95,15179,United Kingdom,80.55,,,
490012,21056,DOCTOR'S BAG SOFT TOY,9,12-03-2009 12:27,8.95,15179,United Kingdom,80.55,,,
490012,20681,PINK SPOTTY CHILDS UMBRELLA,6,12-03-2009 12:27,3.25,15179,United Kingdom,19.5,,,
490012,20702,PINK PADDED MOBILE,3,12-03-2009 12:27,4.25,15179,United Kingdom,12.75,,,
490012,20703,BLUE PADDED SOFT MOBILE,6,12-03-2009 12:27,4.25,15179,United Kingdom,25.5,,,
490012,22139,RETRO SPOT TEA SET CERAMIC 11 PC ,12,12-03-2009 12:27,4.95,15179,United Kingdom,59.4,,,
490012,21430,SET/3 RED GINGHAM ROSE STORAGE BOX,4,12-03-2009 12:27,3.75,15179,United Kingdom,15,,,
490012,85099B,JUMBO BAG RED WHITE SPOTTY ,20,12-03-2009 12:27,1.95,15179,United Kingdom,39,,,
490012,84997D,PINK 3 PIECE MINI DOTS CUTLERY SET,12,12-03-2009 12:27,3.75,15179,United Kingdom,45,,,
490012,84997C,BLUE 3 PIECE MINI DOTS CUTLERY SET,12,12-03-2009 12:27,3.75,15179,United Kingdom,45,,,
490012,85066,CREAM SWEETHEART MINI CHEST,2,12-03-2009 12:27,12.75,15179,United Kingdom,25.5,,,
490012,85067,CREAM SWEETHEART WALL CABINET,2,12-03-2009 12:27,18.95,15179,United Kingdom,37.9,,,
490012,21303,FILIGREE WALL MIRROR  ANTIQUE WHITE,4,12-03-2009 12:27,14.75,15179,United Kingdom,59,,,
490013,21156,RED SPOTTY CHILDS APRON,8,12-03-2009 12:27,1.95,17069,United Kingdom,15.6,,,
490013,47591D,PINK FAIRY CAKE CHILD'S APRON,8,12-03-2009 12:27,1.95,17069,United Kingdom,15.6,,,
490013,47591C,BLUE FAIRY CAKE CHILD'S APRON,8,12-03-2009 12:27,1.95,17069,United Kingdom,15.6,,,
490013,16161U,"WRAP,SUKI AND FRIENDS",25,12-03-2009 12:27,0.42,17069,United Kingdom,10.5,,,
490013,21498,RED SPOTS  WRAP ,25,12-03-2009 12:27,0.42,17069,United Kingdom,10.5,,,
490013,21499,BLUE SPOTS  WRAP,25,12-03-2009 12:27,0.42,17069,United Kingdom,10.5,,,
490013,21500,PINK SPOTS  WRAP ,25,12-03-2009 12:27,0.42,17069,United Kingdom,10.5,,,
490013,21668,RED STRIPE CERAMIC DRAWER KNOB,12,12-03-2009 12:27,1.25,17069,United Kingdom,15,,,
490013,21669,BLUE STRIPE CERAMIC DRAWER KNOB,12,12-03-2009 12:27,1.25,17069,United Kingdom,15,,,
490013,21670,BLUE SPOT CERAMIC DRAWER KNOB,12,12-03-2009 12:27,1.25,17069,United Kingdom,15,,,
490013,21671,RED SPOT CERAMIC DRAWER KNOB,12,12-03-2009 12:27,1.25,17069,United Kingdom,15,,,
490013,21672,WHITE SPOT RED CERAMIC DRAWER KNOB,12,12-03-2009 12:27,1.25,17069,United Kingdom,15,,,
490013,21673,WHITE SPOT BLUE CERAMIC DRAWER KNOB,12,12-03-2009 12:27,1.25,17069,United Kingdom,15,,,
490013,20718,RED SPOTTY SHOPPER BAG,10,12-03-2009 12:27,1.25,17069,United Kingdom,12.5,,,
490013,21039,RED SPOTTY SHOPPING BAG,6,12-03-2009 12:27,2.55,17069,United Kingdom,15.3,,,
490013,20729,RED SPOTTY CANDY BAG,10,12-03-2009 12:27,1.25,17069,United Kingdom,12.5,,,
490013,22356,"CHARLOTTE BAG , PINK/WHITE SPOTS",10,12-03-2009 12:27,0.85,17069,United Kingdom,8.5,,,
490013,22355,"CHARLOTTE BAG , SUKI DESIGN",10,12-03-2009 12:27,0.85,17069,United Kingdom,8.5,,,
490013,22333,RETRO SPORT PARTY BAG + STICKER SET,8,12-03-2009 12:27,1.65,17069,United Kingdom,13.2,,,
490013,20956,PORCELAIN T-LIGHT HOLDERS ASSORTED,12,12-03-2009 12:27,1.25,17069,United Kingdom,15,,,
490013,22353,LUNCHBOX WITH CUTLERY FAIRY CAKES ,6,12-03-2009 12:27,2.55,17069,United Kingdom,15.3,,,
490013,22352,LUNCHBOX WITH CUTLERY RETROSPOT ,6,12-03-2009 12:27,2.55,17069,United Kingdom,15.3,,,
490013,20754,RETRO RED SPOTTY WASHING UP GLOVES,6,12-03-2009 12:27,2.1,17069,United Kingdom,12.6,,,
490013,20752,RETRO BLUE SPOTTY WASHING UP GLOVES,6,12-03-2009 12:27,2.1,17069,United Kingdom,12.6,,,
490013,20753,RETRO PINK SPOT WASHING UP GLOVES,6,12-03-2009 12:27,2.1,17069,United Kingdom,12.6,,,
490013,85232B,SET/3 RUSSIAN DOLL STACKING TINS,3,12-03-2009 12:27,4.95,17069,United Kingdom,14.85,,,
490013,20987,GEISHA GIRL CHOPSTICKS SET/5,20,12-03-2009 12:27,1.95,17069,United Kingdom,39,,,
490013,20989,URBAN CHIC CHOPSTICKS SET/5,10,12-03-2009 12:27,1.95,17069,United Kingdom,19.5,,,
490013,20990,SPRING FLOWER CHOPSTICKS SET/5,10,12-03-2009 12:27,1.95,17069,United Kingdom,19.5,,,
490013,21948,SET OF 6 CAKE CHOPSTICKS,12,12-03-2009 12:27,1.25,17069,United Kingdom,15,,,
490013,21877,HOME SWEET HOME MUG,12,12-03-2009 12:27,1.25,17069,United Kingdom,15,,,
490013,21875,KINGS CHOICE MUG,12,12-03-2009 12:27,1.25,17069,United Kingdom,15,,,
490013,37370,RETRO COFFEE MUGS ASSORTED,24,12-03-2009 12:27,1.25,17069,United Kingdom,30,,,
490011,22196,SMALL HEART MEASURING SPOONS,2,12-03-2009 12:27,0.85,16918,United Kingdom,1.7,,,
490011,22135,LADLE LOVE HEART PINK,2,12-03-2009 12:27,0.42,16918,United Kingdom,0.84,,,
490011,22134,LADLE LOVE HEART RED ,2,12-03-2009 12:27,0.42,16918,United Kingdom,0.84,,,
490011,22133,PINK LOVE HEART SHAPE CUP,2,12-03-2009 12:27,0.85,16918,United Kingdom,1.7,,,
490011,22132,RED LOVE HEART SHAPE CUP,2,12-03-2009 12:27,0.85,16918,United Kingdom,1.7,,,
490011,22195,LARGE HEART MEASURING SPOONS,1,12-03-2009 12:27,1.65,16918,United Kingdom,1.65,,,
490011,22297,HEART IVORY TRELLIS SMALL,6,12-03-2009 12:27,1.25,16918,United Kingdom,7.5,,,
490011,22295,HEART FILIGREE DOVE LARGE,2,12-03-2009 12:27,1.65,16918,United Kingdom,3.3,,,
490011,22294,HEART FILIGREE DOVE  SMALL,4,12-03-2009 12:27,1.25,16918,United Kingdom,5,,,
490011,84992,72 SWEETHEART FAIRY CAKE CASES,6,12-03-2009 12:27,0.55,16918,United Kingdom,3.3,,,
490011,84991,60 TEATIME FAIRY CAKE CASES,6,12-03-2009 12:27,0.55,16918,United Kingdom,3.3,,,
490011,21213,PACK OF 72 SKULL CAKE CASES,3,12-03-2009 12:27,0.55,16918,United Kingdom,1.65,,,
490011,21786,RAIN HAT WITH RED SPOTS,12,12-03-2009 12:27,0.42,16918,United Kingdom,5.04,,,
490011,22139,RETRO SPOT TEA SET CERAMIC 11 PC ,1,12-03-2009 12:27,4.95,16918,United Kingdom,4.95,,,
490011,22138,BAKING SET 9 PIECE RETROSPOT ,1,12-03-2009 12:27,4.95,16918,United Kingdom,4.95,,,
490011,21914,BLUE HARMONICA IN BOX ,1,12-03-2009 12:27,1.25,16918,United Kingdom,1.25,,,
490011,84029G,KNITTED UNION FLAG HOT WATER BOTTLE,1,12-03-2009 12:27,3.75,16918,United Kingdom,3.75,,,
490011,21165,BEWARE OF THE CAT METAL SIGN ,1,12-03-2009 12:27,1.69,16918,United Kingdom,1.69,,,
490011,82597,BOMBS AWAY METAL SIGN,1,12-03-2009 12:27,2.1,16918,United Kingdom,2.1,,,
490011,82605,OLD DOC.RUSSEL METAL SIGN,1,12-03-2009 12:27,2.1,16918,United Kingdom,2.1,,,
490011,82583,HOT BATHS METAL SIGN,1,12-03-2009 12:27,2.1,16918,United Kingdom,2.1,,,
490011,82553,POP'S GREASY SPOON METAL SIGN,1,12-03-2009 12:27,1.65,16918,United Kingdom,1.65,,,
490011,21770,OPEN CLOSED METAL SIGN,1,12-03-2009 12:27,4.95,16918,United Kingdom,4.95,,,
490011,82600,NO SINGING METAL SIGN,3,12-03-2009 12:27,2.1,16918,United Kingdom,6.3,,,
490011,21175,GIN + TONIC DIET METAL SIGN,3,12-03-2009 12:27,2.1,16918,United Kingdom,6.3,,,
490011,85152,HAND OVER THE CHOCOLATE   SIGN ,1,12-03-2009 12:27,2.1,16918,United Kingdom,2.1,,,
490011,21181,PLEASE ONE PERSON  METAL SIGN,3,12-03-2009 12:27,2.1,16918,United Kingdom,6.3,,,
490011,21173,LOO ROLL  METAL SIGN ,3,12-03-2009 12:27,1.65,16918,United Kingdom,4.95,,,
490011,11001,ASSTD DESIGN RACING CAR PEN,2,12-03-2009 12:27,1.69,16918,United Kingdom,3.38,,,
490011,22131,FOOD CONTAINER SET 3 LOVE HEART ,2,12-03-2009 12:27,1.95,16918,United Kingdom,3.9,,,
490011,85131A,BEADED PEARL HEART WHITE ON STICK,6,12-03-2009 12:27,1.25,16918,United Kingdom,7.5,,,
490011,22296,HEART IVORY TRELLIS LARGE,12,12-03-2009 12:27,1.65,16918,United Kingdom,19.8,,,
490011,72351B,SET/6 PINK  BUTTERFLY T-LIGHTS,6,12-03-2009 12:27,2.1,16918,United Kingdom,12.6,,,
490011,21789,KIDS RAIN MAC PINK,4,12-03-2009 12:27,0.85,16918,United Kingdom,3.4,,,
490011,21788,KIDS RAIN MAC BLUE,5,12-03-2009 12:27,0.85,16918,United Kingdom,4.25,,,
490011,21100,CHARLIE AND LOLA CHARLOTTE BAG,6,12-03-2009 12:27,1.65,16918,United Kingdom,9.9,,,
490011,22189,CREAM HEART CARD HOLDER,4,12-03-2009 12:27,3.95,16918,United Kingdom,15.8,,,
490011,37464,ROBOT MUG IN DISPLAY BOX,5,12-03-2009 12:27,1.25,16918,United Kingdom,6.25,,,
490011,35004C,SET OF 3 COLOURED  FLYING DUCKS,2,12-03-2009 12:27,5.45,16918,United Kingdom,10.9,,,
490011,22275,WEEKEND BAG VINTAGE ROSE PAISLEY,2,12-03-2009 12:27,8.5,16918,United Kingdom,17,,,
490011,21210,SET OF 72 RETRO SPOT PAPER  DOILIES,2,12-03-2009 12:27,1.45,16918,United Kingdom,2.9,,,
490011,84987,SET OF 36 TEATIME PAPER DOILIES,5,12-03-2009 12:27,1.45,16918,United Kingdom,7.25,,,
490011,21491,SET OF THREE VINTAGE GIFT WRAPS,2,12-03-2009 12:27,1.95,16918,United Kingdom,3.9,,,
490014,21657,MILK BOTTLE WITH GLASS STOPPER ,1,12-03-2009 12:28,6.95,15466,United Kingdom,6.95,,,
490014,22119, PEACE WOODEN BLOCK LETTERS,3,12-03-2009 12:28,6.95,15466,United Kingdom,20.85,,,
490014,21582,KINGS CHOICE SMALL TUBE MATCHES,20,12-03-2009 12:28,1.65,15466,United Kingdom,33,,,
490014,22121,NOEL WOODEN BLOCK LETTERS ,3,12-03-2009 12:28,5.95,15466,United Kingdom,17.85,,,
490014,84836,ZINC METAL HEART DECORATION,12,12-03-2009 12:28,1.25,15466,United Kingdom,15,,,
490014,84970S,HANGING HEART ZINC T-LIGHT HOLDER,12,12-03-2009 12:28,0.85,15466,United Kingdom,10.2,,,
490014,84970L,SINGLE HEART ZINC T-LIGHT HOLDER,12,12-03-2009 12:28,0.95,15466,United Kingdom,11.4,,,
490014,22145,CHRISTMAS CRAFT HEART STOCKING ,2,12-03-2009 12:28,2.1,15466,United Kingdom,4.2,,,
490014,21313,GLASS HEART T-LIGHT HOLDER ,12,12-03-2009 12:28,0.85,15466,United Kingdom,10.2,,,
490014,85078,SCANDINAVIAN 3 HEARTS NAPKIN RING,24,12-03-2009 12:28,0.65,15466,United Kingdom,15.6,,,
490014,35979,SIX STRING SCANDINAVIAN HEART DECS,4,12-03-2009 12:28,2.95,15466,United Kingdom,11.8,,,
490014,84745A,PINK HANGING GINGHAM EASTER HEN,6,12-03-2009 12:28,0.42,15466,United Kingdom,2.52,,,
490014,84745B,BLUE HANGING GINGHAM EASTER HEN,5,12-03-2009 12:28,0.42,15466,United Kingdom,2.1,,,
490014,22292,"SPRING DEC , HANGING CHICK  YELLOW",24,12-03-2009 12:28,1.45,15466,United Kingdom,34.8,,,
490014,22073,RETRO SPOT STORAGE JAR,1,12-03-2009 12:28,3.75,15466,United Kingdom,3.75,,,
490014,21669,BLUE STRIPE CERAMIC DRAWER KNOB,6,12-03-2009 12:28,1.25,15466,United Kingdom,7.5,,,
490014,22287,"DECORATION , WOBBLY CHICKEN, METAL ",12,12-03-2009 12:28,1.65,15466,United Kingdom,19.8,,,
490014,22286,"DECORATION , WOBBLY RABBIT , METAL ",12,12-03-2009 12:28,1.65,15466,United Kingdom,19.8,,,
490014,20878,SET/9 CHRISTMAS T-LIGHTS SCENTED ,4,12-03-2009 12:28,1.25,15466,United Kingdom,5,,,
490014,20975,12 PENCILS SMALL TUBE RED SPOTTY,2,12-03-2009 12:28,0.65,15466,United Kingdom,1.3,,,
490014,21975,PACK OF 60 DINOSAUR CAKE CASES,4,12-03-2009 12:28,0.55,15466,United Kingdom,2.2,,,
490014,21213,PACK OF 72 SKULL CAKE CASES,4,12-03-2009 12:28,0.55,15466,United Kingdom,2.2,,,
490014,21212,PACK OF 72 RETRO SPOT CAKE CASES,6,12-03-2009 12:28,0.55,15466,United Kingdom,3.3,,,
490014,20979,36 PENCILS TUBE RED SPOTTY,2,12-03-2009 12:28,1.25,15466,United Kingdom,2.5,,,
490014,20983,12 PENCILS TALL TUBE RED SPOTTY,2,12-03-2009 12:28,0.85,15466,United Kingdom,1.7,,,
490014,20982,12 PENCILS TALL TUBE SKULLS,2,12-03-2009 12:28,0.85,15466,United Kingdom,1.7,,,
490014,20974,12 PENCILS SMALL TUBE SKULL,2,12-03-2009 12:28,0.65,15466,United Kingdom,1.3,,,
490014,20978,36 PENCILS TUBE SKULLS,4,12-03-2009 12:28,1.25,15466,United Kingdom,5,,,
490014,82600,NO SINGING METAL SIGN,4,12-03-2009 12:28,2.1,15466,United Kingdom,8.4,,,
490014,82582,AREA PATROLLED METAL SIGN,4,12-03-2009 12:28,2.1,15466,United Kingdom,8.4,,,
490014,21770,OPEN CLOSED METAL SIGN,3,12-03-2009 12:28,4.95,15466,United Kingdom,14.85,,,
490014,82551,LAUNDRY 15C METAL SIGN,4,12-03-2009 12:28,1.25,15466,United Kingdom,5,,,
490014,21837,CROSS STITCH ALPHABET CUSHION COVER,2,12-03-2009 12:28,5.95,15466,United Kingdom,11.9,,,
490014,22125,UNION JACK HOT WATER BOTTLE ,2,12-03-2009 12:28,5.95,15466,United Kingdom,11.9,,,
490014,21479,WHITE SKULL HOT WATER BOTTLE ,3,12-03-2009 12:28,3.75,15466,United Kingdom,11.25,,,
490014,21866,UNION JACK FLAG LUGGAGE TAG,4,12-03-2009 12:28,1.25,15466,United Kingdom,5,,,
490014,20658,RED SPOTTY LUGGAGE TAG,4,12-03-2009 12:28,1.25,15466,United Kingdom,5,,,
490014,21121,SET/10 RED SPOTTY PARTY CANDLES,1,12-03-2009 12:28,1.25,15466,United Kingdom,1.25,,,
490014,22084,PAPER CHAIN KIT EMPIRE,2,12-03-2009 12:28,2.95,15466,United Kingdom,5.9,,,
490014,21655,HANGING RIDGE GLASS T-LIGHT HOLDER,6,12-03-2009 12:28,1.69,15466,United Kingdom,10.14,,,
490014,84977,WIRE FLOWER T-LIGHT HOLDER,6,12-03-2009 12:28,1.25,15466,United Kingdom,7.5,,,
490014,22091,EMPIRE TISSUE BOX,6,12-03-2009 12:28,1.25,15466,United Kingdom,7.5,,,
490014,22093,MOTORING TISSUE BOX,2,12-03-2009 12:28,1.25,15466,United Kingdom,2.5,,,
490014,21407,BROWN CHECK CAT DOORSTOP ,1,12-03-2009 12:28,4.25,15466,United Kingdom,4.25,,,
490014,21284,RETRO SPOT CANDLE  SMALL,1,12-03-2009 12:28,1.69,15466,United Kingdom,1.69,,,
490014,22082,RIBBON REEL STRIPES DESIGN ,1,12-03-2009 12:28,1.65,15466,United Kingdom,1.65,,,
490014,84882,GREEN WIRE STANDING CANDLE HOLDER,1,12-03-2009 12:28,3.75,15466,United Kingdom,3.75,,,
490014,22138,BAKING SET 9 PIECE RETROSPOT ,2,12-03-2009 12:28,4.95,15466,United Kingdom,9.9,,,
490014,22342,HOME GARLAND PAINTED ZINC ,12,12-03-2009 12:28,1.65,15466,United Kingdom,19.8,,,
490014,21245,GREEN  SPOTTY PLATE ,2,12-03-2009 12:28,1.69,15466,United Kingdom,3.38,,,
490014,84596B,SMALL DOLLY MIX DESIGN ORANGE BOWL,1,12-03-2009 12:28,1.25,15466,United Kingdom,1.25,,,
490014,20675,BLUE SPOTTY BOWL,1,12-03-2009 12:28,1.25,15466,United Kingdom,1.25,,,
490014,21241,GREEN SPOTTY CUP,2,12-03-2009 12:28,0.85,15466,United Kingdom,1.7,,,
490014,22352,LUNCHBOX WITH CUTLERY RETROSPOT ,2,12-03-2009 12:28,2.55,15466,United Kingdom,5.1,,,
490014,22115,METAL SIGN EMPIRE TEA,12,12-03-2009 12:28,2.95,15466,United Kingdom,35.4,,,
490014,21535,RETRO SPOT SMALL MILK JUG,1,12-03-2009 12:28,2.55,15466,United Kingdom,2.55,,,
490014,21531,RETRO SPOT SUGAR JAM BOWL,1,12-03-2009 12:28,2.55,15466,United Kingdom,2.55,,,
490014,22073,RETRO SPOT STORAGE JAR,1,12-03-2009 12:28,3.75,15466,United Kingdom,3.75,,,
490014,22203,MILK PAN RED RETROSPOT,1,12-03-2009 12:28,3.75,15466,United Kingdom,3.75,,,
490014,72529W,WHITE ADVENT CANDLE,4,12-03-2009 12:28,2.12,15466,United Kingdom,8.48,,,
490014,21590,KINGS CHOICE CIGAR BOX MATCHES ,24,12-03-2009 12:28,1.25,15466,United Kingdom,30,,,
490014,84691,PACK 20 DOLLY PEGS,1,12-03-2009 12:28,0.85,15466,United Kingdom,0.85,,,
490014,22208,WOOD STAMP SET THANK YOU,1,12-03-2009 12:28,1.65,15466,United Kingdom,1.65,,,
490014,22071,SMALL RETRO SPOT MUG IN BOX  WHITE,2,12-03-2009 12:28,3.75,15466,United Kingdom,7.5,,,
490014,22070,SMALL RETRO SPOT MUG IN BOX  RED,6,12-03-2009 12:28,3.75,15466,United Kingdom,22.5,,,
490014,21843,RETRO SPOT CAKE STAND,1,12-03-2009 12:28,10.95,15466,United Kingdom,10.95,,,
490014,21217,RED SPOTTY ROUND CAKE TINS,2,12-03-2009 12:28,9.95,15466,United Kingdom,19.9,,,
490014,21755,LOVE BUILDING BLOCK WORD,2,12-03-2009 12:28,5.95,15466,United Kingdom,11.9,,,
490014,84519B,CARROT CHARLIE+LOLA COASTER SET,2,12-03-2009 12:28,2.95,15466,United Kingdom,5.9,,,
490014,84519A,TOMATO CHARLIE+LOLA COASTER SET,2,12-03-2009 12:28,2.95,15466,United Kingdom,5.9,,,
490014,84032A,CHARLIE+LOLA PINK HOT WATER BOTTLE,1,12-03-2009 12:28,2.95,15466,United Kingdom,2.95,,,
490014,84032B,CHARLIE + LOLA RED HOT WATER BOTTLE,2,12-03-2009 12:28,2.95,15466,United Kingdom,5.9,,,
490014,21936,RED/WHITE SPOT PICNIC BAG,1,12-03-2009 12:28,2.95,15466,United Kingdom,2.95,,,
490014,20725,LUNCH BAG RED SPOTTY,10,12-03-2009 12:28,1.65,15466,United Kingdom,16.5,,,
490014,21425,SKULLS STORAGE BOX LARGE,1,12-03-2009 12:28,2.95,15466,United Kingdom,2.95,,,
490014,21427,SKULLS STORAGE BOX SMALL,1,12-03-2009 12:28,2.1,15466,United Kingdom,2.1,,,
490014,21121,SET/10 RED SPOTTY PARTY CANDLES,3,12-03-2009 12:28,1.25,15466,United Kingdom,3.75,,,
490014,21122,SET/10 PINK SPOTTY PARTY CANDLES,4,12-03-2009 12:28,1.25,15466,United Kingdom,5,,,
490014,20750, RED/WHITE DOT MINI CASES,1,12-03-2009 12:28,7.95,15466,United Kingdom,7.95,,,
490014,22090,PAPER BUNTING RETRO SPOTS,2,12-03-2009 12:28,2.95,15466,United Kingdom,5.9,,,
490014,22332,SKULLS PARTY BAG + STICKER SET,1,12-03-2009 12:28,1.65,15466,United Kingdom,1.65,,,
490014,21544,SKULLS  WATER TRANSFER TATTOOS ,10,12-03-2009 12:28,0.85,15466,United Kingdom,8.5,,,
490014,21626,VINTAGE UNION JACK PENNANT,4,12-03-2009 12:28,1.95,15466,United Kingdom,7.8,,,
490014,21621,VINTAGE UNION JACK BUNTING,2,12-03-2009 12:28,8.5,15466,United Kingdom,17,,,
490014,21989,PACK OF 20 SKULL PAPER NAPKINS,4,12-03-2009 12:28,0.85,15466,United Kingdom,3.4,,,
490014,21080,SET/20 RED SPOTTY PAPER NAPKINS ,4,12-03-2009 12:28,0.85,15466,United Kingdom,3.4,,,
490014,22100,SKULLS SQUARE TISSUE BOX,1,12-03-2009 12:28,1.25,15466,United Kingdom,1.25,,,
490014,22333,RETRO SPORT PARTY BAG + STICKER SET,1,12-03-2009 12:28,1.65,15466,United Kingdom,1.65,,,
490014,85099B,JUMBO BAG RED WHITE SPOTTY ,1,12-03-2009 12:28,1.95,15466,United Kingdom,1.95,,,
490014,20718,RED SPOTTY SHOPPER BAG,2,12-03-2009 12:28,1.25,15466,United Kingdom,2.5,,,
490014,22053,EMPIRE DESIGN ROSETTE,2,12-03-2009 12:28,1.25,15466,United Kingdom,2.5,,,
490014,21841,BABY MOUSE RED GINGHAM DRESS,2,12-03-2009 12:28,4.25,15466,United Kingdom,8.5,,,
490014,21839,MUMMY MOUSE RED GINGHAM RIBBON,2,12-03-2009 12:28,5.45,15466,United Kingdom,10.9,,,
490017,85099C,JUMBO  BAG BAROQUE BLACK WHITE,1,12-03-2009 12:31,1.95,14159,United Kingdom,1.95,,,
490017,85099F,JUMBO BAG STRAWBERRY,1,12-03-2009 12:31,1.95,14159,United Kingdom,1.95,,,
490017,84596L,BISCUITS SMALL BOWL LIGHT BLUE,1,12-03-2009 12:31,1.25,14159,United Kingdom,1.25,,,
490017,84596B,SMALL DOLLY MIX DESIGN ORANGE BOWL,1,12-03-2009 12:31,1.25,14159,United Kingdom,1.25,,,
490017,84596K,JELLY BABIES YELLOW SMALL BOWL,1,12-03-2009 12:31,1.25,14159,United Kingdom,1.25,,,
490017,20673,STRAWBERRIES PRINT BOWL,1,12-03-2009 12:31,1.25,14159,United Kingdom,1.25,,,
490017,21892,TRADITIONAL WOODEN CATCH CUP GAME ,3,12-03-2009 12:31,1.25,14159,United Kingdom,3.75,,,
490017,22219,LOVEBIRD HANGING DECORATION WHITE ,4,12-03-2009 12:31,0.85,14159,United Kingdom,3.4,,,
490017,84836,ZINC METAL HEART DECORATION,6,12-03-2009 12:31,1.25,14159,United Kingdom,7.5,,,
490017,22227,"DECORATION, HANGING HEART+MIRROR ",6,12-03-2009 12:31,0.65,14159,United Kingdom,3.9,,,
490017,22197,"POPCORN HOLDER , SMALL ",6,12-03-2009 12:31,0.85,14159,United Kingdom,5.1,,,
490017,79026B,"S/4 ICON COASTER,ELVIS LIVES",1,12-03-2009 12:31,1.25,14159,United Kingdom,1.25,,,
490017,10109,BENDY COLOUR PENCILS,4,12-03-2009 12:31,0.42,14159,United Kingdom,1.68,,,
490017,84340,LARGE FIBRE OPTIC CHRISTMAS TREE,2,12-03-2009 12:31,2.55,14159,United Kingdom,5.1,,,
490017,20724,RED SPOTTY CHARLOTTE BAG,2,12-03-2009 12:31,0.85,14159,United Kingdom,1.7,,,
490017,22355,"CHARLOTTE BAG , SUKI DESIGN",2,12-03-2009 12:31,0.85,14159,United Kingdom,1.7,,,
490017,20725,LUNCH BAG RED SPOTTY,2,12-03-2009 12:31,1.65,14159,United Kingdom,3.3,,,
490017,20727,LUNCH BAG  BLACK SKULL.,2,12-03-2009 12:31,1.65,14159,United Kingdom,3.3,,,
490017,20726,LUNCH BAG WOODLAND,3,12-03-2009 12:31,1.65,14159,United Kingdom,4.95,,,
490017,20719,WOODLAND CHARLOTTE BAG,1,12-03-2009 12:31,0.85,14159,United Kingdom,0.85,,,
490017,20728,LUNCH BAG CARS BLUE,2,12-03-2009 12:31,1.65,14159,United Kingdom,3.3,,,
490017,22276,WASH BAG VINTAGE ROSE PAISLEY,1,12-03-2009 12:31,2.55,14159,United Kingdom,2.55,,,
490017,20723,STRAWBERRY CHARLOTTE BAG,2,12-03-2009 12:31,0.85,14159,United Kingdom,1.7,,,
490017,21581,SKULLS  DESIGN  COTTON TOTE BAG,2,12-03-2009 12:31,2.25,14159,United Kingdom,4.5,,,
490017,21327,SKULLS WRITING SET ,2,12-03-2009 12:31,1.65,14159,United Kingdom,3.3,,,
490017,21479,WHITE SKULL HOT WATER BOTTLE ,2,12-03-2009 12:31,3.75,14159,United Kingdom,7.5,,,
490017,21911,GARDEN METAL SIGN ,1,12-03-2009 12:31,1.65,14159,United Kingdom,1.65,,,
490017,21910,WAY OUT METAL SIGN ,1,12-03-2009 12:31,1.65,14159,United Kingdom,1.65,,,
490017,21770,OPEN CLOSED METAL SIGN,1,12-03-2009 12:31,4.95,14159,United Kingdom,4.95,,,
490017,37345,ASSTD HEARTS DESIGN MUGS,4,12-03-2009 12:31,1.95,14159,United Kingdom,7.8,,,
490017,85123A,WHITE HANGING HEART T-LIGHT HOLDER,10,12-03-2009 12:31,2.95,14159,United Kingdom,29.5,,,
490017,21231,SWEETHEART CERAMIC TRINKET BOX,4,12-03-2009 12:31,1.25,14159,United Kingdom,5,,,
490017,22202,MILK PAN PINK RETROSPOT,1,12-03-2009 12:31,3.75,14159,United Kingdom,3.75,,,
490017,22204,MILK PAN BLUE RETROSPOT,2,12-03-2009 12:31,3.75,14159,United Kingdom,7.5,,,
490017,20677,PINK SPOTTY BOWL,6,12-03-2009 12:31,1.25,14159,United Kingdom,7.5,,,
490017,20677,PINK SPOTTY BOWL,8,12-03-2009 12:31,1.25,14159,United Kingdom,10,,,
490017,20668,DISCO BALL CHRISTMAS DECORATION,24,12-03-2009 12:31,0.12,14159,United Kingdom,2.88,,,
490017,72741,GRAND CHOCOLATECANDLE,9,12-03-2009 12:31,1.45,14159,United Kingdom,13.05,,,
490017,37503,TEA TIME CAKE STAND IN GIFT BOX,2,12-03-2009 12:31,10.75,14159,United Kingdom,21.5,,,
490017,84925C,FAIRY CAKES  WALL THERMOMETER,3,12-03-2009 12:31,2.55,14159,United Kingdom,7.65,,,
490017,21488,RED WHITE SCARF  HOT WATER BOTTLE,1,12-03-2009 12:31,3.95,14159,United Kingdom,3.95,,,
490017,85232B,SET/3 RUSSIAN DOLL STACKING TINS,1,12-03-2009 12:31,4.95,14159,United Kingdom,4.95,,,
490017,21232,STRAWBERRY CERAMIC TRINKET BOX,6,12-03-2009 12:31,1.25,14159,United Kingdom,7.5,,,
490017,22068, BLACK PIRATE TREASURE CHEST,2,12-03-2009 12:31,1.65,14159,United Kingdom,3.3,,,
490017,22201,FRYING PAN BLUE POLKADOT ,2,12-03-2009 12:31,4.25,14159,United Kingdom,8.5,,,
490017,22200,FRYING PAN PINK POLKADOT ,1,12-03-2009 12:31,4.25,14159,United Kingdom,4.25,,,
490017,84510B,SET OF 4 FAIRY CAKES COASTERS ,1,12-03-2009 12:31,1.25,14159,United Kingdom,1.25,,,
490017,84510C,SET OF 4 POLKADOTS COASTERS,1,12-03-2009 12:31,1.25,14159,United Kingdom,1.25,,,
490017,84510A,SET OF 4 ENGLISH ROSE COASTERS,1,12-03-2009 12:31,1.25,14159,United Kingdom,1.25,,,
490017,82613A,"METAL SIGN,CUPCAKE SINGLE HOOK",1,12-03-2009 12:31,1.25,14159,United Kingdom,1.25,,,
490017,82613B,"METAL SIGN,CUPCAKE SINGLE HOOK",1,12-03-2009 12:31,1.25,14159,United Kingdom,1.25,,,
490017,82613D,METAL SIGN CUPCAKE SINGLE HOOK,1,12-03-2009 12:31,1.25,14159,United Kingdom,1.25,,,
490017,82613C,"METAL SIGN,CUPCAKE SINGLE HOOK",1,12-03-2009 12:31,1.25,14159,United Kingdom,1.25,,,
490017,10138,ASSORTED COLOUR JUMBO PEN,12,12-03-2009 12:31,0.42,14159,United Kingdom,5.04,,,
490017,85231E,STRAWBERRY SCENTED SET/9 T-LIGHTS,2,12-03-2009 12:31,0.85,14159,United Kingdom,1.7,,,
490017,85231G,ORANGE SCENTED SET/9 T-LIGHTS,2,12-03-2009 12:31,0.85,14159,United Kingdom,1.7,,,
490017,85231L,LAVENDER SCENTED SET/9 T-LIGHTS,2,12-03-2009 12:31,0.85,14159,United Kingdom,1.7,,,
490017,85231B,CINAMMON SET OF 9 T-LIGHTS,2,12-03-2009 12:31,0.85,14159,United Kingdom,1.7,,,
490017,84509G,FAIRY CAKE PLACEMATS ,1,12-03-2009 12:31,3.75,14159,United Kingdom,3.75,,,
490017,84509B,FAIRY CAKE PLACEMATS,1,12-03-2009 12:31,3.75,14159,United Kingdom,3.75,,,
490017,16215,FUNKY GIRLZ MAGNETIC TO DO LIST ,4,12-03-2009 12:31,0.65,14159,United Kingdom,2.6,,,
490017,21240,BLUE  SPOTTY CUP,2,12-03-2009 12:31,0.85,14159,United Kingdom,1.7,,,
490017,21241,GREEN SPOTTY CUP,2,12-03-2009 12:31,0.85,14159,United Kingdom,1.7,,,
490017,21238,RED SPOTTY CUP,2,12-03-2009 12:31,0.85,14159,United Kingdom,1.7,,,
490017,21239,PINK  SPOTTY CUP,2,12-03-2009 12:31,0.85,14159,United Kingdom,1.7,,,
490017,20676,RED SPOTTY BOWL,2,12-03-2009 12:31,1.25,14159,United Kingdom,2.5,,,
490017,20675,BLUE SPOTTY BOWL,3,12-03-2009 12:31,1.25,14159,United Kingdom,3.75,,,
490017,20677,PINK SPOTTY BOWL,1,12-03-2009 12:31,1.25,14159,United Kingdom,1.25,,,
490017,20913,SET/5 BLUE SPOTTY LID GLASS BOWLS,1,12-03-2009 12:31,2.95,14159,United Kingdom,2.95,,,
490017,20914,SET/5 RED SPOTTY LID GLASS BOWLS,2,12-03-2009 12:31,2.95,14159,United Kingdom,5.9,,,
490017,20978,36 PENCILS TUBE SKULLS,3,12-03-2009 12:31,1.25,14159,United Kingdom,3.75,,,
490017,20974,12 PENCILS SMALL TUBE SKULL,2,12-03-2009 12:31,0.65,14159,United Kingdom,1.3,,,
490017,20982,12 PENCILS TALL TUBE SKULLS,1,12-03-2009 12:31,0.85,14159,United Kingdom,0.85,,,
490017,20979,36 PENCILS TUBE RED SPOTTY,2,12-03-2009 12:31,1.25,14159,United Kingdom,2.5,,,
490017,20983,12 PENCILS TALL TUBE RED SPOTTY,1,12-03-2009 12:31,0.85,14159,United Kingdom,0.85,,,
490017,20975,12 PENCILS SMALL TUBE RED SPOTTY,2,12-03-2009 12:31,0.65,14159,United Kingdom,1.3,,,
490017,22348,TEA BAG PLATE RED SPOTTY ,2,12-03-2009 12:31,0.85,14159,United Kingdom,1.7,,,
490017,21034,REX CASH+CARRY JUMBO SHOPPER,2,12-03-2009 12:31,0.95,14159,United Kingdom,1.9,,,
490017,21564,PINK  HEART SHAPE LOVE BUCKET ,2,12-03-2009 12:31,2.95,14159,United Kingdom,5.9,,,
490017,21914,BLUE HARMONICA IN BOX ,2,12-03-2009 12:31,1.25,14159,United Kingdom,2.5,,,
490017,22347,PIZZA SLICE DISH,6,12-03-2009 12:31,1.25,14159,United Kingdom,7.5,,,
490017,22345,PARTY PIZZA DISH BLUE WHITE SPOT ,6,12-03-2009 12:31,0.85,14159,United Kingdom,5.1,,,
490017,22344,PARTY PIZZA DISH PINK WHITE SPOT ,6,12-03-2009 12:31,0.85,14159,United Kingdom,5.1,,,
490017,22343,PARTY PIZZA DISH RED WHITE SPOT ,6,12-03-2009 12:31,0.85,14159,United Kingdom,5.1,,,
490017,22346,PARTY PIZZA DISH GREEN WHITE SPOT ,6,12-03-2009 12:31,0.85,14159,United Kingdom,5.1,,,
490017,84690,S/2 BEACH HUT STOOLS,1,12-03-2009 12:31,7.95,14159,United Kingdom,7.95,,,
490017,84687,BEACH HUT SHELF W 3 DRAWERS,1,12-03-2009 12:31,5.95,14159,United Kingdom,5.95,,,
490017,20686,DOLLY MIXTURE CHILDREN'S UMBRELLA,1,12-03-2009 12:31,3.25,14159,United Kingdom,3.25,,,
490017,20684,STRAWBERRY DREAM CHILDS UMBRELLA,1,12-03-2009 12:31,3.25,14159,United Kingdom,3.25,,,
490017,20682,RED SPOTTY CHILDS UMBRELLA,2,12-03-2009 12:31,3.25,14159,United Kingdom,6.5,,,
490017,20681,PINK SPOTTY CHILDS UMBRELLA,2,12-03-2009 12:31,3.25,14159,United Kingdom,6.5,,,
490017,84902,PINK KNITTED COW STUFFED TOY,1,12-03-2009 12:31,3.75,14159,United Kingdom,3.75,,,
490017,21877,HOME SWEET HOME MUG,2,12-03-2009 12:31,1.25,14159,United Kingdom,2.5,,,
490017,47591C,BLUE FAIRY CAKE CHILD'S APRON,1,12-03-2009 12:31,1.95,14159,United Kingdom,1.95,,,
490017,47591D,PINK FAIRY CAKE CHILD'S APRON,1,12-03-2009 12:31,1.95,14159,United Kingdom,1.95,,,
490017,21156,RED SPOTTY CHILDS APRON,1,12-03-2009 12:31,1.95,14159,United Kingdom,1.95,,,
490018,21981,PACK OF 12 WOODLAND TISSUES ,4320,12-03-2009 12:31,0.25,17940,United Kingdom,1080,,,
490018,21967,PACK OF 12 SKULL TISSUES,5184,12-03-2009 12:31,0.25,17940,United Kingdom,1296,,,
490018,21984,PACK OF 12 PINK PAISLEY TISSUES ,4008,12-03-2009 12:31,0.25,17940,United Kingdom,1002,,,
490018,21980,PACK OF 12 RED SPOTTY TISSUES ,4008,12-03-2009 12:31,0.25,17940,United Kingdom,1002,,,
490017,85099B,JUMBO BAG RED WHITE SPOTTY ,2,12-03-2009 12:31,1.95,14159,United Kingdom,3.9,,,
490017,21931,JUMBO STORAGE BAG SUKI,1,12-03-2009 12:31,1.95,14159,United Kingdom,1.95,,,
490017,21930,JUMBO STORAGE BAG SKULLS,1,12-03-2009 12:31,1.95,14159,United Kingdom,1.95,,,
490019,22086,PAPER CHAIN KIT 50'S CHRISTMAS ,12,12-03-2009 12:34,2.95,17581,United Kingdom,35.4,,,
490019,22083,PAPER CHAIN KIT RETRO SPOT,6,12-03-2009 12:34,2.95,17581,United Kingdom,17.7,,,
490019,22355,"CHARLOTTE BAG , SUKI DESIGN",10,12-03-2009 12:34,0.85,17581,United Kingdom,8.5,,,
490019,22356,"CHARLOTTE BAG , PINK/WHITE SPOTS",10,12-03-2009 12:34,0.85,17581,United Kingdom,8.5,,,
490019,21527,RETRO SPOT TRADITIONAL TEAPOT ,2,12-03-2009 12:34,7.95,17581,United Kingdom,15.9,,,
490019,21537,RETRO SPOTS PUDDING BOWL,4,12-03-2009 12:34,4.25,17581,United Kingdom,17,,,
490019,21153,RED SPOTTY TABLECLOTH ,2,12-03-2009 12:34,10.65,17581,United Kingdom,21.3,,,
490019,21533,RETRO SPOT LARGE MILK JUG,3,12-03-2009 12:34,4.95,17581,United Kingdom,14.85,,,
490019,21535,RETRO SPOT SMALL MILK JUG,6,12-03-2009 12:34,2.55,17581,United Kingdom,15.3,,,
490019,21584,RETRO SPOT SMALL TUBE MATCHES,20,12-03-2009 12:34,1.65,17581,United Kingdom,33,,,
490019,22180,RETRO SPOT LAMP,5,12-03-2009 12:34,9.95,17581,United Kingdom,49.75,,,
490019,22303,COFFEE MUG APPLES DESIGN,6,12-03-2009 12:34,2.55,17581,United Kingdom,15.3,,,
490019,22302,COFFEE MUG PEARS  DESIGN,6,12-03-2009 12:34,2.55,17581,United Kingdom,15.3,,,
490019,84347,ROTATING SILVER ANGELS T-LIGHT HLDR,12,12-03-2009 12:34,2.55,17581,United Kingdom,30.6,,,
490019,21493, VINTAGE DESIGN GIFT TAGS,12,12-03-2009 12:34,0.85,17581,United Kingdom,10.2,,,
490021,22348,TEA BAG PLATE RED SPOTTY ,12,12-03-2009 12:36,0.85,17581,United Kingdom,10.2,,,
490020,22349,"DOG BOWL , CHASING BALL DESIGN",4,12-03-2009 12:36,3.75,17581,United Kingdom,15,,,
490020,22350,CAT BOWL ,4,12-03-2009 12:36,2.55,17581,United Kingdom,10.2,,,
490020,22149,FELTCRAFT 6 FLOWER FRIENDS,6,12-03-2009 12:36,2.1,17581,United Kingdom,12.6,,,
490022,22090,PAPER BUNTING RETRO SPOTS,6,12-03-2009 12:37,2.95,17581,United Kingdom,17.7,,,
490022,21080,SET/20 RED SPOTTY PAPER NAPKINS ,12,12-03-2009 12:37,0.85,17581,United Kingdom,10.2,,,
490022,22088,PAPER BUNTING COLOURED LACE,6,12-03-2009 12:37,2.95,17581,United Kingdom,17.7,,,
490023,84347,ROTATING SILVER ANGELS T-LIGHT HLDR,30,12-03-2009 12:38,2.55,16168,United Kingdom,76.5,,,
490023,21671,RED SPOT CERAMIC DRAWER KNOB,12,12-03-2009 12:38,1.25,16168,United Kingdom,15,,,
490023,22163,HEART STRING MEMO HOLDER HANGING,6,12-03-2009 12:38,2.95,16168,United Kingdom,17.7,,,
490023,21769,VINTAGE POST OFFICE CABINET,1,12-03-2009 12:38,79.95,16168,United Kingdom,79.95,,,
490024,84993B,75 BLACK PETIT FOUR CASES,5,12-03-2009 12:40,0.42,14606,United Kingdom,2.1,,,
490024,21944,KITTENS DESIGN FLANNEL,1,12-03-2009 12:40,0.85,14606,United Kingdom,0.85,,,
490024,20718,RED SPOTTY SHOPPER BAG,1,12-03-2009 12:40,1.25,14606,United Kingdom,1.25,,,
490024,20749,ASSORTED COLOUR MINI CASES,2,12-03-2009 12:40,7.95,14606,United Kingdom,15.9,,,
490024,21536,DAIRY MAID  SMALL  MILK JUG,1,12-03-2009 12:40,2.1,14606,United Kingdom,2.1,,,
490024,21232,STRAWBERRY CERAMIC TRINKET BOX,2,12-03-2009 12:40,1.25,14606,United Kingdom,2.5,,,
490024,84519A,TOMATO CHARLIE+LOLA COASTER SET,1,12-03-2009 12:40,2.95,14606,United Kingdom,2.95,,,
490024,90214J,"LETTER ""J"" BLING KEY RING",1,12-03-2009 12:40,1.25,14606,United Kingdom,1.25,,,
490024,90214C,"LETTER ""C"" BLING KEY RING",1,12-03-2009 12:40,1.25,14606,United Kingdom,1.25,,,
490024,90214H,"LETTER ""H"" BLING KEY RING",1,12-03-2009 12:40,1.25,14606,United Kingdom,1.25,,,
490024,90214D,"LETTER ""D"" BLING KEY RING",1,12-03-2009 12:40,1.25,14606,United Kingdom,1.25,,,
490024,85014B,RED/WHITE DOTS RUFFLED UMBRELLA,1,12-03-2009 12:40,5.95,14606,United Kingdom,5.95,,,
490024,35957,SMALLFOLKART BAUBLE CHRISTMAS DEC,1,12-03-2009 12:40,0.42,14606,United Kingdom,0.42,,,
490024,35953,FOLKART STAR CHRISTMAS DECORATIONS,2,12-03-2009 12:40,1.25,14606,United Kingdom,2.5,,,
490024,35954,SMALL FOLKART STAR CHRISTMAS DEC,2,12-03-2009 12:40,0.42,14606,United Kingdom,0.84,,,
490024,35951,FOLKART BAUBLE CHRISTMAS DECORATION,2,12-03-2009 12:40,1.25,14606,United Kingdom,2.5,,,
490024,22156,HEART DECORATION WITH PEARLS ,4,12-03-2009 12:40,0.85,14606,United Kingdom,3.4,,,
490024,21704,BAG 250g SWIRLY MARBLES,2,12-03-2009 12:40,0.85,14606,United Kingdom,1.7,,,
490024,21889,WOODEN BOX OF DOMINOES,2,12-03-2009 12:40,1.25,14606,United Kingdom,2.5,,,
490024,85231L,LAVENDER SCENTED SET/9 T-LIGHTS,1,12-03-2009 12:40,0.85,14606,United Kingdom,0.85,,,
490024,85231E,STRAWBERRY SCENTED SET/9 T-LIGHTS,1,12-03-2009 12:40,0.85,14606,United Kingdom,0.85,,,
490024,71477,COLOUR GLASS. STAR T-LIGHT HOLDER,1,12-03-2009 12:40,3.25,14606,United Kingdom,3.25,,,
490024,20771,CHRYSANTHEMUM  JOURNAL,1,12-03-2009 12:40,2.55,14606,United Kingdom,2.55,,,
490024,37422,WHITE WITH BLACK CATS BOWL,2,12-03-2009 12:40,0.85,14606,United Kingdom,1.7,,,
490024,22121,NOEL WOODEN BLOCK LETTERS ,2,12-03-2009 12:40,5.95,14606,United Kingdom,11.9,,,
490024,85232A,SET/3 POLKA DOT STACKING TINS,1,12-03-2009 12:40,4.95,14606,United Kingdom,4.95,,,
490024,84466,TOP SECRET PEN SET,1,12-03-2009 12:40,1.25,14606,United Kingdom,1.25,,,
490024,21980,PACK OF 12 RED SPOTTY TISSUES ,24,12-03-2009 12:40,0.29,14606,United Kingdom,6.96,,,
490024,20961,STRAWBERRY BATH SPONGE ,1,12-03-2009 12:40,1.25,14606,United Kingdom,1.25,,,
490024,85123A,WHITE HANGING HEART T-LIGHT HOLDER,1,12-03-2009 12:40,2.95,14606,United Kingdom,2.95,,,
490024,84029E,RED WOOLLY HOTTIE WHITE HEART.,1,12-03-2009 12:40,3.75,14606,United Kingdom,3.75,,,
490024,21479,WHITE SKULL HOT WATER BOTTLE ,1,12-03-2009 12:40,3.75,14606,United Kingdom,3.75,,,
490024,21214,SET OF 72 IVORY PAPER DOILIES,1,12-03-2009 12:40,1.45,14606,United Kingdom,1.45,,,
490024,21162,TOXIC AREA  DOOR HANGER ,1,12-03-2009 12:40,1.45,14606,United Kingdom,1.45,,,
490024,21159,MOODY BOY  DOOR HANGER ,1,12-03-2009 12:40,1.45,14606,United Kingdom,1.45,,,
490024,85170A,SET/6 IVORY BIRD T-LIGHT CANDLES,1,12-03-2009 12:40,2.1,14606,United Kingdom,2.1,,,
490024,35400,WOODEN BOX ADVENT CALENDAR ,2,12-03-2009 12:40,8.95,14606,United Kingdom,17.9,,,
490024,22139,RETRO SPOT TEA SET CERAMIC 11 PC ,5,12-03-2009 12:40,4.95,14606,United Kingdom,24.75,,,
490024,21897,POTTING SHED CANDLE CITRONELLA,9,12-03-2009 12:40,2.95,14606,United Kingdom,26.55,,,
490024,84520B,PACK 20 ENGLISH ROSE PAPER NAPKINS,6,12-03-2009 12:40,0.85,14606,United Kingdom,5.1,,,
490024,21077,SET/20 WOODLAND PAPER NAPKINS ,1,12-03-2009 12:40,0.85,14606,United Kingdom,0.85,,,
490024,21536,DAIRY MAID  SMALL  MILK JUG,2,12-03-2009 12:40,2.1,14606,United Kingdom,4.2,,,
490024,21985,PACK OF 12 HEARTS DESIGN TISSUES ,7,12-03-2009 12:40,0.29,14606,United Kingdom,2.03,,,
490024,47591B,SCOTTIES DES CHILD'S APRON,1,12-03-2009 12:40,1.65,14606,United Kingdom,1.65,,,
490024,84327A,PINK JUMPER LARRY THE LAMB,2,12-03-2009 12:40,2.1,14606,United Kingdom,4.2,,,
490024,21127,COLOURFUL FISHING GNOME,1,12-03-2009 12:40,5.95,14606,United Kingdom,5.95,,,
490024,22065,CHRISTMAS PUDDING TRINKET POT ,8,12-03-2009 12:40,1.45,14606,United Kingdom,11.6,,,
490024,21729,SMALL MARAKESH METAL  LANTERN ,1,12-03-2009 12:40,3.25,14606,United Kingdom,3.25,,,
490024,21306,SET/4 DAISY MIRROR MAGNETS,1,12-03-2009 12:40,2.1,14606,United Kingdom,2.1,,,
490034,22122,SET OF 2 FANCY FONT TEA TOWELS,3,12-03-2009 12:45,2.95,17287,United Kingdom,8.85,,,
490034,21186,WHITE DOVE HONEYCOMB PAPER GARLAND,3,12-03-2009 12:45,1.65,17287,United Kingdom,4.95,,,
490034,21187,WHITE BELL HONEYCOMB PAPER GARLAND ,2,12-03-2009 12:45,1.65,17287,United Kingdom,3.3,,,
490034,85045,GREEN CHRISTMAS TREE STRING 20LIGHT,1,12-03-2009 12:45,4.95,17287,United Kingdom,4.95,,,
490034,21591,COSY HOUR CIGAR BOX MATCHES ,2,12-03-2009 12:45,1.25,17287,United Kingdom,2.5,,,
490034,21587,COSY HOUR GIANT TUBE MATCHES,2,12-03-2009 12:45,2.55,17287,United Kingdom,5.1,,,
490034,22157,ANGEL DECORATION WITH LACE PADDED,4,12-03-2009 12:45,0.85,17287,United Kingdom,3.4,,,
490034,21889,WOODEN BOX OF DOMINOES,3,12-03-2009 12:45,1.25,17287,United Kingdom,3.75,,,
490034,84879,ASSORTED COLOUR BIRD ORNAMENT,8,12-03-2009 12:45,1.69,17287,United Kingdom,13.52,,,
490034,21352,EUCALYPTUS & PINECONE  WREATH,1,12-03-2009 12:45,6.75,17287,United Kingdom,6.75,,,
490034,85066,CREAM SWEETHEART MINI CHEST,1,12-03-2009 12:45,12.75,17287,United Kingdom,12.75,,,
490045,21294,ETCHED GLASS COASTER,12,12-03-2009 12:50,1.25,17287,United Kingdom,15,,,
490045,21186,WHITE DOVE HONEYCOMB PAPER GARLAND,1,12-03-2009 12:50,1.65,17287,United Kingdom,1.65,,,
490045,21590,KINGS CHOICE CIGAR BOX MATCHES ,10,12-03-2009 12:50,1.25,17287,United Kingdom,12.5,,,
490045,21591,COSY HOUR CIGAR BOX MATCHES ,3,12-03-2009 12:50,1.25,17287,United Kingdom,3.75,,,
490045,21133,PAINTED BIRD ASSORTED CHRISTMAS,6,12-03-2009 12:50,1.69,17287,United Kingdom,10.14,,,
490045,21874,GIN AND TONIC MUG,1,12-03-2009 12:50,1.25,17287,United Kingdom,1.25,,,
490045,21071,VINTAGE BILLBOARD DRINK ME MUG,1,12-03-2009 12:50,1.25,17287,United Kingdom,1.25,,,
490045,21871,SAVE THE PLANET MUG,2,12-03-2009 12:50,1.25,17287,United Kingdom,2.5,,,
490045,21875,KINGS CHOICE MUG,1,12-03-2009 12:50,1.25,17287,United Kingdom,1.25,,,
490045,21877,HOME SWEET HOME MUG,1,12-03-2009 12:50,1.25,17287,United Kingdom,1.25,,,
490045,21870,I CAN ONLY PLEASE ONE PERSON MUG,2,12-03-2009 12:50,1.25,17287,United Kingdom,2.5,,,
490045,85033S,SET/6 SILVER REINDEER T-LIGHTS,3,12-03-2009 12:50,1.95,17287,United Kingdom,5.85,,,
490045,85033G,SET/6 GOLD REINDEER T-LIGHT CANDLES,3,12-03-2009 12:50,1.95,17287,United Kingdom,5.85,,,
490045,22336,DOVE DECORATION PAINTED ZINC ,6,12-03-2009 12:50,0.65,17287,United Kingdom,3.9,,,
490045,21586,KINGS CHOICE GIANT TUBE MATCHES,5,12-03-2009 12:50,2.55,17287,United Kingdom,12.75,,,
490045,21587,COSY HOUR GIANT TUBE MATCHES,3,12-03-2009 12:50,2.55,17287,United Kingdom,7.65,,,
490045,72800F,4 IVORY DINNER CANDLES GOLD FLOCK,9,12-03-2009 12:50,2.55,17287,United Kingdom,22.95,,,
490045,72800A,S/4 BLACK DINNER CANDLE SILVER FLOC,1,12-03-2009 12:50,2.55,17287,United Kingdom,2.55,,,
490045,21582,KINGS CHOICE SMALL TUBE MATCHES,20,12-03-2009 12:50,1.65,17287,United Kingdom,33,,,
490045,84949,SILVER HANGING T-LIGHT HOLDER,6,12-03-2009 12:50,1.65,17287,United Kingdom,9.9,,,
490045,84946,ANTIQUE SILVER TEA GLASS ETCHED,12,12-03-2009 12:50,1.25,17287,United Kingdom,15,,,
490045,22415,WHITE TISSUE REAM,1,12-03-2009 12:50,7.95,17287,United Kingdom,7.95,,,
490047,84754,S/15 SILVER GLASS BAUBLES IN BAG,12,12-03-2009 13:02,1.25,17913,United Kingdom,15,,,
490047,84946,ANTIQUE SILVER TEA GLASS ETCHED,24,12-03-2009 13:02,1.25,17913,United Kingdom,30,,,
490047,22138,BAKING SET 9 PIECE RETROSPOT ,2,12-03-2009 13:02,4.95,17913,United Kingdom,9.9,,,
490047,22273,FELTCRAFT DOLL MOLLY,3,12-03-2009 13:02,2.95,17913,United Kingdom,8.85,,,
490047,22274,FELTCRAFT DOLL EMILY,4,12-03-2009 13:02,2.95,17913,United Kingdom,11.8,,,
490047,21873,IF YOU CAN'T STAND THE HEAT MUG,1,12-03-2009 13:02,1.25,17913,United Kingdom,1.25,,,
490047,21869,POTTING SHED COFFEE MUG,2,12-03-2009 13:02,1.25,17913,United Kingdom,2.5,,,
490047,21868,POTTING SHED TEA MUG,2,12-03-2009 13:02,1.25,17913,United Kingdom,2.5,,,
490047,21578,WOODLAND DESIGN  COTTON TOTE BAG,2,12-03-2009 13:02,2.25,17913,United Kingdom,4.5,,,
490047,21580,RABBIT  DESIGN  COTTON TOTE BAG,2,12-03-2009 13:02,2.25,17913,United Kingdom,4.5,,,
490047,85083,KISS REINDEER SCANDINAVIAN STOCKING,2,12-03-2009 13:02,2.55,17913,United Kingdom,5.1,,,
490047,21889,WOODEN BOX OF DOMINOES,10,12-03-2009 13:02,1.25,17913,United Kingdom,12.5,,,
490047,21429,RED GINGHAM ROSE JEWELLERY BOX,2,12-03-2009 13:02,1.65,17913,United Kingdom,3.3,,,
490047,21687,SILVER PLATE CANDLE BOWL LARGE,8,12-03-2009 13:02,3.75,17913,United Kingdom,30,,,
490047,21610,SET 12 PEAR BOTANICAL T-LIGHTS,4,12-03-2009 13:02,2.95,17913,United Kingdom,11.8,,,
490047,21611,SET OF 12 LILY BOTANICAL T-LIGHTS,1,12-03-2009 13:02,2.95,17913,United Kingdom,2.95,,,
490047,21614,SET OF 12 ROSE BOTANICAL T-LIGHTS,6,12-03-2009 13:02,2.95,17913,United Kingdom,17.7,,,
490046,84519B,CARROT CHARLIE+LOLA COASTER SET,6,12-03-2009 13:02,2.95,13416,United Kingdom,17.7,,,
490046,84519A,TOMATO CHARLIE+LOLA COASTER SET,12,12-03-2009 13:02,2.95,13416,United Kingdom,35.4,,,
490046,84032B,CHARLIE + LOLA RED HOT WATER BOTTLE,6,12-03-2009 13:02,2.95,13416,United Kingdom,17.7,,,
490046,84032A,CHARLIE+LOLA PINK HOT WATER BOTTLE,6,12-03-2009 13:02,2.95,13416,United Kingdom,17.7,,,
490046,84029G,KNITTED UNION FLAG HOT WATER BOTTLE,12,12-03-2009 13:02,3.75,13416,United Kingdom,45,,,
490046,22114,HOT WATER BOTTLE TEA AND SYMPATHY,12,12-03-2009 13:02,3.95,13416,United Kingdom,47.4,,,
490046,21488,RED WHITE SCARF  HOT WATER BOTTLE,12,12-03-2009 13:02,3.95,13416,United Kingdom,47.4,,,
490047,21891,TRADITIONAL WOODEN SKIPPING ROPE,6,12-03-2009 13:02,1.25,17913,United Kingdom,7.5,,,
490047,21892,TRADITIONAL WOODEN CATCH CUP GAME ,8,12-03-2009 13:02,1.25,17913,United Kingdom,10,,,
490047,21790,VINTAGE SNAP CARDS,11,12-03-2009 13:02,0.85,17913,United Kingdom,9.35,,,
490047,21611,SET OF 12 LILY BOTANICAL T-LIGHTS,3,12-03-2009 13:02,2.95,17913,United Kingdom,8.85,,,
490047,21609,SET 12 LAVENDER  BOTANICAL T-LIGHTS,1,12-03-2009 13:02,2.95,17913,United Kingdom,2.95,,,
490047,84580,MOUSE TOY WITH PINK T-SHIRT,1,12-03-2009 13:02,3.75,17913,United Kingdom,3.75,,,
490047,21484,CHICK GREY HOT WATER BOTTLE,8,12-03-2009 13:02,3.45,17913,United Kingdom,27.6,,,
490047,20970,PINK FLORAL FELTCRAFT SHOULDER BAG,3,12-03-2009 13:02,3.75,17913,United Kingdom,11.25,,,
490047,20967,GREY FLORAL FELTCRAFT SHOULDER BAG,1,12-03-2009 13:02,3.75,17913,United Kingdom,3.75,,,
490047,20969,RED FLORAL FELTCRAFT SHOULDER BAG,1,12-03-2009 13:02,3.75,17913,United Kingdom,3.75,,,
490047,21034,REX CASH+CARRY JUMBO SHOPPER,1,12-03-2009 13:02,0.95,17913,United Kingdom,0.95,,,
490048,85152,HAND OVER THE CHOCOLATE   SIGN ,48,12-03-2009 13:03,1.69,16779,United Kingdom,81.12,,,
490048,82600,NO SINGING METAL SIGN,48,12-03-2009 13:03,1.69,16779,United Kingdom,81.12,,,
490048,82599,FANNY'S REST STOPMETAL SIGN,12,12-03-2009 13:03,2.1,16779,United Kingdom,25.2,,,
490048,21175,GIN + TONIC DIET METAL SIGN,24,12-03-2009 13:03,2.1,16779,United Kingdom,50.4,,,
490048,82582,AREA PATROLLED METAL SIGN,12,12-03-2009 13:03,2.1,16779,United Kingdom,25.2,,,
490048,85150,LADIES & GENTLEMEN METAL SIGN,12,12-03-2009 13:03,2.55,16779,United Kingdom,30.6,,,
490048,20718,RED SPOTTY SHOPPER BAG,10,12-03-2009 13:03,1.25,16779,United Kingdom,12.5,,,
490048,37333,"RETRO ""TEA FOR ONE"" ",6,12-03-2009 13:03,4.95,16779,United Kingdom,29.7,,,
490048,47568,ENGLISH ROSE DESIGN PEG BAG,10,12-03-2009 13:03,2.1,16779,United Kingdom,21,,,
490048,37508,NEW ENGLAND CERAMIC CAKE SERVER,6,12-03-2009 13:03,2.55,16779,United Kingdom,15.3,,,
490048,84992,72 SWEETHEART FAIRY CAKE CASES,22,12-03-2009 13:03,0.55,16779,United Kingdom,12.1,,,
490048,84991,60 TEATIME FAIRY CAKE CASES,24,12-03-2009 13:03,0.55,16779,United Kingdom,13.2,,,
490048,84989B,75 BLACK FAIRY CAKE CASES,24,12-03-2009 13:03,0.55,16779,United Kingdom,13.2,,,
490048,21977,PACK OF 60 PINK PAISLEY CAKE CASES,24,12-03-2009 13:03,0.55,16779,United Kingdom,13.2,,,
490048,84992,72 SWEETHEART FAIRY CAKE CASES,24,12-03-2009 13:03,0.55,16779,United Kingdom,13.2,,,
490048,84990,60 GOLD AND SILVER FAIRY CAKE CASES,24,12-03-2009 13:03,0.55,16779,United Kingdom,13.2,,,
490048,37423,WHITE WITH BLACK CATS PLATE,6,12-03-2009 13:03,0.85,16779,United Kingdom,5.1,,,
490048,84380,SET OF 3 BUTTERFLY COOKIE CUTTERS,12,12-03-2009 13:03,1.25,16779,United Kingdom,15,,,
490048,20659,ECONOMY LUGGAGE TAG,3,12-03-2009 13:03,1.25,16779,United Kingdom,3.75,,,
490048,20660,VIP LUGGAGE TAG ,3,12-03-2009 13:03,1.25,16779,United Kingdom,3.75,,,
490048,21867,PINK UNION JACK  LUGGAGE TAG,4,12-03-2009 13:03,1.25,16779,United Kingdom,5,,,
490048,20621,ECONOMY PASSPORT COVER ,3,12-03-2009 13:03,2.1,16779,United Kingdom,6.3,,,
490048,20622,VIPPASSPORT COVER ,3,12-03-2009 13:03,2.1,16779,United Kingdom,6.3,,,
490048,37345,ASSTD HEARTS DESIGN MUGS,12,12-03-2009 13:03,1.95,16779,United Kingdom,23.4,,,
490048,21947,SET OF 6 HEART CHOPSTICKS,6,12-03-2009 13:03,1.25,16779,United Kingdom,7.5,,,
490048,21949,SET OF 6 STRAWBERRY CHOPSTICKS,6,12-03-2009 13:03,1.25,16779,United Kingdom,7.5,,,
490048,20990,SPRING FLOWER CHOPSTICKS SET/5,6,12-03-2009 13:03,1.95,16779,United Kingdom,11.7,,,
490048,20987,GEISHA GIRL CHOPSTICKS SET/5,9,12-03-2009 13:03,1.95,16779,United Kingdom,17.55,,,
490048,20989,URBAN CHIC CHOPSTICKS SET/5,14,12-03-2009 13:03,1.95,16779,United Kingdom,27.3,,,
490048,79321,CHILLI LIGHTS,24,12-03-2009 13:03,4.25,16779,United Kingdom,102,,,
490048,21232,STRAWBERRY CERAMIC TRINKET BOX,72,12-03-2009 13:03,1.06,16779,United Kingdom,76.32,,,
490048,72799A,BLACK PILLAR CANDLE SILVER FLOCK,24,12-03-2009 13:03,2.55,16779,United Kingdom,61.2,,,
490048,85038,6 CHOCOLATE LOVE HEART T-LIGHTS,72,12-03-2009 13:03,1.85,16779,United Kingdom,133.2,,,
490048,85173,SET/6 FROG PRINCE T-LIGHT CANDLES,48,12-03-2009 13:03,2.1,16779,United Kingdom,100.8,,,
490048,22114,HOT WATER BOTTLE TEA AND SYMPATHY,24,12-03-2009 13:03,3.45,16779,United Kingdom,82.8,,,
490049,22090,PAPER BUNTING RETRO SPOTS,40,12-03-2009 13:04,2.55,15794,United Kingdom,102,,,
490050,21955,UNION JACK GUNS & ROSES  DOORMAT,2,12-03-2009 13:05,6.75,17913,United Kingdom,13.5,,,
490052,22314,OFFICE MUG WARMER CHOC+BLUE,4,12-03-2009 13:09,4.95,13895,United Kingdom,19.8,,,
490052,21892,TRADITIONAL WOODEN CATCH CUP GAME ,12,12-03-2009 13:09,1.25,13895,United Kingdom,15,,,
490052,21890,S/6 WOODEN SKITTLES IN COTTON BAG,6,12-03-2009 13:09,2.95,13895,United Kingdom,17.7,,,
490052,21912,VINTAGE SNAKES & LADDERS,8,12-03-2009 13:09,3.75,13895,United Kingdom,30,,,
490052,21918,SET 12 KIDS COLOUR  CHALK STICKS,24,12-03-2009 13:09,0.42,13895,United Kingdom,10.08,,,
490052,21917,SET 12 KIDS  WHITE CHALK STICKS,24,12-03-2009 13:09,0.42,13895,United Kingdom,10.08,,,
490052,21889,WOODEN BOX OF DOMINOES,24,12-03-2009 13:09,1.25,13895,United Kingdom,30,,,
490052,21791,VINTAGE HEADS AND TAILS CARD GAME ,24,12-03-2009 13:09,1.25,13895,United Kingdom,30,,,
490052,21790,VINTAGE SNAP CARDS,24,12-03-2009 13:09,0.85,13895,United Kingdom,20.4,,,
490052,21888,BINGO SET,8,12-03-2009 13:09,3.75,13895,United Kingdom,30,,,
490052,22023,EMPIRE BIRTHDAY CARD,12,12-03-2009 13:09,0.42,13895,United Kingdom,5.04,,,
490052,21867,PINK UNION JACK  LUGGAGE TAG,12,12-03-2009 13:09,1.25,13895,United Kingdom,15,,,
490052,21865,PINK UNION JACK  PASSPORT COVER ,6,12-03-2009 13:09,2.1,13895,United Kingdom,12.6,,,
490052,21360,JOY LARGE WOOD LETTERS,1,12-03-2009 13:09,9.95,13895,United Kingdom,9.95,,,
490052,22125,UNION JACK HOT WATER BOTTLE ,4,12-03-2009 13:09,5.95,13895,United Kingdom,23.8,,,
490052,21875,KINGS CHOICE MUG,12,12-03-2009 13:09,1.25,13895,United Kingdom,15,,,
490052,21622,VINTAGE UNION JACK CUSHION COVER,4,12-03-2009 13:09,4.95,13895,United Kingdom,19.8,,,
490052,21621,VINTAGE UNION JACK BUNTING,4,12-03-2009 13:09,8.5,13895,United Kingdom,34,,,
490052,21642,ASSORTED TUTTI FRUTTI PEN,24,12-03-2009 13:09,0.85,13895,United Kingdom,20.4,,,
490052,21638,ASSORTED TUTTI FRUTTI NOTEBOOK,12,12-03-2009 13:09,2.1,13895,United Kingdom,25.2,,,
490052,21640,ASSORTED TUTTI FRUTTI  FOB NOTEBOOK,24,12-03-2009 13:09,0.85,13895,United Kingdom,20.4,,,
490052,21645,ASSORTED TUTTI FRUTTI ROUND BOX,12,12-03-2009 13:09,1.65,13895,United Kingdom,19.8,,,
490052,21644,ASSORTED TUTTI FRUTTI HEART BOX,12,12-03-2009 13:09,1.25,13895,United Kingdom,15,,,
490052,21643,ASSORTED TUTTI FRUTTI MIRROR,12,12-03-2009 13:09,1.25,13895,United Kingdom,15,,,
490052,21648,ASSORTED TUTTI FRUTTI SMALL PURSE,24,12-03-2009 13:09,1.25,13895,United Kingdom,30,,,
490052,21647,ASSORTED TUTTI FRUTTI LARGE PURSE,12,12-03-2009 13:09,2.1,13895,United Kingdom,25.2,,,
490052,22212,FOUR HOOK  WHITE LOVEBIRDS,6,12-03-2009 13:09,2.1,13895,United Kingdom,12.6,,,
490052,84406B,CREAM CUPID HEARTS COAT HANGER,8,12-03-2009 13:09,3.25,13895,United Kingdom,26,,,
490052,21340,CLASSIC METAL BIRDCAGE PLANT HOLDER,2,12-03-2009 13:09,12.75,13895,United Kingdom,25.5,,,
490052,84884A,ANT WHITE WIRE HEART SPIRAL,5,12-03-2009 13:09,3.95,13895,United Kingdom,19.75,,,
490052,22189,CREAM HEART CARD HOLDER,8,12-03-2009 13:09,3.95,13895,United Kingdom,31.6,,,
490052,21761,WOOD AND GLASS MEDICINE CABINET,1,12-03-2009 13:09,29.95,13895,United Kingdom,29.95,,,
490052,21768,WALL MOUNTED VINTAGE ORGANISER,1,12-03-2009 13:09,14.95,13895,United Kingdom,14.95,,,
490052,82482,WOODEN PICTURE FRAME WHITE FINISH,6,12-03-2009 13:09,2.55,13895,United Kingdom,15.3,,,
490052,82494L,WOODEN FRAME ANTIQUE WHITE ,6,12-03-2009 13:09,2.95,13895,United Kingdom,17.7,,,
490052,84837,WHITE SWEETHEARTS CABINET 4 DRAWERS,1,12-03-2009 13:09,12.75,13895,United Kingdom,12.75,,,
490052,85064,CREAM SWEETHEART LETTER RACK,4,12-03-2009 13:09,5.45,13895,United Kingdom,21.8,,,
490052,84839,SWEETHEART KEY CABINET,2,12-03-2009 13:09,6.75,13895,United Kingdom,13.5,,,
490052,85063,CREAM SWEETHEART MAGAZINE RACK,1,12-03-2009 13:09,16.95,13895,United Kingdom,16.95,,,
490052,21755,LOVE BUILDING BLOCK WORD,3,12-03-2009 13:09,5.95,13895,United Kingdom,17.85,,,
490052,21754,HOME BUILDING BLOCK WORD,3,12-03-2009 13:09,5.95,13895,United Kingdom,17.85,,,
490052,84791,GINGHAM HEART DECORATION,6,12-03-2009 13:09,2.95,13895,United Kingdom,17.7,,,
490053,20977,36 PENCILS TUBE WOODLAND,1,12-03-2009 13:17,1.25,14057,United Kingdom,1.25,,,
490053,21918,SET 12 KIDS COLOUR  CHALK STICKS,11,12-03-2009 13:17,0.42,14057,United Kingdom,4.62,,,
490053,84558A,3D DOG PICTURE PLAYING CARDS,10,12-03-2009 13:17,2.95,14057,United Kingdom,29.5,,,
490053,20982,12 PENCILS TALL TUBE SKULLS,1,12-03-2009 13:17,0.85,14057,United Kingdom,0.85,,,
490053,22086,PAPER CHAIN KIT 50'S CHRISTMAS ,1,12-03-2009 13:17,2.95,14057,United Kingdom,2.95,,,
490053,21803,CHRISTMAS TREE STAR DECORATION,36,12-03-2009 13:17,0.42,14057,United Kingdom,15.12,,,
490053,21540,DAIRY MAID CERAMIC BUTTER DISH,1,12-03-2009 13:17,4.25,14057,United Kingdom,4.25,,,
490053,85226A,WHITE/BLUE PULL BACK RACING CAR,19,12-03-2009 13:17,0.55,14057,United Kingdom,10.45,,,
490053,21034,REX CASH+CARRY JUMBO SHOPPER,1,12-03-2009 13:17,0.95,14057,United Kingdom,0.95,,,
490053,21790,VINTAGE SNAP CARDS,12,12-03-2009 13:17,0.85,14057,United Kingdom,10.2,,,
490053,85135A,YELLOW DRAGONFLY HELICOPTER,1,12-03-2009 13:17,7.95,14057,United Kingdom,7.95,,,
490053,48173C,DOOR MAT BLACK FLOCK ,1,12-03-2009 13:17,6.75,14057,United Kingdom,6.75,,,
490053,22271,FELTCRAFT DOLL ROSIE,1,12-03-2009 13:17,2.95,14057,United Kingdom,2.95,,,
490053,21479,WHITE SKULL HOT WATER BOTTLE ,1,12-03-2009 13:17,3.75,14057,United Kingdom,3.75,,,
490053,21486,PINK HEART DOTS HOT WATER BOTTLE,1,12-03-2009 13:17,3.75,14057,United Kingdom,3.75,,,
490053,21485,RED SPOT HEART HOT WATER BOTTLE,1,12-03-2009 13:17,4.95,14057,United Kingdom,4.95,,,
490053,84031A,CHARLIE+LOLA RED HOT WATER BOTTLE ,2,12-03-2009 13:17,4.65,14057,United Kingdom,9.3,,,
490054,21217,RED SPOTTY ROUND CAKE TINS,6,12-03-2009 13:22,9.95,17017,United Kingdom,59.7,,,
490054,21080,SET/20 RED SPOTTY PAPER NAPKINS ,12,12-03-2009 13:22,0.85,17017,United Kingdom,10.2,,,
490054,21212,PACK OF 72 RETRO SPOT CAKE CASES,24,12-03-2009 13:22,0.55,17017,United Kingdom,13.2,,,
490054,21210,SET OF 72 RETRO SPOT PAPER  DOILIES,24,12-03-2009 13:22,1.45,17017,United Kingdom,34.8,,,
490054,21491,SET OF THREE VINTAGE GIFT WRAPS,48,12-03-2009 13:22,1.65,17017,United Kingdom,79.2,,,
490054,21493, VINTAGE DESIGN GIFT TAGS,48,12-03-2009 13:22,0.85,17017,United Kingdom,40.8,,,
490054,21186,WHITE DOVE HONEYCOMB PAPER GARLAND,24,12-03-2009 13:22,1.65,17017,United Kingdom,39.6,,,
490056,35824C,"HANGING FLOWERS+MIRROR,CLEAR",1,12-03-2009 13:25,1.49,13208,United Kingdom,1.49,,,
490056,35817B,"ACRYLIC JEWEL SNOWFLAKE,BLUE",1,12-03-2009 13:25,2.55,13208,United Kingdom,2.55,,,
490056,51012C,"FEATHER DUSTER, COAL BLACK",1,12-03-2009 13:25,1.25,13208,United Kingdom,1.25,,,
490056,20668,DISCO BALL CHRISTMAS DECORATION,24,12-03-2009 13:25,0.12,13208,United Kingdom,2.88,,,
490056,84875A,PINK SQUARE COMPACT MIRROR,1,12-03-2009 13:25,3.75,13208,United Kingdom,3.75,,,
490056,84875D,BLUE SQUARE COMPACT MIRROR,1,12-03-2009 13:25,3.75,13208,United Kingdom,3.75,,,
490056,22154,ANGEL DECORATION 3 BUTTONS ,5,12-03-2009 13:25,0.42,13208,United Kingdom,2.1,,,
490057,85123A,WHITE HANGING HEART T-LIGHT HOLDER,6,12-03-2009 13:25,2.95,17465,United Kingdom,17.7,,,
490057,84975,HEART SHAPED MIRROR,6,12-03-2009 13:25,1.69,17465,United Kingdom,10.14,,,
490057,21645,ASSORTED TUTTI FRUTTI ROUND BOX,12,12-03-2009 13:25,1.65,17465,United Kingdom,19.8,,,
490057,21644,ASSORTED TUTTI FRUTTI HEART BOX,12,12-03-2009 13:25,1.25,17465,United Kingdom,15,,,
490057,21649,ASSORTED TUTTI FRUTTI PHOTO FRAME,12,12-03-2009 13:25,2.95,17465,United Kingdom,35.4,,,
490057,85199L,LARGE HANGING IVORY & RED WOOD BIRD,24,12-03-2009 13:25,0.65,17465,United Kingdom,15.6,,,
490057,20692,FLORAL ELEPHANT SOFT TOY,3,12-03-2009 13:25,4.25,17465,United Kingdom,12.75,,,
490057,84032B,CHARLIE + LOLA RED HOT WATER BOTTLE,6,12-03-2009 13:25,2.95,17465,United Kingdom,17.7,,,
490057,84032A,CHARLIE+LOLA PINK HOT WATER BOTTLE,6,12-03-2009 13:25,2.95,17465,United Kingdom,17.7,,,
490056,22155,STAR DECORATION RUSTIC,5,12-03-2009 13:25,0.42,13208,United Kingdom,2.1,,,
490056,75049L,LARGE CIRCULAR MIRROR MOBILE,6,12-03-2009 13:25,1.25,13208,United Kingdom,7.5,,,
490056,20828,GLITTER BUTTERFLY CLIPS,3,12-03-2009 13:25,2.55,13208,United Kingdom,7.65,,,
490056,21993,FLORAL FOLK STATIONERY SET,2,12-03-2009 13:25,2.95,13208,United Kingdom,5.9,,,
490056,21590,KINGS CHOICE CIGAR BOX MATCHES ,1,12-03-2009 13:25,1.25,13208,United Kingdom,1.25,,,
490056,21592,RETRO SPOT  CIGAR BOX MATCHES ,2,12-03-2009 13:25,1.25,13208,United Kingdom,2.5,,,
490056,22086,PAPER CHAIN KIT 50'S CHRISTMAS ,1,12-03-2009 13:25,2.95,13208,United Kingdom,2.95,,,
490056,21955,UNION JACK GUNS & ROSES  DOORMAT,1,12-03-2009 13:25,6.75,13208,United Kingdom,6.75,,,
490056,48173C,DOOR MAT BLACK FLOCK ,1,12-03-2009 13:25,6.75,13208,United Kingdom,6.75,,,
490057,21590,KINGS CHOICE CIGAR BOX MATCHES ,24,12-03-2009 13:25,1.25,17465,United Kingdom,30,,,
490057,46000U,POLYESTER FILLER PAD 30CMx30CM,8,12-03-2009 13:25,1.25,17465,United Kingdom,10,,,
490057,22300,COFFEE MUG DOG + BALL DESIGN,6,12-03-2009 13:25,2.55,17465,United Kingdom,15.3,,,
490057,22301,COFFEE MUG CAT + BIRD DESIGN,12,12-03-2009 13:25,2.55,17465,United Kingdom,30.6,,,
490057,22283,6 EGG HOUSE PAINTED WOOD,2,12-03-2009 13:25,7.95,17465,United Kingdom,15.9,,,
490057,21185, HOME SWEET HOME  BLACKBOARD,3,12-03-2009 13:25,6.35,17465,United Kingdom,19.05,,,
490057,82607A,GLASS BONBON JAR PARFUME AUX FLEURE,6,12-03-2009 13:25,1.25,17465,United Kingdom,7.5,,,
490057,21908,CHOCOLATE THIS WAY METAL SIGN,6,12-03-2009 13:25,2.1,17465,United Kingdom,12.6,,,
490057,21165,BEWARE OF THE CAT METAL SIGN ,12,12-03-2009 13:25,1.69,17465,United Kingdom,20.28,,,
490057,21910,WAY OUT METAL SIGN ,12,12-03-2009 13:25,1.65,17465,United Kingdom,19.8,,,
490057,21733,RED HANGING HEART T-LIGHT HOLDER,6,12-03-2009 13:25,2.95,17465,United Kingdom,17.7,,,
490058,21624,VINTAGE UNION JACK DOORSTOP,3,12-03-2009 13:26,5.95,17465,United Kingdom,17.85,,,
490058,22294,HEART FILIGREE DOVE  SMALL,24,12-03-2009 13:26,1.25,17465,United Kingdom,30,,,
490059,15056BL,EDWARDIAN PARASOL BLACK,600,12-03-2009 13:30,3,18102,United Kingdom,1800,,,
490059,20679,EDWARDIAN PARASOL RED,600,12-03-2009 13:30,3,18102,United Kingdom,1800,,,
490059,85014B,RED/WHITE DOTS RUFFLED UMBRELLA,576,12-03-2009 13:30,3,18102,United Kingdom,1728,,,
490059,85014A,BLACK/BLUE DOTS RUFFLED UMBRELLA,576,12-03-2009 13:30,3,18102,United Kingdom,1728,,,
490059,85014D,PINK/BROWN DOTS RUFFLED UMBRELLA,576,12-03-2009 13:30,3,18102,United Kingdom,1728,,,
490059,85014C,BLUE/BROWN DOTS RUFFLED UMBRELLA,192,12-03-2009 13:30,3,18102,United Kingdom,576,,,
490059,15059A,ENGLISH ROSE EDWARDIAN PARASOL,505,12-03-2009 13:30,3,18102,United Kingdom,1515,,,
490059,15056P,EDWARDIAN PARASOL PINK,600,12-03-2009 13:30,3,18102,United Kingdom,1800,,,
490059,15056N,EDWARDIAN PARASOL NATURAL,600,12-03-2009 13:30,3,18102,United Kingdom,1800,,,
490060,84520D,PACK OF 20 FAIRY CAKE PAPER NAPKINS,12,12-03-2009 13:32,0.85,13468,United Kingdom,10.2,,,
490060,21874,GIN AND TONIC MUG,12,12-03-2009 13:32,1.25,13468,United Kingdom,15,,,
490060,85123A,WHITE HANGING HEART T-LIGHT HOLDER,6,12-03-2009 13:32,2.95,13468,United Kingdom,17.7,,,
490060,84255B,ORANGE COCKTAIL GLASS LAMP,8,12-03-2009 13:32,2.1,13468,United Kingdom,16.8,,,
490060,84926C,FAIRY CAKES TILE COASTER,12,12-03-2009 13:32,1.25,13468,United Kingdom,15,,,
490060,79323P,PINK CHERRY LIGHTS,4,12-03-2009 13:32,6.75,13468,United Kingdom,27,,,
490060,79323W, WHITE CHERRY LIGHTS,4,12-03-2009 13:32,6.75,13468,United Kingdom,27,,,
490060,46776F,WOVEN ROSE GARDEN CUSHION COVER ,4,12-03-2009 13:32,4.95,13468,United Kingdom,19.8,,,
490060,21175,GIN + TONIC DIET METAL SIGN,6,12-03-2009 13:32,2.1,13468,United Kingdom,12.6,,,
490060,22055,MINI CAKE STAND  HANGING STRAWBERY,8,12-03-2009 13:32,1.65,13468,United Kingdom,13.2,,,
490060,22061,LARGE CAKE STAND  HANGING STRAWBERY,2,12-03-2009 13:32,9.95,13468,United Kingdom,19.9,,,
490060,84510B,SET OF 4 FAIRY CAKES COASTERS ,10,12-03-2009 13:32,1.25,13468,United Kingdom,12.5,,,
490060,15060B,FAIRY CAKE DESIGN UMBRELLA,4,12-03-2009 13:32,3.75,13468,United Kingdom,15,,,
490060,72756,FAIRY CAKE CANDLES,18,12-03-2009 13:32,1.49,13468,United Kingdom,26.82,,,
490060,21645,ASSORTED TUTTI FRUTTI ROUND BOX,12,12-03-2009 13:32,1.65,13468,United Kingdom,19.8,,,
490060,21642,ASSORTED TUTTI FRUTTI PEN,24,12-03-2009 13:32,0.85,13468,United Kingdom,20.4,,,
490060,21477,STRING OF 20 ROSE LIGHTS,2,12-03-2009 13:32,12.75,13468,United Kingdom,25.5,,,
490061,84912B,GREEN ROSE WASHBAG,600,12-03-2009 13:42,2,18102,United Kingdom,1200,,,
490061,84912A,PINK ROSE WASHBAG,600,12-03-2009 13:42,2,18102,United Kingdom,1200,,,
490061,84922,PINK BUTTERFLY WASHBAG,300,12-03-2009 13:42,2,18102,United Kingdom,600,,,
490061,21000,ROSE DU SUD COSMETICS BAG,500,12-03-2009 13:42,2,18102,United Kingdom,1000,,,
490062,22086,PAPER CHAIN KIT 50'S CHRISTMAS ,12,12-03-2009 13:46,2.95,13485,United Kingdom,35.4,,,
490062,21493, VINTAGE DESIGN GIFT TAGS,12,12-03-2009 13:46,0.85,13485,United Kingdom,10.2,,,
490062,21491,SET OF THREE VINTAGE GIFT WRAPS,12,12-03-2009 13:46,1.95,13485,United Kingdom,23.4,,,
490062,21463,MIRRORED DISCO BALL ,4,12-03-2009 13:46,5.95,13485,United Kingdom,23.8,,,
490062,21464,DISCO BALL ROTATOR BATTERY OPERATED,4,12-03-2009 13:46,4.25,13485,United Kingdom,17,,,
490062,21591,COSY HOUR CIGAR BOX MATCHES ,24,12-03-2009 13:46,1.25,13485,United Kingdom,30,,,
490062,21080,SET/20 RED SPOTTY PAPER NAPKINS ,12,12-03-2009 13:46,0.85,13485,United Kingdom,10.2,,,
490062,21205,MULTICOLOUR 3D BALLS GARLAND,6,12-03-2009 13:46,2.55,13485,United Kingdom,15.3,,,
490063,90003D,CRYSTAL PAIR HEART HAIR SLIDES,1,12-03-2009 13:49,3.75,17271,United Kingdom,3.75,,,
490063,90190B,GOLD/AMBER DROP EARRINGS W LEAF,1,12-03-2009 13:49,2.95,17271,United Kingdom,2.95,,,
490063,21755,LOVE BUILDING BLOCK WORD,1,12-03-2009 13:49,5.95,17271,United Kingdom,5.95,,,
490063,21231,SWEETHEART CERAMIC TRINKET BOX,2,12-03-2009 13:49,1.25,17271,United Kingdom,2.5,,,
490063,20870,OPULENT VELVET CANDLE IN BOX,1,12-03-2009 13:49,2.1,17271,United Kingdom,2.1,,,
490063,90178A,AMBER CHUNKY GLASS+BEAD NECKLACE,1,12-03-2009 13:49,11.95,17271,United Kingdom,11.95,,,
490063,90019C,SILVER BLACK ORBIT BRACELET,1,12-03-2009 13:49,4.95,17271,United Kingdom,4.95,,,
490063,90190A,SILVER/CRYSTAL DROP EARRINGS W LEAF,1,12-03-2009 13:49,2.95,17271,United Kingdom,2.95,,,
490063,21777,RECIPE BOX WITH METAL HEART,1,12-03-2009 13:49,7.95,17271,United Kingdom,7.95,,,
490063,20975,12 PENCILS SMALL TUBE RED SPOTTY,1,12-03-2009 13:49,0.65,17271,United Kingdom,0.65,,,
490063,21034,REX CASH+CARRY JUMBO SHOPPER,2,12-03-2009 13:49,0.95,17271,United Kingdom,1.9,,,
490063,90024C,NEW BAROQUE B'FLY NECKLACE GREEN,1,12-03-2009 13:49,8.5,17271,United Kingdom,8.5,,,
490063,90011B,BLACK CRYSTAL DROP EARRINGS,1,12-03-2009 13:49,2.95,17271,United Kingdom,2.95,,,
490063,90012B,BLACK DROP CRYSTAL NECKLACE,1,12-03-2009 13:49,9.95,17271,United Kingdom,9.95,,,
490063,48173C,DOOR MAT BLACK FLOCK ,1,12-03-2009 13:49,6.75,17271,United Kingdom,6.75,,,
490063,20870,OPULENT VELVET CANDLE IN BOX,1,12-03-2009 13:49,2.1,17271,United Kingdom,2.1,,,
490063,37448,CERAMIC CAKE DESIGN SPOTTED MUG,1,12-03-2009 13:49,1.49,17271,United Kingdom,1.49,,,
490063,10002,INFLATABLE POLITICAL GLOBE ,1,12-03-2009 13:49,0.85,17271,United Kingdom,0.85,,,
490063,47556B,TEA TIME TEA TOWELS ,1,12-03-2009 13:49,2.95,17271,United Kingdom,2.95,,,
490063,20871,OPULENT VELVET SET/3 CANDLES,1,12-03-2009 13:49,2.1,17271,United Kingdom,2.1,,,
490063,21469,POLKA DOT RAFFIA FOOD COVER,1,12-03-2009 13:49,3.75,17271,United Kingdom,3.75,,,
490063,22086,PAPER CHAIN KIT 50'S CHRISTMAS ,2,12-03-2009 13:49,2.95,17271,United Kingdom,5.9,,,
490063,21704,BAG 250g SWIRLY MARBLES,3,12-03-2009 13:49,0.85,17271,United Kingdom,2.55,,,
490063,47505,MINATURE COLOURED GARDENING SET,2,12-03-2009 13:49,4.95,17271,United Kingdom,9.9,,,
490063,21985,PACK OF 12 HEARTS DESIGN TISSUES ,1,12-03-2009 13:49,0.29,17271,United Kingdom,0.29,,,
490063,47580,TEA TIME DES TEA COSY,1,12-03-2009 13:49,2.55,17271,United Kingdom,2.55,,,
490063,35653,VINTAGE BEAD NOTEBOOK,1,12-03-2009 13:49,2.95,17271,United Kingdom,2.95,,,
490063,84497,BUTTONS AND STRIPES NOTEBOOK ,1,12-03-2009 13:49,3.75,17271,United Kingdom,3.75,,,
490063,21107,CREAM SLICE FLANNEL PINK SPOT ,1,12-03-2009 13:49,2.95,17271,United Kingdom,2.95,,,
490063,85023B,EAU DE NILE JEWELLED PHOTOFRAME,2,12-03-2009 13:49,2.55,17271,United Kingdom,5.1,,,
490063,21592,RETRO SPOT  CIGAR BOX MATCHES ,1,12-03-2009 13:49,1.25,17271,United Kingdom,1.25,,,
490063,72351A,SET/6 TURQUOISE BUTTERFLY T-LIGHTS,1,12-03-2009 13:49,2.1,17271,United Kingdom,2.1,,,
490063,10002,INFLATABLE POLITICAL GLOBE ,1,12-03-2009 13:49,0.85,17271,United Kingdom,0.85,,,
490063,21992,VINTAGE PAISLEY STATIONERY SET,1,12-03-2009 13:49,2.95,17271,United Kingdom,2.95,,,
490063,21980,PACK OF 12 RED SPOTTY TISSUES ,2,12-03-2009 13:49,0.29,17271,United Kingdom,0.58,,,
490063,21985,PACK OF 12 HEARTS DESIGN TISSUES ,5,12-03-2009 13:49,0.29,17271,United Kingdom,1.45,,,
490063,37448,CERAMIC CAKE DESIGN SPOTTED MUG,1,12-03-2009 13:49,1.49,17271,United Kingdom,1.49,,,
490063,21034,REX CASH+CARRY JUMBO SHOPPER,1,12-03-2009 13:49,0.95,17271,United Kingdom,0.95,,,
490063,20970,PINK FLORAL FELTCRAFT SHOULDER BAG,1,12-03-2009 13:49,3.75,17271,United Kingdom,3.75,,,
490063,21680,WOODLAND  STICKERS,6,12-03-2009 13:49,0.85,17271,United Kingdom,5.1,,,
490063,84975,HEART SHAPED MIRROR,6,12-03-2009 13:49,1.69,17271,United Kingdom,10.14,,,
490063,85123A,WHITE HANGING HEART T-LIGHT HOLDER,3,12-03-2009 13:49,2.95,17271,United Kingdom,8.85,,,
490063,22335,HEART DECORATION PAINTED ZINC ,7,12-03-2009 13:49,0.65,17271,United Kingdom,4.55,,,
490063,16169F,WRAP BLIZZARD,25,12-03-2009 13:49,0.42,17271,United Kingdom,10.5,,,
490063,21134,VICTORIAN METAL POSTCARD CHRISTMAS,3,12-03-2009 13:49,1.65,17271,United Kingdom,4.95,,,
490063,21385,IVORY HANGING DECORATION  HEART,4,12-03-2009 13:49,0.85,17271,United Kingdom,3.4,,,
490063,85053,FRENCH ENAMEL CANDLEHOLDER,2,12-03-2009 13:49,2.1,17271,United Kingdom,4.2,,,
490063,22082,RIBBON REEL STRIPES DESIGN ,1,12-03-2009 13:49,1.65,17271,United Kingdom,1.65,,,
490063,22082,RIBBON REEL STRIPES DESIGN ,1,12-03-2009 13:49,1.65,17271,United Kingdom,1.65,,,
490063,84836,ZINC METAL HEART DECORATION,1,12-03-2009 13:49,1.25,17271,United Kingdom,1.25,,,
490063,20814,SILVER FINCH DECORATION,1,12-03-2009 13:49,1.25,17271,United Kingdom,1.25,,,
490063,84937,KASHMIR FOLKART TUMBLERS,6,12-03-2009 13:49,2.1,17271,United Kingdom,12.6,,,
490064,21267,VINTAGE PINK TINSEL REEL ,6,12-03-2009 13:51,2.1,16139,United Kingdom,12.6,,,
490064,22121,NOEL WOODEN BLOCK LETTERS ,6,12-03-2009 13:51,5.95,16139,United Kingdom,35.7,,,
490064,21490,SET OF THREE 50'S GIFT WRAPS ,12,12-03-2009 13:51,1.95,16139,United Kingdom,23.4,,,
490064,21491,SET OF THREE VINTAGE GIFT WRAPS,12,12-03-2009 13:51,1.95,16139,United Kingdom,23.4,,,
490064,21493, VINTAGE DESIGN GIFT TAGS,12,12-03-2009 13:51,0.85,16139,United Kingdom,10.2,,,
490064,22138,BAKING SET 9 PIECE RETROSPOT ,3,12-03-2009 13:51,4.95,16139,United Kingdom,14.85,,,
490064,21770,OPEN CLOSED METAL SIGN,2,12-03-2009 13:51,4.95,16139,United Kingdom,9.9,,,
490064,22139,RETRO SPOT TEA SET CERAMIC 11 PC ,3,12-03-2009 13:51,4.95,16139,United Kingdom,14.85,,,
490064,22076,6 RIBBONS EMPIRE  ,12,12-03-2009 13:51,1.65,16139,United Kingdom,19.8,,,
490064,22120,WELCOME  WOODEN BLOCK LETTERS,3,12-03-2009 13:51,9.95,16139,United Kingdom,29.85,,,
490064,22273,FELTCRAFT DOLL MOLLY,6,12-03-2009 13:51,2.95,16139,United Kingdom,17.7,,,
490064,22271,FELTCRAFT DOLL ROSIE,12,12-03-2009 13:51,2.95,16139,United Kingdom,35.4,,,
490064,21507,"ELEPHANT, BIRTHDAY CARD, ",12,12-03-2009 13:51,0.42,16139,United Kingdom,5.04,,,
490064,21509,COWBOYS AND INDIANS BIRTHDAY CARD ,12,12-03-2009 13:51,0.42,16139,United Kingdom,5.04,,,
490064,21439,BASKET OF TOADSTOOLS,12,12-03-2009 13:51,1.25,16139,United Kingdom,15,,,
490064,22254,FELT TOADSTOOL LARGE,12,12-03-2009 13:51,1.25,16139,United Kingdom,15,,,
490064,21440,12 MINI TOADSTOOL PEGS,24,12-03-2009 13:51,1.25,16139,United Kingdom,30,,,
490064,84670,JAPANESE CROCHETED ANIMAL,48,12-03-2009 13:51,0.42,16139,United Kingdom,20.16,,,
490064,22186,RED STAR CARD HOLDER,6,12-03-2009 13:51,2.95,16139,United Kingdom,17.7,,,
490065,84347,ROTATING SILVER ANGELS T-LIGHT HLDR,600,12-03-2009 13:58,2.1,15061,United Kingdom,1260,,,
490066,82494L,WOODEN FRAME ANTIQUE WHITE ,6,12-03-2009 14:00,2.95,15953,United Kingdom,17.7,,,
490066,21385,IVORY HANGING DECORATION  HEART,48,12-03-2009 14:00,0.85,15953,United Kingdom,40.8,,,
490066,72008,FROSTED BOX 9 WHITE T-LIGHT CANDLES,24,12-03-2009 14:00,0.42,15953,United Kingdom,10.08,,,
490066,82482,WOODEN PICTURE FRAME WHITE FINISH,6,12-03-2009 14:00,2.55,15953,United Kingdom,15.3,,,
490066,84836,ZINC METAL HEART DECORATION,24,12-03-2009 14:00,1.25,15953,United Kingdom,30,,,
490066,84879,ASSORTED COLOUR BIRD ORNAMENT,8,12-03-2009 14:00,1.69,15953,United Kingdom,13.52,,,
490066,85123A,WHITE HANGING HEART T-LIGHT HOLDER,96,12-03-2009 14:00,2.55,15953,United Kingdom,244.8,,,
490067,22111,SCOTTIE DOG HOT WATER BOTTLE,24,12-03-2009 14:02,4.25,15856,United Kingdom,102,,,
490067,84029E,RED WOOLLY HOTTIE WHITE HEART.,24,12-03-2009 14:02,2.95,15856,United Kingdom,70.8,,,
490067,84029G,KNITTED UNION FLAG HOT WATER BOTTLE,24,12-03-2009 14:02,3.39,15856,United Kingdom,81.36,,,
490067,84050,PINK HEART SHAPE EGG FRYING PAN,72,12-03-2009 14:02,1.25,15856,United Kingdom,90,,,
490067,85042,ANTIQUE LILY FAIRY LIGHTS,24,12-03-2009 14:02,4.25,15856,United Kingdom,102,,,
490067,82483,WOOD 2 DRAWER CABINET WHITE FINISH,16,12-03-2009 14:02,4.95,15856,United Kingdom,79.2,,,
490067,82486,WOOD S/3 CABINET ANT WHITE FINISH,12,12-03-2009 14:02,6.95,15856,United Kingdom,83.4,,,
490067,79190D,RETRO PLASTIC DAISY TRAY,15,12-03-2009 14:02,0.42,15856,United Kingdom,6.3,,,
490067,79190A,RETRO PLASTIC 70'S TRAY,15,12-03-2009 14:02,0.42,15856,United Kingdom,6.3,,,
490067,79190B,RETRO PLASTIC POLKA TRAY,15,12-03-2009 14:02,0.42,15856,United Kingdom,6.3,,,
490067,82482,WOODEN PICTURE FRAME WHITE FINISH,6,12-03-2009 14:02,2.55,15856,United Kingdom,15.3,,,
490067,82494L,WOODEN FRAME ANTIQUE WHITE ,6,12-03-2009 14:02,2.95,15856,United Kingdom,17.7,,,
490067,22170,PICTURE FRAME WOOD TRIPLE PORTRAIT,4,12-03-2009 14:02,6.75,15856,United Kingdom,27,,,
490067,22169,FAMILY ALBUM WHITE PICTURE FRAME,6,12-03-2009 14:02,8.5,15856,United Kingdom,51,,,
490067,20960,WATERMELON BATH SPONGE,30,12-03-2009 14:02,1.25,15856,United Kingdom,37.5,,,
490067,20966,SANDWICH BATH SPONGE,40,12-03-2009 14:02,1.25,15856,United Kingdom,50,,,
490067,20754,RETRO RED SPOTTY WASHING UP GLOVES,12,12-03-2009 14:02,2.1,15856,United Kingdom,25.2,,,
490067,20753,RETRO PINK SPOT WASHING UP GLOVES,12,12-03-2009 14:02,2.1,15856,United Kingdom,25.2,,,
490067,84596E,SMALL LICORICE DES PINK BOWL,8,12-03-2009 14:02,1.25,15856,United Kingdom,10,,,
490067,84596F,SMALL MARSHMALLOWS PINK BOWL,8,12-03-2009 14:02,1.25,15856,United Kingdom,10,,,
490067,84596B,SMALL DOLLY MIX DESIGN ORANGE BOWL,8,12-03-2009 14:02,1.25,15856,United Kingdom,10,,,
490067,21527,RETRO SPOT TRADITIONAL TEAPOT ,1,12-03-2009 14:02,7.95,15856,United Kingdom,7.95,,,
490067,22197,"POPCORN HOLDER , SMALL ",24,12-03-2009 14:02,0.85,15856,United Kingdom,20.4,,,
490067,20914,SET/5 RED SPOTTY LID GLASS BOWLS,6,12-03-2009 14:02,2.95,15856,United Kingdom,17.7,,,
490068,22350,CAT BOWL ,12,12-03-2009 14:06,2.55,13085,United Kingdom,30.6,,,
490068,22349,"DOG BOWL , CHASING BALL DESIGN",12,12-03-2009 14:06,3.75,13085,United Kingdom,45,,,
490068,22201,FRYING PAN BLUE POLKADOT ,4,12-03-2009 14:06,4.25,13085,United Kingdom,17,,,
490068,22200,FRYING PAN PINK POLKADOT ,4,12-03-2009 14:06,4.25,13085,United Kingdom,17,,,
490068,22204,MILK PAN BLUE RETROSPOT,4,12-03-2009 14:06,3.75,13085,United Kingdom,15,,,
490068,22202,MILK PAN PINK RETROSPOT,8,12-03-2009 14:06,3.75,13085,United Kingdom,30,,,
490068,22195,HEART MEASURING SPOONS LARGE,24,12-03-2009 14:06,1.65,13085,United Kingdom,39.6,,,
490068,21955,UNION JACK GUNS & ROSES  DOORMAT,10,12-03-2009 14:06,5.95,13085,United Kingdom,59.5,,,
490068,22353,LUNCHBOX WITH CUTLERY FAIRY CAKES ,12,12-03-2009 14:06,2.55,13085,United Kingdom,30.6,,,
490069,22041,"RECORD FRAME 7"" SINGLE SIZE ",12,12-03-2009 14:07,2.55,13085,United Kingdom,30.6,,,
490069,21232,STRAWBERRY CERAMIC TRINKET BOX,12,12-03-2009 14:07,1.25,13085,United Kingdom,15,,,
490069,22064,PINK DOUGHNUT TRINKET POT ,12,12-03-2009 14:07,1.65,13085,United Kingdom,19.8,,,
490069,22179,SET 10 LIGHTS NIGHT OWL,12,12-03-2009 14:07,6.75,13085,United Kingdom,81,,,
490069,21871,SAVE THE PLANET MUG,12,12-03-2009 14:07,1.25,13085,United Kingdom,15,,,
490070,22112,CHOCOLATE HOT WATER BOTTLE,48,12-03-2009 14:07,4.25,14967,United Kingdom,204,,,
490070,85114B,IVORY ENCHANTED FOREST PLACEMAT,1,12-03-2009 14:07,1.65,14967,United Kingdom,1.65,,,
490070,20621,ECONOMY PASSPORT COVER ,1,12-03-2009 14:07,2.1,14967,United Kingdom,2.1,,,
490070,21166,COOK WITH WINE METAL SIGN ,12,12-03-2009 14:07,1.95,14967,United Kingdom,23.4,,,
490070,22196,SMALL HEART MEASURING SPOONS,6,12-03-2009 14:07,0.85,14967,United Kingdom,5.1,,,
490071,21485,RED SPOT HEART HOT WATER BOTTLE,3,12-03-2009 14:11,4.95,16497,United Kingdom,14.85,,,
490071,85049H,URBAN BLACK RIBBONS ,12,12-03-2009 14:11,1.25,16497,United Kingdom,15,,,
490071,85049B,LUSH GREENS RIBBONS,12,12-03-2009 14:11,1.25,16497,United Kingdom,15,,,
490071,85049C,ROMANTIC PINKS RIBBONS ,12,12-03-2009 14:11,1.25,16497,United Kingdom,15,,,
490071,22073,RETRO SPOT STORAGE JAR,4,12-03-2009 14:11,3.75,16497,United Kingdom,15,,,
490071,21592,RETRO SPOT  CIGAR BOX MATCHES ,24,12-03-2009 14:11,1.25,16497,United Kingdom,30,,,
490071,21217,RED SPOTTY ROUND CAKE TINS,1,12-03-2009 14:11,9.95,16497,United Kingdom,9.95,,,
490071,21080,SET/20 RED SPOTTY PAPER NAPKINS ,12,12-03-2009 14:11,0.85,16497,United Kingdom,10.2,,,
490071,21531,RETRO SPOT SUGAR JAM BOWL,6,12-03-2009 14:11,2.55,16497,United Kingdom,15.3,,,
490071,21537,RETRO SPOTS PUDDING BOWL,4,12-03-2009 14:11,4.25,16497,United Kingdom,17,,,
490071,21535,RETRO SPOT SMALL MILK JUG,6,12-03-2009 14:11,2.55,16497,United Kingdom,15.3,,,
490071,21527,RETRO SPOT TRADITIONAL TEAPOT ,2,12-03-2009 14:11,7.95,16497,United Kingdom,15.9,,,
490071,21533,RETRO SPOT LARGE MILK JUG,3,12-03-2009 14:11,4.95,16497,United Kingdom,14.85,,,
490071,21116,OWL DOORSTOP,3,12-03-2009 14:11,4.95,16497,United Kingdom,14.85,,,
490071,20685,RED SPOTTY COIR DOORMAT,2,12-03-2009 14:11,6.75,16497,United Kingdom,13.5,,,
490071,21524,SPOTTY  HOME SWEET HOME DOORMAT,2,12-03-2009 14:11,6.75,16497,United Kingdom,13.5,,,
490071,21737,SET 3 WICKER LOG BASKETS,1,12-03-2009 14:11,19.95,16497,United Kingdom,19.95,,,
490071,85063,CREAM SWEETHEART MAGAZINE RACK,1,12-03-2009 14:11,16.95,16497,United Kingdom,16.95,,,
490071,85065,CREAM SWEETHEART TRAYS,1,12-03-2009 14:11,12.75,16497,United Kingdom,12.75,,,
490072,21742,LARGE ROUND WICKER PLATTER ,1,12-03-2009 14:28,5.95,17764,United Kingdom,5.95,,,
490072,21428,SET3 BOOK BOX GREEN GINGHAM FLOWER ,1,12-03-2009 14:28,4.25,17764,United Kingdom,4.25,,,
490072,21004,ROSE DU SUD CHILDS APRON,1,12-03-2009 14:28,4.25,17764,United Kingdom,4.25,,,
490072,21000,ROSE DU SUD COSMETICS BAG,1,12-03-2009 14:28,4.25,17764,United Kingdom,4.25,,,
490072,21479,WHITE SKULL HOT WATER BOTTLE ,2,12-03-2009 14:28,3.75,17764,United Kingdom,7.5,,,
490072,22297,HEART IVORY TRELLIS SMALL,3,12-03-2009 14:28,1.25,17764,United Kingdom,3.75,,,
490072,22294,HEART FILIGREE DOVE  SMALL,2,12-03-2009 14:28,1.25,17764,United Kingdom,2.5,,,
490072,72802B,OCEAN SCENT CANDLE IN JEWELLED BOX,1,12-03-2009 14:28,4.25,17764,United Kingdom,4.25,,,
490072,22300,COFFEE MUG DOG + BALL DESIGN,6,12-03-2009 14:28,2.55,17764,United Kingdom,15.3,,,
490072,22302,COFFEE MUG PEARS  DESIGN,6,12-03-2009 14:28,2.55,17764,United Kingdom,15.3,,,
490072,21593,SWALLOW CIGAR BOX MATCHES ,6,12-03-2009 14:28,1.25,17764,United Kingdom,7.5,,,
490072,22122,SET OF 2 FANCY FONT TEA TOWELS,4,12-03-2009 14:28,2.95,17764,United Kingdom,11.8,,,
490072,22113,GREY HEART HOT WATER BOTTLE,6,12-03-2009 14:28,3.45,17764,United Kingdom,20.7,,,
490072,22125,UNION JACK HOT WATER BOTTLE ,2,12-03-2009 14:28,5.95,17764,United Kingdom,11.9,,,
490072,21479,WHITE SKULL HOT WATER BOTTLE ,2,12-03-2009 14:28,3.75,17764,United Kingdom,7.5,,,
490072,20980,36 PENCILS TUBE POSY,3,12-03-2009 14:28,1.25,17764,United Kingdom,3.75,,,
490072,10134,COLOURING PENCILS BROWN TUBE,3,12-03-2009 14:28,1.25,17764,United Kingdom,3.75,,,
490072,21992,VINTAGE PAISLEY STATIONERY SET,4,12-03-2009 14:28,2.95,17764,United Kingdom,11.8,,,
490072,21279,VINTAGE KITCHEN PRINT FRUITS,4,12-03-2009 14:28,2.55,17764,United Kingdom,10.2,,,
490072,21051,RIBBONS PURSE ,3,12-03-2009 14:28,2.1,17764,United Kingdom,6.3,,,
490072,48187,DOOR MAT NEW ENGLAND,1,12-03-2009 14:28,6.75,17764,United Kingdom,6.75,,,
490072,72803B,OCEAN SCENT CANDLE JEWELLED DRAWER,1,12-03-2009 14:28,4.25,17764,United Kingdom,4.25,,,
490072,22111,SCOTTIE DOG HOT WATER BOTTLE,1,12-03-2009 14:28,4.95,17764,United Kingdom,4.95,,,
490072,47592B,SCOTTIES DESIGN CHILD'S OVERALL,1,12-03-2009 14:28,2.1,17764,United Kingdom,2.1,,,
490072,20713,JUMBO BAG OWLS,1,12-03-2009 14:28,1.95,17764,United Kingdom,1.95,,,
490072,84548,CROCHET BEAR RED/BLUE  KEYRING,1,12-03-2009 14:28,1.65,17764,United Kingdom,1.65,,,
490072,35981C,WHITE SNOW SCANDINAVIAN STOCKING ,1,12-03-2009 14:28,1.25,17764,United Kingdom,1.25,,,
490072,84676,BATH DUCK WATERING CAN,1,12-03-2009 14:28,2.95,17764,United Kingdom,2.95,,,
490072,85097B,BLUE ROCKING SINGING CANARY,1,12-03-2009 14:28,3.75,17764,United Kingdom,3.75,,,
490072,21556,CERAMIC STRAWBERRY MONEY BOX,1,12-03-2009 14:28,2.55,17764,United Kingdom,2.55,,,
490073,85123A,WHITE HANGING HEART T-LIGHT HOLDER,32,12-03-2009 14:36,2.55,14905,United Kingdom,81.6,,,
490073,75049L,LARGE CIRCULAR MIRROR MOBILE,12,12-03-2009 14:36,1.25,14905,United Kingdom,15,,,
490073,22173,METAL 4 HOOK HANGER FRENCH CHATEAU,4,12-03-2009 14:36,2.95,14905,United Kingdom,11.8,,,
490073,79029,GLASS HONEYPOT WASP CATCHER,8,12-03-2009 14:36,1.95,14905,United Kingdom,15.6,,,
490073,16015,MEDIUM CHINESE STYLE SCISSOR,40,12-03-2009 14:36,0.5,14905,United Kingdom,20,,,
490073,21733,RED HANGING HEART T-LIGHT HOLDER,6,12-03-2009 14:36,2.95,14905,United Kingdom,17.7,,,
490073,21181,PLEASE ONE PERSON  METAL SIGN,12,12-03-2009 14:36,2.1,14905,United Kingdom,25.2,,,
490073,21868,POTTING SHED TEA MUG,12,12-03-2009 14:36,1.25,14905,United Kingdom,15,,,
490073,82494L,WOODEN FRAME ANTIQUE WHITE ,6,12-03-2009 14:36,2.95,14905,United Kingdom,17.7,,,
490073,21479,WHITE SKULL HOT WATER BOTTLE ,2,12-03-2009 14:36,3.75,14905,United Kingdom,7.5,,,
490073,85231B,CINAMMON SET OF 9 T-LIGHTS,12,12-03-2009 14:36,0.85,14905,United Kingdom,10.2,,,
490073,21900,"KEY FOB , SHED",23,12-03-2009 14:36,0.65,14905,United Kingdom,14.95,,,
490073,21491,SET OF THREE VINTAGE GIFT WRAPS,3,12-03-2009 14:36,1.95,14905,United Kingdom,5.85,,,
490075,35004B,SET OF 3 BLACK FLYING DUCKS,12,12-03-2009 14:42,4.65,18229,United Kingdom,55.8,,,
490075,35004C,SET OF 3 COLOURED  FLYING DUCKS,36,12-03-2009 14:42,4.65,18229,United Kingdom,167.4,,,
490075,35004P,SET OF 3 PINK FLYING DUCKS,12,12-03-2009 14:42,4.65,18229,United Kingdom,55.8,,,
490075,79321,CHILLI LIGHTS,24,12-03-2009 14:42,4.25,18229,United Kingdom,102,,,
490077,20711,JUMBO BAG TOYS ,6,12-03-2009 15:09,1.95,17293,United Kingdom,11.7,,,
490077,85099B,JUMBO BAG RED WHITE SPOTTY ,12,12-03-2009 15:09,1.95,17293,United Kingdom,23.4,,,
490077,85099F,JUMBO BAG STRAWBERRY,12,12-03-2009 15:09,1.95,17293,United Kingdom,23.4,,,
490077,21931,JUMBO STORAGE BAG SUKI,6,12-03-2009 15:09,1.95,17293,United Kingdom,11.7,,,
490077,21034,REX CASH+CARRY JUMBO SHOPPER,5,12-03-2009 15:09,0.95,17293,United Kingdom,4.75,,,
490077,84879,ASSORTED COLOUR BIRD ORNAMENT,24,12-03-2009 15:09,1.69,17293,United Kingdom,40.56,,,
490078,85098B,BLUE FLYING SINGING CANARY,4,12-03-2009 15:09,3.75,17853,United Kingdom,15,,,
490078,20764,ABSTRACT CIRCLES SKETCHBOOK ,4,12-03-2009 15:09,3.75,17853,United Kingdom,15,,,
490078,20776,ABSTRACT CIRCLES NOTEBOOK,6,12-03-2009 15:09,1.65,17853,United Kingdom,9.9,,,
490078,84813,SET OF 4 DIAMOND NAPKIN RINGS,6,12-03-2009 15:09,12.75,17853,United Kingdom,76.5,,,
490078,21232,STRAWBERRY CERAMIC TRINKET BOX,2,12-03-2009 15:09,1.25,17853,United Kingdom,2.5,,,
490078,84029C,BROWN FURRY HOT WATER BOTTLE,6,12-03-2009 15:09,3.75,17853,United Kingdom,22.5,,,
490078,21484,CHICK GREY HOT WATER BOTTLE,6,12-03-2009 15:09,3.45,17853,United Kingdom,20.7,,,
490078,21479,WHITE SKULL HOT WATER BOTTLE ,6,12-03-2009 15:09,3.75,17853,United Kingdom,22.5,,,
490078,84029G,KNITTED UNION FLAG HOT WATER BOTTLE,6,12-03-2009 15:09,3.75,17853,United Kingdom,22.5,,,
490078,37501,TEA TIME TEA SET IN GIFT BOX,4,12-03-2009 15:09,6.95,17853,United Kingdom,27.8,,,
490078,37500,TEA TIME TEAPOT IN GIFT BOX,4,12-03-2009 15:09,9.95,17853,United Kingdom,39.8,,,
490078,84706B,FAIRY CAKES TABLE CLOCK,3,12-03-2009 15:09,8.95,17853,United Kingdom,26.85,,,
490078,37503,TEA TIME CAKE STAND IN GIFT BOX,4,12-03-2009 15:09,10.75,17853,United Kingdom,43,,,
490078,21871,SAVE THE PLANET MUG,18,12-03-2009 15:09,1.25,17853,United Kingdom,22.5,,,
490078,85014D,PINK/BROWN DOTS RUFFLED UMBRELLA,2,12-03-2009 15:09,5.95,17853,United Kingdom,11.9,,,
490078,15060B,FAIRY CAKE DESIGN UMBRELLA,2,12-03-2009 15:09,3.75,17853,United Kingdom,7.5,,,
490078,85014C,BLUE/BROWN DOTS RUFFLED UMBRELLA,2,12-03-2009 15:09,5.95,17853,United Kingdom,11.9,,,
490078,20682,RED SPOTTY CHILDS UMBRELLA,3,12-03-2009 15:09,3.25,17853,United Kingdom,9.75,,,
490078,79067,CORONA MEXICAN TRAY,6,12-03-2009 15:09,3.75,17853,United Kingdom,22.5,,,
490078,35004G,SET OF 3 GOLD FLYING DUCKS,2,12-03-2009 15:09,6.35,17853,United Kingdom,12.7,,,
490078,35004C,SET OF 3 COLOURED  FLYING DUCKS,3,12-03-2009 15:09,5.45,17853,United Kingdom,16.35,,,
490078,35004G,SET OF 3 GOLD FLYING DUCKS,4,12-03-2009 15:09,6.35,17853,United Kingdom,25.4,,,
490078,21340,CLASSIC METAL BIRDCAGE PLANT HOLDER,3,12-03-2009 15:09,12.75,17853,United Kingdom,38.25,,,
490078,22049,WRAP CHRISTMAS SCREEN PRINT,25,12-03-2009 15:09,0.42,17853,United Kingdom,10.5,,,
490078,22145,CHRISTMAS CRAFT HEART STOCKING ,3,12-03-2009 15:09,2.1,17853,United Kingdom,6.3,,,
490078,22142,CHRISTMAS CRAFT WHITE FAIRY ,3,12-03-2009 15:09,1.45,17853,United Kingdom,4.35,,,
490078,22150, 3 STRIPEY MICE FELTCRAFT,4,12-03-2009 15:09,1.95,17853,United Kingdom,7.8,,,
490078,21490,SET OF THREE 50'S GIFT WRAPS ,8,12-03-2009 15:09,1.95,17853,United Kingdom,15.6,,,
490078,85114B,IVORY ENCHANTED FOREST PLACEMAT,10,12-03-2009 15:09,1.65,17853,United Kingdom,16.5,,,
490079,22334,DINOSAUR PARTY BAG + STICKER SET,4,12-03-2009 15:15,1.65,15550,United Kingdom,6.6,,,
490079,21329,DINOSAURS  WRITING SET ,6,12-03-2009 15:15,1.65,15550,United Kingdom,9.9,,,
490079,37441,ASSORTED WHITE EMBOSSED CHINA MUGS,6,12-03-2009 15:15,2.1,15550,United Kingdom,12.6,,,
490079,85107,CUT GLASS T-LIGHT HOLDER OCTAGON,6,12-03-2009 15:15,2.55,15550,United Kingdom,15.3,,,
490079,85231B,CINAMMON SET OF 9 T-LIGHTS,12,12-03-2009 15:15,0.85,15550,United Kingdom,10.2,,,
490079,85033G,SET/6 GOLD REINDEER T-LIGHT CANDLES,12,12-03-2009 15:15,1.95,15550,United Kingdom,23.4,,,
490079,85033S,SET/6 SILVER REINDEER T-LIGHTS,24,12-03-2009 15:15,1.95,15550,United Kingdom,46.8,,,
490079,20828,GLITTER BUTTERFLY CLIPS,6,12-03-2009 15:15,2.55,15550,United Kingdom,15.3,,,
490079,20893,HANGING BAUBLE T-LIGHT HOLDER SMALL,3,12-03-2009 15:15,2.55,15550,United Kingdom,7.65,,,
490079,21012,ANTIQUE ALL GLASS CANDLESTICK,6,12-03-2009 15:15,2.1,15550,United Kingdom,12.6,,,
490080,18098C,PORCELAIN BUTTERFLY OIL BURNER,6,12-03-2009 15:20,2.95,13531,United Kingdom,17.7,,,
490080,20711,JUMBO BAG TOYS ,10,12-03-2009 15:20,1.95,13531,United Kingdom,19.5,,,
490080,21955,UNION JACK GUNS & ROSES  DOORMAT,2,12-03-2009 15:20,6.75,13531,United Kingdom,13.5,,,
490080,22074,6 RIBBONS SHIMMERING PINKS ,12,12-03-2009 15:20,1.65,13531,United Kingdom,19.8,,,
490080,22075,6 RIBBONS ELEGANT CHRISTMAS ,12,12-03-2009 15:20,1.65,13531,United Kingdom,19.8,,,
490080,22076,6 RIBBONS EMPIRE  ,12,12-03-2009 15:20,1.65,13531,United Kingdom,19.8,,,
490080,22078,RIBBON REEL LACE DESIGN ,10,12-03-2009 15:20,2.1,13531,United Kingdom,21,,,
490080,22086,PAPER CHAIN KIT 50'S CHRISTMAS ,6,12-03-2009 15:20,2.95,13531,United Kingdom,17.7,,,
490080,44230,SQUARE MIRROR CURTAIN,4,12-03-2009 15:20,7.95,13531,United Kingdom,31.8,,,
490080,47568,ENGLISH ROSE DESIGN PEG BAG,6,12-03-2009 15:20,2.1,13531,United Kingdom,12.6,,,
490080,48129,DOOR MAT TOPIARY,2,12-03-2009 15:20,6.75,13531,United Kingdom,13.5,,,
490080,48185,DOOR MAT FAIRY CAKE,2,12-03-2009 15:20,6.75,13531,United Kingdom,13.5,,,
490080,48187,DOOR MAT NEW ENGLAND,2,12-03-2009 15:20,6.75,13531,United Kingdom,13.5,,,
490080,85099B,JUMBO BAG RED WHITE SPOTTY ,20,12-03-2009 15:20,1.95,13531,United Kingdom,39,,,
490080,85099C,JUMBO  BAG BAROQUE BLACK WHITE,20,12-03-2009 15:20,1.95,13531,United Kingdom,39,,,
490081,21622,VINTAGE UNION JACK CUSHION COVER,8,12-03-2009 15:32,4.95,13786,United Kingdom,39.6,,,
490081,21755,LOVE BUILDING BLOCK WORD,9,12-03-2009 15:32,5.95,13786,United Kingdom,53.55,,,
490081,21868,POTTING SHED TEA MUG,36,12-03-2009 15:32,1.25,13786,United Kingdom,45,,,
490081,22119, PEACE WOODEN BLOCK LETTERS,6,12-03-2009 15:32,6.95,13786,United Kingdom,41.7,,,
490081,82552,WASHROOM METAL SIGN,12,12-03-2009 15:32,1.25,13786,United Kingdom,15,,,
490081,82553,POP'S GREASY SPOON METAL SIGN,24,12-03-2009 15:32,1.65,13786,United Kingdom,39.6,,,
490081,82583,HOT BATHS METAL SIGN,24,12-03-2009 15:32,2.1,13786,United Kingdom,50.4,,,
490081,84832,ZINC WILLIE WINKIE  CANDLE STICK,24,12-03-2009 15:32,0.85,13786,United Kingdom,20.4,,,
490081,84937,KASHMIR FOLKART TUMBLERS,12,12-03-2009 15:32,2.1,13786,United Kingdom,25.2,,,
490081,84948,SILVER HANGING T-LIGHT HOLDER DOME,12,12-03-2009 15:32,1.65,13786,United Kingdom,19.8,,,
490081,84949,SILVER HANGING T-LIGHT HOLDER,12,12-03-2009 15:32,1.65,13786,United Kingdom,19.8,,,
490081,84970L,SINGLE HEART ZINC T-LIGHT HOLDER,12,12-03-2009 15:32,0.95,13786,United Kingdom,11.4,,,
490081,84970S,HANGING HEART ZINC T-LIGHT HOLDER,12,12-03-2009 15:32,0.85,13786,United Kingdom,10.2,,,
490081,85123A,WHITE HANGING HEART T-LIGHT HOLDER,24,12-03-2009 15:32,2.95,13786,United Kingdom,70.8,,,
490081,21133,PAINTED BIRD ASSORTED CHRISTMAS,12,12-03-2009 15:32,1.69,13786,United Kingdom,20.28,,,
490081,21136,PAINTED METAL PEARS ASSORTED,24,12-03-2009 15:32,1.69,13786,United Kingdom,40.56,,,
490081,21172,PARTY METAL SIGN ,12,12-03-2009 15:32,1.45,13786,United Kingdom,17.4,,,
490081,21174,POTTERING IN THE SHED METAL SIGN,36,12-03-2009 15:32,1.95,13786,United Kingdom,70.2,,,
490081,21258,VICTORIAN SEWING BOX LARGE,6,12-03-2009 15:32,12.75,13786,United Kingdom,76.5,,,
490081,21259,VICTORIAN SEWING BOX SMALL ,6,12-03-2009 15:32,5.95,13786,United Kingdom,35.7,,,
490082,20733,GOLD MINI TAPE MEASURE ,10,12-03-2009 15:34,0.85,14952,United Kingdom,8.5,,,
490082,20734,SILVER MINI TAPE MEASURE ,10,12-03-2009 15:34,0.85,14952,United Kingdom,8.5,,,
490082,20736,PINK MINI TAPE MEASURE ,10,12-03-2009 15:34,0.85,14952,United Kingdom,8.5,,,
490082,20971,PINK BLUE FELT CRAFT TRINKET BOX,48,12-03-2009 15:34,1.25,14952,United Kingdom,60,,,
490082,22147,FELTCRAFT BUTTERFLY HEARTS,80,12-03-2009 15:34,1.25,14952,United Kingdom,100,,,
490082,22150, 3 STRIPEY MICE FELTCRAFT,80,12-03-2009 15:34,1.65,14952,United Kingdom,132,,,
490082,85176,SEWING SUSAN 21 NEEDLE SET,24,12-03-2009 15:34,0.85,14952,United Kingdom,20.4,,,
490083,85112,S/3 TEAR DROP CUT GLASS DECORATION,47,12-03-2009 15:35,1.25,14031,United Kingdom,58.75,,,
490083,21010,ETCHED GLASS BIRD TREE DECORATION,48,12-03-2009 15:35,1.25,14031,United Kingdom,60,,,
490083,84029E,RED WOOLLY HOTTIE WHITE HEART.,24,12-03-2009 15:35,2.95,14031,United Kingdom,70.8,,,
490083,21524,SPOTTY  HOME SWEET HOME DOORMAT,10,12-03-2009 15:35,5.95,14031,United Kingdom,59.5,,,
490083,48185,DOOR MAT FAIRY CAKE,10,12-03-2009 15:35,5.95,14031,United Kingdom,59.5,,,
490083,84879,ASSORTED COLOUR BIRD ORNAMENT,160,12-03-2009 15:35,1.45,14031,United Kingdom,232,,,
490083,85044,RED REINDEER STRING OF 20 LIGHTS,24,12-03-2009 15:35,4.25,14031,United Kingdom,102,,,
490083,85047,WHITE BEADED GARLAND STRING 20LIGHT,24,12-03-2009 15:35,5.55,14031,United Kingdom,133.2,,,
490083,37370,RETRO COFFEE MUGS ASSORTED,72,12-03-2009 15:35,1.06,14031,United Kingdom,76.32,,,
490083,84029G,KNITTED UNION FLAG HOT WATER BOTTLE,24,12-03-2009 15:35,3.39,14031,United Kingdom,81.36,,,
490083,85014B,RED/WHITE DOTS RUFFLED UMBRELLA,4,12-03-2009 15:35,5.95,14031,United Kingdom,23.8,,,
490083,85014A,BLACK/BLUE DOTS RUFFLED UMBRELLA,4,12-03-2009 15:35,5.95,14031,United Kingdom,23.8,,,
490083,85014C,BLUE/BROWN DOTS RUFFLED UMBRELLA,2,12-03-2009 15:35,5.95,14031,United Kingdom,11.9,,,
490083,85014D,PINK/BROWN DOTS RUFFLED UMBRELLA,2,12-03-2009 15:35,5.95,14031,United Kingdom,11.9,,,
490083,15056N,EDWARDIAN PARASOL NATURAL,12,12-03-2009 15:35,5.95,14031,United Kingdom,71.4,,,
490083,15056BL,EDWARDIAN PARASOL BLACK,24,12-03-2009 15:35,5.95,14031,United Kingdom,142.8,,,
490083,20679,EDWARDIAN PARASOL RED,24,12-03-2009 15:35,5.95,14031,United Kingdom,142.8,,,
490083,20818,GOLD TEDDY BEAR,2,12-03-2009 15:35,3.75,14031,United Kingdom,7.5,,,
490083,20819,SILVER TEDDY BEAR,2,12-03-2009 15:35,3.75,14031,United Kingdom,7.5,,,
490083,21624,VINTAGE UNION JACK DOORSTOP,4,12-03-2009 15:35,5.95,14031,United Kingdom,23.8,,,
490083,21622,VINTAGE UNION JACK CUSHION COVER,12,12-03-2009 15:35,4.95,14031,United Kingdom,59.4,,,
490083,79323S, SILVER CHERRY LIGHTS,3,12-03-2009 15:35,6.75,14031,United Kingdom,20.25,,,
490083,79323G,GOLD  CHERRY LIGHTS,3,12-03-2009 15:35,6.75,14031,United Kingdom,20.25,,,
490083,21477,STRING OF 20 ROSE LIGHTS,4,12-03-2009 15:35,12.75,14031,United Kingdom,51,,,
490083,21700,BIG DOUGHNUT FRIDGE MAGNETS,24,12-03-2009 15:35,0.85,14031,United Kingdom,20.4,,,
490083,21711,FOLDING UMBRELLA  WHITE/RED  SPOT,48,12-03-2009 15:35,4.95,14031,United Kingdom,237.6,,,
490083,85231B,CINAMMON SET OF 9 T-LIGHTS,12,12-03-2009 15:35,0.85,14031,United Kingdom,10.2,,,
490083,22071,SMALL RETRO SPOT MUG IN BOX  WHITE,6,12-03-2009 15:35,3.75,14031,United Kingdom,22.5,,,
490083,85231L,LAVENDER SCENTED SET/9 T-LIGHTS,10,12-03-2009 15:35,0.85,14031,United Kingdom,8.5,,,
490083,21682,LARGE MEDINA STAMPED METAL BOWL ,2,12-03-2009 15:35,4.95,14031,United Kingdom,9.9,,,
490083,21784,SHOE SHINE BOX ,1,12-03-2009 15:35,9.95,14031,United Kingdom,9.95,,,
490083,21392,RED SPOTTY PUDDING BOWL,6,12-03-2009 15:35,2.1,14031,United Kingdom,12.6,,,
490083,22309,TEA COSY RED  STRIPE,6,12-03-2009 15:35,2.55,14031,United Kingdom,15.3,,,
490083,85028S,FRENCH CHATEAU SMALL FRUITBOWL,1,12-03-2009 15:35,4.95,14031,United Kingdom,4.95,,,
490083,22207,FRYING PAN UNION FLAG,10,12-03-2009 15:35,4.25,14031,United Kingdom,42.5,,,
490083,79067,CORONA MEXICAN TRAY,20,12-03-2009 15:35,3.75,14031,United Kingdom,75,,,
490083,21875,KINGS CHOICE MUG,6,12-03-2009 15:35,1.25,14031,United Kingdom,7.5,,,
490083,21398,RED  SPOTTY COFFEE  MUG,12,12-03-2009 15:35,2.1,14031,United Kingdom,25.2,,,
490083,21877,HOME SWEET HOME MUG,12,12-03-2009 15:35,1.25,14031,United Kingdom,15,,,
490083,21871,SAVE THE PLANET MUG,12,12-03-2009 15:35,1.25,14031,United Kingdom,15,,,
490083,85114B,IVORY ENCHANTED FOREST PLACEMAT,16,12-03-2009 15:35,1.65,14031,United Kingdom,26.4,,,
490083,85114C,RED ENCHANTED FOREST PLACEMAT,16,12-03-2009 15:35,1.65,14031,United Kingdom,26.4,,,
490083,37502,TEA TIME MUG IN GIFT BOX,4,12-03-2009 15:35,2.95,14031,United Kingdom,11.8,,,
490083,37500,TEA TIME TEAPOT IN GIFT BOX,2,12-03-2009 15:35,9.95,14031,United Kingdom,19.9,,,
490083,37503,TEA TIME CAKE STAND IN GIFT BOX,4,12-03-2009 15:35,10.75,14031,United Kingdom,43,,,
490083,22034,ROBIN CHRISTMAS CARD,24,12-03-2009 15:35,0.42,14031,United Kingdom,10.08,,,
490083,22042,CHRISTMAS CARD SINGING ANGEL,12,12-03-2009 15:35,0.42,14031,United Kingdom,5.04,,,
490083,21609,SET 12 LAVENDER  BOTANICAL T-LIGHTS,4,12-03-2009 15:35,2.95,14031,United Kingdom,11.8,,,
490083,21613,S/12 VANILLA  BOTANICAL T-LIGHTS,4,12-03-2009 15:35,2.95,14031,United Kingdom,11.8,,,
490083,21610,SET 12 PEAR BOTANICAL T-LIGHTS,4,12-03-2009 15:35,2.95,14031,United Kingdom,11.8,,,
490083,22142,CHRISTMAS CRAFT WHITE FAIRY ,6,12-03-2009 15:35,1.45,14031,United Kingdom,8.7,,,
490083,22145,CHRISTMAS CRAFT HEART STOCKING ,6,12-03-2009 15:35,2.1,14031,United Kingdom,12.6,,,
490083,22065,CHRISTMAS PUDDING TRINKET POT ,10,12-03-2009 15:35,1.45,14031,United Kingdom,14.5,,,
490083,20878,SET/9 CHRISTMAS T-LIGHTS SCENTED ,24,12-03-2009 15:35,1.25,14031,United Kingdom,30,,,
490083,85033S,SET/6 SILVER REINDEER T-LIGHTS,12,12-03-2009 15:35,1.95,14031,United Kingdom,23.4,,,
490083,21490,SET OF THREE 50'S GIFT WRAPS ,10,12-03-2009 15:35,1.95,14031,United Kingdom,19.5,,,
490083,85033G,SET/6 GOLD REINDEER T-LIGHT CANDLES,12,12-03-2009 15:35,1.95,14031,United Kingdom,23.4,,,
490083,20668,DISCO BALL CHRISTMAS DECORATION,192,12-03-2009 15:35,0.12,14031,United Kingdom,23.04,,,
490083,21591,COSY HOUR CIGAR BOX MATCHES ,24,12-03-2009 15:35,1.25,14031,United Kingdom,30,,,
490083,22086,PAPER CHAIN KIT 50'S CHRISTMAS ,10,12-03-2009 15:35,2.95,14031,United Kingdom,29.5,,,
490083,22220,CAKE STAND LOVEBIRD 2 TIER WHITE,3,12-03-2009 15:35,9.95,14031,United Kingdom,29.85,,,
490085,21432,SET OF 3 CASES WOODLAND DESIGN,1,12-03-2009 15:43,5.95,12937,United Kingdom,5.95,,,
490085,22138,BAKING SET 9 PIECE RETROSPOT ,2,12-03-2009 15:43,4.95,12937,United Kingdom,9.9,,,
490085,21936,RED/WHITE SPOT PICNIC BAG,10,12-03-2009 15:43,2.95,12937,United Kingdom,29.5,,,
490085,21733,RED HANGING HEART T-LIGHT HOLDER,5,12-03-2009 15:43,2.95,12937,United Kingdom,14.75,,,
490085,72756,FAIRY CAKE CANDLES,9,12-03-2009 15:43,1.49,12937,United Kingdom,13.41,,,
490085,72741,GRAND CHOCOLATECANDLE,9,12-03-2009 15:43,1.45,12937,United Kingdom,13.05,,,
490085,84535B,FAIRY CAKES NOTEBOOK A6 SIZE,8,12-03-2009 15:43,0.65,12937,United Kingdom,5.2,,,
490085,84536B,FAIRY CAKES NOTEBOOK A7 SIZE,10,12-03-2009 15:43,0.42,12937,United Kingdom,4.2,,,
490085,84536A,ENGLISH ROSE NOTEBOOK A7 SIZE,10,12-03-2009 15:43,0.42,12937,United Kingdom,4.2,,,
490085,20977,36 PENCILS TUBE WOODLAND,4,12-03-2009 15:43,1.25,12937,United Kingdom,5,,,
490085,22348,TEA BAG PLATE RED SPOTTY ,10,12-03-2009 15:43,0.85,12937,United Kingdom,8.5,,,
490085,21584,RETRO SPOT SMALL TUBE MATCHES,11,12-03-2009 15:43,1.65,12937,United Kingdom,18.15,,,
490085,22304,COFFEE MUG BLUE PAISLEY DESIGN,6,12-03-2009 15:43,2.55,12937,United Kingdom,15.3,,,
490085,84836,ZINC METAL HEART DECORATION,12,12-03-2009 15:43,1.25,12937,United Kingdom,15,,,
490085,20750, RED/WHITE DOT MINI CASES,1,12-03-2009 15:43,7.95,12937,United Kingdom,7.95,,,
490086,21314,SMALL GLASS HEART TRINKET POT,432,12-03-2009 15:48,1.85,17949,United Kingdom,799.2,,,
490087,22178,VICTORIAN GLASS HANGING T-LIGHT,48,12-03-2009 15:49,1.25,15601,United Kingdom,60,,,
490087,22219,LOVEBIRD HANGING DECORATION WHITE ,12,12-03-2009 15:49,0.85,15601,United Kingdom,10.2,,,
490087,22296,HEART IVORY TRELLIS LARGE,12,12-03-2009 15:49,1.65,15601,United Kingdom,19.8,,,
490087,35400,WOODEN BOX ADVENT CALENDAR ,2,12-03-2009 15:49,8.95,15601,United Kingdom,17.9,,,
490087,35951,FOLKART BAUBLE CHRISTMAS DECORATION,48,12-03-2009 15:49,0.38,15601,United Kingdom,18.24,,,
490087,35958,FOLKART ZINC STAR CHRISTMAS DEC,12,12-03-2009 15:49,0.85,15601,United Kingdom,10.2,,,
490087,35961,FOLKART ZINC HEART CHRISTMAS DEC,12,12-03-2009 15:49,0.85,15601,United Kingdom,10.2,,,
490087,35981C,WHITE SNOW SCANDINAVIAN STOCKING ,12,12-03-2009 15:49,1.25,15601,United Kingdom,15,,,
490087,82483,WOOD 2 DRAWER CABINET WHITE FINISH,3,12-03-2009 15:49,5.95,15601,United Kingdom,17.85,,,
490087,82494L,WOODEN FRAME ANTIQUE WHITE ,12,12-03-2009 15:49,2.95,15601,United Kingdom,35.4,,,
490087,84347,ROTATING SILVER ANGELS T-LIGHT HLDR,18,12-03-2009 15:49,2.55,15601,United Kingdom,45.9,,,
490087,84879,ASSORTED COLOUR BIRD ORNAMENT,24,12-03-2009 15:49,1.69,15601,United Kingdom,40.56,,,
490087,84946,ANTIQUE SILVER TEA GLASS ETCHED,24,12-03-2009 15:49,1.25,15601,United Kingdom,30,,,
490087,85123A,WHITE HANGING HEART T-LIGHT HOLDER,12,12-03-2009 15:49,2.95,15601,United Kingdom,35.4,,,
490087,85199L,LARGE HANGING IVORY & RED WOOD BIRD,12,12-03-2009 15:49,0.65,15601,United Kingdom,7.8,,,
490087,20956,PORCELAIN T-LIGHT HOLDERS ASSORTED,12,12-03-2009 15:49,1.25,15601,United Kingdom,15,,,
490087,21014,SWISS CHALET TREE DECORATION ,12,12-03-2009 15:49,0.85,15601,United Kingdom,10.2,,,
490087,21015,DARK BIRD HOUSE TREE DECORATION,12,12-03-2009 15:49,0.85,15601,United Kingdom,10.2,,,
490087,21136,PAINTED METAL PEARS ASSORTED,8,12-03-2009 15:49,1.69,15601,United Kingdom,13.52,,,
490087,21385,IVORY HANGING DECORATION  HEART,24,12-03-2009 15:49,0.85,15601,United Kingdom,20.4,,,
490087,21390,FILIGRIS HEART WITH BUTTERFLY,24,12-03-2009 15:49,1.25,15601,United Kingdom,30,,,
490087,21484,CHICK GREY HOT WATER BOTTLE,4,12-03-2009 15:49,3.45,15601,United Kingdom,13.8,,,
490087,21485,RED SPOT HEART HOT WATER BOTTLE,3,12-03-2009 15:49,4.95,15601,United Kingdom,14.85,,,
490087,21732,RED HANGING METAL STAR TLIGHT HLDR,8,12-03-2009 15:49,3.75,15601,United Kingdom,30,,,
490087,21733,RED HANGING HEART T-LIGHT HOLDER,6,12-03-2009 15:49,2.95,15601,United Kingdom,17.7,,,
490087,21754,HOME BUILDING BLOCK WORD,3,12-03-2009 15:49,5.95,15601,United Kingdom,17.85,,,
490087,21756,BATH BUILDING BLOCK WORD,3,12-03-2009 15:49,5.95,15601,United Kingdom,17.85,,,
490087,21809,CHRISTMAS HANGING TREE WITH BELL,12,12-03-2009 15:49,1.25,15601,United Kingdom,15,,,
490087,21814,HEART T-LIGHT HOLDER ,12,12-03-2009 15:49,1.45,15601,United Kingdom,17.4,,,
490087,22023,EMPIRE BIRTHDAY CARD,12,12-03-2009 15:49,0.42,15601,United Kingdom,5.04,,,
490087,22026,BANQUET BIRTHDAY  CARD  ,12,12-03-2009 15:49,0.42,15601,United Kingdom,5.04,,,
490087,22027,TEA PARTY BIRTHDAY CARD,24,12-03-2009 15:49,0.42,15601,United Kingdom,10.08,,,
490087,22029,SPACE BOY BIRTHDAY CARD,24,12-03-2009 15:49,0.42,15601,United Kingdom,10.08,,,
490087,22030,SWALLOWS GREETING CARD,24,12-03-2009 15:49,0.42,15601,United Kingdom,10.08,,,
490087,22035,VINTAGE CARAVAN GREETING CARD ,12,12-03-2009 15:49,0.42,15601,United Kingdom,5.04,,,
490087,21493, VINTAGE DESIGN GIFT TAGS,12,12-03-2009 15:49,0.85,15601,United Kingdom,10.2,,,
490087,21494,ROTATING LEAVES T-LIGHT HOLDER,12,12-03-2009 15:49,2.55,15601,United Kingdom,30.6,,,
490087,21507,"ELEPHANT, BIRTHDAY CARD, ",12,12-03-2009 15:49,0.42,15601,United Kingdom,5.04,,,
490087,21519,GIN & TONIC DIET GREETING CARD ,12,12-03-2009 15:49,0.42,15601,United Kingdom,5.04,,,
490087,18096C,WHITE ROUND PORCELAIN TLIGHT HOLDER,6,12-03-2009 15:49,2.55,15601,United Kingdom,15.3,,,
490087,20679,EDWARDIAN PARASOL RED,3,12-03-2009 15:49,5.95,15601,United Kingdom,17.85,,,
490087,22042,CHRISTMAS CARD SINGING ANGEL,12,12-03-2009 15:49,0.42,15601,United Kingdom,5.04,,,
490087,22086,PAPER CHAIN KIT 50'S CHRISTMAS ,6,12-03-2009 15:49,2.95,15601,United Kingdom,17.7,,,
490087,22110,BIRD HOUSE HOT WATER BOTTLE,4,12-03-2009 15:49,3.45,15601,United Kingdom,13.8,,,
490087,22118,JOY WOODEN BLOCK LETTERS,3,12-03-2009 15:49,4.95,15601,United Kingdom,14.85,,,
490087,22119, PEACE WOODEN BLOCK LETTERS,3,12-03-2009 15:49,6.95,15601,United Kingdom,20.85,,,
490087,22121,NOEL WOODEN BLOCK LETTERS ,3,12-03-2009 15:49,5.95,15601,United Kingdom,17.85,,,
490087,22130,PARTY CONE CHRISTMAS DECORATION ,24,12-03-2009 15:49,0.85,15601,United Kingdom,20.4,,,
490087,22142,CHRISTMAS CRAFT WHITE FAIRY ,12,12-03-2009 15:49,1.45,15601,United Kingdom,17.4,,,
490087,22145,CHRISTMAS CRAFT HEART STOCKING ,6,12-03-2009 15:49,2.1,15601,United Kingdom,12.6,,,
490087,22151,PLACE SETTING WHITE HEART,24,12-03-2009 15:49,0.42,15601,United Kingdom,10.08,,,
490088,84725,FREESTYLE CANVAS ART PICTURE,1,12-03-2009 15:50,4.25,15581,United Kingdom,4.25,,,
490088,84721,MANHATTAN CANVAS ART PICTURE,1,12-03-2009 15:50,12.75,15581,United Kingdom,12.75,,,
490089,21314,SMALL GLASS HEART TRINKET POT,252,12-03-2009 15:52,1.85,17949,United Kingdom,466.2,,,
490090,22353,LUNCHBOX WITH CUTLERY FAIRY CAKES ,1,12-03-2009 15:53,2.55,15581,United Kingdom,2.55,,,
490090,85152,HAND OVER THE CHOCOLATE   SIGN ,1,12-03-2009 15:53,2.1,15581,United Kingdom,2.1,,,
490090,84670,JAPANESE CROCHETED ANIMAL,1,12-03-2009 15:53,0.42,15581,United Kingdom,0.42,,,
490090,21506,"FANCY FONT BIRTHDAY CARD, ",6,12-03-2009 15:53,0.42,15581,United Kingdom,2.52,,,
490090,84987,SET OF 36 TEATIME PAPER DOILIES,1,12-03-2009 15:53,1.45,15581,United Kingdom,1.45,,,
490090,84520D,PACK OF 20 FAIRY CAKE PAPER NAPKINS,1,12-03-2009 15:53,0.85,15581,United Kingdom,0.85,,,
490090,47580,TEA TIME DES TEA COSY,1,12-03-2009 15:53,2.55,15581,United Kingdom,2.55,,,
490090,37448,CERAMIC CAKE DESIGN SPOTTED MUG,1,12-03-2009 15:53,1.49,15581,United Kingdom,1.49,,,
490090,84327A,PINK JUMPER LARRY THE LAMB,1,12-03-2009 15:53,2.1,15581,United Kingdom,2.1,,,
490090,22114,HOT WATER BOTTLE TEA AND SYMPATHY,1,12-03-2009 15:53,3.95,15581,United Kingdom,3.95,,,
490090,37450,CERAMIC CAKE BOWL + HANGING CAKES,1,12-03-2009 15:53,2.95,15581,United Kingdom,2.95,,,
490090,90190A,SILVER/CRYSTAL DROP EARRINGS W LEAF,2,12-03-2009 15:53,2.95,15581,United Kingdom,5.9,,,
490090,21034,REX CASH+CARRY JUMBO SHOPPER,2,12-03-2009 15:53,0.95,15581,United Kingdom,1.9,,,
490090,21107,CREAM SLICE FLANNEL PINK SPOT ,1,12-03-2009 15:53,2.95,15581,United Kingdom,2.95,,,
490090,22114,HOT WATER BOTTLE TEA AND SYMPATHY,1,12-03-2009 15:53,3.95,15581,United Kingdom,3.95,,,
490090,84670,JAPANESE CROCHETED ANIMAL,1,12-03-2009 15:53,0.42,15581,United Kingdom,0.42,,,
490090,21470,FLOWER VINE RAFFIA FOOD COVER,2,12-03-2009 15:53,3.75,15581,United Kingdom,7.5,,,
490092,84029E,RED WOOLLY HOTTIE WHITE HEART.,4,12-03-2009 15:54,3.75,16612,United Kingdom,15,,,
490092,20982,12 PENCILS TALL TUBE SKULLS,12,12-03-2009 15:54,0.85,16612,United Kingdom,10.2,,,
490092,20983,12 PENCILS TALL TUBE RED SPOTTY,12,12-03-2009 15:54,0.85,16612,United Kingdom,10.2,,,
490092,21080,SET/20 RED SPOTTY PAPER NAPKINS ,12,12-03-2009 15:54,0.85,16612,United Kingdom,10.2,,,
490092,20728,LUNCH BAG CARS BLUE,10,12-03-2009 15:54,1.65,16612,United Kingdom,16.5,,,
490092,84520B,PACK 20 ENGLISH ROSE PAPER NAPKINS,12,12-03-2009 15:54,0.85,16612,United Kingdom,10.2,,,
490092,84970L,SINGLE HEART ZINC T-LIGHT HOLDER,12,12-03-2009 15:54,0.95,16612,United Kingdom,11.4,,,
490092,84970S,HANGING HEART ZINC T-LIGHT HOLDER,12,12-03-2009 15:54,0.85,16612,United Kingdom,10.2,,,
490092,84988,SET OF 72 PINK HEART PAPER DOILIES,24,12-03-2009 15:54,1.45,16612,United Kingdom,34.8,,,
490092,85099B,JUMBO BAG RED WHITE SPOTTY ,20,12-03-2009 15:54,1.95,16612,United Kingdom,39,,,
490092,85123A,WHITE HANGING HEART T-LIGHT HOLDER,6,12-03-2009 15:54,2.95,16612,United Kingdom,17.7,,,
490092,22275,WEEKEND BAG VINTAGE ROSE PAISLEY,4,12-03-2009 15:54,8.5,16612,United Kingdom,34,,,
490092,22276,WASH BAG VINTAGE ROSE PAISLEY,6,12-03-2009 15:54,2.55,16612,United Kingdom,15.3,,,
490092,22278,OVERNIGHT BAG VINTAGE ROSE PAISLEY,3,12-03-2009 15:54,4.95,16612,United Kingdom,14.85,,,
490092,22355,"CHARLOTTE BAG , SUKI DESIGN",20,12-03-2009 15:54,0.85,16612,United Kingdom,17,,,
490092,21733,RED HANGING HEART T-LIGHT HOLDER,6,12-03-2009 15:54,2.95,16612,United Kingdom,17.7,,,
490092,21108,FAIRY CAKE FLANNEL ASSORTED COLOUR,18,12-03-2009 15:54,2.55,16612,United Kingdom,45.9,,,
490092,21210,SET OF 72 RETRO SPOT PAPER  DOILIES,24,12-03-2009 15:54,1.45,16612,United Kingdom,34.8,,,
490092,21479,WHITE SKULL HOT WATER BOTTLE ,4,12-03-2009 15:54,3.75,16612,United Kingdom,15,,,
490092,21930,JUMBO STORAGE BAG SKULLS,20,12-03-2009 15:54,1.95,16612,United Kingdom,39,,,
490092,21931,JUMBO STORAGE BAG SUKI,20,12-03-2009 15:54,1.95,16612,United Kingdom,39,,,
490092,72741,GRAND CHOCOLATECANDLE,18,12-03-2009 15:54,1.45,16612,United Kingdom,26.1,,,
490092,72756,FAIRY CAKE CANDLES,18,12-03-2009 15:54,1.49,16612,United Kingdom,26.82,,,
490091,20971,PINK BLUE FELT CRAFT TRINKET BOX,600,12-03-2009 15:54,1.06,17949,United Kingdom,636,,,
490094,72045D,ROSES ON BLUE TEACUP CANDLE ,504,12-03-2009 15:56,1.69,17949,United Kingdom,851.76,,,
490093,84029G,KNITTED UNION FLAG HOT WATER BOTTLE,8,12-03-2009 15:56,3.75,12949,United Kingdom,30,,,
490093,84050,PINK HEART SHAPE EGG FRYING PAN,36,12-03-2009 15:56,1.65,12949,United Kingdom,59.4,,,
490093,84247G,"DECOUPAGE,GREETING CARD,",12,12-03-2009 15:56,0.42,12949,United Kingdom,5.04,,,
490093,84270,ASSTD DESIGN BUBBLE GUM RING,30,12-03-2009 15:56,0.21,12949,United Kingdom,6.3,,,
490093,84406B,CREAM CUPID HEARTS COAT HANGER,8,12-03-2009 15:56,3.25,12949,United Kingdom,26,,,
490093,84510B,SET OF 4 FAIRY CAKES COASTERS ,10,12-03-2009 15:56,1.25,12949,United Kingdom,12.5,,,
490093,84520D,PACK OF 20 FAIRY CAKE PAPER NAPKINS,12,12-03-2009 15:56,0.85,12949,United Kingdom,10.2,,,
490093,84879,ASSORTED COLOUR BIRD ORNAMENT,16,12-03-2009 15:56,1.69,12949,United Kingdom,27.04,,,
490093,84946,ANTIQUE SILVER TEA GLASS ETCHED,24,12-03-2009 15:56,1.25,12949,United Kingdom,30,,,
490093,84947,ANTIQUE SILVER TEA GLASS ENGRAVED,24,12-03-2009 15:56,1.25,12949,United Kingdom,30,,,
490093,84971S,SMALL HEART FLOWERS HOOK ,24,12-03-2009 15:56,0.85,12949,United Kingdom,20.4,,,
490093,84987,SET OF 36 TEATIME PAPER DOILIES,12,12-03-2009 15:56,1.45,12949,United Kingdom,17.4,,,
490093,84988,SET OF 72 PINK HEART PAPER DOILIES,12,12-03-2009 15:56,1.45,12949,United Kingdom,17.4,,,
490093,84991,60 TEATIME FAIRY CAKE CASES,48,12-03-2009 15:56,0.55,12949,United Kingdom,26.4,,,
490093,85123A,WHITE HANGING HEART T-LIGHT HOLDER,12,12-03-2009 15:56,2.95,12949,United Kingdom,35.4,,,
490093,85150,LADIES & GENTLEMEN METAL SIGN,12,12-03-2009 15:56,2.55,12949,United Kingdom,30.6,,,
490093,85184C,S/4 VALENTINE DECOUPAGE HEART BOX,6,12-03-2009 15:56,2.95,12949,United Kingdom,17.7,,,
490093,85232B,SET/3 RUSSIAN DOLL STACKING TINS,3,12-03-2009 15:56,4.95,12949,United Kingdom,14.85,,,
490093,10135,COLOURING PENCILS BROWN TUBE,10,12-03-2009 15:56,1.25,12949,United Kingdom,12.5,,,
490093,15056BL,EDWARDIAN PARASOL BLACK,3,12-03-2009 15:56,5.95,12949,United Kingdom,17.85,,,
490093,15056N,EDWARDIAN PARASOL NATURAL,3,12-03-2009 15:56,5.95,12949,United Kingdom,17.85,,,
490093,20679,EDWARDIAN PARASOL RED,6,12-03-2009 15:56,5.95,12949,United Kingdom,35.7,,,
490093,20828,GLITTER BUTTERFLY CLIPS,12,12-03-2009 15:56,2.55,12949,United Kingdom,30.6,,,
490093,20987,GEISHA GIRL CHOPSTICKS SET/5,10,12-03-2009 15:56,1.95,12949,United Kingdom,19.5,,,
490093,20990,SPRING FLOWER CHOPSTICKS SET/5,10,12-03-2009 15:56,1.95,12949,United Kingdom,19.5,,,
490093,21231,SWEETHEART CERAMIC TRINKET BOX,36,12-03-2009 15:56,1.25,12949,United Kingdom,45,,,
490093,21232,STRAWBERRY CERAMIC TRINKET BOX,36,12-03-2009 15:56,1.25,12949,United Kingdom,45,,,
490093,21326,AGED GLASS SILVER T-LIGHT HOLDER,24,12-03-2009 15:56,0.65,12949,United Kingdom,15.6,,,
490093,21390,FILIGRIS HEART WITH BUTTERFLY,24,12-03-2009 15:56,1.25,12949,United Kingdom,30,,,
490093,21429,RED GINGHAM ROSE JEWELLERY BOX,8,12-03-2009 15:56,1.65,12949,United Kingdom,13.2,,,
490093,21430,SET/3 RED GINGHAM ROSE STORAGE BOX,4,12-03-2009 15:56,3.75,12949,United Kingdom,15,,,
490093,21485,RED SPOT HEART HOT WATER BOTTLE,12,12-03-2009 15:56,4.95,12949,United Kingdom,59.4,,,
490093,21486,PINK HEART DOTS HOT WATER BOTTLE,12,12-03-2009 15:56,3.75,12949,United Kingdom,45,,,
490093,21488,RED WHITE SCARF  HOT WATER BOTTLE,12,12-03-2009 15:56,3.95,12949,United Kingdom,47.4,,,
490093,21977,PACK OF 60 PINK PAISLEY CAKE CASES,24,12-03-2009 15:56,0.55,12949,United Kingdom,13.2,,,
490093,22055,MINI CAKE STAND  HANGING STRAWBERY,8,12-03-2009 15:56,1.65,12949,United Kingdom,13.2,,,
490093,22057,CERAMIC PLATE STRAWBERRY DESIGN,12,12-03-2009 15:56,1.49,12949,United Kingdom,17.88,,,
490093,22059,CERAMIC STRWBERRY DESIGN MUG,36,12-03-2009 15:56,1.49,12949,United Kingdom,53.64,,,
490093,22061,LARGE CAKE STAND  HANGING STRAWBERY,2,12-03-2009 15:56,9.95,12949,United Kingdom,19.9,,,
490093,22063,CERAMIC BOWL WITH STRAWBERRY DESIGN,12,12-03-2009 15:56,2.95,12949,United Kingdom,35.4,,,
490093,10133,COLOURING PENCILS BROWN TUBE,10,12-03-2009 15:56,0.85,12949,United Kingdom,8.5,,,
490093,10134,COLOURING PENCILS BROWN TUBE,10,12-03-2009 15:56,1.25,12949,United Kingdom,12.5,,,
490093,22111,SCOTTIE DOG HOT WATER BOTTLE,12,12-03-2009 15:56,4.95,12949,United Kingdom,59.4,,,
490093,22173,METAL 4 HOOK HANGER FRENCH CHATEAU,16,12-03-2009 15:56,2.95,12949,United Kingdom,47.2,,,
490093,22178,VICTORIAN GLASS HANGING T-LIGHT,24,12-03-2009 15:56,1.25,12949,United Kingdom,30,,,
490093,22189,CREAM HEART CARD HOLDER,12,12-03-2009 15:56,3.95,12949,United Kingdom,47.4,,,
490093,22212,FOUR HOOK  WHITE LOVEBIRDS,12,12-03-2009 15:56,2.1,12949,United Kingdom,25.2,,,
490093,22220,CAKE STAND LOVEBIRD 2 TIER WHITE,2,12-03-2009 15:56,9.95,12949,United Kingdom,19.9,,,
490093,22294,HEART FILIGREE DOVE  SMALL,24,12-03-2009 15:56,1.25,12949,United Kingdom,30,,,
490093,37446,MINI CAKE STAND WITH HANGING CAKES,8,12-03-2009 15:56,1.45,12949,United Kingdom,11.6,,,
490093,37447,CERAMIC CAKE DESIGN SPOTTED PLATE,24,12-03-2009 15:56,1.49,12949,United Kingdom,35.76,,,
490093,37448,CERAMIC CAKE DESIGN SPOTTED MUG,24,12-03-2009 15:56,1.49,12949,United Kingdom,35.76,,,
490093,37449,CERAMIC CAKE STAND + HANGING CAKES,2,12-03-2009 15:56,9.95,12949,United Kingdom,19.9,,,
490093,37501,TEA TIME TEA SET IN GIFT BOX,6,12-03-2009 15:56,6.95,12949,United Kingdom,41.7,,,
490093,37502,TEA TIME MUG IN GIFT BOX,12,12-03-2009 15:56,2.95,12949,United Kingdom,35.4,,,
490093,72756,FAIRY CAKE CANDLES,27,12-03-2009 15:56,1.49,12949,United Kingdom,40.23,,,
490093,79321,CHILLI LIGHTS,4,12-03-2009 15:56,4.95,12949,United Kingdom,19.8,,,
490093,79323GR,GREEN CHERRY LIGHTS,8,12-03-2009 15:56,6.75,12949,United Kingdom,54,,,
490093,79323LP,LIGHT PINK CHERRY LIGHTS,4,12-03-2009 15:56,6.75,12949,United Kingdom,27,,,
490093,79323P,PINK CHERRY LIGHTS,8,12-03-2009 15:56,6.75,12949,United Kingdom,54,,,
490093,82482,WOODEN PICTURE FRAME WHITE FINISH,6,12-03-2009 15:56,2.55,12949,United Kingdom,15.3,,,
490093,82483,WOOD 2 DRAWER CABINET WHITE FINISH,6,12-03-2009 15:56,5.95,12949,United Kingdom,35.7,,,
490093,82486,WOOD S/3 CABINET ANT WHITE FINISH,4,12-03-2009 15:56,7.95,12949,United Kingdom,31.8,,,
490093,82494L,WOODEN FRAME ANTIQUE WHITE ,6,12-03-2009 15:56,2.95,12949,United Kingdom,17.7,,,
490095,82483,WOOD 2 DRAWER CABINET WHITE FINISH,2,12-03-2009 16:02,5.95,14958,United Kingdom,11.9,,,
490095,82482,WOODEN PICTURE FRAME WHITE FINISH,6,12-03-2009 16:02,2.55,14958,United Kingdom,15.3,,,
490095,72724,SET/6 CHRISTMAS ICICLE T-LIGHTS,6,12-03-2009 16:02,1.25,14958,United Kingdom,7.5,,,
490095,21217,RED SPOTTY ROUND CAKE TINS,2,12-03-2009 16:02,9.95,14958,United Kingdom,19.9,,,
490095,72799E,IVORY PILLAR CANDLE SILVER FLOCK,12,12-03-2009 16:02,2.95,14958,United Kingdom,35.4,,,
490095,72756,FAIRY CAKE CANDLES,9,12-03-2009 16:02,1.49,14958,United Kingdom,13.41,,,
490095,82486,WOOD S/3 CABINET ANT WHITE FINISH,2,12-03-2009 16:02,7.95,14958,United Kingdom,15.9,,,
490095,84839,SWEETHEART KEY CABINET,2,12-03-2009 16:02,6.75,14958,United Kingdom,13.5,,,
490095,84029C,BROWN FURRY HOT WATER BOTTLE,2,12-03-2009 16:02,3.75,14958,United Kingdom,7.5,,,
490095,21257,VICTORIAN SEWING BOX MEDIUM,2,12-03-2009 16:02,7.95,14958,United Kingdom,15.9,,,
490095,72800E,4 IVORY DINNER CANDLES SILVER FLOCK,6,12-03-2009 16:02,2.55,14958,United Kingdom,15.3,,,
490095,22138,BAKING SET 9 PIECE RETROSPOT ,3,12-03-2009 16:02,4.95,14958,United Kingdom,14.85,,,
490097,20733,GOLD MINI TAPE MEASURE ,3,12-03-2009 16:09,0.85,17329,United Kingdom,2.55,,,
490097,20736,PINK MINI TAPE MEASURE ,2,12-03-2009 16:09,0.85,17329,United Kingdom,1.7,,,
490097,20734,SILVER MINI TAPE MEASURE ,3,12-03-2009 16:09,0.85,17329,United Kingdom,2.55,,,
490097,84247J,PACK/12 RUSSIAN DOLL CARDS,1,12-03-2009 16:09,2.95,17329,United Kingdom,2.95,,,
490097,84902,PINK KNITTED COW STUFFED TOY,1,12-03-2009 16:09,3.75,17329,United Kingdom,3.75,,,
490097,84581,DOG TOY WITH PINK CROCHET SKIRT,2,12-03-2009 16:09,3.75,17329,United Kingdom,7.5,,,
490097,20819,SILVER TEDDY BEAR,1,12-03-2009 16:09,3.75,17329,United Kingdom,3.75,,,
490097,20818,GOLD TEDDY BEAR,1,12-03-2009 16:09,3.75,17329,United Kingdom,3.75,,,
490097,84508A,CAMOFLAGE DESIGN TEDDY,2,12-03-2009 16:09,2.55,17329,United Kingdom,5.1,,,
490097,84327A,PINK JUMPER LARRY THE LAMB,2,12-03-2009 16:09,2.1,17329,United Kingdom,4.2,,,
490097,72756,FAIRY CAKE CANDLES,9,12-03-2009 16:09,1.49,17329,United Kingdom,13.41,,,
490097,20622,VIPPASSPORT COVER ,4,12-03-2009 16:09,2.1,17329,United Kingdom,8.4,,,
490097,72799C,PINK PILLAR CANDLE SILVER FLOCK,2,12-03-2009 16:09,2.95,17329,United Kingdom,5.9,,,
490097,72799E,IVORY PILLAR CANDLE SILVER FLOCK,4,12-03-2009 16:09,2.95,17329,United Kingdom,11.8,,,
490097,21481,FAWN BLUE HOT WATER BOTTLE,2,12-03-2009 16:09,2.95,17329,United Kingdom,5.9,,,
490097,85103, SILVER T-LIGHT SETTING,1,12-03-2009 16:09,6.75,17329,United Kingdom,6.75,,,
490097,79338,DARK PINK FLOCK GLASS CANDLEHOLDER,6,12-03-2009 16:09,1.65,17329,United Kingdom,9.9,,,
490097,79336,LIGHT PINK FLOCK GLASS CANDLEHOLDER,6,12-03-2009 16:09,1.65,17329,United Kingdom,9.9,,,
490097,84854,GIRLY PINK TOOL SET,4,12-03-2009 16:09,4.95,17329,United Kingdom,19.8,,,
490097,84855,BLOKEY SILVER TOOL SET,4,12-03-2009 16:09,4.95,17329,United Kingdom,19.8,,,
490097,21481,FAWN BLUE HOT WATER BOTTLE,2,12-03-2009 16:09,2.95,17329,United Kingdom,5.9,,,
490097,84029G,KNITTED UNION FLAG HOT WATER BOTTLE,7,12-03-2009 16:09,3.75,17329,United Kingdom,26.25,,,
490097,84029E,RED WOOLLY HOTTIE WHITE HEART.,4,12-03-2009 16:09,3.75,17329,United Kingdom,15,,,
490097,21488,RED WHITE SCARF  HOT WATER BOTTLE,4,12-03-2009 16:09,3.95,17329,United Kingdom,15.8,,,
490097,84032B,CHARLIE + LOLA RED HOT WATER BOTTLE,4,12-03-2009 16:09,2.95,17329,United Kingdom,11.8,,,
490097,22037,ROBOT BIRTHDAY CARD,12,12-03-2009 16:09,0.42,17329,United Kingdom,5.04,,,
490097,22030,SWALLOWS GREETING CARD,12,12-03-2009 16:09,0.42,17329,United Kingdom,5.04,,,
490097,21508,VINTAGE KID DOLLY CARD ,12,12-03-2009 16:09,0.42,17329,United Kingdom,5.04,,,
490097,21506,"FANCY FONT BIRTHDAY CARD, ",12,12-03-2009 16:09,0.42,17329,United Kingdom,5.04,,,
490097,21593,SWALLOW CIGAR BOX MATCHES ,1,12-03-2009 16:09,1.25,17329,United Kingdom,1.25,,,
490097,21592,RETRO SPOT  CIGAR BOX MATCHES ,2,12-03-2009 16:09,1.25,17329,United Kingdom,2.5,,,
490097,21590,KINGS CHOICE CIGAR BOX MATCHES ,1,12-03-2009 16:09,1.25,17329,United Kingdom,1.25,,,
490097,21931,JUMBO STORAGE BAG SUKI,2,12-03-2009 16:09,1.95,17329,United Kingdom,3.9,,,
490097,21935,SUKI  SHOULDER BAG,2,12-03-2009 16:09,1.65,17329,United Kingdom,3.3,,,
490097,21588,RETRO SPOT GIANT  TUBE MATCHES,5,12-03-2009 16:09,2.55,17329,United Kingdom,12.75,,,
490097,21587,COSY HOUR GIANT TUBE MATCHES,4,12-03-2009 16:09,2.55,17329,United Kingdom,10.2,,,
490099,21728,METAL MEDINA LANTERN ,1,12-03-2009 16:12,12.75,16736,United Kingdom,12.75,,,
490099,21691,SILVER VANILLA FLOWER CANDLE POT,4,12-03-2009 16:12,3.75,16736,United Kingdom,15,,,
490099,21692,SILVER LATTICE VANILLA CANDLE POT,4,12-03-2009 16:12,3.75,16736,United Kingdom,15,,,
490099,72741,GRAND CHOCOLATECANDLE,18,12-03-2009 16:12,1.45,16736,United Kingdom,26.1,,,
490099,79000,MOROCCAN TEA GLASS,12,12-03-2009 16:12,0.85,16736,United Kingdom,10.2,,,
490099,82607A,GLASS BONBON JAR PARFUME AUX FLEURE,6,12-03-2009 16:12,1.25,16736,United Kingdom,7.5,,,
490099,84884A,ANT WHITE WIRE HEART SPIRAL,5,12-03-2009 16:12,3.95,16736,United Kingdom,19.75,,,
490099,21323,HANGING MEDINA LANTERN LARGE,3,12-03-2009 16:12,4.25,16736,United Kingdom,12.75,,,
490099,21324,HANGING MEDINA LANTERN SMALL,6,12-03-2009 16:12,2.95,16736,United Kingdom,17.7,,,
490099,21341,KASBAH LANTERN WITH GLASS ,3,12-03-2009 16:12,4.65,16736,United Kingdom,13.95,,,
490099,21687,SILVER PLATE CANDLE BOWL LARGE,4,12-03-2009 16:12,3.75,16736,United Kingdom,15,,,
490099,21348,PINK SPOTS CHOCOLATE NESTING BOXES ,6,12-03-2009 16:12,2.95,16736,United Kingdom,17.7,,,
490099,21380,WOODEN HAPPY BIRTHDAY GARLAND,6,12-03-2009 16:12,2.95,16736,United Kingdom,17.7,,,
490099,21480,PINK STRIPE HOT WATER BOTTLE,6,12-03-2009 16:12,2.95,16736,United Kingdom,17.7,,,
490099,21537,RETRO SPOTS PUDDING BOWL,4,12-03-2009 16:12,4.25,16736,United Kingdom,17,,,
490099,21543,BUTTERFLY WATER TRANSFER TATTOOS ,12,12-03-2009 16:12,0.85,16736,United Kingdom,10.2,,,
490099,21544,SKULLS  WATER TRANSFER TATTOOS ,12,12-03-2009 16:12,0.85,16736,United Kingdom,10.2,,,
490099,21667,GLASS CAKE COVER AND PLATE,1,12-03-2009 16:12,16.95,16736,United Kingdom,16.95,,,
490099,84934,ASSTD DESIGN POP ART SLIM PEN,40,12-03-2009 16:12,0.85,16736,United Kingdom,34,,,
490099,84949,SILVER HANGING T-LIGHT HOLDER,6,12-03-2009 16:12,1.65,16736,United Kingdom,9.9,,,
490099,85014A,BLACK/BLUE DOTS RUFFLED UMBRELLA,3,12-03-2009 16:12,5.95,16736,United Kingdom,17.85,,,
490099,85014B,RED/WHITE DOTS RUFFLED UMBRELLA,3,12-03-2009 16:12,5.95,16736,United Kingdom,17.85,,,
490099,85042,ANTIQUE LILY FAIRY LIGHTS,4,12-03-2009 16:12,4.95,16736,United Kingdom,19.8,,,
490099,85090,CANDY SPOT APRON,3,12-03-2009 16:12,4.65,16736,United Kingdom,13.95,,,
490099,85099C,JUMBO  BAG BAROQUE BLACK WHITE,10,12-03-2009 16:12,1.95,16736,United Kingdom,19.5,,,
490099,85132C,CHARLIE AND LOLA FIGURES TINS,1,12-03-2009 16:12,9.95,16736,United Kingdom,9.95,,,
490099,15056N,EDWARDIAN PARASOL NATURAL,3,12-03-2009 16:12,5.95,16736,United Kingdom,17.85,,,
490099,20679,EDWARDIAN PARASOL RED,3,12-03-2009 16:12,5.95,16736,United Kingdom,17.85,,,
490099,20686,DOLLY MIXTURE CHILDREN'S UMBRELLA,6,12-03-2009 16:12,3.25,16736,United Kingdom,19.5,,,
490099,20753,RETRO PINK SPOT WASHING UP GLOVES,6,12-03-2009 16:12,2.1,16736,United Kingdom,12.6,,,
490099,20754,RETRO RED SPOTTY WASHING UP GLOVES,6,12-03-2009 16:12,2.1,16736,United Kingdom,12.6,,,
490099,20983,12 PENCILS TALL TUBE RED SPOTTY,12,12-03-2009 16:12,0.85,16736,United Kingdom,10.2,,,
490099,21041,RED SPOTTY OVEN GLOVE DOUBLE,6,12-03-2009 16:12,2.95,16736,United Kingdom,17.7,,,
490099,21054,NURSE'S BAG SOFT TOY,2,12-03-2009 16:12,8.95,16736,United Kingdom,17.9,,,
490099,21055,TOOL BOX SOFT TOY ,2,12-03-2009 16:12,8.95,16736,United Kingdom,17.9,,,
490099,21164,HOME SWEET HOME METAL SIGN ,6,12-03-2009 16:12,2.95,16736,United Kingdom,17.7,,,
490099,21232,STRAWBERRY CERAMIC TRINKET BOX,12,12-03-2009 16:12,1.25,16736,United Kingdom,15,,,
490099,21258,VICTORIAN SEWING BOX LARGE,1,12-03-2009 16:12,12.75,16736,United Kingdom,12.75,,,
490099,21288,STRIPEY CHOCOLATE NESTING BOXES,6,12-03-2009 16:12,2.95,16736,United Kingdom,17.7,,,
490099,84031A,CHARLIE+LOLA RED HOT WATER BOTTLE ,3,12-03-2009 16:12,4.65,16736,United Kingdom,13.95,,,
490099,84031B,CHARLIE LOLA BLUE HOT WATER BOTTLE ,3,12-03-2009 16:12,4.65,16736,United Kingdom,13.95,,,
490099,84077,WORLD WAR 2 GLIDERS ASSTD DESIGNS,48,12-03-2009 16:12,0.21,16736,United Kingdom,10.08,,,
490099,84558A,3D DOG PICTURE PLAYING CARDS,6,12-03-2009 16:12,2.95,16736,United Kingdom,17.7,,,
490099,79321,CHILLI LIGHTS,4,12-03-2009 16:12,4.95,16736,United Kingdom,19.8,,,
490099,79323P,PINK CHERRY LIGHTS,4,12-03-2009 16:12,6.75,16736,United Kingdom,27,,,
490099,79323S, SILVER CHERRY LIGHTS,4,12-03-2009 16:12,6.75,16736,United Kingdom,27,,,
490099,79323W, WHITE CHERRY LIGHTS,4,12-03-2009 16:12,6.75,16736,United Kingdom,27,,,
490099,72756,FAIRY CAKE CANDLES,18,12-03-2009 16:12,1.49,16736,United Kingdom,26.82,,,
490099,10133,COLOURING PENCILS BROWN TUBE,10,12-03-2009 16:12,0.85,16736,United Kingdom,8.5,,,
490099,15056BL,EDWARDIAN PARASOL BLACK,3,12-03-2009 16:12,5.95,16736,United Kingdom,17.85,,,
490099,21706,"FOLDING UMBRELLA , RED/WHITE SPOT",4,12-03-2009 16:12,4.95,16736,United Kingdom,19.8,,,
490099,21707,"FOLDING UMBRELLA , BLACK/BLUE  SPOT",4,12-03-2009 16:12,4.95,16736,United Kingdom,19.8,,,
490099,21708,FOLDING UMBRELLA  CREAM/MULTI  SPOT,4,12-03-2009 16:12,4.95,16736,United Kingdom,19.8,,,
490099,21710,FOLDING UMBRELLA  PINK/WHITE  SPOT,4,12-03-2009 16:12,4.95,16736,United Kingdom,19.8,,,
490099,21711,FOLDING UMBRELLA  WHITE/RED  SPOT,4,12-03-2009 16:12,4.95,16736,United Kingdom,19.8,,,
490099,21738,COSY SLIPPER SHOES SMALL  RED ,6,12-03-2009 16:12,2.95,16736,United Kingdom,17.7,,,
490099,21739,COSY SLIPPER SHOES SMALL GREEN,6,12-03-2009 16:12,2.95,16736,United Kingdom,17.7,,,
490099,21740,COSY SLIPPER SHOES LARGE RED,6,12-03-2009 16:12,2.95,16736,United Kingdom,17.7,,,
490099,21741,COSY SLIPPER SHOES LARGE GREEN,6,12-03-2009 16:12,2.95,16736,United Kingdom,17.7,,,
490099,21752,GLASS CAKE STAND MIRRORED BASE,1,12-03-2009 16:12,14.95,16736,United Kingdom,14.95,,,
490099,21790,VINTAGE SNAP CARDS,12,12-03-2009 16:12,0.85,16736,United Kingdom,10.2,,,
490099,21791,VINTAGE HEADS AND TAILS CARD GAME ,12,12-03-2009 16:12,1.25,16736,United Kingdom,15,,,
490099,21875,KINGS CHOICE MUG,12,12-03-2009 16:12,1.25,16736,United Kingdom,15,,,
490099,21912,VINTAGE SNAKES & LADDERS,4,12-03-2009 16:12,3.75,16736,United Kingdom,15,,,
490099,21918,SET 12 KIDS COLOUR  CHALK STICKS,24,12-03-2009 16:12,0.42,16736,United Kingdom,10.08,,,
490099,22091,EMPIRE TISSUE BOX,12,12-03-2009 16:12,1.25,16736,United Kingdom,15,,,
490099,22098,BOUDOIR SQUARE TISSUE BOX,12,12-03-2009 16:12,1.25,16736,United Kingdom,15,,,
490099,22115,METAL SIGN EMPIRE TEA,6,12-03-2009 16:12,2.95,16736,United Kingdom,17.7,,,
490099,22139,RETRO SPOT TEA SET CERAMIC 11 PC ,3,12-03-2009 16:12,4.95,16736,United Kingdom,14.85,,,
490099,22309,TEA COSY RED  STRIPE,6,12-03-2009 16:12,2.55,16736,United Kingdom,15.3,,,
490099,22352,LUNCHBOX WITH CUTLERY RETROSPOT ,6,12-03-2009 16:12,2.55,16736,United Kingdom,15.3,,,
490099,47505,MINATURE COLOURED GARDENING SET,3,12-03-2009 16:12,4.95,16736,United Kingdom,14.85,,,
490099,47562,ENGLISH ROSE IRONING BOARD COVER,5,12-03-2009 16:12,3.75,16736,United Kingdom,18.75,,,
490099,47590A,BLUE HAPPY BIRTHDAY BUNTING,3,12-03-2009 16:12,5.45,16736,United Kingdom,16.35,,,
490100,22284,HEN HOUSE DECORATION,3,12-03-2009 16:21,1.65,13001,United Kingdom,4.95,,,
490100,84077,WORLD WAR 2 GLIDERS ASSTD DESIGNS,2,12-03-2009 16:21,0.21,13001,United Kingdom,0.42,,,
490100,48189,DOOR MAT FRIENDSHIP ,1,12-03-2009 16:21,6.75,13001,United Kingdom,6.75,,,
490100,21914,BLUE HARMONICA IN BOX ,7,12-03-2009 16:21,1.25,13001,United Kingdom,8.75,,,
490100,20681,PINK SPOTTY CHILDS UMBRELLA,5,12-03-2009 16:21,3.25,13001,United Kingdom,16.25,,,
490100,20682,RED SPOTTY CHILDS UMBRELLA,5,12-03-2009 16:21,3.25,13001,United Kingdom,16.25,,,
490100,21706,"FOLDING UMBRELLA , RED/WHITE SPOT",5,12-03-2009 16:21,4.95,13001,United Kingdom,24.75,,,
490100,21710,FOLDING UMBRELLA  PINK/WHITE  SPOT,5,12-03-2009 16:21,4.95,13001,United Kingdom,24.75,,,
490100,21708,FOLDING UMBRELLA  CREAM/MULTI  SPOT,5,12-03-2009 16:21,4.95,13001,United Kingdom,24.75,,,
490100,21707,"FOLDING UMBRELLA , BLACK/BLUE  SPOT",5,12-03-2009 16:21,4.95,13001,United Kingdom,24.75,,,
490100,21709,FOLDING UMBRELLA  CHOC/WHITE  SPOT,5,12-03-2009 16:21,4.95,13001,United Kingdom,24.75,,,
490100,84012,MAGIC SHEEP WOOL GROWING FROM PAPER,1,12-03-2009 16:21,2.55,13001,United Kingdom,2.55,,,
490100,21841,BABY MOUSE RED GINGHAM DRESS,3,12-03-2009 16:21,4.25,13001,United Kingdom,12.75,,,
490100,21839,MUMMY MOUSE RED GINGHAM RIBBON,3,12-03-2009 16:21,5.45,13001,United Kingdom,16.35,,,
490100,21897,POTTING SHED CANDLE CITRONELLA,1,12-03-2009 16:21,2.95,13001,United Kingdom,2.95,,,
490100,21896,POTTING SHED TWINE,3,12-03-2009 16:21,2.1,13001,United Kingdom,6.3,,,
490100,85136B,BLUE SHARK HELICOPTER,1,12-03-2009 16:21,7.95,13001,United Kingdom,7.95,,,
490100,21895,POTTING SHED SOW 'N' GROW SET,3,12-03-2009 16:21,4.25,13001,United Kingdom,12.75,,,
490100,21893,POTTING SHED SEED TIN,3,12-03-2009 16:21,4.25,13001,United Kingdom,12.75,,,
490100,47591C,BLUE FAIRY CAKE CHILD'S APRON,4,12-03-2009 16:21,1.95,13001,United Kingdom,7.8,,,
490100,21156,RED SPOTTY CHILDS APRON,6,12-03-2009 16:21,1.95,13001,United Kingdom,11.7,,,
490100,21621,VINTAGE UNION JACK BUNTING,2,12-03-2009 16:21,8.5,13001,United Kingdom,17,,,
490100,79029,GLASS HONEYPOT WASP CATCHER,1,12-03-2009 16:21,1.95,13001,United Kingdom,1.95,,,
490100,20940,SET/6 GARDEN GNOME T-LIGHT CANDLES,3,12-03-2009 16:21,2.95,13001,United Kingdom,8.85,,,
490100,22291,"SPRING DEC , HANGING CHICK CREAM",3,12-03-2009 16:21,1.45,13001,United Kingdom,4.35,,,
490100,84676,BATH DUCK WATERING CAN,3,12-03-2009 16:21,2.95,13001,United Kingdom,8.85,,,
490100,84906,PINK B'FLY C/COVER W BOBBLES,4,12-03-2009 16:21,5.95,13001,United Kingdom,23.8,,,
490100,21902,"KEY FOB , FRONT  DOOR ",10,12-03-2009 16:21,0.65,13001,United Kingdom,6.5,,,
490100,21901,"KEY FOB , BACK DOOR ",5,12-03-2009 16:21,0.65,13001,United Kingdom,3.25,,,
490100,21900,"KEY FOB , SHED",10,12-03-2009 16:21,0.65,13001,United Kingdom,6.5,,,
490100,85152,HAND OVER THE CHOCOLATE   SIGN ,2,12-03-2009 16:21,2.1,13001,United Kingdom,4.2,,,
490100,21166,COOK WITH WINE METAL SIGN ,4,12-03-2009 16:21,1.95,13001,United Kingdom,7.8,,,
490100,21911,GARDEN METAL SIGN ,5,12-03-2009 16:21,1.65,13001,United Kingdom,8.25,,,
490100,21172,PARTY METAL SIGN ,6,12-03-2009 16:21,1.45,13001,United Kingdom,8.7,,,
490100,21910,WAY OUT METAL SIGN ,4,12-03-2009 16:21,1.65,13001,United Kingdom,6.6,,,
490100,21908,CHOCOLATE THIS WAY METAL SIGN,6,12-03-2009 16:21,2.1,13001,United Kingdom,12.6,,,
490100,82581,TOILET METAL SIGN,6,12-03-2009 16:21,0.55,13001,United Kingdom,3.3,,,
490100,82578,KITCHEN METAL SIGN,6,12-03-2009 16:21,0.55,13001,United Kingdom,3.3,,,
490100,82580,BATHROOM METAL SIGN,6,12-03-2009 16:21,0.55,13001,United Kingdom,3.3,,,
490100,21165,BEWARE OF THE CAT METAL SIGN ,6,12-03-2009 16:21,1.69,13001,United Kingdom,10.14,,,
490100,82583,HOT BATHS METAL SIGN,6,12-03-2009 16:21,2.1,13001,United Kingdom,12.6,,,
490100,21174,POTTERING IN THE SHED METAL SIGN,4,12-03-2009 16:21,1.95,13001,United Kingdom,7.8,,,
490100,21255,"FRENCH BOTTLE , LAVENDER",2,12-03-2009 16:21,1.65,13001,United Kingdom,3.3,,,
490100,21407,BROWN CHECK CAT DOORSTOP ,1,12-03-2009 16:21,4.25,13001,United Kingdom,4.25,,,
490100,85123A,WHITE HANGING HEART T-LIGHT HOLDER,12,12-03-2009 16:21,2.95,13001,United Kingdom,35.4,,,
490100,21733,RED HANGING HEART T-LIGHT HOLDER,4,12-03-2009 16:21,2.95,13001,United Kingdom,11.8,,,
490100,21429,RED GINGHAM ROSE JEWELLERY BOX,3,12-03-2009 16:21,1.65,13001,United Kingdom,4.95,,,
490100,22208,WOOD STAMP SET THANK YOU,1,12-03-2009 16:21,1.65,13001,United Kingdom,1.65,,,
490100,21136,PAINTED METAL PEARS ASSORTED,8,12-03-2009 16:21,1.69,13001,United Kingdom,13.52,,,
490100,21868,POTTING SHED TEA MUG,1,12-03-2009 16:21,1.25,13001,United Kingdom,1.25,,,
490100,22308,TEA COSY BLUE STRIPE,1,12-03-2009 16:21,2.55,13001,United Kingdom,2.55,,,
490100,21389,IVORY HANGING DECORATION  BIRD,12,12-03-2009 16:21,0.85,13001,United Kingdom,10.2,,,
490100,21384,IVORY HANGING DECORATION  BUTTERFLY,12,12-03-2009 16:21,0.85,13001,United Kingdom,10.2,,,
490100,21385,IVORY HANGING DECORATION  HEART,8,12-03-2009 16:21,0.85,13001,United Kingdom,6.8,,,
490100,21390,FILIGRIS HEART WITH BUTTERFLY,8,12-03-2009 16:21,1.25,13001,United Kingdom,10,,,
490100,22139,RETRO SPOT TEA SET CERAMIC 11 PC ,4,12-03-2009 16:21,4.95,13001,United Kingdom,19.8,,,
490100,72351A,SET/6 TURQUOISE BUTTERFLY T-LIGHTS,7,12-03-2009 16:21,2.1,13001,United Kingdom,14.7,,,
490100,20660,VIP LUGGAGE TAG ,5,12-03-2009 16:21,1.25,13001,United Kingdom,6.25,,,
490100,20622,VIPPASSPORT COVER ,4,12-03-2009 16:21,2.1,13001,United Kingdom,8.4,,,
490100,21867,PINK UNION JACK  LUGGAGE TAG,6,12-03-2009 16:21,1.25,13001,United Kingdom,7.5,,,
490100,21866,UNION JACK FLAG LUGGAGE TAG,7,12-03-2009 16:21,1.25,13001,United Kingdom,8.75,,,
490100,21732,RED HANGING METAL STAR TLIGHT HLDR,4,12-03-2009 16:21,3.75,13001,United Kingdom,15,,,
490100,21865,PINK UNION JACK  PASSPORT COVER ,6,12-03-2009 16:21,2.1,13001,United Kingdom,12.6,,,
490100,21864,UNION JACK FLAG PASSPORT COVER ,6,12-03-2009 16:21,2.1,13001,United Kingdom,12.6,,,
490100,47562,ENGLISH ROSE IRONING BOARD COVER,2,12-03-2009 16:21,3.75,13001,United Kingdom,7.5,,,
490100,21485,RED SPOT HEART HOT WATER BOTTLE,2,12-03-2009 16:21,4.95,13001,United Kingdom,9.9,,,
490100,84029E,RED WOOLLY HOTTIE WHITE HEART.,2,12-03-2009 16:21,3.75,13001,United Kingdom,7.5,,,
490100,84029G,KNITTED UNION FLAG HOT WATER BOTTLE,2,12-03-2009 16:21,3.75,13001,United Kingdom,7.5,,,
490100,21358,TOAST ITS - HAPPY BIRTHDAY,2,12-03-2009 16:21,1.25,13001,United Kingdom,2.5,,,
490100,21357,TOAST ITS - DINOSAUR,3,12-03-2009 16:21,1.25,13001,United Kingdom,3.75,,,
490100,21355,TOAST ITS - I LOVE YOU ,2,12-03-2009 16:21,1.25,13001,United Kingdom,2.5,,,
490100,21356,TOAST ITS - FAIRY FLOWER,3,12-03-2009 16:21,1.25,13001,United Kingdom,3.75,,,
490100,21354,TOAST ITS - BEST MUM,2,12-03-2009 16:21,1.25,13001,United Kingdom,2.5,,,
490100,85103, SILVER T-LIGHT SETTING,1,12-03-2009 16:21,6.75,13001,United Kingdom,6.75,,,
490100,16169C,WRAP BLUE REINDEER,25,12-03-2009 16:21,0.42,13001,United Kingdom,10.5,,,
490100,21479,WHITE SKULL HOT WATER BOTTLE ,5,12-03-2009 16:21,3.75,13001,United Kingdom,18.75,,,
490100,21042,RED SPOTTY APRON ,4,12-03-2009 16:21,5.95,13001,United Kingdom,23.8,,,
490100,21035,SET/2 RED SPOTTY TEA TOWELS ,5,12-03-2009 16:21,2.95,13001,United Kingdom,14.75,,,
490100,22138,BAKING SET 9 PIECE RETROSPOT ,5,12-03-2009 16:21,4.95,13001,United Kingdom,24.75,,,
490100,20978,36 PENCILS TUBE SKULLS,16,12-03-2009 16:21,1.25,13001,United Kingdom,20,,,
490100,20979,36 PENCILS TUBE RED SPOTTY,16,12-03-2009 16:21,1.25,13001,United Kingdom,20,,,
490100,22278,OVERNIGHT BAG VINTAGE ROSE PAISLEY,3,12-03-2009 16:21,4.95,13001,United Kingdom,14.85,,,
490100,47568,ENGLISH ROSE DESIGN PEG BAG,3,12-03-2009 16:21,2.1,13001,United Kingdom,6.3,,,
490101,20989,URBAN CHIC CHOPSTICKS SET/5,20,12-03-2009 16:24,1.95,14644,United Kingdom,39,,,
490101,20990,SPRING FLOWER CHOPSTICKS SET/5,20,12-03-2009 16:24,1.95,14644,United Kingdom,39,,,
490101,21213,PACK OF 72 SKULL CAKE CASES,24,12-03-2009 16:24,0.55,14644,United Kingdom,13.2,,,
490101,21658,GLASS  BEURRE DISH,4,12-03-2009 16:24,3.95,14644,United Kingdom,15.8,,,
490101,21977,PACK OF 60 PINK PAISLEY CAKE CASES,24,12-03-2009 16:24,0.55,14644,United Kingdom,13.2,,,
490101,35004S,SET OF 3 SILVER FLYING DUCKS,6,12-03-2009 16:24,6.35,14644,United Kingdom,38.1,,,
490101,84991,60 TEATIME FAIRY CAKE CASES,24,12-03-2009 16:24,0.55,14644,United Kingdom,13.2,,,
490101,85114B,IVORY ENCHANTED FOREST PLACEMAT,12,12-03-2009 16:24,1.65,14644,United Kingdom,19.8,,,
490101,21217,RED SPOTTY ROUND CAKE TINS,10,12-03-2009 16:24,9.95,14644,United Kingdom,99.5,,,
490101,22120,WELCOME  WOODEN BLOCK LETTERS,3,12-03-2009 16:24,9.95,14644,United Kingdom,29.85,,,
490101,21754,HOME BUILDING BLOCK WORD,3,12-03-2009 16:24,5.95,14644,United Kingdom,17.85,,,
490106,20738,GREEN MINI TAPE MEASURE ,10,12-03-2009 16:40,0.85,14898,United Kingdom,8.5,,,
490106,20975,12 PENCILS SMALL TUBE RED SPOTTY,24,12-03-2009 16:40,0.65,14898,United Kingdom,15.6,,,
490106,20976,12 PENCILS SMALL TUBE POSY,24,12-03-2009 16:40,0.65,14898,United Kingdom,15.6,,,
490106,21080,SET/20 RED SPOTTY PAPER NAPKINS ,12,12-03-2009 16:40,0.85,14898,United Kingdom,10.2,,,
490106,21527,RETRO SPOT TRADITIONAL TEAPOT ,2,12-03-2009 16:40,7.95,14898,United Kingdom,15.9,,,
490106,21531,RETRO SPOT SUGAR JAM BOWL,6,12-03-2009 16:40,2.55,14898,United Kingdom,15.3,,,
490106,21556,CERAMIC STRAWBERRY MONEY BOX,6,12-03-2009 16:40,2.55,14898,United Kingdom,15.3,,,
490106,21700,BIG DOUGHNUT FRIDGE MAGNETS,12,12-03-2009 16:40,0.85,14898,United Kingdom,10.2,,,
490106,21777,RECIPE BOX WITH METAL HEART,4,12-03-2009 16:40,7.95,14898,United Kingdom,31.8,,,
490106,21916,SET 12 RETRO WHITE CHALK STICKS,24,12-03-2009 16:40,0.42,14898,United Kingdom,10.08,,,
490106,21980,PACK OF 12 RED SPOTTY TISSUES ,48,12-03-2009 16:40,0.29,14898,United Kingdom,13.92,,,
490106,21985,PACK OF 12 HEARTS DESIGN TISSUES ,48,12-03-2009 16:40,0.29,14898,United Kingdom,13.92,,,
490106,22072,TEA CUP AND SAUCER RETRO SPOT,4,12-03-2009 16:40,3.75,14898,United Kingdom,15,,,
490106,22121,NOEL WOODEN BLOCK LETTERS ,3,12-03-2009 16:40,5.95,14898,United Kingdom,17.85,,,
490106,22138,BAKING SET 9 PIECE RETROSPOT ,6,12-03-2009 16:40,4.95,14898,United Kingdom,29.7,,,
490106,47504G,ENGLISH ROSE TAPE MEASURE,12,12-03-2009 16:40,1.25,14898,United Kingdom,15,,,
490106,72760B,VINTAGE CREAM 3 BASKET CAKE STAND,2,12-03-2009 16:40,9.95,14898,United Kingdom,19.9,,,
490106,84510A,SET OF 4 ENGLISH ROSE COASTERS,10,12-03-2009 16:40,1.25,14898,United Kingdom,12.5,,,
490106,84510B,SET OF 4 FAIRY CAKES COASTERS ,10,12-03-2009 16:40,1.25,14898,United Kingdom,12.5,,,
490106,84750A,PINK SMALL GLASS CAKE STAND,8,12-03-2009 16:40,1.95,14898,United Kingdom,15.6,,,
490107,20682,RED SPOTTY CHILDS UMBRELLA,4,12-03-2009 16:47,3.25,14662,United Kingdom,13,,,
490107,20681,PINK SPOTTY CHILDS UMBRELLA,4,12-03-2009 16:47,3.25,14662,United Kingdom,13,,,
490107,22111,SCOTTIE DOG HOT WATER BOTTLE,2,12-03-2009 16:47,4.95,14662,United Kingdom,9.9,,,
490107,22353,LUNCHBOX WITH CUTLERY FAIRY CAKES ,4,12-03-2009 16:47,2.55,14662,United Kingdom,10.2,,,
490107,21558,SKULL LUNCHBOX WITH CUTLERY ,4,12-03-2009 16:47,2.55,14662,United Kingdom,10.2,,,
490107,21561,DINOSAUR LUNCHBOX WITH CUTLERY,4,12-03-2009 16:47,2.55,14662,United Kingdom,10.2,,,
490107,21559,STRAWBERRY LUNCHBOX WITH CUTLERY,4,12-03-2009 16:47,2.55,14662,United Kingdom,10.2,,,
490107,22275,WEEKEND BAG VINTAGE ROSE PAISLEY,4,12-03-2009 16:47,8.5,14662,United Kingdom,34,,,
490108,15036,ASSORTED COLOURS SILK FAN,240,12-03-2009 16:49,0.48,17414,United Kingdom,115.2,,,
490108,16014,SMALL CHINESE STYLE SCISSOR,20,12-03-2009 16:49,0.32,17414,United Kingdom,6.4,,,
490108,16015,MEDIUM CHINESE STYLE SCISSOR,20,12-03-2009 16:49,0.36,17414,United Kingdom,7.2,,,
490108,16016,LARGE CHINESE STYLE SCISSOR,20,12-03-2009 16:49,0.72,17414,United Kingdom,14.4,,,
490108,35160,BUDDHA INCENSE HOLDER ASSORTED,144,12-03-2009 16:49,0.67,17414,United Kingdom,96.48,,,
490109,21212,PACK OF 72 RETRO SPOT CAKE CASES,24,12-03-2009 16:51,0.55,14755,United Kingdom,13.2,,,
490109,21217,RED SPOTTY ROUND CAKE TINS,1,12-03-2009 16:51,9.95,14755,United Kingdom,9.95,,,
490109,21480,PINK STRIPE HOT WATER BOTTLE,12,12-03-2009 16:51,2.95,14755,United Kingdom,35.4,,,
490109,21621,VINTAGE UNION JACK BUNTING,2,12-03-2009 16:51,8.5,14755,United Kingdom,17,,,
490109,21668,RED STRIPE CERAMIC DRAWER KNOB,12,12-03-2009 16:51,1.25,14755,United Kingdom,15,,,
490109,21669,BLUE STRIPE CERAMIC DRAWER KNOB,12,12-03-2009 16:51,1.25,14755,United Kingdom,15,,,
490109,21672,WHITE SPOT RED CERAMIC DRAWER KNOB,12,12-03-2009 16:51,1.25,14755,United Kingdom,15,,,
490109,21673,WHITE SPOT BLUE CERAMIC DRAWER KNOB,12,12-03-2009 16:51,1.25,14755,United Kingdom,15,,,
490109,21843,RETRO SPOT CAKE STAND,1,12-03-2009 16:51,10.95,14755,United Kingdom,10.95,,,
490109,22046,TEA PARTY  WRAPPING PAPER ,25,12-03-2009 16:51,0.42,14755,United Kingdom,10.5,,,
490109,22047,EMPIRE GIFT WRAP,25,12-03-2009 16:51,0.42,14755,United Kingdom,10.5,,,
490109,22112,CHOCOLATE HOT WATER BOTTLE,9,12-03-2009 16:51,4.95,14755,United Kingdom,44.55,,,
490109,22113,GREY HEART HOT WATER BOTTLE,8,12-03-2009 16:51,3.45,14755,United Kingdom,27.6,,,
490109,22114,HOT WATER BOTTLE TEA AND SYMPATHY,8,12-03-2009 16:51,3.95,14755,United Kingdom,31.6,,,
490109,22170,PICTURE FRAME WOOD TRIPLE PORTRAIT,4,12-03-2009 16:51,6.75,14755,United Kingdom,27,,,
490109,22189,CREAM HEART CARD HOLDER,4,12-03-2009 16:51,3.95,14755,United Kingdom,15.8,,,
490109,22309,TEA COSY RED  STRIPE,6,12-03-2009 16:51,2.55,14755,United Kingdom,15.3,,,
490109,84352,SILVER CHRISTMAS TREE BAUBLE STAND ,1,12-03-2009 16:51,16.95,14755,United Kingdom,16.95,,,
490109,84750A,PINK SMALL GLASS CAKE STAND,8,12-03-2009 16:51,1.95,14755,United Kingdom,15.6,,,
490109,85123A,WHITE HANGING HEART T-LIGHT HOLDER,18,12-03-2009 16:51,2.95,14755,United Kingdom,53.1,,,
490110,21737,SET 3 WICKER LOG BASKETS,1,12-03-2009 16:52,19.95,14755,United Kingdom,19.95,,,
490110,22348,TEA BAG PLATE RED SPOTTY ,12,12-03-2009 16:52,0.85,14755,United Kingdom,10.2,,,
490111,85079,EMBROIDERED REINDEER DECORATION,4,12-03-2009 16:54,2.12,17576,United Kingdom,8.48,,,
490111,84670,JAPANESE CROCHETED ANIMAL,12,12-03-2009 16:54,0.42,17576,United Kingdom,5.04,,,
490111,72529W,WHITE ADVENT CANDLE,2,12-03-2009 16:54,2.12,17576,United Kingdom,4.24,,,
490111,72801G,S/4 BURGUNDY WINE DINNER CANDLES,2,12-03-2009 16:54,1.25,17576,United Kingdom,2.5,,,
490111,72801F,S/4 FESTIVE RED DINNER CANDLES,12,12-03-2009 16:54,1.25,17576,United Kingdom,15,,,
490111,82482,WOODEN PICTURE FRAME WHITE FINISH,3,12-03-2009 16:54,2.55,17576,United Kingdom,7.65,,,
490111,85049A,TRADITIONAL CHRISTMAS RIBBONS,1,12-03-2009 16:54,1.25,17576,United Kingdom,1.25,,,
490111,21351,CINAMMON & ORANGE WREATH,1,12-03-2009 16:54,6.75,17576,United Kingdom,6.75,,,
490111,21447,12 IVORY ROSE PEG PLACE SETTINGS,1,12-03-2009 16:54,1.25,17576,United Kingdom,1.25,,,
490111,21901,"KEY FOB , BACK DOOR ",5,12-03-2009 16:54,0.65,17576,United Kingdom,3.25,,,
490111,21902,"KEY FOB , FRONT  DOOR ",5,12-03-2009 16:54,0.65,17576,United Kingdom,3.25,,,
490111,21899,"KEY FOB , GARAGE DESIGN",48,12-03-2009 16:54,0.65,17576,United Kingdom,31.2,,,
490111,21900,"KEY FOB , SHED",48,12-03-2009 16:54,0.65,17576,United Kingdom,31.2,,,
490111,85047,WHITE BEADED GARLAND STRING 20LIGHT,1,12-03-2009 16:54,6.35,17576,United Kingdom,6.35,,,
490111,22130,PARTY CONE CHRISTMAS DECORATION ,12,12-03-2009 16:54,0.85,17576,United Kingdom,10.2,,,
490111,21825,PAINTED METAL TREE WITH HOLLY BELLS,1,12-03-2009 16:54,1.45,17576,United Kingdom,1.45,,,
490111,21187,WHITE BELL HONEYCOMB PAPER GARLAND ,2,12-03-2009 16:54,1.65,17576,United Kingdom,3.3,,,
490111,84671B,CROCHET BEAR WITH BLUE STRIPES,10,12-03-2009 16:54,2.55,17576,United Kingdom,25.5,,,
490111,21740,COSY SLIPPER SHOES LARGE RED,3,12-03-2009 16:54,2.95,17576,United Kingdom,8.85,,,
490111,72267,PREMIUM CHURCH CANDLE,4,12-03-2009 16:54,2.1,17576,United Kingdom,8.4,,,
490111,72801E,S/4 FESTIVE GREEN DINNER CANDLES,2,12-03-2009 16:54,1.25,17576,United Kingdom,2.5,,,
490111,21741,COSY SLIPPER SHOES LARGE GREEN,2,12-03-2009 16:54,2.95,17576,United Kingdom,5.9,,,
490111,21447,12 IVORY ROSE PEG PLACE SETTINGS,1,12-03-2009 16:54,1.25,17576,United Kingdom,1.25,,,
490111,21407,BROWN CHECK CAT DOORSTOP ,2,12-03-2009 16:54,4.25,17576,United Kingdom,8.5,,,
490111,21407,BROWN CHECK CAT DOORSTOP ,3,12-03-2009 16:54,4.25,17576,United Kingdom,12.75,,,
490111,85123A,WHITE HANGING HEART T-LIGHT HOLDER,3,12-03-2009 16:54,2.95,17576,United Kingdom,8.85,,,
490111,85126,LARGE ROUND CUTGLASS CANDLESTICK,6,12-03-2009 16:54,6.75,17576,United Kingdom,40.5,,,
490111,84761,IVORY HANGING BIRD PLANTER ,8,12-03-2009 16:54,2.55,17576,United Kingdom,20.4,,,
490111,22113,GREY HEART HOT WATER BOTTLE,5,12-03-2009 16:54,3.45,17576,United Kingdom,17.25,,,
490111,21429,RED GINGHAM ROSE JEWELLERY BOX,8,12-03-2009 16:54,1.65,17576,United Kingdom,13.2,,,
490111,21446,12 RED ROSE PEG PLACE SETTINGS,4,12-03-2009 16:54,1.25,17576,United Kingdom,5,,,
490112,20751,FUNKY WASHING UP GLOVES ASSORTED,12,12-03-2009 17:04,2.1,13037,United Kingdom,25.2,,,
490112,21175,GIN + TONIC DIET METAL SIGN,6,12-03-2009 17:04,2.1,13037,United Kingdom,12.6,,,
490112,21238,RED SPOTTY CUP,8,12-03-2009 17:04,0.85,13037,United Kingdom,6.8,,,
490112,21241,GREEN SPOTTY CUP,8,12-03-2009 17:04,0.85,13037,United Kingdom,6.8,,,
490112,21242,RED SPOTTY PLATE ,8,12-03-2009 17:04,1.69,13037,United Kingdom,13.52,,,
490112,21245,GREEN  SPOTTY PLATE ,8,12-03-2009 17:04,1.69,13037,United Kingdom,13.52,,,
490112,21422,PORCELAIN ROSE SMALL,16,12-03-2009 17:04,0.85,13037,United Kingdom,13.6,,,
490112,21484,CHICK GREY HOT WATER BOTTLE,4,12-03-2009 17:04,3.45,13037,United Kingdom,13.8,,,
490112,21540,DAIRY MAID CERAMIC BUTTER DISH,3,12-03-2009 17:04,4.25,13037,United Kingdom,12.75,,,
490112,21590,KINGS CHOICE CIGAR BOX MATCHES ,24,12-03-2009 17:04,1.25,13037,United Kingdom,30,,,
490112,21611,SET OF 12 LILY BOTANICAL T-LIGHTS,6,12-03-2009 17:04,2.95,13037,United Kingdom,17.7,,,
490112,21651,HANGING GLASS ETCHED TEALIGHT,12,12-03-2009 17:04,1.65,13037,United Kingdom,19.8,,,
490112,21872,GLAMOROUS  MUG,12,12-03-2009 17:04,1.25,13037,United Kingdom,15,,,
490112,22215,CAKE STAND WHITE TWO TIER LACE,2,12-03-2009 17:04,8.5,13037,United Kingdom,17,,,
490112,46000P,POLYESTER FILLER PAD 65CMx65CM,4,12-03-2009 17:04,4.25,13037,United Kingdom,17,,,
490112,46000S,POLYESTER FILLER PAD 40x40cm,6,12-03-2009 17:04,1.45,13037,United Kingdom,8.7,,,
490112,82583,HOT BATHS METAL SIGN,6,12-03-2009 17:04,2.1,13037,United Kingdom,12.6,,,
490112,84620,BLUE GINGHAM ROSE CUSHION COVER,4,12-03-2009 17:04,5.95,13037,United Kingdom,23.8,,,
490112,84773,RED ROSE AND LACE C/COVER,6,12-03-2009 17:04,2.95,13037,United Kingdom,17.7,,,
490112,85150,LADIES & GENTLEMEN METAL SIGN,6,12-03-2009 17:04,2.55,13037,United Kingdom,15.3,,,
490113,82581,TOILET METAL SIGN,1,12-03-2009 17:12,0.55,14710,United Kingdom,0.55,,,
490113,21260,FIRST AID TIN,1,12-03-2009 17:12,3.25,14710,United Kingdom,3.25,,,
490113,20773,BLUE PAISLEY NOTEBOOK,1,12-03-2009 17:12,1.65,14710,United Kingdom,1.65,,,
490113,20774,GREEN FERN NOTEBOOK,2,12-03-2009 17:12,1.65,14710,United Kingdom,3.3,,,
490113,22164,STRING OF STARS CARD HOLDER,2,12-03-2009 17:12,2.95,14710,United Kingdom,5.9,,,
490113,21683,MEDIUM MEDINA STAMPED METAL BOWL ,2,12-03-2009 17:12,2.95,14710,United Kingdom,5.9,,,
490113,21684,SMALL MEDINA STAMPED METAL BOWL ,2,12-03-2009 17:12,0.85,14710,United Kingdom,1.7,,,
490113,10135,COLOURING PENCILS BROWN TUBE,2,12-03-2009 17:12,1.25,14710,United Kingdom,2.5,,,
490113,21658,GLASS  BEURRE DISH,1,12-03-2009 17:12,3.95,14710,United Kingdom,3.95,,,
490113,21664,RIDGED GLASS STORAGE JAR CREAM LID,1,12-03-2009 17:12,3.75,14710,United Kingdom,3.75,,,
490113,48173C,DOOR MAT BLACK FLOCK ,1,12-03-2009 17:12,6.75,14710,United Kingdom,6.75,,,
490114,21942,SKULLS DESIGN FLANNEL,12,12-03-2009 17:29,0.85,18168,United Kingdom,10.2,,,
490114,37448,CERAMIC CAKE DESIGN SPOTTED MUG,6,12-03-2009 17:29,1.49,18168,United Kingdom,8.94,,,
490114,22067,CHOC TRUFFLE GOLD TRINKET POT ,8,12-03-2009 17:29,1.65,18168,United Kingdom,13.2,,,
490114,22059,CERAMIC STRWBERRY DESIGN MUG,2,12-03-2009 17:29,1.49,18168,United Kingdom,2.98,,,
490114,22189,CREAM HEART CARD HOLDER,6,12-03-2009 17:29,3.95,18168,United Kingdom,23.7,,,
490114,22068, BLACK PIRATE TREASURE CHEST,6,12-03-2009 17:29,1.65,18168,United Kingdom,9.9,,,
490114,21231,SWEETHEART CERAMIC TRINKET BOX,4,12-03-2009 17:29,1.25,18168,United Kingdom,5,,,
490114,21231,SWEETHEART CERAMIC TRINKET BOX,36,12-03-2009 17:29,1.25,18168,United Kingdom,45,,,
490114,21232,STRAWBERRY CERAMIC TRINKET BOX,12,12-03-2009 17:29,1.25,18168,United Kingdom,15,,,
490114,84596K,JELLY BABIES YELLOW SMALL BOWL,8,12-03-2009 17:29,1.25,18168,United Kingdom,10,,,
490114,21868,POTTING SHED TEA MUG,6,12-03-2009 17:29,1.25,18168,United Kingdom,7.5,,,
490114,22054,MINI CAKE STAND HANGING HEARTS,8,12-03-2009 17:29,1.65,18168,United Kingdom,13.2,,,
490114,21876,POTTERING MUG,6,12-03-2009 17:29,1.25,18168,United Kingdom,7.5,,,
490114,84595E,LARGE TORTILLA DESIGN RED BOWL,6,12-03-2009 17:29,3.75,18168,United Kingdom,22.5,,,
490114,37464,ROBOT MUG IN DISPLAY BOX,3,12-03-2009 17:29,1.25,18168,United Kingdom,3.75,,,
490114,20728,LUNCH BAG CARS BLUE,10,12-03-2009 17:29,1.65,18168,United Kingdom,16.5,,,
490114,47591D,PINK FAIRY CAKE CHILD'S APRON,4,12-03-2009 17:29,1.95,18168,United Kingdom,7.8,,,
490114,47591C,BLUE FAIRY CAKE CHILD'S APRON,4,12-03-2009 17:29,1.95,18168,United Kingdom,7.8,,,
490114,21055,TOOL BOX SOFT TOY ,1,12-03-2009 17:29,8.95,18168,United Kingdom,8.95,,,
490114,51012C,"FEATHER DUSTER, COAL BLACK",3,12-03-2009 17:29,1.25,18168,United Kingdom,3.75,,,
490114,51012L,"FEATHER DUSTER, LIGHT PINK",1,12-03-2009 17:29,1.25,18168,United Kingdom,1.25,,,
490114,22055,MINI CAKE STAND  HANGING STRAWBERY,8,12-03-2009 17:29,1.65,18168,United Kingdom,13.2,,,
490115,16258B,DAISY ERASERS IN BAG,72,12-03-2009 17:32,0.42,17679,United Kingdom,30.24,,,
490115,20969,RED FLORAL FELTCRAFT SHOULDER BAG,8,12-03-2009 17:32,3.75,17679,United Kingdom,30,,,
490115,20970,PINK FLORAL FELTCRAFT SHOULDER BAG,8,12-03-2009 17:32,3.75,17679,United Kingdom,30,,,
490115,20971,PINK BLUE FELT CRAFT TRINKET BOX,24,12-03-2009 17:32,1.25,17679,United Kingdom,30,,,
490115,20972,PINK CREAM FELT CRAFT TRINKET BOX ,24,12-03-2009 17:32,1.25,17679,United Kingdom,30,,,
490115,21891,TRADITIONAL WOODEN SKIPPING ROPE,24,12-03-2009 17:32,1.25,17679,United Kingdom,30,,,
490115,21917,SET 12 KIDS  WHITE CHALK STICKS,24,12-03-2009 17:32,0.42,17679,United Kingdom,10.08,,,
490115,21918,SET 12 KIDS COLOUR  CHALK STICKS,24,12-03-2009 17:32,0.42,17679,United Kingdom,10.08,,,
490115,22150, 3 STRIPEY MICE FELTCRAFT,12,12-03-2009 17:32,1.95,17679,United Kingdom,23.4,,,
490115,22271,FELTCRAFT DOLL ROSIE,18,12-03-2009 17:32,2.95,17679,United Kingdom,53.1,,,
490115,22273,FELTCRAFT DOLL MOLLY,18,12-03-2009 17:32,2.95,17679,United Kingdom,53.1,,,
490115,84270,ASSTD DESIGN BUBBLE GUM RING,60,12-03-2009 17:32,0.21,17679,United Kingdom,12.6,,,
490116,22300,COFFEE MUG DOG + BALL DESIGN,12,12-03-2009 17:33,2.55,17679,United Kingdom,30.6,,,
490116,22301,COFFEE MUG CAT + BIRD DESIGN,12,12-03-2009 17:33,2.55,17679,United Kingdom,30.6,,,
490116,22302,COFFEE MUG PEARS  DESIGN,12,12-03-2009 17:33,2.55,17679,United Kingdom,30.6,,,
490116,22303,COFFEE MUG APPLES DESIGN,12,12-03-2009 17:33,2.55,17679,United Kingdom,30.6,,,
490118,10138,ASSORTED COLOUR JUMBO PEN,11,12-03-2009 17:46,0.42,17851,United Kingdom,4.62,,,
490118,20975,12 PENCILS SMALL TUBE RED SPOTTY,3,12-03-2009 17:46,0.65,17851,United Kingdom,1.95,,,
490118,21541,DINOSAURS WATER TRANSFER TATTOOS ,4,12-03-2009 17:46,0.85,17851,United Kingdom,3.4,,,
490118,21542,WOODLAND WATER TRANSFER TATTOOS ,4,12-03-2009 17:46,0.85,17851,United Kingdom,3.4,,,
490118,21544,SKULLS  WATER TRANSFER TATTOOS ,4,12-03-2009 17:46,0.85,17851,United Kingdom,3.4,,,
490118,21543,BUTTERFLY WATER TRANSFER TATTOOS ,5,12-03-2009 17:46,0.85,17851,United Kingdom,4.25,,,
490118,21224,SET/4 SKULL BADGES,4,12-03-2009 17:46,1.25,17851,United Kingdom,5,,,
490118,20974,12 PENCILS SMALL TUBE SKULL,3,12-03-2009 17:46,0.65,17851,United Kingdom,1.95,,,
490118,22335,HEART DECORATION PAINTED ZINC ,5,12-03-2009 17:46,0.65,17851,United Kingdom,3.25,,,
490118,21818,GLITTER CHRISTMAS HEART ,2,12-03-2009 17:46,0.85,17851,United Kingdom,1.7,,,
490118,22296,HEART IVORY TRELLIS LARGE,1,12-03-2009 17:46,1.65,17851,United Kingdom,1.65,,,
490118,22158,3 HEARTS HANGING DECORATION RUSTIC,1,12-03-2009 17:46,2.95,17851,United Kingdom,2.95,,,
490118,21821,GLITTER STAR GARLAND WITH BELLS ,2,12-03-2009 17:46,3.75,17851,United Kingdom,7.5,,,
490118,20972,PINK CREAM FELT CRAFT TRINKET BOX ,3,12-03-2009 17:46,1.25,17851,United Kingdom,3.75,,,
490118,82494L,WOODEN FRAME ANTIQUE WHITE ,2,12-03-2009 17:46,2.95,17851,United Kingdom,5.9,,,
490118,82482,WOODEN PICTURE FRAME WHITE FINISH,2,12-03-2009 17:46,2.55,17851,United Kingdom,5.1,,,
490118,21333,CLASSIC WHITE FRAME,1,12-03-2009 17:46,2.95,17851,United Kingdom,2.95,,,
490118,84507B,STRIPES DESIGN MONKEY DOLL,1,12-03-2009 17:46,2.55,17851,United Kingdom,2.55,,,
490118,79160,HEART SHAPE WIRELESS DOORBELL,1,12-03-2009 17:46,2.1,17851,United Kingdom,2.1,,,
490118,84946,ANTIQUE SILVER TEA GLASS ETCHED,3,12-03-2009 17:46,1.25,17851,United Kingdom,3.75,,,
490118,21353,SILVER SLEIGHBELL  WREATH,5,12-03-2009 17:46,7.95,17851,United Kingdom,39.75,,,
490118,21790,VINTAGE SNAP CARDS,6,12-03-2009 17:46,0.85,17851,United Kingdom,5.1,,,
490118,21791,VINTAGE HEADS AND TAILS CARD GAME ,4,12-03-2009 17:46,1.25,17851,United Kingdom,5,,,
490118,21490,SET OF THREE 50'S GIFT WRAPS ,2,12-03-2009 17:46,1.95,17851,United Kingdom,3.9,,,
490118,21491,SET OF THREE VINTAGE GIFT WRAPS,2,12-03-2009 17:46,1.95,17851,United Kingdom,3.9,,,
490118,85167A,WHITE GRAND BAROQUE PHOTO FRAME,2,12-03-2009 17:46,4.25,17851,United Kingdom,8.5,,,
490118,20861,GOLD COSMETIC BAG PINK STAR,5,12-03-2009 17:46,2.1,17851,United Kingdom,10.5,,,
490118,22125,UNION JACK HOT WATER BOTTLE ,2,12-03-2009 17:46,5.95,17851,United Kingdom,11.9,,,
490118,21837,CROSS STITCH ALPHABET CUSHION COVER,4,12-03-2009 17:46,5.95,17851,United Kingdom,23.8,,,
490118,46000M,POLYESTER FILLER PAD 45x45cm,4,12-03-2009 17:46,1.55,17851,United Kingdom,6.2,,,
490118,22114,HOT WATER BOTTLE TEA AND SYMPATHY,2,12-03-2009 17:46,3.95,17851,United Kingdom,7.9,,,
490118,22112,CHOCOLATE HOT WATER BOTTLE,3,12-03-2009 17:46,4.95,17851,United Kingdom,14.85,,,
490118,21479,WHITE SKULL HOT WATER BOTTLE ,2,12-03-2009 17:46,3.75,17851,United Kingdom,7.5,,,
490118,21989,PACK OF 20 SKULL PAPER NAPKINS,3,12-03-2009 17:46,0.85,17851,United Kingdom,2.55,,,
490118,21080,SET/20 RED SPOTTY PAPER NAPKINS ,2,12-03-2009 17:46,0.85,17851,United Kingdom,1.7,,,
490118,22122,SET OF 2 FANCY FONT TEA TOWELS,3,12-03-2009 17:46,2.95,17851,United Kingdom,8.85,,,
490118,21656,RIDGED GLASS POSY VASE ,3,12-03-2009 17:46,1.45,17851,United Kingdom,4.35,,,
490118,22296,HEART IVORY TRELLIS LARGE,3,12-03-2009 17:46,1.65,17851,United Kingdom,4.95,,,
490118,22319,HAIRCLIPS FORTIES FABRIC ASSORTED,12,12-03-2009 17:46,0.65,17851,United Kingdom,7.8,,,
490118,22113,GREY HEART HOT WATER BOTTLE,2,12-03-2009 17:46,3.45,17851,United Kingdom,6.9,,,
490118,84680,CLASSICAL ROSE URN,2,12-03-2009 17:46,7.95,17851,United Kingdom,15.9,,,
490118,22142,CHRISTMAS CRAFT WHITE FAIRY ,3,12-03-2009 17:46,1.45,17851,United Kingdom,4.35,,,
490118,22149,FELTCRAFT 6 FLOWER FRIENDS,4,12-03-2009 17:46,2.1,17851,United Kingdom,8.4,,,
490118,51012L,"FEATHER DUSTER, LIGHT PINK",2,12-03-2009 17:46,1.25,17851,United Kingdom,2.5,,,
490118,20783,HEART EAR MUFF HEADPHONES,3,12-03-2009 17:46,5.49,17851,United Kingdom,16.47,,,
490118,84406B,CREAM CUPID HEARTS COAT HANGER,2,12-03-2009 17:46,3.25,17851,United Kingdom,6.5,,,
490118,22173,METAL 4 HOOK HANGER FRENCH CHATEAU,2,12-03-2009 17:46,2.95,17851,United Kingdom,5.9,,,
490119,21186,WHITE DOVE HONEYCOMB PAPER GARLAND,75,12-03-2009 17:48,1.45,12931,United Kingdom,108.75,,,
490121,20725,LUNCH BAG RED SPOTTY,2,12-03-2009 17:57,1.65,14750,United Kingdom,3.3,,,
490121,21051,RIBBONS PURSE ,1,12-03-2009 17:57,2.1,14750,United Kingdom,2.1,,,
490121,21381,MINI WOODEN HAPPY BIRTHDAY GARLAND,1,12-03-2009 17:57,1.69,14750,United Kingdom,1.69,,,
490121,20855,PINK PATCH PURSE BLUE HEART,1,12-03-2009 17:57,1.65,14750,United Kingdom,1.65,,,
490121,22138,BAKING SET 9 PIECE RETROSPOT ,1,12-03-2009 17:57,4.95,14750,United Kingdom,4.95,,,
490121,20728,LUNCH BAG CARS BLUE,3,12-03-2009 17:57,1.65,14750,United Kingdom,4.95,,,
490121,20867,PINK ROSE FABRIC MIRROR,1,12-03-2009 17:57,1.25,14750,United Kingdom,1.25,,,
490121,21080,SET/20 RED SPOTTY PAPER NAPKINS ,1,12-03-2009 17:57,0.85,14750,United Kingdom,0.85,,,
490121,20778,GARDEN PATH NOTEBOOK ,1,12-03-2009 17:57,1.65,14750,United Kingdom,1.65,,,
490121,81950B,FLOWER BLUE CLOCK W/SUCKER,1,12-03-2009 17:57,0.85,14750,United Kingdom,0.85,,,
490121,21648,ASSORTED TUTTI FRUTTI SMALL PURSE,1,12-03-2009 17:57,1.25,14750,United Kingdom,1.25,,,
490121,21380,WOODEN HAPPY BIRTHDAY GARLAND,1,12-03-2009 17:57,2.95,14750,United Kingdom,2.95,,,
490121,20866,BLUE ROSE FABRIC MIRROR,1,12-03-2009 17:57,1.25,14750,United Kingdom,1.25,,,
490121,20854,BLUE PATCH PURSE PINK HEART,1,12-03-2009 17:57,1.65,14750,United Kingdom,1.65,,,
490121,22139,RETRO SPOT TEA SET CERAMIC 11 PC ,2,12-03-2009 17:57,4.95,14750,United Kingdom,9.9,,,
490121,79072,TEATIME CAKE TIN WITH HANDLE,1,12-03-2009 17:57,9.95,14750,United Kingdom,9.95,,,
490121,21642,ASSORTED TUTTI FRUTTI PEN,1,12-03-2009 17:57,0.85,14750,United Kingdom,0.85,,,
490121,21640,ASSORTED TUTTI FRUTTI  FOB NOTEBOOK,1,12-03-2009 17:57,0.85,14750,United Kingdom,0.85,,,
490121,22200,FRYING PAN PINK POLKADOT ,1,12-03-2009 17:57,4.25,14750,United Kingdom,4.25,,,
490121,22202,MILK PAN PINK RETROSPOT,1,12-03-2009 17:57,3.75,14750,United Kingdom,3.75,,,
490121,21932,SCANDINAVIAN PAISLEY PICNIC BAG,2,12-03-2009 17:57,2.95,14750,United Kingdom,5.9,,,
490121,21928,JUMBO BAG SCANDINAVIAN PAISLEY,2,12-03-2009 17:57,1.95,14750,United Kingdom,3.9,,,
490121,20761,BLUE PAISLEY SKETCHBOOK,1,12-03-2009 17:57,3.75,14750,United Kingdom,3.75,,,
490121,16215,FUNKY GIRLZ MAGNETIC TO DO LIST ,1,12-03-2009 17:57,0.65,14750,United Kingdom,0.65,,,
490121,21833,CAMOUFLAGE LED TORCH,1,12-03-2009 17:57,1.69,14750,United Kingdom,1.69,,,
490121,81950V,FLOWER PURPLE CLOCK W/SUCKER,1,12-03-2009 17:57,0.85,14750,United Kingdom,0.85,,,
490121,21124,SET/10 BLUE SPOTTY PARTY CANDLES,1,12-03-2009 17:57,1.25,14750,United Kingdom,1.25,,,
490121,84558A,3D DOG PICTURE PLAYING CARDS,1,12-03-2009 17:57,2.95,14750,United Kingdom,2.95,,,
490121,21500,PINK SPOTS  WRAP ,25,12-03-2009 17:57,0.42,14750,United Kingdom,10.5,,,
490121,21034,REX CASH+CARRY JUMBO SHOPPER,4,12-03-2009 17:57,0.95,14750,United Kingdom,3.8,,,
490121,90036C,"FLOWER GLASS GARLAND NECKL.36""BLUE",1,12-03-2009 17:57,7.95,14750,United Kingdom,7.95,,,
490121,90184B,AMETHYST CHUNKY BEAD BRACELET W STR,1,12-03-2009 17:57,8.95,14750,United Kingdom,8.95,,,
490124,21333,CLASSIC WHITE FRAME,1,12-03-2009 18:08,2.95,16791,United Kingdom,2.95,,,
490124,20812,EMBOSSED FLOWER TRELLIS PHOTO FRAME,1,12-03-2009 18:08,2.55,16791,United Kingdom,2.55,,,
490124,82482,WOODEN PICTURE FRAME WHITE FINISH,1,12-03-2009 18:08,2.55,16791,United Kingdom,2.55,,,
490124,84007,MAGIC GARDEN MOUNT FUJI,1,12-03-2009 18:08,2.55,16791,United Kingdom,2.55,,,
490124,15044D,RED PAPER PARASOL,1,12-03-2009 18:08,2.95,16791,United Kingdom,2.95,,,
490124,22170,PICTURE FRAME WOOD TRIPLE PORTRAIT,2,12-03-2009 18:08,6.75,16791,United Kingdom,13.5,,,
490124,22172,METAL SHELF WITH RAIL ,1,12-03-2009 18:08,8.5,16791,United Kingdom,8.5,,,
490124,79030G,"TUMBLER, NEW ENGLAND",6,12-03-2009 18:08,1.65,16791,United Kingdom,9.9,,,
490124,20754,RETRO RED SPOTTY WASHING UP GLOVES,1,12-03-2009 18:08,2.1,16791,United Kingdom,2.1,,,
490124,22111,SCOTTIE DOG HOT WATER BOTTLE,3,12-03-2009 18:08,4.95,16791,United Kingdom,14.85,,,
490124,22114,HOT WATER BOTTLE TEA AND SYMPATHY,3,12-03-2009 18:08,3.95,16791,United Kingdom,11.85,,,
490124,21485,RED SPOT HEART HOT WATER BOTTLE,1,12-03-2009 18:08,4.95,16791,United Kingdom,4.95,,,
490124,84029E,RED WOOLLY HOTTIE WHITE HEART.,1,12-03-2009 18:08,3.75,16791,United Kingdom,3.75,,,
490124,37508,NEW ENGLAND CERAMIC CAKE SERVER,3,12-03-2009 18:08,2.55,16791,United Kingdom,7.65,,,
490124,85036A,GARDENIA 1 WICK MORRIS BOXED CANDLE,1,12-03-2009 18:08,4.25,16791,United Kingdom,4.25,,,
490124,79030A,"TUMBLER, ENGLISH ROSE",6,12-03-2009 18:08,1.65,16791,United Kingdom,9.9,,,
490124,20967,GREY FLORAL FELTCRAFT SHOULDER BAG,1,12-03-2009 18:08,3.75,16791,United Kingdom,3.75,,,
490124,47503F,ASS FLORAL PRINT TORCH,12,12-03-2009 18:08,1.65,16791,United Kingdom,19.8,,,
490124,82494L,WOODEN FRAME ANTIQUE WHITE ,2,12-03-2009 18:08,2.95,16791,United Kingdom,5.9,,,
490124,35096B,RED VICTORIAN FABRIC HEART BOX,2,12-03-2009 18:08,0.42,16791,United Kingdom,0.84,,,
490124,35096A,BLUE VICTORIAN FABRIC HEART BOX,2,12-03-2009 18:08,0.42,16791,United Kingdom,0.84,,,
490124,35095A,BLUE VICTORIAN FABRIC OVAL BOX,1,12-03-2009 18:08,0.42,16791,United Kingdom,0.42,,,
490124,35095B,RED VICTORIAN FABRIC OVAL BOX,1,12-03-2009 18:08,0.42,16791,United Kingdom,0.42,,,
490124,20747,PICCADILLY TEA SET,1,12-03-2009 18:08,14.95,16791,United Kingdom,14.95,,,
490124,21611,SET OF 12 LILY BOTANICAL T-LIGHTS,3,12-03-2009 18:08,2.95,16791,United Kingdom,8.85,,,
490124,21612,SET 12 WILDFLOWER BOTANICAL T-LIGHT,2,12-03-2009 18:08,2.95,16791,United Kingdom,5.9,,,
490124,20747,PICCADILLY TEA SET,1,12-03-2009 18:08,14.95,16791,United Kingdom,14.95,,,
490124,37506,NEW ENGLAND MILK JUG W GIFT BOX,1,12-03-2009 18:08,5.95,16791,United Kingdom,5.95,,,
490124,20660,VIP LUGGAGE TAG ,1,12-03-2009 18:08,1.25,16791,United Kingdom,1.25,,,
490124,47504G,ENGLISH ROSE TAPE MEASURE,4,12-03-2009 18:08,1.25,16791,United Kingdom,5,,,
490124,72349B,SET/6 PURPLE BUTTERFLY T-LIGHTS,4,12-03-2009 18:08,2.1,16791,United Kingdom,8.4,,,
490124,21610,SET 12 PEAR BOTANICAL T-LIGHTS,6,12-03-2009 18:08,2.95,16791,United Kingdom,17.7,,,
490124,20751,FUNKY WASHING UP GLOVES ASSORTED,1,12-03-2009 18:08,2.1,16791,United Kingdom,2.1,,,
490124,84030E,ENGLISH ROSE HOT WATER BOTTLE,1,12-03-2009 18:08,1.5,16791,United Kingdom,1.5,,,
490124,21587,COSY HOUR GIANT TUBE MATCHES,5,12-03-2009 18:08,2.55,16791,United Kingdom,12.75,,,
490124,21584,RETRO SPOT SMALL TUBE MATCHES,12,12-03-2009 18:08,1.65,16791,United Kingdom,19.8,,,
490124,22070,SMALL RETRO SPOT MUG IN BOX  RED,2,12-03-2009 18:08,3.75,16791,United Kingdom,7.5,,,
490124,82486,WOOD S/3 CABINET ANT WHITE FINISH,1,12-03-2009 18:08,7.95,16791,United Kingdom,7.95,,,
490124,21533,RETRO SPOT LARGE MILK JUG,3,12-03-2009 18:08,4.95,16791,United Kingdom,14.85,,,
490124,48189,DOOR MAT FRIENDSHIP ,1,12-03-2009 18:08,6.75,16791,United Kingdom,6.75,,,
490124,48173C,DOOR MAT BLACK FLOCK ,1,12-03-2009 18:08,6.75,16791,United Kingdom,6.75,,,
490124,48187,DOOR MAT NEW ENGLAND,1,12-03-2009 18:08,6.75,16791,United Kingdom,6.75,,,
490124,48129,DOOR MAT TOPIARY,1,12-03-2009 18:08,6.75,16791,United Kingdom,6.75,,,
490124,21524,SPOTTY  HOME SWEET HOME DOORMAT,1,12-03-2009 18:08,6.75,16791,United Kingdom,6.75,,,
490125,21490,SET OF THREE 50'S GIFT WRAPS ,12,12-03-2009 18:11,1.95,16558,United Kingdom,23.4,,,
490125,22083,PAPER CHAIN KIT RETRO SPOT,12,12-03-2009 18:11,2.95,16558,United Kingdom,35.4,,,
490125,22086,PAPER CHAIN KIT 50'S CHRISTMAS ,36,12-03-2009 18:11,2.95,16558,United Kingdom,106.2,,,
490125,22109,FULL ENGLISH BREAKFAST PLATE,8,12-03-2009 18:11,3.75,16558,United Kingdom,30,,,
490125,22190,LOCAL CAFE MUG,12,12-03-2009 18:11,2.1,16558,United Kingdom,25.2,,,
490125,22193,RED DINER WALL CLOCK,2,12-03-2009 18:11,8.5,16558,United Kingdom,17,,,
490125,85014B,RED/WHITE DOTS RUFFLED UMBRELLA,3,12-03-2009 18:11,5.95,16558,United Kingdom,17.85,,,
490125,85123A,WHITE HANGING HEART T-LIGHT HOLDER,12,12-03-2009 18:11,2.95,16558,United Kingdom,35.4,,,
490125,85226A,WHITE/BLUE PULL BACK RACING CAR,12,12-03-2009 18:11,0.55,16558,United Kingdom,6.6,,,
490127,21181,PLEASE ONE PERSON  METAL SIGN,6,12-03-2009 18:13,2.1,14156,EIRE,12.6,,,
490127,21770,OPEN CLOSED METAL SIGN,2,12-03-2009 18:13,4.95,14156,EIRE,9.9,,,
490127,21903,MAN FLU METAL SIGN,6,12-03-2009 18:13,2.1,14156,EIRE,12.6,,,
490127,22112,CHOCOLATE HOT WATER BOTTLE,6,12-03-2009 18:13,4.95,14156,EIRE,29.7,,,
490127,22114,HOT WATER BOTTLE TEA AND SYMPATHY,8,12-03-2009 18:13,3.95,14156,EIRE,31.6,,,
490127,22139,RETRO SPOT TEA SET CERAMIC 11 PC ,3,12-03-2009 18:13,4.95,14156,EIRE,14.85,,,
490127,22186,RED STAR CARD HOLDER,6,12-03-2009 18:13,2.95,14156,EIRE,17.7,,,
490127,22200,FRYING PAN PINK POLKADOT ,4,12-03-2009 18:13,4.25,14156,EIRE,17,,,
490127,22202,MILK PAN PINK RETROSPOT,4,12-03-2009 18:13,3.75,14156,EIRE,15,,,
490127,22215,CAKE STAND WHITE TWO TIER LACE,2,12-03-2009 18:13,8.5,14156,EIRE,17,,,
490127,22218,CAKE STAND LACE WHITE,3,12-03-2009 18:13,4.25,14156,EIRE,12.75,,,
490127,22275,WEEKEND BAG VINTAGE ROSE PAISLEY,2,12-03-2009 18:13,8.5,14156,EIRE,17,,,
490127,22276,WASH BAG VINTAGE ROSE PAISLEY,6,12-03-2009 18:13,2.55,14156,EIRE,15.3,,,
490127,22323,PINK POLKADOT KIDS BAG,3,12-03-2009 18:13,4.95,14156,EIRE,14.85,,,
490127,22347,PIZZA SLICE DISH,12,12-03-2009 18:13,1.25,14156,EIRE,15,,,
490127,22348,TEA BAG PLATE RED SPOTTY ,12,12-03-2009 18:13,0.85,14156,EIRE,10.2,,,
490127,22415,WHITE TISSUE REAM,1,12-03-2009 18:13,7.95,14156,EIRE,7.95,,,
490127,37500,TEA TIME TEAPOT IN GIFT BOX,2,12-03-2009 18:13,9.95,14156,EIRE,19.9,,,
490127,37503,TEA TIME CAKE STAND IN GIFT BOX,2,12-03-2009 18:13,10.75,14156,EIRE,21.5,,,
490127,45008C,DECORATIVE NET CANOPY CREAM,2,12-03-2009 18:13,8.95,14156,EIRE,17.9,,,
490127,47503G,ASS FLORAL PRINT TAPE MEASURE,12,12-03-2009 18:13,1.25,14156,EIRE,15,,,
490127,47580,TEA TIME DES TEA COSY,6,12-03-2009 18:13,2.55,14156,EIRE,15.3,,,
490127,20750, RED/WHITE DOT MINI CASES,2,12-03-2009 18:13,7.95,14156,EIRE,15.9,,,
490127,20753,RETRO PINK SPOT WASHING UP GLOVES,6,12-03-2009 18:13,2.1,14156,EIRE,12.6,,,
490127,84375,SET OF 20 KIDS COOKIE CUTTERS,12,12-03-2009 18:13,1.95,14156,EIRE,23.4,,,
490127,84378,SET OF 3 HEART COOKIE CUTTERS,12,12-03-2009 18:13,1.25,14156,EIRE,15,,,
490127,84562A,PINK/WHITE RIBBED MELAMINE JUG,2,12-03-2009 18:13,7.95,14156,EIRE,15.9,,,
490127,84854,GIRLY PINK TOOL SET,4,12-03-2009 18:13,4.95,14156,EIRE,19.8,,,
490127,84880,WHITE WIRE EGG HOLDER,3,12-03-2009 18:13,5.95,14156,EIRE,17.85,,,
490127,84991,60 TEATIME FAIRY CAKE CASES,24,12-03-2009 18:13,0.55,14156,EIRE,13.2,,,
490127,84993A,75 GREEN PETIT FOUR CASES,24,12-03-2009 18:13,0.42,14156,EIRE,10.08,,,
490127,85232A,SET/3 POLKA DOT STACKING TINS,3,12-03-2009 18:13,4.95,14156,EIRE,14.85,,,
490127,C2,CARRIAGE,1,12-03-2009 18:13,50,14156,EIRE,50,,,
490128,84558A,3D DOG PICTURE PLAYING CARDS,48,12-03-2009 18:23,2.95,15884,United Kingdom,141.6,,,
490128,84270,ASSTD DESIGN BUBBLE GUM RING,30,12-03-2009 18:23,0.21,15884,United Kingdom,6.3,,,
490128,22100,SKULLS SQUARE TISSUE BOX,1,12-03-2009 18:23,1.25,15884,United Kingdom,1.25,,,
490128,21726,MULTI HEARTS  STICKERS,6,12-03-2009 18:23,0.85,15884,United Kingdom,5.1,,,
490128,21723,ALPHABET HEARTS STICKER SHEET,6,12-03-2009 18:23,0.85,15884,United Kingdom,5.1,,,
490128,21726,MULTI HEARTS  STICKERS,6,12-03-2009 18:23,0.85,15884,United Kingdom,5.1,,,
490128,21725,SWEETIES  STICKERS,4,12-03-2009 18:23,0.85,15884,United Kingdom,3.4,,,
490128,84559A,3D SHEET OF DOG STICKERS,25,12-03-2009 18:23,0.85,15884,United Kingdom,21.25,,,
490128,90200D,PINK SWEETHEART BRACELET,2,12-03-2009 18:23,4.25,15884,United Kingdom,8.5,,,
490128,90200E,GREEN SWEETHEART BRACELET,2,12-03-2009 18:23,4.25,15884,United Kingdom,8.5,,,
490128,90200B,BLACK SWEETHEART BRACELET,2,12-03-2009 18:23,4.25,15884,United Kingdom,8.5,,,
490128,90200C,BLUE SWEETHEART BRACELET,2,12-03-2009 18:23,4.25,15884,United Kingdom,8.5,,,
490128,90089,PINK CRYSTAL SKULL PHONE CHARM,12,12-03-2009 18:23,0.85,15884,United Kingdom,10.2,,,
490128,90084,PINK CRYSTAL GUITAR PHONE CHARM,10,12-03-2009 18:23,0.85,15884,United Kingdom,8.5,,,
490132,21916,SET 12 RETRO WHITE CHALK STICKS,1,12-03-2009 18:30,0.42,17343,United Kingdom,0.42,,,
490132,22125,UNION JACK HOT WATER BOTTLE ,4,12-03-2009 18:30,5.95,17343,United Kingdom,23.8,,,
490132,21484,CHICK GREY HOT WATER BOTTLE,4,12-03-2009 18:30,3.45,17343,United Kingdom,13.8,,,
490132,22111,SCOTTIE DOG HOT WATER BOTTLE,2,12-03-2009 18:30,4.95,17343,United Kingdom,9.9,,,
490132,21622,VINTAGE UNION JACK CUSHION COVER,8,12-03-2009 18:30,4.95,17343,United Kingdom,39.6,,,
490132,22297,HEART IVORY TRELLIS SMALL,24,12-03-2009 18:30,1.25,17343,United Kingdom,30,,,
490132,35991,SET/6 BLACK SNOWFLAKE T-LIGHTS ,12,12-03-2009 18:30,1.69,17343,United Kingdom,20.28,,,
490132,85033G,SET/6 GOLD REINDEER T-LIGHT CANDLES,12,12-03-2009 18:30,1.95,17343,United Kingdom,23.4,,,
490132,46000M,POLYESTER FILLER PAD 45x45cm,8,12-03-2009 18:30,1.55,17343,United Kingdom,12.4,,,
490132,84949,SILVER HANGING T-LIGHT HOLDER,12,12-03-2009 18:30,1.65,17343,United Kingdom,19.8,,,
490132,21034,REX CASH+CARRY JUMBO SHOPPER,1,12-03-2009 18:30,0.95,17343,United Kingdom,0.95,,,
490132,22273,FELTCRAFT DOLL MOLLY,1,12-03-2009 18:30,2.95,17343,United Kingdom,2.95,,,
490134,48116,DOOR MAT MULTICOLOUR STRIPE,1,12-03-2009 18:41,6.75,17372,United Kingdom,6.75,,,
490134,48188,DOOR MAT WELCOME PUPPIES,1,12-03-2009 18:41,6.75,17372,United Kingdom,6.75,,,
490134,48187,DOOR MAT NEW ENGLAND,1,12-03-2009 18:41,6.75,17372,United Kingdom,6.75,,,
490134,22112,CHOCOLATE HOT WATER BOTTLE,2,12-03-2009 18:41,4.95,17372,United Kingdom,9.9,,,
490134,21480,PINK STRIPE HOT WATER BOTTLE,2,12-03-2009 18:41,2.95,17372,United Kingdom,5.9,,,
490134,84029E,RED WOOLLY HOTTIE WHITE HEART.,4,12-03-2009 18:41,3.75,17372,United Kingdom,15,,,
490134,84029C,BROWN FURRY HOT WATER BOTTLE,2,12-03-2009 18:41,3.75,17372,United Kingdom,7.5,,,
490134,22189,CREAM HEART CARD HOLDER,1,12-03-2009 18:41,3.95,17372,United Kingdom,3.95,,,
490134,72800E,4 IVORY DINNER CANDLES SILVER FLOCK,2,12-03-2009 18:41,2.55,17372,United Kingdom,5.1,,,
490134,72800F,4 IVORY DINNER CANDLES GOLD FLOCK,2,12-03-2009 18:41,2.55,17372,United Kingdom,5.1,,,
490134,22116,METAL SIGN HIS DINNER IS SERVED,1,12-03-2009 18:41,2.95,17372,United Kingdom,2.95,,,
490134,85123A,WHITE HANGING HEART T-LIGHT HOLDER,3,12-03-2009 18:41,2.95,17372,United Kingdom,8.85,,,
490134,22349,"DOG BOWL , CHASING BALL DESIGN",2,12-03-2009 18:41,3.75,17372,United Kingdom,7.5,,,
490134,22348,TEA BAG PLATE RED SPOTTY ,4,12-03-2009 18:41,0.85,17372,United Kingdom,3.4,,,
490134,21790,VINTAGE SNAP CARDS,2,12-03-2009 18:41,0.85,17372,United Kingdom,1.7,,,
490134,21791,VINTAGE HEADS AND TAILS CARD GAME ,2,12-03-2009 18:41,1.25,17372,United Kingdom,2.5,,,
490134,84754,S/15 SILVER GLASS BAUBLES IN BAG,2,12-03-2009 18:41,1.25,17372,United Kingdom,2.5,,,
490134,21591,COSY HOUR CIGAR BOX MATCHES ,2,12-03-2009 18:41,1.25,17372,United Kingdom,2.5,,,
490134,22073,RETRO SPOT STORAGE JAR,3,12-03-2009 18:41,3.75,17372,United Kingdom,11.25,,,
490134,85040A,S/4 PINK FLOWER CANDLES IN BOWL,2,12-03-2009 18:41,1.65,17372,United Kingdom,3.3,,,
490134,85040B,SET/4 BLUE FLOWER CANDLES IN BOWL,2,12-03-2009 18:41,1.65,17372,United Kingdom,3.3,,,
490134,37482P,CUBIC MUG PINK POLKA DOT,6,12-03-2009 18:41,2.55,17372,United Kingdom,15.3,,,
490134,21232,STRAWBERRY CERAMIC TRINKET BOX,4,12-03-2009 18:41,1.25,17372,United Kingdom,5,,,
490134,37485,ENGLISH ROSE TEA SET IN GIFT BOX,1,12-03-2009 18:41,4.65,17372,United Kingdom,4.65,,,
490134,85231B,CINAMMON SET OF 9 T-LIGHTS,5,12-03-2009 18:41,0.85,17372,United Kingdom,4.25,,,
490135,21258,VICTORIAN SEWING BOX LARGE,1,12-03-2009 18:51,12.75,16003,United Kingdom,12.75,,,
490135,21527,RETRO SPOT TRADITIONAL TEAPOT ,2,12-03-2009 18:51,7.95,16003,United Kingdom,15.9,,,
490135,21535,RETRO SPOT SMALL MILK JUG,6,12-03-2009 18:51,2.55,16003,United Kingdom,15.3,,,
490135,21743,STAR PORTABLE TABLE LIGHT ,6,12-03-2009 18:51,2.95,16003,United Kingdom,17.7,,,
490135,21744,SNOWFLAKE PORTABLE TABLE LIGHT ,6,12-03-2009 18:51,2.95,16003,United Kingdom,17.7,,,
490135,21843,RETRO SPOT CAKE STAND,6,12-03-2009 18:51,10.95,16003,United Kingdom,65.7,,,
490135,22086,PAPER CHAIN KIT 50'S CHRISTMAS ,12,12-03-2009 18:51,2.95,16003,United Kingdom,35.4,,,
490135,22139,RETRO SPOT TEA SET CERAMIC 11 PC ,6,12-03-2009 18:51,4.95,16003,United Kingdom,29.7,,,
490135,22142,CHRISTMAS CRAFT WHITE FAIRY ,12,12-03-2009 18:51,1.45,16003,United Kingdom,17.4,,,
490135,22143,CHRISTMAS CRAFT HEART DECORATIONS,12,12-03-2009 18:51,2.1,16003,United Kingdom,25.2,,,
490135,22145,CHRISTMAS CRAFT HEART STOCKING ,6,12-03-2009 18:51,2.1,16003,United Kingdom,12.6,,,
490135,22304,COFFEE MUG BLUE PAISLEY DESIGN,6,12-03-2009 18:51,2.55,16003,United Kingdom,15.3,,,
490135,22305,COFFEE MUG PINK PAISLEY DESIGN,6,12-03-2009 18:51,2.55,16003,United Kingdom,15.3,,,
490135,72756,FAIRY CAKE CANDLES,18,12-03-2009 18:51,1.49,16003,United Kingdom,26.82,,,
490135,79341,WILLOW BRANCH LIGHTS.,4,12-03-2009 18:51,6.75,16003,United Kingdom,27,,,
490135,85179B,WHITE BITTY LIGHT CHAIN ,3,12-03-2009 18:51,4.65,16003,United Kingdom,13.95,,,
490135,85180A,RED HEARTS LIGHT CHAIN ,3,12-03-2009 18:51,4.65,16003,United Kingdom,13.95,,,
490135,85231B,CINAMMON SET OF 9 T-LIGHTS,12,12-03-2009 18:51,0.85,16003,United Kingdom,10.2,,,
490136,21790,VINTAGE SNAP CARDS,3,12-03-2009 19:13,0.85,17432,United Kingdom,2.55,,,
490136,21791,VINTAGE HEADS AND TAILS CARD GAME ,2,12-03-2009 19:13,1.25,17432,United Kingdom,2.5,,,
490136,21312,LARGE CHUNKY GLASS ROMAN BOWL,1,12-03-2009 19:13,6.75,17432,United Kingdom,6.75,,,
490136,21260,FIRST AID TIN,1,12-03-2009 19:13,3.25,17432,United Kingdom,3.25,,,
490136,21561,DINOSAUR LUNCHBOX WITH CUTLERY,1,12-03-2009 19:13,2.55,17432,United Kingdom,2.55,,,
490136,21481,FAWN BLUE HOT WATER BOTTLE,1,12-03-2009 19:13,2.95,17432,United Kingdom,2.95,,,
490136,21582,KINGS CHOICE SMALL TUBE MATCHES,3,12-03-2009 19:13,1.65,17432,United Kingdom,4.95,,,
490136,84029E,RED WOOLLY HOTTIE WHITE HEART.,1,12-03-2009 19:13,3.75,17432,United Kingdom,3.75,,,
490136,85178,VICTORIAN SEWING KIT,1,12-03-2009 19:13,1.25,17432,United Kingdom,1.25,,,
490136,21114,LAVENDER SCENTED FABRIC HEART,5,12-03-2009 19:13,1.25,17432,United Kingdom,6.25,,,
490136,21380,WOODEN HAPPY BIRTHDAY GARLAND,1,12-03-2009 19:13,2.95,17432,United Kingdom,2.95,,,
490136,35609A,PINK FEATHER CHRISTMAS DECORATION,1,12-03-2009 19:13,1.25,17432,United Kingdom,1.25,,,
490136,10002,INFLATABLE POLITICAL GLOBE ,1,12-03-2009 19:13,0.85,17432,United Kingdom,0.85,,,
490136,21249,WOODLAND  HEIGHT CHART STICKERS ,2,12-03-2009 19:13,2.95,17432,United Kingdom,5.9,,,
490136,21559,STRAWBERRY LUNCHBOX WITH CUTLERY,2,12-03-2009 19:13,2.55,17432,United Kingdom,5.1,,,
490136,22353,LUNCHBOX WITH CUTLERY FAIRY CAKES ,1,12-03-2009 19:13,2.55,17432,United Kingdom,2.55,,,
490136,21788,KIDS RAIN MAC BLUE,1,12-03-2009 19:13,0.85,17432,United Kingdom,0.85,,,
490136,21493, VINTAGE DESIGN GIFT TAGS,1,12-03-2009 19:13,0.85,17432,United Kingdom,0.85,,,
490136,21034,REX CASH+CARRY JUMBO SHOPPER,1,12-03-2009 19:13,0.95,17432,United Kingdom,0.95,,,
490136,21054,NURSE'S BAG SOFT TOY,1,12-03-2009 19:13,8.95,17432,United Kingdom,8.95,,,
490136,21432,SET OF 3 CASES WOODLAND DESIGN,1,12-03-2009 19:13,5.95,17432,United Kingdom,5.95,,,
490136,21789,KIDS RAIN MAC PINK,1,12-03-2009 19:13,0.85,17432,United Kingdom,0.85,,,
490136,22082,RIBBON REEL STRIPES DESIGN ,5,12-03-2009 19:13,1.65,17432,United Kingdom,8.25,,,
490136,20726,LUNCH BAG WOODLAND,1,12-03-2009 19:13,1.65,17432,United Kingdom,1.65,,,
490136,21054,NURSE'S BAG SOFT TOY,1,12-03-2009 19:13,8.95,17432,United Kingdom,8.95,,,
490136,21654,RIDGED GLASS FINGER BOWL,2,12-03-2009 19:13,1.45,17432,United Kingdom,2.9,,,
490136,84946,ANTIQUE SILVER TEA GLASS ETCHED,6,12-03-2009 19:13,1.25,17432,United Kingdom,7.5,,,
490136,21912,VINTAGE SNAKES & LADDERS,2,12-03-2009 19:13,3.75,17432,United Kingdom,7.5,,,
490136,22091,EMPIRE TISSUE BOX,1,12-03-2009 19:13,1.25,17432,United Kingdom,1.25,,,
490136,21432,SET OF 3 CASES WOODLAND DESIGN,1,12-03-2009 19:13,5.95,17432,United Kingdom,5.95,,,
490136,22121,NOEL WOODEN BLOCK LETTERS ,1,12-03-2009 19:13,5.95,17432,United Kingdom,5.95,,,
490136,22118,JOY WOODEN BLOCK LETTERS,1,12-03-2009 19:13,4.95,17432,United Kingdom,4.95,,,
490136,21316,SMALL CHUNKY GLASS ROMAN  BOWL,2,12-03-2009 19:13,2.95,17432,United Kingdom,5.9,,,
490136,20804,GLASS CHICKEN BUTTER DISH,4,12-03-2009 19:13,1.65,17432,United Kingdom,6.6,,,
490136,20977,36 PENCILS TUBE WOODLAND,3,12-03-2009 19:13,1.25,17432,United Kingdom,3.75,,,
490136,22204,MILK PAN BLUE RETROSPOT,1,12-03-2009 19:13,3.75,17432,United Kingdom,3.75,,,
490136,22138,BAKING SET 9 PIECE RETROSPOT ,2,12-03-2009 19:13,4.95,17432,United Kingdom,9.9,,,
490136,21913,VINTAGE SEASIDE JIGSAW PUZZLES,2,12-03-2009 19:13,3.75,17432,United Kingdom,7.5,,,
490136,22139,RETRO SPOT TEA SET CERAMIC 11 PC ,1,12-03-2009 19:13,4.95,17432,United Kingdom,4.95,,,
490136,21490,SET OF THREE 50'S GIFT WRAPS ,1,12-03-2009 19:13,1.95,17432,United Kingdom,1.95,,,
490136,21491,SET OF THREE VINTAGE GIFT WRAPS,1,12-03-2009 19:13,1.95,17432,United Kingdom,1.95,,,
490137,20713,JUMBO BAG OWLS,2,12-03-2009 19:22,1.95,14713,United Kingdom,3.9,,,
490137,21931,JUMBO STORAGE BAG SUKI,2,12-03-2009 19:22,1.95,14713,United Kingdom,3.9,,,
490137,21826,EIGHT PIECE DINOSAUR SET,12,12-03-2009 19:22,1.25,14713,United Kingdom,15,,,
490137,85226A,WHITE/BLUE PULL BACK RACING CAR,6,12-03-2009 19:22,0.55,14713,United Kingdom,3.3,,,
490137,84032A,CHARLIE+LOLA PINK HOT WATER BOTTLE,2,12-03-2009 19:22,2.95,14713,United Kingdom,5.9,,,
490137,21504,SKULLS GREETING CARD,12,12-03-2009 19:22,0.42,14713,United Kingdom,5.04,,,
490137,21181,PLEASE ONE PERSON  METAL SIGN,3,12-03-2009 19:22,2.1,14713,United Kingdom,6.3,,,
490137,21174,POTTERING IN THE SHED METAL SIGN,2,12-03-2009 19:22,1.95,14713,United Kingdom,3.9,,,
490137,21166,COOK WITH WINE METAL SIGN ,4,12-03-2009 19:22,1.95,14713,United Kingdom,7.8,,,
490137,21175,GIN + TONIC DIET METAL SIGN,2,12-03-2009 19:22,2.1,14713,United Kingdom,4.2,,,
490137,21481,FAWN BLUE HOT WATER BOTTLE,2,12-03-2009 19:22,2.95,14713,United Kingdom,5.9,,,
490137,84347,ROTATING SILVER ANGELS T-LIGHT HLDR,2,12-03-2009 19:22,2.55,14713,United Kingdom,5.1,,,
490137,21745,GAOLERS KEYS DECORATIVE GARDEN ,2,12-03-2009 19:22,3.75,14713,United Kingdom,7.5,,,
490137,22086,PAPER CHAIN KIT 50'S CHRISTMAS ,12,12-03-2009 19:22,2.95,14713,United Kingdom,35.4,,,
490137,20724,RED SPOTTY CHARLOTTE BAG,6,12-03-2009 19:22,0.85,14713,United Kingdom,5.1,,,
490137,20725,LUNCH BAG RED SPOTTY,6,12-03-2009 19:22,1.65,14713,United Kingdom,9.9,,,
490137,20728,LUNCH BAG CARS BLUE,6,12-03-2009 19:22,1.65,14713,United Kingdom,9.9,,,
490137,20726,LUNCH BAG WOODLAND,3,12-03-2009 19:22,1.65,14713,United Kingdom,4.95,,,
490137,22356,"CHARLOTTE BAG , PINK/WHITE SPOTS",12,12-03-2009 19:22,0.85,14713,United Kingdom,10.2,,,
490137,21876,POTTERING MUG,3,12-03-2009 19:22,1.25,14713,United Kingdom,3.75,,,
490137,21870,I CAN ONLY PLEASE ONE PERSON MUG,3,12-03-2009 19:22,1.25,14713,United Kingdom,3.75,,,
490138,16225,RATTLE SNAKE EGGS,12,12-03-2009 19:23,1.25,16722,United Kingdom,15,,,
490138,21700,BIG DOUGHNUT FRIDGE MAGNETS,12,12-03-2009 19:23,0.85,16722,United Kingdom,10.2,,,
490138,21731,RED TOADSTOOL LED NIGHT LIGHT,12,12-03-2009 19:23,1.65,16722,United Kingdom,19.8,,,
490138,21829,DINOSAUR KEYRINGS ASSORTED,36,12-03-2009 19:23,0.21,16722,United Kingdom,7.56,,,
490138,21833,CAMOUFLAGE LED TORCH,12,12-03-2009 19:23,1.69,16722,United Kingdom,20.28,,,
490138,21889,WOODEN BOX OF DOMINOES,12,12-03-2009 19:23,1.25,16722,United Kingdom,15,,,
490138,22139,RETRO SPOT TEA SET CERAMIC 11 PC ,3,12-03-2009 19:23,4.95,16722,United Kingdom,14.85,,,
490138,22299,PIG KEYRING WITH LIGHT & SOUND ,24,12-03-2009 19:23,1.25,16722,United Kingdom,30,,,
490138,46775B,BERRIES CHUNKY KNITTED THROW ,1,12-03-2009 19:23,16.95,16722,United Kingdom,16.95,,,
490138,46776B,WOVEN BERRIES CUSHION COVER ,2,12-03-2009 19:23,4.95,16722,United Kingdom,9.9,,,
490138,84031A,CHARLIE+LOLA RED HOT WATER BOTTLE ,24,12-03-2009 19:23,3.81,16722,United Kingdom,91.44,,,
490138,84032A,CHARLIE+LOLA PINK HOT WATER BOTTLE,24,12-03-2009 19:23,2.95,16722,United Kingdom,70.8,,,
490138,85217,ASSORTED ICE CREAM FRIDGE MAGNETS,12,12-03-2009 19:23,0.65,16722,United Kingdom,7.8,,,
490138,85227,SET/6 3D KIT CARDS FOR KIDS,12,12-03-2009 19:23,0.85,16722,United Kingdom,10.2,,,
490139,22275,WEEKEND BAG VINTAGE ROSE PAISLEY,2,12-03-2009 19:31,8.5,12577,France,17,,,
490139,85183A,CHARLIE & LOLA WASTEPAPER BIN BLUE,3,12-03-2009 19:31,3.75,12577,France,11.25,,,
490139,85183B,CHARLIE & LOLA WASTEPAPER BIN FLORA,3,12-03-2009 19:31,3.75,12577,France,11.25,,,
490139,21100,CHARLIE AND LOLA CHARLOTTE BAG,10,12-03-2009 19:31,1.65,12577,France,16.5,,,
490139,22125,UNION JACK HOT WATER BOTTLE ,1,12-03-2009 19:31,5.95,12577,France,5.95,,,
490139,22114,HOT WATER BOTTLE TEA AND SYMPATHY,1,12-03-2009 19:31,3.95,12577,France,3.95,,,
490139,21934,SKULL SHOULDER BAG,10,12-03-2009 19:31,1.65,12577,France,16.5,,,
490139,21913,VINTAGE SEASIDE JIGSAW PUZZLES,8,12-03-2009 19:31,3.75,12577,France,30,,,
490139,21912,VINTAGE SNAKES & LADDERS,7,12-03-2009 19:31,3.75,12577,France,26.25,,,
490139,21888,BINGO SET,7,12-03-2009 19:31,3.75,12577,France,26.25,,,
490139,21890,S/6 WOODEN SKITTLES IN COTTON BAG,7,12-03-2009 19:31,2.95,12577,France,20.65,,,
490139,21889,WOODEN BOX OF DOMINOES,6,12-03-2009 19:31,1.25,12577,France,7.5,,,
490139,21892,TRADITIONAL WOODEN CATCH CUP GAME ,14,12-03-2009 19:31,1.25,12577,France,17.5,,,
490140,21818,GLITTER CHRISTMAS HEART ,1,12-03-2009 20:03,0.85,12872,United Kingdom,0.85,,,
490140,22121,NOEL WOODEN BLOCK LETTERS ,2,12-03-2009 20:03,5.95,12872,United Kingdom,11.9,,,
490140,72818,CHRISTMAS DECOUPAGE CANDLE,4,12-03-2009 20:03,0.85,12872,United Kingdom,3.4,,,
490140,85123A,WHITE HANGING HEART T-LIGHT HOLDER,22,12-03-2009 20:03,2.95,12872,United Kingdom,64.9,,,
490140,21817,GLITTER CHRISTMAS TREE,15,12-03-2009 20:03,0.85,12872,United Kingdom,12.75,,,
490140,21819,GLITTER CHRISTMAS STAR ,15,12-03-2009 20:03,0.85,12872,United Kingdom,12.75,,,
490140,21818,GLITTER CHRISTMAS HEART ,15,12-03-2009 20:03,0.85,12872,United Kingdom,12.75,,,
490140,21888,BINGO SET,1,12-03-2009 20:03,3.75,12872,United Kingdom,3.75,,,
490140,22086,PAPER CHAIN KIT 50'S CHRISTMAS ,4,12-03-2009 20:03,2.95,12872,United Kingdom,11.8,,,
490140,21891,TRADITIONAL WOODEN SKIPPING ROPE,6,12-03-2009 20:03,1.25,12872,United Kingdom,7.5,,,
490140,21892,TRADITIONAL WOODEN CATCH CUP GAME ,3,12-03-2009 20:03,1.25,12872,United Kingdom,3.75,,,
490140,72267,PREMIUM CHURCH CANDLE,2,12-03-2009 20:03,2.1,12872,United Kingdom,4.2,,,
490140,35962,12 ASS ZINC CHRISTMAS DECORATIONS,24,12-03-2009 20:03,2.1,12872,United Kingdom,50.4,,,
490140,21034,REX CASH+CARRY JUMBO SHOPPER,2,12-03-2009 20:03,0.95,12872,United Kingdom,1.9,,,
490140,22302,COFFEE MUG PEARS  DESIGN,6,12-03-2009 20:03,2.55,12872,United Kingdom,15.3,,,
490140,21185, HOME SWEET HOME  BLACKBOARD,1,12-03-2009 20:03,6.35,12872,United Kingdom,6.35,,,
490140,84378,SET OF 3 HEART COOKIE CUTTERS,3,12-03-2009 20:03,1.25,12872,United Kingdom,3.75,,,
490140,22122,SET OF 2 FANCY FONT TEA TOWELS,2,12-03-2009 20:03,2.95,12872,United Kingdom,5.9,,,
490140,84077,WORLD WAR 2 GLIDERS ASSTD DESIGNS,6,12-03-2009 20:03,0.21,12872,United Kingdom,1.26,,,
490140,35004S,SET OF 3 SILVER FLYING DUCKS,1,12-03-2009 20:03,6.35,12872,United Kingdom,6.35,,,
490140,22083,PAPER CHAIN KIT RETRO SPOT,3,12-03-2009 20:03,2.95,12872,United Kingdom,8.85,,,
490140,82552,WASHROOM METAL SIGN,2,12-03-2009 20:03,1.25,12872,United Kingdom,2.5,,,
490140,21122,SET/10 PINK SPOTTY PARTY CANDLES,3,12-03-2009 20:03,1.25,12872,United Kingdom,3.75,,,
490140,21124,SET/10 BLUE SPOTTY PARTY CANDLES,3,12-03-2009 20:03,1.25,12872,United Kingdom,3.75,,,
490140,22150, 3 STRIPEY MICE FELTCRAFT,4,12-03-2009 20:03,1.95,12872,United Kingdom,7.8,,,
490140,84625C,BLUE NEW BAROQUE CANDLESTICK CANDLE,3,12-03-2009 20:03,2.95,12872,United Kingdom,8.85,,,
490140,84625A,PINK NEW BAROQUECANDLESTICK CANDLE,2,12-03-2009 20:03,2.95,12872,United Kingdom,5.9,,,
490140,84625D,WHITE NEWBAROQUE CANDLESTICK CANDLE,4,12-03-2009 20:03,2.95,12872,United Kingdom,11.8,,,
490140,21102,"CANDLE IN JAR COLLAGE , VANILLA",6,12-03-2009 20:03,2.55,12872,United Kingdom,15.3,,,
490140,21175,GIN + TONIC DIET METAL SIGN,5,12-03-2009 20:03,2.1,12872,United Kingdom,10.5,,,
490140,82600,NO SINGING METAL SIGN,2,12-03-2009 20:03,2.1,12872,United Kingdom,4.2,,,
490140,22082,RIBBON REEL STRIPES DESIGN ,3,12-03-2009 20:03,1.65,12872,United Kingdom,4.95,,,
490140,35958,FOLKART ZINC STAR CHRISTMAS DEC,12,12-03-2009 20:03,0.85,12872,United Kingdom,10.2,,,
490140,10002,INFLATABLE POLITICAL GLOBE ,4,12-03-2009 20:03,0.85,12872,United Kingdom,3.4,,,
490140,84992,72 SWEETHEART FAIRY CAKE CASES,6,12-03-2009 20:03,0.55,12872,United Kingdom,3.3,,,
490140,84988,SET OF 72 PINK HEART PAPER DOILIES,2,12-03-2009 20:03,1.45,12872,United Kingdom,2.9,,,
490140,21213,PACK OF 72 SKULL CAKE CASES,3,12-03-2009 20:03,0.55,12872,United Kingdom,1.65,,,
490140,22085,PAPER CHAIN KIT SKULLS ,2,12-03-2009 20:03,2.95,12872,United Kingdom,5.9,,,
490140,21207,SKULL AND CROSSBONES  GARLAND ,3,12-03-2009 20:03,1.65,12872,United Kingdom,4.95,,,
490140,21755,LOVE BUILDING BLOCK WORD,3,12-03-2009 20:03,5.95,12872,United Kingdom,17.85,,,
490140,84975,HEART SHAPED MIRROR,6,12-03-2009 20:03,1.69,12872,United Kingdom,10.14,,,
490140,84879,ASSORTED COLOUR BIRD ORNAMENT,8,12-03-2009 20:03,1.69,12872,United Kingdom,13.52,,,
490140,46126A,ELVIS WALLHANGING / CURTAIN,3,12-03-2009 20:03,1.25,12872,United Kingdom,3.75,,,
490141,21440,12 MINI TOADSTOOL PEGS,12,12-04-2009 08:24,1.25,15755,United Kingdom,15,,,
490141,21590,KINGS CHOICE CIGAR BOX MATCHES ,24,12-04-2009 08:24,1.25,15755,United Kingdom,30,,,
490141,21592,RETRO SPOT  CIGAR BOX MATCHES ,24,12-04-2009 08:24,1.25,15755,United Kingdom,30,,,
490141,21610,SET 12 PEAR BOTANICAL T-LIGHTS,6,12-04-2009 08:24,2.95,15755,United Kingdom,17.7,,,
490141,21614,SET OF 12 ROSE BOTANICAL T-LIGHTS,6,12-04-2009 08:24,2.95,15755,United Kingdom,17.7,,,
490141,21790,VINTAGE SNAP CARDS,12,12-04-2009 08:24,0.85,15755,United Kingdom,10.2,,,
490141,21888,BINGO SET,4,12-04-2009 08:24,3.75,15755,United Kingdom,15,,,
490141,22093,MOTORING TISSUE BOX,12,12-04-2009 08:24,1.25,15755,United Kingdom,15,,,
490141,22139,RETRO SPOT TEA SET CERAMIC 11 PC ,6,12-04-2009 08:24,4.95,15755,United Kingdom,29.7,,,
490141,47503G,ASS FLORAL PRINT TAPE MEASURE,12,12-04-2009 08:24,1.25,15755,United Kingdom,15,,,
490141,47505,MINATURE COLOURED GARDENING SET,3,12-04-2009 08:24,4.95,15755,United Kingdom,14.85,,,
490141,71477,COLOUR GLASS. STAR T-LIGHT HOLDER,4,12-04-2009 08:24,3.25,15755,United Kingdom,13,,,
490141,85123A,WHITE HANGING HEART T-LIGHT HOLDER,6,12-04-2009 08:24,2.95,15755,United Kingdom,17.7,,,
490141,90040D,MURANO STYLE GLASS BRACELET PINK,3,12-04-2009 08:24,3.5,15755,United Kingdom,10.5,,,
490141,90042B,FRESHWATER PEARL BRACELET PINK,4,12-04-2009 08:24,2.55,15755,United Kingdom,10.2,,,
490141,90120C,GREEN MURANO TWIST BRACELET,4,12-04-2009 08:24,4.25,15755,United Kingdom,17,,,
490141,10135,COLOURING PENCILS BROWN TUBE,10,12-04-2009 08:24,1.25,15755,United Kingdom,12.5,,,
490141,20914,SET/5 RED SPOTTY LID GLASS BOWLS,6,12-04-2009 08:24,2.95,15755,United Kingdom,17.7,,,
490142,15056BL,EDWARDIAN PARASOL BLACK,60,12-04-2009 08:36,4.95,14258,United Kingdom,297,,,
490142,20685,RED SPOTTY COIR DOORMAT,10,12-04-2009 08:36,5.95,14258,United Kingdom,59.5,,,
490142,20725,LUNCH BAG RED SPOTTY,20,12-04-2009 08:36,1.65,14258,United Kingdom,33,,,
490142,20727,LUNCH BAG  BLACK SKULL.,30,12-04-2009 08:36,1.65,14258,United Kingdom,49.5,,,
490142,20728,LUNCH BAG CARS BLUE,30,12-04-2009 08:36,1.65,14258,United Kingdom,49.5,,,
490142,21380,WOODEN HAPPY BIRTHDAY GARLAND,24,12-04-2009 08:36,2.95,14258,United Kingdom,70.8,,,
490142,22086,PAPER CHAIN KIT 50'S CHRISTMAS ,40,12-04-2009 08:36,2.55,14258,United Kingdom,102,,,
490142,37503,TEA TIME CAKE STAND IN GIFT BOX,6,12-04-2009 08:36,10.75,14258,United Kingdom,64.5,,,
490142,71477,COLOUR GLASS. STAR T-LIGHT HOLDER,48,12-04-2009 08:36,2.75,14258,United Kingdom,132,,,
490142,79320, FLAMINGO LIGHTS,24,12-04-2009 08:36,4.25,14258,United Kingdom,102,,,
490142,84356,POMPOM CURTAIN,24,12-04-2009 08:36,5.95,14258,United Kingdom,142.8,,,
490142,84839,SWEETHEART KEY CABINET,10,12-04-2009 08:36,5.55,14258,United Kingdom,55.5,,,
490142,84991,60 TEATIME FAIRY CAKE CASES,24,12-04-2009 08:36,0.55,14258,United Kingdom,13.2,,,
490142,85063,CREAM SWEETHEART MAGAZINE RACK,6,12-04-2009 08:36,14.95,14258,United Kingdom,89.7,,,
490143,10125,MINI FUNKY DESIGN TAPES,20,12-04-2009 08:40,0.85,14286,United Kingdom,17,,,
490143,10133,COLOURING PENCILS BROWN TUBE,24,12-04-2009 08:40,0.85,14286,United Kingdom,20.4,,,
490143,21499,BLUE SPOTS  WRAP,25,12-04-2009 08:40,0.42,14286,United Kingdom,10.5,,,
490143,21500,PINK SPOTS  WRAP ,25,12-04-2009 08:40,0.42,14286,United Kingdom,10.5,,,
490143,21504,SKULLS GREETING CARD,24,12-04-2009 08:40,0.42,14286,United Kingdom,10.08,,,
490143,21507,"ELEPHANT, BIRTHDAY CARD, ",24,12-04-2009 08:40,0.42,14286,United Kingdom,10.08,,,
490143,21508,VINTAGE KID DOLLY CARD ,24,12-04-2009 08:40,0.42,14286,United Kingdom,10.08,,,
490143,21509,COWBOYS AND INDIANS BIRTHDAY CARD ,24,12-04-2009 08:40,0.42,14286,United Kingdom,10.08,,,
490143,21576,LETS GO SHOPPING COTTON TOTE BAG,12,12-04-2009 08:40,2.25,14286,United Kingdom,27,,,
490143,21577,SAVE THE PLANET COTTON TOTE BAG,12,12-04-2009 08:40,2.25,14286,United Kingdom,27,,,
490143,21578,WOODLAND DESIGN  COTTON TOTE BAG,12,12-04-2009 08:40,2.25,14286,United Kingdom,27,,,
490143,21579,LOLITA  DESIGN  COTTON TOTE BAG,12,12-04-2009 08:40,2.25,14286,United Kingdom,27,,,
490143,21581,SKULLS  DESIGN  COTTON TOTE BAG,12,12-04-2009 08:40,2.25,14286,United Kingdom,27,,,
490143,21786,RAIN HAT WITH RED SPOTS,36,12-04-2009 08:40,0.42,14286,United Kingdom,15.12,,,
490143,21832,CHOCOLATE CALCULATOR,24,12-04-2009 08:40,1.65,14286,United Kingdom,39.6,,,
490143,21912,VINTAGE SNAKES & LADDERS,12,12-04-2009 08:40,3.75,14286,United Kingdom,45,,,
490143,21917,SET 12 KIDS  WHITE CHALK STICKS,72,12-04-2009 08:40,0.42,14286,United Kingdom,30.24,,,
490143,21918,SET 12 KIDS COLOUR  CHALK STICKS,72,12-04-2009 08:40,0.42,14286,United Kingdom,30.24,,,
490143,21980,PACK OF 12 RED SPOTTY TISSUES ,48,12-04-2009 08:40,0.29,14286,United Kingdom,13.92,,,
490143,21981,PACK OF 12 WOODLAND TISSUES ,48,12-04-2009 08:40,0.29,14286,United Kingdom,13.92,,,
490143,21990,MODERN FLORAL STATIONERY SET,6,12-04-2009 08:40,2.95,14286,United Kingdom,17.7,,,
490143,21992,VINTAGE PAISLEY STATIONERY SET,6,12-04-2009 08:40,2.95,14286,United Kingdom,17.7,,,
490143,22027,TEA PARTY BIRTHDAY CARD,12,12-04-2009 08:40,0.42,14286,United Kingdom,5.04,,,
490143,22029,SPACE BOY BIRTHDAY CARD,12,12-04-2009 08:40,0.42,14286,United Kingdom,5.04,,,
490143,22045,SPACE BOY GIFT WRAP,25,12-04-2009 08:40,0.42,14286,United Kingdom,10.5,,,
490143,22046,TEA PARTY  WRAPPING PAPER ,25,12-04-2009 08:40,0.42,14286,United Kingdom,10.5,,,
490143,22048,BIRTHDAY BANQUET GIFT WRAP,25,12-04-2009 08:40,0.42,14286,United Kingdom,10.5,,,
490143,22049,WRAP CHRISTMAS SCREEN PRINT,25,12-04-2009 08:40,0.42,14286,United Kingdom,10.5,,,
490143,22050,PINK PAISLEY ROSE GIFT WRAP,25,12-04-2009 08:40,0.42,14286,United Kingdom,10.5,,,
490143,22051,BLUE SCANDINAVIAN PAISLEY WRAP,25,12-04-2009 08:40,0.42,14286,United Kingdom,10.5,,,
490143,22052,VINTAGE CARAVAN GIFT WRAP,25,12-04-2009 08:40,0.42,14286,United Kingdom,10.5,,,
490143,22090,PAPER BUNTING RETRO SPOTS,12,12-04-2009 08:40,2.95,14286,United Kingdom,35.4,,,
490143,22093,MOTORING TISSUE BOX,24,12-04-2009 08:40,1.25,14286,United Kingdom,30,,,
490143,22099,CARAVAN SQUARE TISSUE BOX,24,12-04-2009 08:40,1.25,14286,United Kingdom,30,,,
490143,22145,CHRISTMAS CRAFT HEART STOCKING ,12,12-04-2009 08:40,2.1,14286,United Kingdom,25.2,,,
490143,22272,FELTCRAFT DOLL MARIA,6,12-04-2009 08:40,2.95,14286,United Kingdom,17.7,,,
490143,22274,FELTCRAFT DOLL EMILY,6,12-04-2009 08:40,2.95,14286,United Kingdom,17.7,,,
490143,22333,RETRO SPORT PARTY BAG + STICKER SET,16,12-04-2009 08:40,1.65,14286,United Kingdom,26.4,,,
490143,51014A,"FEATHER PEN,HOT PINK",24,12-04-2009 08:40,0.85,14286,United Kingdom,20.4,,,
490143,51014C,"FEATHER PEN,COAL BLACK",24,12-04-2009 08:40,0.85,14286,United Kingdom,20.4,,,
490143,51014L,"FEATHER PEN,LIGHT PINK",24,12-04-2009 08:40,0.85,14286,United Kingdom,20.4,,,
490143,82615,PINK MARSHMALLOW SCARF KNITTING KIT,6,12-04-2009 08:40,2.95,14286,United Kingdom,17.7,,,
490143,82616A,BUBBLE GUM SCARF KNITTING KIT,6,12-04-2009 08:40,2.95,14286,United Kingdom,17.7,,,
490143,84247G,"DECOUPAGE,GREETING CARD,",24,12-04-2009 08:40,0.42,14286,United Kingdom,10.08,,,
490143,85017A,ENVELOPE 50 ROMANTIC IMAGES,12,12-04-2009 08:40,0.85,14286,United Kingdom,10.2,,,
490143,85017B,ENVELOPE 50 BLOSSOM IMAGES,12,12-04-2009 08:40,0.85,14286,United Kingdom,10.2,,,
490143,85017C,ENVELOPE 50 CURIOUS IMAGES,12,12-04-2009 08:40,0.85,14286,United Kingdom,10.2,,,
490143,85018D,YULETIDE IMAGES S/6 PAPER BOXES,24,12-04-2009 08:40,2.1,14286,United Kingdom,50.4,,,
490143,85032D,YULETIDE IMAGES GIFT WRAP SET,12,12-04-2009 08:40,2.1,14286,United Kingdom,25.2,,,
490143,85176,SEWING SUSAN 21 NEEDLE SET,36,12-04-2009 08:40,0.85,14286,United Kingdom,30.6,,,
490143,85177,BASKET OF FLOWERS SEWING KIT,36,12-04-2009 08:40,0.85,14286,United Kingdom,30.6,,,
490143,85232B,SET/3 RUSSIAN DOLL STACKING TINS,6,12-04-2009 08:40,4.95,14286,United Kingdom,29.7,,,
490143,90167,BEADED LOVE HEART JEWELLERY SET,24,12-04-2009 08:40,0.85,14286,United Kingdom,20.4,,,
490143,16161U,"WRAP,SUKI AND FRIENDS",25,12-04-2009 08:40,0.42,14286,United Kingdom,10.5,,,
490143,16237,SLEEPING CAT ERASERS,60,12-04-2009 08:40,0.21,14286,United Kingdom,12.6,,,
490143,20716,PARTY FOOD SHOPPER BAG,20,12-04-2009 08:40,1.25,14286,United Kingdom,25,,,
490143,20718,RED SPOTTY SHOPPER BAG,20,12-04-2009 08:40,1.25,14286,United Kingdom,25,,,
490143,20750, RED/WHITE DOT MINI CASES,6,12-04-2009 08:40,7.95,14286,United Kingdom,47.7,,,
490143,20760,GARDEN PATH POCKET BOOK,12,12-04-2009 08:40,0.85,14286,United Kingdom,10.2,,,
490143,20972,PINK CREAM FELT CRAFT TRINKET BOX ,12,12-04-2009 08:40,1.25,14286,United Kingdom,15,,,
490143,20975,12 PENCILS SMALL TUBE RED SPOTTY,24,12-04-2009 08:40,0.65,14286,United Kingdom,15.6,,,
490143,20978,36 PENCILS TUBE SKULLS,16,12-04-2009 08:40,1.25,14286,United Kingdom,20,,,
490143,20981,12 PENCILS TALL TUBE WOODLAND,24,12-04-2009 08:40,0.85,14286,United Kingdom,20.4,,,
490143,20982,12 PENCILS TALL TUBE SKULLS,24,12-04-2009 08:40,0.85,14286,United Kingdom,20.4,,,
490143,20983,12 PENCILS TALL TUBE RED SPOTTY,24,12-04-2009 08:40,0.85,14286,United Kingdom,20.4,,,
490143,21156,RED SPOTTY CHILDS APRON,16,12-04-2009 08:40,1.95,14286,United Kingdom,31.2,,,
490143,21205,MULTICOLOUR 3D BALLS GARLAND,6,12-04-2009 08:40,2.55,14286,United Kingdom,15.3,,,
490143,21355,TOAST ITS - I LOVE YOU ,12,12-04-2009 08:40,1.25,14286,United Kingdom,15,,,
490143,21358,TOAST ITS - HAPPY BIRTHDAY,12,12-04-2009 08:40,1.25,14286,United Kingdom,15,,,
490143,21490,SET OF THREE 50'S GIFT WRAPS ,48,12-04-2009 08:40,1.65,14286,United Kingdom,79.2,,,
490143,21491,SET OF THREE VINTAGE GIFT WRAPS,48,12-04-2009 08:40,1.65,14286,United Kingdom,79.2,,,
490143,21493, VINTAGE DESIGN GIFT TAGS,36,12-04-2009 08:40,0.85,14286,United Kingdom,30.6,,,
490143,21497,FANCY FONTS BIRTHDAY WRAP,25,12-04-2009 08:40,0.42,14286,United Kingdom,10.5,,,
490143,21498,RED SPOTS  WRAP ,25,12-04-2009 08:40,0.42,14286,United Kingdom,10.5,,,
490143,84375,SET OF 20 KIDS COOKIE CUTTERS,12,12-04-2009 08:40,1.95,14286,United Kingdom,23.4,,,
490143,22040,BOTANICAL ROSE GIFT WRAP,25,12-04-2009 08:40,0.42,14286,United Kingdom,10.5,,,
490144,10002,INFLATABLE POLITICAL GLOBE ,12,12-04-2009 08:46,0.85,13154,United Kingdom,10.2,,,
490144,21357,TOAST ITS - DINOSAUR,12,12-04-2009 08:46,1.25,13154,United Kingdom,15,,,
490144,21390,FILIGRIS HEART WITH BUTTERFLY,24,12-04-2009 08:46,1.25,13154,United Kingdom,30,,,
490144,21464,DISCO BALL ROTATOR BATTERY OPERATED,2,12-04-2009 08:46,4.25,13154,United Kingdom,8.5,,,
490144,21523,FANCY FONT HOME SWEET HOME DOORMAT,2,12-04-2009 08:46,6.75,13154,United Kingdom,13.5,,,
490144,21888,BINGO SET,8,12-04-2009 08:46,3.75,13154,United Kingdom,30,,,
490144,21912,VINTAGE SNAKES & LADDERS,4,12-04-2009 08:46,3.75,13154,United Kingdom,15,,,
490144,22086,PAPER CHAIN KIT 50'S CHRISTMAS ,6,12-04-2009 08:46,2.95,13154,United Kingdom,17.7,,,
490144,22149,FELTCRAFT 6 FLOWER FRIENDS,6,12-04-2009 08:46,2.1,13154,United Kingdom,12.6,,,
490144,22189,CREAM HEART CARD HOLDER,4,12-04-2009 08:46,3.95,13154,United Kingdom,15.8,,,
490144,48185,DOOR MAT FAIRY CAKE,2,12-04-2009 08:46,6.75,13154,United Kingdom,13.5,,,
490144,48197,DOOR MAT BIRD ON THE WIRE,2,12-04-2009 08:46,6.75,13154,United Kingdom,13.5,,,
490144,84406B,CREAM CUPID HEARTS COAT HANGER,8,12-04-2009 08:46,3.25,13154,United Kingdom,26,,,
490144,84971L,LARGE HEART FLOWERS HOOK   ,12,12-04-2009 08:46,1.25,13154,United Kingdom,15,,,
490144,84971S,SMALL HEART FLOWERS HOOK ,24,12-04-2009 08:46,0.85,13154,United Kingdom,20.4,,,
490144,84997C,BLUE 3 PIECE MINI DOTS CUTLERY SET,6,12-04-2009 08:46,3.75,13154,United Kingdom,22.5,,,
490144,84997D,PINK 3 PIECE MINI DOTS CUTLERY SET,6,12-04-2009 08:46,3.75,13154,United Kingdom,22.5,,,
490144,85123A,WHITE HANGING HEART T-LIGHT HOLDER,12,12-04-2009 08:46,2.95,13154,United Kingdom,35.4,,,
490145,22130,PARTY CONE CHRISTMAS DECORATION ,24,12-04-2009 09:27,0.85,14564,Channel Islands,20.4,,,
490145,22218,CAKE STAND LACE WHITE,6,12-04-2009 09:27,4.25,14564,Channel Islands,25.5,,,
490145,22222,CAKE PLATE LOVEBIRD WHITE,6,12-04-2009 09:27,4.95,14564,Channel Islands,29.7,,,
490145,22220,CAKE STAND LOVEBIRD 2 TIER WHITE,4,12-04-2009 09:27,9.95,14564,Channel Islands,39.8,,,
490145,22215,CAKE STAND WHITE TWO TIER LACE,4,12-04-2009 09:27,8.5,14564,Channel Islands,34,,,
490145,22223,CAKE PLATE LOVEBIRD PINK,3,12-04-2009 09:27,4.95,14564,Channel Islands,14.85,,,
490145,22348,TEA BAG PLATE RED SPOTTY ,12,12-04-2009 09:27,0.85,14564,Channel Islands,10.2,,,
490145,22198,"POPCORN HOLDER , LARGE",12,12-04-2009 09:27,1.65,14564,Channel Islands,19.8,,,
490145,21212,PACK OF 72 RETRO SPOT CAKE CASES,24,12-04-2009 09:27,0.55,14564,Channel Islands,13.2,,,
490145,22128,PARTY CONES CANDY ASSORTED,12,12-04-2009 09:27,1.25,14564,Channel Islands,15,,,
490145,22127,PARTY CONES CARNIVAL ASSORTED,36,12-04-2009 09:27,1.25,14564,Channel Islands,45,,,
490145,22299,PIG KEYRING WITH LIGHT & SOUND ,24,12-04-2009 09:27,1.25,14564,Channel Islands,30,,,
490145,72008,FROSTED BOX 9 WHITE T-LIGHT CANDLES,12,12-04-2009 09:27,0.42,14564,Channel Islands,5.04,,,
490145,84879,ASSORTED COLOUR BIRD ORNAMENT,16,12-04-2009 09:27,1.69,14564,Channel Islands,27.04,,,
490145,84945,MULTI COLOUR SILVER T-LIGHT HOLDER,12,12-04-2009 09:27,0.85,14564,Channel Islands,10.2,,,
490145,20685,RED SPOTTY COIR DOORMAT,6,12-04-2009 09:27,6.75,14564,Channel Islands,40.5,,,
490145,22102,MIRROR MOSAIC T-LIGHT HOLDER ,6,12-04-2009 09:27,1.65,14564,Channel Islands,9.9,,,
490145,21639,ASSORTED TUTTI FRUTTI KEYRING,24,12-04-2009 09:27,0.85,14564,Channel Islands,20.4,,,
490145,21647,ASSORTED TUTTI FRUTTI LARGE PURSE,24,12-04-2009 09:27,2.1,14564,Channel Islands,50.4,,,
490145,21735,TWO DOOR CURIO CABINET,2,12-04-2009 09:27,12.75,14564,Channel Islands,25.5,,,
490145,21955,UNION JACK GUNS & ROSES  DOORMAT,4,12-04-2009 09:27,6.75,14564,Channel Islands,27,,,
490145,22138,BAKING SET 9 PIECE RETROSPOT ,6,12-04-2009 09:27,4.95,14564,Channel Islands,29.7,,,
490145,22139,RETRO SPOT TEA SET CERAMIC 11 PC ,6,12-04-2009 09:27,4.95,14564,Channel Islands,29.7,,,
490145,20686,DOLLY MIXTURE CHILDREN'S UMBRELLA,6,12-04-2009 09:27,3.25,14564,Channel Islands,19.5,,,
490145,21588,RETRO SPOT GIANT  TUBE MATCHES,12,12-04-2009 09:27,2.55,14564,Channel Islands,30.6,,,
490145,21589,SWALLOW GIANT TUBE MATCHES,12,12-04-2009 09:27,2.55,14564,Channel Islands,30.6,,,
490145,21592,RETRO SPOT  CIGAR BOX MATCHES ,24,12-04-2009 09:27,1.25,14564,Channel Islands,30,,,
490145,21621,VINTAGE UNION JACK BUNTING,6,12-04-2009 09:27,8.5,14564,Channel Islands,51,,,
490145,21622,VINTAGE UNION JACK CUSHION COVER,4,12-04-2009 09:27,4.95,14564,Channel Islands,19.8,,,
490145,85014A,BLACK/BLUE DOTS RUFFLED UMBRELLA,3,12-04-2009 09:27,5.95,14564,Channel Islands,17.85,,,
490145,85014B,RED/WHITE DOTS RUFFLED UMBRELLA,6,12-04-2009 09:27,5.95,14564,Channel Islands,35.7,,,
490145,22323,PINK POLKADOT KIDS BAG,3,12-04-2009 09:27,4.95,14564,Channel Islands,14.85,,,
490145,22324,BLUE POLKADOT KIDS BAG,3,12-04-2009 09:27,4.95,14564,Channel Islands,14.85,,,
490145,22179,SET 10 LIGHTS NIGHT OWL,6,12-04-2009 09:27,6.75,14564,Channel Islands,40.5,,,
490145,21187,WHITE BELL HONEYCOMB PAPER GARLAND ,12,12-04-2009 09:27,1.65,14564,Channel Islands,19.8,,,
490145,22049,WRAP CHRISTMAS SCREEN PRINT,25,12-04-2009 09:27,0.42,14564,Channel Islands,10.5,,,
490145,22187,GREEN CHRISTMAS TREE CARD HOLDER,8,12-04-2009 09:27,4.25,14564,Channel Islands,34,,,
490145,85033G,SET/6 GOLD REINDEER T-LIGHT CANDLES,12,12-04-2009 09:27,1.95,14564,Channel Islands,23.4,,,
490145,85033S,SET/6 SILVER REINDEER T-LIGHTS,12,12-04-2009 09:27,1.95,14564,Channel Islands,23.4,,,
490147,21700,BIG DOUGHNUT FRIDGE MAGNETS,24,12-04-2009 09:31,0.85,13408,United Kingdom,20.4,,,
490147,21983,PACK OF 12 BLUE PAISLEY TISSUES ,48,12-04-2009 09:31,0.29,13408,United Kingdom,13.92,,,
490147,21984,PACK OF 12 PINK PAISLEY TISSUES ,48,12-04-2009 09:31,0.29,13408,United Kingdom,13.92,,,
490147,20982,12 PENCILS TALL TUBE SKULLS,48,12-04-2009 09:31,0.85,13408,United Kingdom,40.8,,,
490147,20983,12 PENCILS TALL TUBE RED SPOTTY,48,12-04-2009 09:31,0.85,13408,United Kingdom,40.8,,,
490147,84879,ASSORTED COLOUR BIRD ORNAMENT,160,12-04-2009 09:31,1.45,13408,United Kingdom,232,,,
490147,84988,SET OF 72 PINK HEART PAPER DOILIES,48,12-04-2009 09:31,1.45,13408,United Kingdom,69.6,,,
490147,21490,SET OF THREE 50'S GIFT WRAPS ,48,12-04-2009 09:31,1.65,13408,United Kingdom,79.2,,,
490151,17109D,FLOWER FAIRY INCENSE BOUQUET,6,12-04-2009 09:49,1.69,16645,United Kingdom,10.14,,,
490151,21185, HOME SWEET HOME  BLACKBOARD,3,12-04-2009 09:49,6.35,16645,United Kingdom,19.05,,,
490151,72487,ROSES WHITE ROUND CANDLE,6,12-04-2009 09:49,1.49,16645,United Kingdom,8.94,,,
490151,72750C,"F.FAIRY S/3 CANDLE/GLASS, ROSE",2,12-04-2009 09:49,5.95,16645,United Kingdom,11.9,,,
490151,72754B,F FAIRY POTPOURRI CUSHIONS LAVENDER,6,12-04-2009 09:49,1.69,16645,United Kingdom,10.14,,,
490151,72755D,FLOWER FAIRY OIL BURNER SET SUMMER,4,12-04-2009 09:49,4.25,16645,United Kingdom,17,,,
490151,72819,CUPID DESIGN SCENTED CANDLES,6,12-04-2009 09:49,2.55,16645,United Kingdom,15.3,,,
490151,79406,FROSTED WHITE BASE ,24,12-04-2009 09:49,0.22,16645,United Kingdom,5.28,,,
490151,84846A,SCENTED CANDLE IN DIGITALIS TIN,6,12-04-2009 09:49,2.1,16645,United Kingdom,12.6,,,
490151,85053,FRENCH ENAMEL CANDLEHOLDER,6,12-04-2009 09:49,2.1,16645,United Kingdom,12.6,,,
490151,85230F,JASMINE VOTIVE CANDLE,24,12-04-2009 09:49,0.29,16645,United Kingdom,6.96,,,
490151,17107D,"FLOWER FAIRY,5 SUMMER B'DRAW LINERS",6,12-04-2009 09:49,2.55,16645,United Kingdom,15.3,,,
490151,17108D,FLOWER FAIRY SUMMER BOUQUET SACHET,12,12-04-2009 09:49,0.42,16645,United Kingdom,5.04,,,
490151,17109B,FLOWER FAIRY INCENSE LAVENDER,6,12-04-2009 09:49,1.69,16645,United Kingdom,10.14,,,
490152,16169P,WRAP GREEN RUSSIAN FOLKART ,25,12-04-2009 10:00,0.42,12714,France,10.5,,,
490152,20679,EDWARDIAN PARASOL RED,3,12-04-2009 10:00,5.95,12714,France,17.85,,,
490152,20685,RED SPOTTY COIR DOORMAT,4,12-04-2009 10:00,6.75,12714,France,27,,,
490152,20749,ASSORTED COLOUR MINI CASES,2,12-04-2009 10:00,7.95,12714,France,15.9,,,
490152,20750, RED/WHITE DOT MINI CASES,2,12-04-2009 10:00,7.95,12714,France,15.9,,,
490152,20940,SET/6 GARDEN GNOME T-LIGHT CANDLES,6,12-04-2009 10:00,2.95,12714,France,17.7,,,
490152,21216,"SET 3 RED SPOT TIN TEA,COFFEE,SUGAR",4,12-04-2009 10:00,4.95,12714,France,19.8,,,
490152,21429,RED GINGHAM ROSE JEWELLERY BOX,8,12-04-2009 10:00,1.65,12714,France,13.2,,,
490152,21431,GREEN GINGHAM FLOWER JEWELLERY BOX,8,12-04-2009 10:00,1.65,12714,France,13.2,,,
490152,21524,SPOTTY  HOME SWEET HOME DOORMAT,2,12-04-2009 10:00,6.75,12714,France,13.5,,,
490152,22052,VINTAGE CARAVAN GIFT WRAP,25,12-04-2009 10:00,0.42,12714,France,10.5,,,
490152,22321,BIRD DECORATION RED SPOT,12,12-04-2009 10:00,0.85,12714,France,10.2,,,
490152,48184,DOOR MAT ENGLISH ROSE ,4,12-04-2009 10:00,6.75,12714,France,27,,,
490152,48195,DOOR MAT GREEN PAISLEY ,4,12-04-2009 10:00,6.75,12714,France,27,,,
490152,84932A,SMALL GREEN PEONY FOLDING STOOL,3,12-04-2009 10:00,8.5,12714,France,25.5,,,
490152,84932B,SMALL PINK PEONY FOLDING STOOL,3,12-04-2009 10:00,8.5,12714,France,25.5,,,
490152,84932C,SMALL ORIENTAL BLUE FOLDING STOOL,3,12-04-2009 10:00,8.5,12714,France,25.5,,,
490152,84932D,SMALL ORIENTAL RED FOLDING STOOL,3,12-04-2009 10:00,8.5,12714,France,25.5,,,
490152,84933A,LARGE GREEN PEONY FOLDING STOOL,3,12-04-2009 10:00,9.95,12714,France,29.85,,,
490152,84933B,LARGE PINK PEONY FOLDING STOOL,3,12-04-2009 10:00,9.95,12714,France,29.85,,,
490152,84933C,LARGE BLUE ORIENTAL FOLDING STOOL,3,12-04-2009 10:00,9.95,12714,France,29.85,,,
490152,85017A,ENVELOPE 50 ROMANTIC IMAGES,12,12-04-2009 10:00,0.85,12714,France,10.2,,,
490152,85017B,ENVELOPE 50 BLOSSOM IMAGES,12,12-04-2009 10:00,0.85,12714,France,10.2,,,
490152,16169K,WRAP FOLK ART,25,12-04-2009 10:00,0.42,12714,France,10.5,,,
490152,16169N,WRAP BLUE RUSSIAN FOLKART,25,12-04-2009 10:00,0.42,12714,France,10.5,,,
490152,85017C,ENVELOPE 50 CURIOUS IMAGES,12,12-04-2009 10:00,0.85,12714,France,10.2,,,
490152,85232A,SET/3 POLKA DOT STACKING TINS,3,12-04-2009 10:00,4.95,12714,France,14.85,,,
490152,85232B,SET/3 RUSSIAN DOLL STACKING TINS,12,12-04-2009 10:00,4.95,12714,France,59.4,,,
490152,POST,POSTAGE,7,12-04-2009 10:00,18,12714,France,126,,,
490154,21257,VICTORIAN SEWING BOX MEDIUM,1,12-04-2009 10:18,7.95,16335,United Kingdom,7.95,,,
490154,72741,GRAND CHOCOLATECANDLE,9,12-04-2009 10:18,1.45,16335,United Kingdom,13.05,,,
490154,21756,BATH BUILDING BLOCK WORD,1,12-04-2009 10:18,5.95,16335,United Kingdom,5.95,,,
490154,72756,FAIRY CAKE CANDLES,9,12-04-2009 10:18,1.49,16335,United Kingdom,13.41,,,
490154,85048,15CM CHRISTMAS GLASS BALL 20 LIGHTS,1,12-04-2009 10:18,7.95,16335,United Kingdom,7.95,,,
490154,85014A,BLACK/BLUE DOTS RUFFLED UMBRELLA,1,12-04-2009 10:18,5.95,16335,United Kingdom,5.95,,,
490154,21259,VICTORIAN SEWING BOX SMALL ,2,12-04-2009 10:18,5.95,16335,United Kingdom,11.9,,,
490154,21243,PINK  SPOTTY PLATE ,1,12-04-2009 10:18,1.69,16335,United Kingdom,1.69,,,
490154,21242,RED SPOTTY PLATE ,2,12-04-2009 10:18,1.69,16335,United Kingdom,3.38,,,
490154,21559,STRAWBERRY LUNCHBOX WITH CUTLERY,1,12-04-2009 10:18,2.55,16335,United Kingdom,2.55,,,
490154,84997B,RED 3 PIECE MINI DOTS CUTLERY SET,3,12-04-2009 10:18,3.75,16335,United Kingdom,11.25,,,
490154,84997C,BLUE 3 PIECE MINI DOTS CUTLERY SET,1,12-04-2009 10:18,3.75,16335,United Kingdom,3.75,,,
490154,84997A,GREEN 3 PIECE MINI DOTS CUTLERY SET,2,12-04-2009 10:18,3.75,16335,United Kingdom,7.5,,,
490154,84997D,PINK 3 PIECE MINI DOTS CUTLERY SET,4,12-04-2009 10:18,3.75,16335,United Kingdom,15,,,
490154,85123A,WHITE HANGING HEART T-LIGHT HOLDER,3,12-04-2009 10:18,2.95,16335,United Kingdom,8.85,,,
490154,21558,SKULL LUNCHBOX WITH CUTLERY ,1,12-04-2009 10:18,2.55,16335,United Kingdom,2.55,,,
490154,22353,LUNCHBOX WITH CUTLERY FAIRY CAKES ,1,12-04-2009 10:18,2.55,16335,United Kingdom,2.55,,,
490154,22352,LUNCHBOX WITH CUTLERY RETROSPOT ,2,12-04-2009 10:18,2.55,16335,United Kingdom,5.1,,,
490154,85049H,URBAN BLACK RIBBONS ,1,12-04-2009 10:18,1.25,16335,United Kingdom,1.25,,,
490154,22077,6 RIBBONS RUSTIC CHARM,1,12-04-2009 10:18,1.65,16335,United Kingdom,1.65,,,
490154,85049A,TRADITIONAL CHRISTMAS RIBBONS,2,12-04-2009 10:18,1.25,16335,United Kingdom,2.5,,,
490154,85049C,ROMANTIC PINKS RIBBONS ,1,12-04-2009 10:18,1.25,16335,United Kingdom,1.25,,,
490154,85049E,SCANDINAVIAN REDS RIBBONS,2,12-04-2009 10:18,1.25,16335,United Kingdom,2.5,,,
490154,82486,WOOD S/3 CABINET ANT WHITE FINISH,1,12-04-2009 10:18,7.95,16335,United Kingdom,7.95,,,
490154,22111,SCOTTIE DOG HOT WATER BOTTLE,1,12-04-2009 10:18,4.95,16335,United Kingdom,4.95,,,
490154,21485,RED SPOT HEART HOT WATER BOTTLE,1,12-04-2009 10:18,4.95,16335,United Kingdom,4.95,,,
490154,21754,HOME BUILDING BLOCK WORD,4,12-04-2009 10:18,5.95,16335,United Kingdom,23.8,,,
490154,21231,SWEETHEART CERAMIC TRINKET BOX,2,12-04-2009 10:18,1.25,16335,United Kingdom,2.5,,,
490154,21232,STRAWBERRY CERAMIC TRINKET BOX,2,12-04-2009 10:18,1.25,16335,United Kingdom,2.5,,,
490154,85152,HAND OVER THE CHOCOLATE   SIGN ,1,12-04-2009 10:18,2.1,16335,United Kingdom,2.1,,,
490154,21166,COOK WITH WINE METAL SIGN ,2,12-04-2009 10:18,1.95,16335,United Kingdom,3.9,,,
490154,20727,LUNCH BAG  BLACK SKULL.,1,12-04-2009 10:18,1.65,16335,United Kingdom,1.65,,,
490154,20725,LUNCH BAG RED SPOTTY,2,12-04-2009 10:18,1.65,16335,United Kingdom,3.3,,,
490154,21243,PINK  SPOTTY PLATE ,1,12-04-2009 10:18,1.69,16335,United Kingdom,1.69,,,
490154,85112,S/3 TEAR DROP CUT GLASS DECORATION,3,12-04-2009 10:18,1.25,16335,United Kingdom,3.75,,,
490154,20676,RED SPOTTY BOWL,2,12-04-2009 10:18,1.25,16335,United Kingdom,2.5,,,
490154,21232,STRAWBERRY CERAMIC TRINKET BOX,1,12-04-2009 10:18,1.25,16335,United Kingdom,1.25,,,
490154,21231,SWEETHEART CERAMIC TRINKET BOX,1,12-04-2009 10:18,1.25,16335,United Kingdom,1.25,,,
490154,22131,FOOD CONTAINER SET 3 LOVE HEART ,4,12-04-2009 10:18,1.95,16335,United Kingdom,7.8,,,
490154,72487,ROSES WHITE ROUND CANDLE,4,12-04-2009 10:18,1.49,16335,United Kingdom,5.96,,,
490154,72484,ROSES IN WHITE HEART CANDLE ,4,12-04-2009 10:18,1.25,16335,United Kingdom,5,,,
490154,47591D,PINK FAIRY CAKE CHILD'S APRON,6,12-04-2009 10:18,1.95,16335,United Kingdom,11.7,,,
490154,47591C,BLUE FAIRY CAKE CHILD'S APRON,3,12-04-2009 10:18,1.95,16335,United Kingdom,5.85,,,
490154,21955,UNION JACK GUNS & ROSES  DOORMAT,1,12-04-2009 10:18,6.75,16335,United Kingdom,6.75,,,
490154,20685,RED SPOTTY COIR DOORMAT,1,12-04-2009 10:18,6.75,16335,United Kingdom,6.75,,,
490154,48184,DOOR MAT ENGLISH ROSE ,1,12-04-2009 10:18,6.75,16335,United Kingdom,6.75,,,
490154,22275,WEEKEND BAG VINTAGE ROSE PAISLEY,2,12-04-2009 10:18,8.5,16335,United Kingdom,17,,,
490154,21874,GIN AND TONIC MUG,6,12-04-2009 10:18,1.25,16335,United Kingdom,7.5,,,
490154,21034,REX CASH+CARRY JUMBO SHOPPER,2,12-04-2009 10:18,0.95,16335,United Kingdom,1.9,,,
490156,21490,SET OF THREE 50'S GIFT WRAPS ,144,12-04-2009 10:32,1.65,13093,United Kingdom,237.6,,,
490156,48111,DOOR MAT 3 SMILEY CATS,10,12-04-2009 10:32,5.95,13093,United Kingdom,59.5,,,
490156,48116,DOOR MAT MULTICOLOUR STRIPE,10,12-04-2009 10:32,5.95,13093,United Kingdom,59.5,,,
490156,84692,BOX OF 24 COCKTAIL PARASOLS,50,12-04-2009 10:32,0.42,13093,United Kingdom,21,,,
490156,85230F,JASMINE VOTIVE CANDLE,24,12-04-2009 10:32,0.29,13093,United Kingdom,6.96,,,
490156,22086,PAPER CHAIN KIT 50'S CHRISTMAS ,24,12-04-2009 10:32,2.95,13093,United Kingdom,70.8,,,
490157,51008,AFGHAN SLIPPER SOCK PAIR,40,12-04-2009 10:39,3.45,16736,United Kingdom,138,,,
490158,15056N,EDWARDIAN PARASOL NATURAL,3,12-04-2009 10:47,5.95,12759,Netherlands,17.85,,,
490158,20679,EDWARDIAN PARASOL RED,3,12-04-2009 10:47,5.95,12759,Netherlands,17.85,,,
490158,84990,60 GOLD AND SILVER FAIRY CAKE CASES,24,12-04-2009 10:47,0.55,12759,Netherlands,13.2,,,
490158,85123A,WHITE HANGING HEART T-LIGHT HOLDER,12,12-04-2009 10:47,2.95,12759,Netherlands,35.4,,,
490158,POST,POSTAGE,3,12-04-2009 10:47,18,12759,Netherlands,54,,,
490158,20747,PICCADILLY TEA SET,2,12-04-2009 10:47,14.95,12759,Netherlands,29.9,,,
490158,20941,FROG CANDLE,12,12-04-2009 10:47,1.25,12759,Netherlands,15,,,
490158,20985,HEART CALCULATOR,12,12-04-2009 10:47,1.25,12759,Netherlands,15,,,
490158,21210,SET OF 72 RETRO SPOT PAPER  DOILIES,12,12-04-2009 10:47,1.45,12759,Netherlands,17.4,,,
490158,21214,SET OF 72 IVORY PAPER DOILIES,12,12-04-2009 10:47,1.45,12759,Netherlands,17.4,,,
490158,21428,SET3 BOOK BOX GREEN GINGHAM FLOWER ,4,12-04-2009 10:47,4.25,12759,Netherlands,17,,,
490158,21446,12 RED ROSE PEG PLACE SETTINGS,12,12-04-2009 10:47,1.25,12759,Netherlands,15,,,
490158,21447,12 IVORY ROSE PEG PLACE SETTINGS,24,12-04-2009 10:47,1.25,12759,Netherlands,30,,,
490158,21491,SET OF THREE VINTAGE GIFT WRAPS,24,12-04-2009 10:47,1.95,12759,Netherlands,46.8,,,
490158,21733,RED HANGING HEART T-LIGHT HOLDER,12,12-04-2009 10:47,2.95,12759,Netherlands,35.4,,,
490158,22151,PLACE SETTING WHITE HEART,48,12-04-2009 10:47,0.42,12759,Netherlands,20.16,,,
490158,22162,HEART GARLAND RUSTIC PADDED,8,12-04-2009 10:47,2.95,12759,Netherlands,23.6,,,
490158,22163,HEART STRING MEMO HOLDER HANGING,6,12-04-2009 10:47,2.95,12759,Netherlands,17.7,,,
490158,22295,HEART FILIGREE DOVE LARGE,12,12-04-2009 10:47,1.65,12759,Netherlands,19.8,,,
490158,84836,ZINC METAL HEART DECORATION,12,12-04-2009 10:47,1.25,12759,Netherlands,15,,,
490158,84986B,SET OF 36 SILVER PAPER DOILIES,12,12-04-2009 10:47,1.45,12759,Netherlands,17.4,,,
490158,84988,SET OF 72 PINK HEART PAPER DOILIES,12,12-04-2009 10:47,1.45,12759,Netherlands,17.4,,,
490159,20685,RED SPOTTY COIR DOORMAT,1,12-04-2009 10:48,6.75,13666,United Kingdom,6.75,,,
490159,85164B,BLACK BAROQUE CUCKOO CLOCK,1,12-04-2009 10:48,12.75,13666,United Kingdom,12.75,,,
490160,85123A,WHITE HANGING HEART T-LIGHT HOLDER,96,12-04-2009 10:52,2.55,13777,United Kingdom,244.8,,,
490161,22355,"CHARLOTTE BAG , SUKI DESIGN",10,12-04-2009 10:57,0.85,17160,United Kingdom,8.5,,,
490161,22356,"CHARLOTTE BAG , PINK/WHITE SPOTS",10,12-04-2009 10:57,0.85,17160,United Kingdom,8.5,,,
490161,35961,FOLKART ZINC HEART CHRISTMAS DEC,24,12-04-2009 10:57,0.85,17160,United Kingdom,20.4,,,
490161,35979,SIX STRING SCANDINAVIAN HEART DECS,6,12-04-2009 10:57,2.95,17160,United Kingdom,17.7,,,
490161,47580,TEA TIME DES TEA COSY,6,12-04-2009 10:57,2.55,17160,United Kingdom,15.3,,,
490161,47591D,PINK FAIRY CAKE CHILD'S APRON,8,12-04-2009 10:57,1.95,17160,United Kingdom,15.6,,,
490161,47599A,PINK PARTY BAGS,6,12-04-2009 10:57,2.1,17160,United Kingdom,12.6,,,
490161,82580,BATHROOM METAL SIGN,12,12-04-2009 10:57,0.55,17160,United Kingdom,6.6,,,
490161,84378,SET OF 3 HEART COOKIE CUTTERS,12,12-04-2009 10:57,1.25,17160,United Kingdom,15,,,
490161,84380,SET OF 3 BUTTERFLY COOKIE CUTTERS,12,12-04-2009 10:57,1.25,17160,United Kingdom,15,,,
490161,84510B,SET OF 4 FAIRY CAKES COASTERS ,10,12-04-2009 10:57,1.25,17160,United Kingdom,12.5,,,
490161,84536A,ENGLISH ROSE NOTEBOOK A7 SIZE,16,12-04-2009 10:57,0.42,17160,United Kingdom,6.72,,,
490161,84536B,FAIRY CAKES NOTEBOOK A7 SIZE,16,12-04-2009 10:57,0.42,17160,United Kingdom,6.72,,,
490161,84832,ZINC WILLIE WINKIE  CANDLE STICK,12,12-04-2009 10:57,0.85,17160,United Kingdom,10.2,,,
490161,84970L,SINGLE HEART ZINC T-LIGHT HOLDER,12,12-04-2009 10:57,0.95,17160,United Kingdom,11.4,,,
490161,84970S,HANGING HEART ZINC T-LIGHT HOLDER,12,12-04-2009 10:57,0.85,17160,United Kingdom,10.2,,,
490161,84991,60 TEATIME FAIRY CAKE CASES,24,12-04-2009 10:57,0.55,17160,United Kingdom,13.2,,,
490161,85178,VICTORIAN SEWING KIT,12,12-04-2009 10:57,1.25,17160,United Kingdom,15,,,
490161,90167,BEADED LOVE HEART JEWELLERY SET,12,12-04-2009 10:57,0.85,17160,United Kingdom,10.2,,,
490161,20717,STRAWBERRY SHOPPER BAG,10,12-04-2009 10:57,1.25,17160,United Kingdom,12.5,,,
490161,20718,RED SPOTTY SHOPPER BAG,10,12-04-2009 10:57,1.25,17160,United Kingdom,12.5,,,
490161,20719,WOODLAND CHARLOTTE BAG,10,12-04-2009 10:57,0.85,17160,United Kingdom,8.5,,,
490161,20723,STRAWBERRY CHARLOTTE BAG,10,12-04-2009 10:57,0.85,17160,United Kingdom,8.5,,,
490161,20724,RED SPOTTY CHARLOTTE BAG,10,12-04-2009 10:57,0.85,17160,United Kingdom,8.5,,,
490161,20726,LUNCH BAG WOODLAND,10,12-04-2009 10:57,1.65,17160,United Kingdom,16.5,,,
490161,20727,LUNCH BAG  BLACK SKULL.,10,12-04-2009 10:57,1.65,17160,United Kingdom,16.5,,,
490161,20728,LUNCH BAG CARS BLUE,10,12-04-2009 10:57,1.65,17160,United Kingdom,16.5,,,
490161,20738,GREEN MINI TAPE MEASURE ,10,12-04-2009 10:57,0.85,17160,United Kingdom,8.5,,,
490161,20913,SET/5 BLUE SPOTTY LID GLASS BOWLS,6,12-04-2009 10:57,2.95,17160,United Kingdom,17.7,,,
490161,20914,SET/5 RED SPOTTY LID GLASS BOWLS,6,12-04-2009 10:57,2.95,17160,United Kingdom,17.7,,,
490161,20971,PINK BLUE FELT CRAFT TRINKET BOX,12,12-04-2009 10:57,1.25,17160,United Kingdom,15,,,
490161,20972,PINK CREAM FELT CRAFT TRINKET BOX ,12,12-04-2009 10:57,1.25,17160,United Kingdom,15,,,
490161,20977,36 PENCILS TUBE WOODLAND,16,12-04-2009 10:57,1.25,17160,United Kingdom,20,,,
490161,21154,RED SPOTTY OVEN GLOVE ,10,12-04-2009 10:57,1.25,17160,United Kingdom,12.5,,,
490161,21172,PARTY METAL SIGN ,12,12-04-2009 10:57,1.45,17160,United Kingdom,17.4,,,
490161,21212,PACK OF 72 RETRO SPOT CAKE CASES,24,12-04-2009 10:57,0.55,17160,United Kingdom,13.2,,,
490161,21231,SWEETHEART CERAMIC TRINKET BOX,24,12-04-2009 10:57,1.25,17160,United Kingdom,30,,,
490161,21232,STRAWBERRY CERAMIC TRINKET BOX,24,12-04-2009 10:57,1.25,17160,United Kingdom,30,,,
490161,21238,RED SPOTTY CUP,8,12-04-2009 10:57,0.85,17160,United Kingdom,6.8,,,
490161,21479,WHITE SKULL HOT WATER BOTTLE ,4,12-04-2009 10:57,3.75,17160,United Kingdom,15,,,
490161,21484,CHICK GREY HOT WATER BOTTLE,4,12-04-2009 10:57,3.45,17160,United Kingdom,13.8,,,
490161,21485,RED SPOT HEART HOT WATER BOTTLE,3,12-04-2009 10:57,4.95,17160,United Kingdom,14.85,,,
490161,21490,SET OF THREE 50'S GIFT WRAPS ,6,12-04-2009 10:57,1.95,17160,United Kingdom,11.7,,,
490161,16169F,WRAP BLIZZARD,25,12-04-2009 10:57,0.42,17160,United Kingdom,10.5,,,
490161,20716,PARTY FOOD SHOPPER BAG,10,12-04-2009 10:57,1.25,17160,United Kingdom,12.5,,,
490161,21790,VINTAGE SNAP CARDS,12,12-04-2009 10:57,0.85,17160,United Kingdom,10.2,,,
490161,21791,VINTAGE HEADS AND TAILS CARD GAME ,12,12-04-2009 10:57,1.25,17160,United Kingdom,15,,,
490161,21975,PACK OF 60 DINOSAUR CAKE CASES,24,12-04-2009 10:57,0.55,17160,United Kingdom,13.2,,,
490161,21977,PACK OF 60 PINK PAISLEY CAKE CASES,24,12-04-2009 10:57,0.55,17160,United Kingdom,13.2,,,
490161,22138,BAKING SET 9 PIECE RETROSPOT ,3,12-04-2009 10:57,4.95,17160,United Kingdom,14.85,,,
490161,22149,FELTCRAFT 6 FLOWER FRIENDS,6,12-04-2009 10:57,2.1,17160,United Kingdom,12.6,,,
490161,22199,FRYING PAN RED POLKADOT ,4,12-04-2009 10:57,4.25,17160,United Kingdom,17,,,
490161,22203,MILK PAN RED RETROSPOT,4,12-04-2009 10:57,3.75,17160,United Kingdom,15,,,
490161,22271,FELTCRAFT DOLL ROSIE,6,12-04-2009 10:57,2.95,17160,United Kingdom,17.7,,,
490161,22272,FELTCRAFT DOLL MARIA,6,12-04-2009 10:57,2.95,17160,United Kingdom,17.7,,,
490161,22273,FELTCRAFT DOLL MOLLY,6,12-04-2009 10:57,2.95,17160,United Kingdom,17.7,,,
490161,22274,FELTCRAFT DOLL EMILY,6,12-04-2009 10:57,2.95,17160,United Kingdom,17.7,,,
490161,22308,TEA COSY BLUE STRIPE,6,12-04-2009 10:57,2.55,17160,United Kingdom,15.3,,,
490161,22309,TEA COSY RED  STRIPE,6,12-04-2009 10:57,2.55,17160,United Kingdom,15.3,,,
490162,20660,VIP LUGGAGE TAG ,1,12-04-2009 11:07,1.25,13946,United Kingdom,1.25,,,
490162,22258,FELT FARM ANIMAL RABBIT,1,12-04-2009 11:07,1.25,13946,United Kingdom,1.25,,,
490162,21357,TOAST ITS - DINOSAUR,1,12-04-2009 11:07,1.25,13946,United Kingdom,1.25,,,
490162,21827,EIGHT PIECE CREEPY CRAWLIE SET,1,12-04-2009 11:07,1.25,13946,United Kingdom,1.25,,,
490162,21356,TOAST ITS - FAIRY FLOWER,1,12-04-2009 11:07,1.25,13946,United Kingdom,1.25,,,
490162,84519B,CARROT CHARLIE+LOLA COASTER SET,1,12-04-2009 11:07,2.95,13946,United Kingdom,2.95,,,
490162,37408,ASSORTED DESIGN GEISHA GIRL MUGS,5,12-04-2009 11:07,1.25,13946,United Kingdom,6.25,,,
490162,21873,IF YOU CAN'T STAND THE HEAT MUG,1,12-04-2009 11:07,1.25,13946,United Kingdom,1.25,,,
490162,21731,RED TOADSTOOL LED NIGHT LIGHT,1,12-04-2009 11:07,1.65,13946,United Kingdom,1.65,,,
490162,35160,BUDDHA INCENSE HOLDER ASSORTED,8,12-04-2009 11:07,0.85,13946,United Kingdom,6.8,,,
490162,21700,BIG DOUGHNUT FRIDGE MAGNETS,12,12-04-2009 11:07,0.85,13946,United Kingdom,10.2,,,
490162,20940,SET/6 GARDEN GNOME T-LIGHT CANDLES,2,12-04-2009 11:07,2.95,13946,United Kingdom,5.9,,,
490162,22355,"CHARLOTTE BAG , SUKI DESIGN",10,12-04-2009 11:07,0.85,13946,United Kingdom,8.5,,,
490162,22093,MOTORING TISSUE BOX,1,12-04-2009 11:07,1.25,13946,United Kingdom,1.25,,,
490162,21181,PLEASE ONE PERSON  METAL SIGN,1,12-04-2009 11:07,2.1,13946,United Kingdom,2.1,,,
490162,21908,CHOCOLATE THIS WAY METAL SIGN,1,12-04-2009 11:07,2.1,13946,United Kingdom,2.1,,,
490162,71477,COLOUR GLASS. STAR T-LIGHT HOLDER,24,12-04-2009 11:07,2.75,13946,United Kingdom,66,,,
490162,21931,JUMBO STORAGE BAG SUKI,10,12-04-2009 11:07,1.95,13946,United Kingdom,19.5,,,
490162,21935,SUKI  SHOULDER BAG,30,12-04-2009 11:07,1.65,13946,United Kingdom,49.5,,,
490162,22109,FULL ENGLISH BREAKFAST PLATE,1,12-04-2009 11:07,3.75,13946,United Kingdom,3.75,,,
490162,20828,GLITTER BUTTERFLY CLIPS,6,12-04-2009 11:07,2.55,13946,United Kingdom,15.3,,,
490162,72801F,S/4 FESTIVE RED DINNER CANDLES,12,12-04-2009 11:07,1.25,13946,United Kingdom,15,,,
490162,85147,JARDIN ETCHED GLASS CANDLEHLDR LONG,1,12-04-2009 11:07,4.95,13946,United Kingdom,4.95,,,
490162,85041,SET/4 PINK ORCHID CANDLES IN BOWL,12,12-04-2009 11:07,1.65,13946,United Kingdom,19.8,,,
490162,71459,HANGING JAM JAR T-LIGHT HOLDER,12,12-04-2009 11:07,0.85,13946,United Kingdom,10.2,,,
490162,84692,BOX OF 24 COCKTAIL PARASOLS,50,12-04-2009 11:07,0.42,13946,United Kingdom,21,,,
490163,21100,CHARLIE AND LOLA CHARLOTTE BAG,4,12-04-2009 11:22,1.65,14723,United Kingdom,6.6,,,
490163,21033,JUMBO BAG CHARLIE AND LOLA TOYS,5,12-04-2009 11:22,2.95,14723,United Kingdom,14.75,,,
490163,21929,JUMBO BAG PINK VINTAGE PAISLEY,4,12-04-2009 11:22,1.95,14723,United Kingdom,7.8,,,
490163,21931,JUMBO STORAGE BAG SUKI,10,12-04-2009 11:22,1.95,14723,United Kingdom,19.5,,,
490163,21935,SUKI  SHOULDER BAG,5,12-04-2009 11:22,1.65,14723,United Kingdom,8.25,,,
490163,21930,JUMBO STORAGE BAG SKULLS,5,12-04-2009 11:22,1.95,14723,United Kingdom,9.75,,,
490163,21842,PINK HEART CANDY BUTTON CALCULATOR,3,12-04-2009 11:22,2.55,14723,United Kingdom,7.65,,,
490163,20985,HEART CALCULATOR,3,12-04-2009 11:22,1.25,14723,United Kingdom,3.75,,,
490163,20727,LUNCH BAG  BLACK SKULL.,4,12-04-2009 11:22,1.65,14723,United Kingdom,6.6,,,
490163,21955,UNION JACK GUNS & ROSES  DOORMAT,2,12-04-2009 11:22,6.75,14723,United Kingdom,13.5,,,
490163,21933,PINK VINTAGE PAISLEY PICNIC BAG,3,12-04-2009 11:22,2.95,14723,United Kingdom,8.85,,,
490163,16012,FOOD/DRINK SPUNGE STICKERS,24,12-04-2009 11:22,0.21,14723,United Kingdom,5.04,,,
490163,16011, ANIMAL STICKERS,24,12-04-2009 11:22,0.21,14723,United Kingdom,5.04,,,
490163,21677,HEARTS  STICKERS,5,12-04-2009 11:22,0.85,14723,United Kingdom,4.25,,,
490163,21932,SCANDINAVIAN PAISLEY PICNIC BAG,4,12-04-2009 11:22,2.95,14723,United Kingdom,11.8,,,
490163,20992,JAZZ HEARTS PURSE NOTEBOOK,5,12-04-2009 11:22,0.85,14723,United Kingdom,4.25,,,
490163,20994,JAZZ HEARTS SPIRAL NOTEPAD,5,12-04-2009 11:22,0.85,14723,United Kingdom,4.25,,,
490164,20723,STRAWBERRY CHARLOTTE BAG,10,12-04-2009 11:32,0.85,14961,United Kingdom,8.5,,,
490164,20724,RED SPOTTY CHARLOTTE BAG,10,12-04-2009 11:32,0.85,14961,United Kingdom,8.5,,,
490164,22125,UNION JACK HOT WATER BOTTLE ,6,12-04-2009 11:32,5.95,14961,United Kingdom,35.7,,,
490164,22197,"POPCORN HOLDER , SMALL ",96,12-04-2009 11:32,0.85,14961,United Kingdom,81.6,,,
490164,22198,"POPCORN HOLDER , LARGE",100,12-04-2009 11:32,1.45,14961,United Kingdom,145,,,
490164,22353,LUNCHBOX WITH CUTLERY FAIRY CAKES ,6,12-04-2009 11:32,2.55,14961,United Kingdom,15.3,,,
490164,22355,"CHARLOTTE BAG , SUKI DESIGN",10,12-04-2009 11:32,0.85,14961,United Kingdom,8.5,,,
490164,22356,"CHARLOTTE BAG , PINK/WHITE SPOTS",10,12-04-2009 11:32,0.85,14961,United Kingdom,8.5,,,
490164,79072,TEATIME CAKE TIN WITH HANDLE,8,12-04-2009 11:32,8.95,14961,United Kingdom,71.6,,,
490164,84029C,BROWN FURRY HOT WATER BOTTLE,12,12-04-2009 11:32,3.75,14961,United Kingdom,45,,,
490164,84029E,RED WOOLLY HOTTIE WHITE HEART.,4,12-04-2009 11:32,3.75,14961,United Kingdom,15,,,
490164,84029G,KNITTED UNION FLAG HOT WATER BOTTLE,4,12-04-2009 11:32,3.75,14961,United Kingdom,15,,,
490164,84032A,CHARLIE+LOLA PINK HOT WATER BOTTLE,6,12-04-2009 11:32,2.95,14961,United Kingdom,17.7,,,
490164,84519A,TOMATO CHARLIE+LOLA COASTER SET,6,12-04-2009 11:32,2.95,14961,United Kingdom,17.7,,,
490164,84520D,PACK OF 20 FAIRY CAKE PAPER NAPKINS,12,12-04-2009 11:32,0.85,14961,United Kingdom,10.2,,,
490164,84986B,SET OF 36 SILVER PAPER DOILIES,12,12-04-2009 11:32,1.45,14961,United Kingdom,17.4,,,
490164,84987,SET OF 36 TEATIME PAPER DOILIES,12,12-04-2009 11:32,1.45,14961,United Kingdom,17.4,,,
490164,84991,60 TEATIME FAIRY CAKE CASES,24,12-04-2009 11:32,0.55,14961,United Kingdom,13.2,,,
490164,20725,LUNCH BAG RED SPOTTY,10,12-04-2009 11:32,1.65,14961,United Kingdom,16.5,,,
490164,20727,LUNCH BAG  BLACK SKULL.,10,12-04-2009 11:32,1.65,14961,United Kingdom,16.5,,,
490164,21100,CHARLIE AND LOLA CHARLOTTE BAG,10,12-04-2009 11:32,1.65,14961,United Kingdom,16.5,,,
490164,21210,SET OF 72 RETRO SPOT PAPER  DOILIES,12,12-04-2009 11:32,1.45,14961,United Kingdom,17.4,,,
490164,21212,PACK OF 72 RETRO SPOT CAKE CASES,24,12-04-2009 11:32,0.55,14961,United Kingdom,13.2,,,
490164,21215, IVORY PAPER CUP CAKE CASES ,24,12-04-2009 11:32,0.55,14961,United Kingdom,13.2,,,
490164,21250,SET OF SKULL WALL STICKERS,6,12-04-2009 11:32,2.95,14961,United Kingdom,17.7,,,
490164,21329,DINOSAURS  WRITING SET ,12,12-04-2009 11:32,1.65,14961,United Kingdom,19.8,,,
490164,21479,WHITE SKULL HOT WATER BOTTLE ,4,12-04-2009 11:32,3.75,14961,United Kingdom,15,,,
490164,21480,PINK STRIPE HOT WATER BOTTLE,12,12-04-2009 11:32,2.95,14961,United Kingdom,35.4,,,
490164,21485,RED SPOT HEART HOT WATER BOTTLE,12,12-04-2009 11:32,4.95,14961,United Kingdom,59.4,,,
490164,21488,RED WHITE SCARF  HOT WATER BOTTLE,4,12-04-2009 11:32,3.95,14961,United Kingdom,15.8,,,
490164,21558,SKULL LUNCHBOX WITH CUTLERY ,6,12-04-2009 11:32,2.55,14961,United Kingdom,15.3,,,
490164,21561,DINOSAUR LUNCHBOX WITH CUTLERY,12,12-04-2009 11:32,2.55,14961,United Kingdom,30.6,,,
490164,21581,SKULLS  DESIGN  COTTON TOTE BAG,6,12-04-2009 11:32,2.25,14961,United Kingdom,13.5,,,
490164,21947,SET OF 6 HEART CHOPSTICKS,12,12-04-2009 11:32,1.25,14961,United Kingdom,15,,,
490164,21949,SET OF 6 STRAWBERRY CHOPSTICKS,12,12-04-2009 11:32,1.25,14961,United Kingdom,15,,,
490164,21974,SET OF 36 PAISLEY FLOWER DOILIES,12,12-04-2009 11:32,1.45,14961,United Kingdom,17.4,,,
490164,21975,PACK OF 60 DINOSAUR CAKE CASES,24,12-04-2009 11:32,0.55,14961,United Kingdom,13.2,,,
490164,21977,PACK OF 60 PINK PAISLEY CAKE CASES,24,12-04-2009 11:32,0.55,14961,United Kingdom,13.2,,,
490164,21989,PACK OF 20 SKULL PAPER NAPKINS,12,12-04-2009 11:32,0.85,14961,United Kingdom,10.2,,,
490164,22112,CHOCOLATE HOT WATER BOTTLE,12,12-04-2009 11:32,4.95,14961,United Kingdom,59.4,,,
490164,22114,HOT WATER BOTTLE TEA AND SYMPATHY,12,12-04-2009 11:32,3.95,14961,United Kingdom,47.4,,,
490166,20914,SET/5 RED SPOTTY LID GLASS BOWLS,6,12-04-2009 11:32,2.95,14735,United Kingdom,17.7,,,
490166,20979,36 PENCILS TUBE RED SPOTTY,48,12-04-2009 11:32,1.25,14735,United Kingdom,60,,,
490166,21485,RED SPOT HEART HOT WATER BOTTLE,3,12-04-2009 11:32,4.95,14735,United Kingdom,14.85,,,
490166,21589,SWALLOW GIANT TUBE MATCHES,12,12-04-2009 11:32,2.55,14735,United Kingdom,30.6,,,
490166,21593,SWALLOW CIGAR BOX MATCHES ,24,12-04-2009 11:32,1.25,14735,United Kingdom,30,,,
490166,21738,COSY SLIPPER SHOES SMALL  RED ,18,12-04-2009 11:32,2.95,14735,United Kingdom,53.1,,,
490166,21740,COSY SLIPPER SHOES LARGE RED,18,12-04-2009 11:32,2.95,14735,United Kingdom,53.1,,,
490166,22083,PAPER CHAIN KIT RETRO SPOT,6,12-04-2009 11:32,2.95,14735,United Kingdom,17.7,,,
490166,22086,PAPER CHAIN KIT 50'S CHRISTMAS ,6,12-04-2009 11:32,2.95,14735,United Kingdom,17.7,,,
490166,22189,CREAM HEART CARD HOLDER,12,12-04-2009 11:32,3.95,14735,United Kingdom,47.4,,,
490166,22348,TEA BAG PLATE RED SPOTTY ,12,12-04-2009 11:32,0.85,14735,United Kingdom,10.2,,,
490166,85099B,JUMBO BAG RED WHITE SPOTTY ,10,12-04-2009 11:32,1.95,14735,United Kingdom,19.5,,,
490167,84879,ASSORTED COLOUR BIRD ORNAMENT,24,12-04-2009 11:36,1.69,18061,United Kingdom,40.56,,,
490167,84937,KASHMIR FOLKART TUMBLERS,30,12-04-2009 11:36,2.1,18061,United Kingdom,63,,,
490167,84946,ANTIQUE SILVER TEA GLASS ETCHED,36,12-04-2009 11:36,1.25,18061,United Kingdom,45,,,
490167,84970L,SINGLE HEART ZINC T-LIGHT HOLDER,60,12-04-2009 11:36,0.95,18061,United Kingdom,57,,,
490167,84970S,HANGING HEART ZINC T-LIGHT HOLDER,60,12-04-2009 11:36,0.85,18061,United Kingdom,51,,,
490167,21683,MEDIUM MEDINA STAMPED METAL BOWL ,6,12-04-2009 11:36,2.95,18061,United Kingdom,17.7,,,
490167,22415,WHITE TISSUE REAM,1,12-04-2009 11:36,7.95,18061,United Kingdom,7.95,,,
490167,84836,ZINC METAL HEART DECORATION,24,12-04-2009 11:36,1.25,18061,United Kingdom,30,,,
490171,21983,PACK OF 12 BLUE PAISLEY TISSUES ,12,12-04-2009 11:54,0.29,15581,United Kingdom,3.48,,,
490171,84795D,SEASIDE STRIPE HAMMOCK,1,12-04-2009 11:54,7.95,15581,United Kingdom,7.95,,,
490171,21589,SWALLOW GIANT TUBE MATCHES,1,12-04-2009 11:54,2.55,15581,United Kingdom,2.55,,,
490171,22129,PARTY CONES CANDY TREE DECORATION,12,12-04-2009 11:54,0.85,15581,United Kingdom,10.2,,,
490171,22130,PARTY CONE CHRISTMAS DECORATION ,6,12-04-2009 11:54,0.85,15581,United Kingdom,5.1,,,
490202,85014B,RED/WHITE DOTS RUFFLED UMBRELLA,8,12-04-2009 12:03,5.95,15078,United Kingdom,47.6,,,
490202,48188,DOOR MAT WELCOME PUPPIES,2,12-04-2009 12:03,6.75,15078,United Kingdom,13.5,,,
490202,85099B,JUMBO BAG RED WHITE SPOTTY ,20,12-04-2009 12:03,1.95,15078,United Kingdom,39,,,
490202,48187,DOOR MAT NEW ENGLAND,2,12-04-2009 12:03,6.75,15078,United Kingdom,13.5,,,
490202,20914,SET/5 RED SPOTTY LID GLASS BOWLS,6,12-04-2009 12:03,2.95,15078,United Kingdom,17.7,,,
490202,21931,JUMBO STORAGE BAG SUKI,20,12-04-2009 12:03,1.95,15078,United Kingdom,39,,,
490202,21928,JUMBO BAG SCANDINAVIAN PAISLEY,10,12-04-2009 12:03,1.95,15078,United Kingdom,19.5,,,
490202,21175,GIN + TONIC DIET METAL SIGN,12,12-04-2009 12:03,2.1,15078,United Kingdom,25.2,,,
490202,82582,AREA PATROLLED METAL SIGN,6,12-04-2009 12:03,2.1,15078,United Kingdom,12.6,,,
490202,82600,NO SINGING METAL SIGN,6,12-04-2009 12:03,2.1,15078,United Kingdom,12.6,,,
490202,21181,PLEASE ONE PERSON  METAL SIGN,12,12-04-2009 12:03,2.1,15078,United Kingdom,25.2,,,
490202,20685,RED SPOTTY COIR DOORMAT,2,12-04-2009 12:03,6.75,15078,United Kingdom,13.5,,,
490202,21080,SET/20 RED SPOTTY PAPER NAPKINS ,12,12-04-2009 12:03,0.85,15078,United Kingdom,10.2,,,
490202,20975,12 PENCILS SMALL TUBE RED SPOTTY,24,12-04-2009 12:03,0.65,15078,United Kingdom,15.6,,,
490202,20713,JUMBO BAG OWLS,10,12-04-2009 12:03,1.95,15078,United Kingdom,19.5,,,
490202,85014A,BLACK/BLUE DOTS RUFFLED UMBRELLA,4,12-04-2009 12:03,5.95,15078,United Kingdom,23.8,,,
490202,20718,RED SPOTTY SHOPPER BAG,10,12-04-2009 12:03,1.25,15078,United Kingdom,12.5,,,
490202,20725,LUNCH BAG RED SPOTTY,10,12-04-2009 12:03,1.65,15078,United Kingdom,16.5,,,
490202,48111,DOOR MAT 3 SMILEY CATS,2,12-04-2009 12:03,6.75,15078,United Kingdom,13.5,,,
490202,85099F,JUMBO BAG STRAWBERRY,10,12-04-2009 12:03,1.95,15078,United Kingdom,19.5,,,
490209,84029G,KNITTED UNION FLAG HOT WATER BOTTLE,72,12-04-2009 12:06,3.39,17389,United Kingdom,244.08,,,
490209,21590,KINGS CHOICE CIGAR BOX MATCHES ,144,12-04-2009 12:06,1.06,17389,United Kingdom,152.64,,,
490209,22200,FRYING PAN PINK POLKADOT ,72,12-04-2009 12:06,4.25,17389,United Kingdom,306,,,
490209,85099B,JUMBO BAG RED WHITE SPOTTY ,100,12-04-2009 12:06,1.65,17389,United Kingdom,165,,,
490209,21916,SET 12 RETRO WHITE CHALK STICKS,96,12-04-2009 12:06,0.42,17389,United Kingdom,40.32,,,
490212,21231,SWEETHEART CERAMIC TRINKET BOX,8,12-04-2009 12:07,1.25,16883,United Kingdom,10,,,
490212,22296,HEART IVORY TRELLIS LARGE,3,12-04-2009 12:07,1.65,16883,United Kingdom,4.95,,,
490212,22059,CERAMIC STRWBERRY DESIGN MUG,2,12-04-2009 12:07,1.49,16883,United Kingdom,2.98,,,
490212,37448,CERAMIC CAKE DESIGN SPOTTED MUG,3,12-04-2009 12:07,1.49,16883,United Kingdom,4.47,,,
490212,84425A,WHITE GLASS TV TRIPLE FRAME,3,12-04-2009 12:07,4.25,16883,United Kingdom,12.75,,,
490212,21813,GARLAND WITH STARS AND BELLS,3,12-04-2009 12:07,4.95,16883,United Kingdom,14.85,,,
490212,85123A,WHITE HANGING HEART T-LIGHT HOLDER,5,12-04-2009 12:07,2.95,16883,United Kingdom,14.75,,,
490212,21732,RED HANGING METAL STAR TLIGHT HLDR,2,12-04-2009 12:07,3.75,16883,United Kingdom,7.5,,,
490212,22061,LARGE CAKE STAND  HANGING STRAWBERY,1,12-04-2009 12:07,9.95,16883,United Kingdom,9.95,,,
490212,21821,GLITTER STAR GARLAND WITH BELLS ,3,12-04-2009 12:07,3.75,16883,United Kingdom,11.25,,,
490212,21349,IVY HEART WREATH,1,12-04-2009 12:07,6.75,16883,United Kingdom,6.75,,,
490212,21232,STRAWBERRY CERAMIC TRINKET BOX,7,12-04-2009 12:07,1.25,16883,United Kingdom,8.75,,,
490214,21577,SAVE THE PLANET COTTON TOTE BAG,12,12-04-2009 12:11,2.25,13175,United Kingdom,27,,,
490214,21866,UNION JACK FLAG LUGGAGE TAG,12,12-04-2009 12:11,1.25,13175,United Kingdom,15,,,
490214,20658,RED SPOTTY LUGGAGE TAG,12,12-04-2009 12:11,1.25,13175,United Kingdom,15,,,
490214,20960,WATERMELON BATH SPONGE,10,12-04-2009 12:11,1.25,13175,United Kingdom,12.5,,,
490214,20963,APPLE BATH SPONGE,10,12-04-2009 12:11,1.25,13175,United Kingdom,12.5,,,
490214,20966,SANDWICH BATH SPONGE,10,12-04-2009 12:11,1.25,13175,United Kingdom,12.5,,,
490214,21485,RED SPOT HEART HOT WATER BOTTLE,3,12-04-2009 12:11,4.95,13175,United Kingdom,14.85,,,
490214,21488,RED WHITE SCARF  HOT WATER BOTTLE,4,12-04-2009 12:11,3.95,13175,United Kingdom,15.8,,,
490214,72741,GRAND CHOCOLATECANDLE,18,12-04-2009 12:11,1.45,13175,United Kingdom,26.1,,,
490214,21212,PACK OF 72 RETRO SPOT CAKE CASES,24,12-04-2009 12:11,0.55,13175,United Kingdom,13.2,,,
490214,21217,RED SPOTTY ROUND CAKE TINS,1,12-04-2009 12:11,9.95,13175,United Kingdom,9.95,,,
490214,22195,LARGE HEART MEASURING SPOONS,12,12-04-2009 12:11,1.65,13175,United Kingdom,19.8,,,
490214,22196,SMALL HEART MEASURING SPOONS,12,12-04-2009 12:11,0.85,13175,United Kingdom,10.2,,,
490214,22138,BAKING SET 9 PIECE RETROSPOT ,3,12-04-2009 12:11,4.95,13175,United Kingdom,14.85,,,
490214,84378,SET OF 3 HEART COOKIE CUTTERS,12,12-04-2009 12:11,1.25,13175,United Kingdom,15,,,
490214,21210,SET OF 72 RETRO SPOT PAPER  DOILIES,12,12-04-2009 12:11,1.45,13175,United Kingdom,17.4,,,
490214,84988,SET OF 72 PINK HEART PAPER DOILIES,12,12-04-2009 12:11,1.45,13175,United Kingdom,17.4,,,
490214,22303,COFFEE MUG APPLES DESIGN,6,12-04-2009 12:11,2.55,13175,United Kingdom,15.3,,,
490214,21877,HOME SWEET HOME MUG,12,12-04-2009 12:11,1.25,13175,United Kingdom,15,,,
490214,21622,VINTAGE UNION JACK CUSHION COVER,4,12-04-2009 12:11,4.95,13175,United Kingdom,19.8,,,
490218,37446,MINI CAKE STAND WITH HANGING CAKES,24,12-04-2009 12:12,1.45,17076,United Kingdom,34.8,,,
490218,21232,STRAWBERRY CERAMIC TRINKET BOX,12,12-04-2009 12:12,1.25,17076,United Kingdom,15,,,
490218,37448,CERAMIC CAKE DESIGN SPOTTED MUG,12,12-04-2009 12:12,1.49,17076,United Kingdom,17.88,,,
490219,84510A,SET OF 4 ENGLISH ROSE COASTERS,10,12-04-2009 12:14,1.25,13948,United Kingdom,12.5,,,
490219,21622,VINTAGE UNION JACK CUSHION COVER,4,12-04-2009 12:14,4.95,13948,United Kingdom,19.8,,,
490219,21232,STRAWBERRY CERAMIC TRINKET BOX,24,12-04-2009 12:14,1.25,13948,United Kingdom,30,,,
490219,21231,SWEETHEART CERAMIC TRINKET BOX,12,12-04-2009 12:14,1.25,13948,United Kingdom,15,,,
490219,22061,LARGE CAKE STAND  HANGING STRAWBERY,4,12-04-2009 12:14,9.95,13948,United Kingdom,39.8,,,
490219,37501,TEA TIME TEA SET IN GIFT BOX,3,12-04-2009 12:14,6.95,13948,United Kingdom,20.85,,,
490219,21164,HOME SWEET HOME METAL SIGN ,6,12-04-2009 12:14,2.95,13948,United Kingdom,17.7,,,
490229,20679,EDWARDIAN PARASOL RED,6,12-04-2009 12:20,5.95,18223,United Kingdom,35.7,,,
490229,85150,LADIES & GENTLEMEN METAL SIGN,12,12-04-2009 12:20,2.55,18223,United Kingdom,30.6,,,
490229,85099F,JUMBO BAG STRAWBERRY,10,12-04-2009 12:20,1.95,18223,United Kingdom,19.5,,,
490229,85099C,JUMBO  BAG BAROQUE BLACK WHITE,10,12-04-2009 12:20,1.95,18223,United Kingdom,19.5,,,
490229,85099B,JUMBO BAG RED WHITE SPOTTY ,20,12-04-2009 12:20,1.95,18223,United Kingdom,39,,,
490229,85014B,RED/WHITE DOTS RUFFLED UMBRELLA,6,12-04-2009 12:20,5.95,18223,United Kingdom,35.7,,,
490229,16161U,"WRAP,SUKI AND FRIENDS",25,12-04-2009 12:20,0.42,18223,United Kingdom,10.5,,,
490229,79320, FLAMINGO LIGHTS,4,12-04-2009 12:20,4.95,18223,United Kingdom,19.8,,,
490229,48111,DOOR MAT 3 SMILEY CATS,4,12-04-2009 12:20,6.75,18223,United Kingdom,27,,,
490229,10002,INFLATABLE POLITICAL GLOBE ,12,12-04-2009 12:20,0.85,18223,United Kingdom,10.2,,,
490229,22299,PIG KEYRING WITH LIGHT & SOUND ,24,12-04-2009 12:20,1.25,18223,United Kingdom,30,,,
490229,21931,JUMBO STORAGE BAG SUKI,20,12-04-2009 12:20,1.95,18223,United Kingdom,39,,,
490229,22198,"POPCORN HOLDER , LARGE",24,12-04-2009 12:20,1.65,18223,United Kingdom,39.6,,,
490229,22197,"POPCORN HOLDER , SMALL ",48,12-04-2009 12:20,0.85,18223,United Kingdom,40.8,,,
490229,22179,SET 10 LIGHTS NIGHT OWL,8,12-04-2009 12:20,6.75,18223,United Kingdom,54,,,
490229,22114,HOT WATER BOTTLE TEA AND SYMPATHY,8,12-04-2009 12:20,3.95,18223,United Kingdom,31.6,,,
490229,22109,FULL ENGLISH BREAKFAST PLATE,16,12-04-2009 12:20,3.39,18223,United Kingdom,54.24,,,
490229,22107,PIZZA PLATE IN BOX,8,12-04-2009 12:20,3.75,18223,United Kingdom,30,,,
490229,22047,EMPIRE GIFT WRAP,25,12-04-2009 12:20,0.42,18223,United Kingdom,10.5,,,
490229,22045,SPACE BOY GIFT WRAP,25,12-04-2009 12:20,0.42,18223,United Kingdom,10.5,,,
490229,21948,SET OF 6 CAKE CHOPSTICKS,12,12-04-2009 12:20,1.25,18223,United Kingdom,15,,,
490229,21870,I CAN ONLY PLEASE ONE PERSON MUG,24,12-04-2009 12:20,1.25,18223,United Kingdom,30,,,
490229,21561,DINOSAUR LUNCHBOX WITH CUTLERY,6,12-04-2009 12:20,2.55,18223,United Kingdom,15.3,,,
490229,21491,SET OF THREE VINTAGE GIFT WRAPS,30,12-04-2009 12:20,1.95,18223,United Kingdom,58.5,,,
490229,21490,SET OF THREE 50'S GIFT WRAPS ,30,12-04-2009 12:20,1.95,18223,United Kingdom,58.5,,,
490229,21482,MUSHROOM BLUE HOT WATER BOTTLE,12,12-04-2009 12:20,2.95,18223,United Kingdom,35.4,,,
490229,21481,FAWN BLUE HOT WATER BOTTLE,12,12-04-2009 12:20,2.95,18223,United Kingdom,35.4,,,
490229,21232,STRAWBERRY CERAMIC TRINKET BOX,144,12-04-2009 12:20,1.06,18223,United Kingdom,152.64,,,
490229,21231,SWEETHEART CERAMIC TRINKET BOX,72,12-04-2009 12:20,1.06,18223,United Kingdom,76.32,,,
490229,21181,PLEASE ONE PERSON  METAL SIGN,12,12-04-2009 12:20,2.1,18223,United Kingdom,25.2,,,
490229,21174,POTTERING IN THE SHED METAL SIGN,12,12-04-2009 12:20,1.95,18223,United Kingdom,23.4,,,
490229,21165,BEWARE OF THE CAT METAL SIGN ,24,12-04-2009 12:20,1.69,18223,United Kingdom,40.56,,,
490229,20914,SET/5 RED SPOTTY LID GLASS BOWLS,6,12-04-2009 12:20,2.95,18223,United Kingdom,17.7,,,
490229,20685,RED SPOTTY COIR DOORMAT,2,12-04-2009 12:20,6.75,18223,United Kingdom,13.5,,,
490247,21673,WHITE SPOT BLUE CERAMIC DRAWER KNOB,24,12-04-2009 12:28,1.25,16192,United Kingdom,30,,,
490247,85099B,JUMBO BAG RED WHITE SPOTTY ,10,12-04-2009 12:28,1.95,16192,United Kingdom,19.5,,,
490247,21285,RETRO SPOT CANDLE  MEDIUM,12,12-04-2009 12:28,2.1,16192,United Kingdom,25.2,,,
490247,79191B,RETRO PLASTIC POLKA TRAY,12,12-04-2009 12:28,0.85,16192,United Kingdom,10.2,,,
490247,21080,SET/20 RED SPOTTY PAPER NAPKINS ,12,12-04-2009 12:28,0.85,16192,United Kingdom,10.2,,,
490247,85099F,JUMBO BAG STRAWBERRY,10,12-04-2009 12:28,1.95,16192,United Kingdom,19.5,,,
490247,20718,RED SPOTTY SHOPPER BAG,30,12-04-2009 12:28,1.25,16192,United Kingdom,37.5,,,
490247,22049,WRAP CHRISTMAS SCREEN PRINT,50,12-04-2009 12:28,0.42,16192,United Kingdom,21,,,
490247,85087,CANDY SPOT CUSHION COVER,24,12-04-2009 12:28,2.55,16192,United Kingdom,61.2,,,
490247,21668,RED STRIPE CERAMIC DRAWER KNOB,12,12-04-2009 12:28,1.25,16192,United Kingdom,15,,,
490247,22180,RETRO SPOT LAMP,12,12-04-2009 12:28,8.5,16192,United Kingdom,102,,,
490258,22130,PARTY CONE CHRISTMAS DECORATION ,24,12-04-2009 12:31,0.85,15999,United Kingdom,20.4,,,
490266,37441,ASSORTED WHITE EMBOSSED CHINA MUGS,12,12-04-2009 12:33,2.1,15109,United Kingdom,25.2,,,
490266,35004S,SET OF 3 SILVER FLYING DUCKS,4,12-04-2009 12:33,6.35,15109,United Kingdom,25.4,,,
490266,21622,VINTAGE UNION JACK CUSHION COVER,8,12-04-2009 12:33,4.95,15109,United Kingdom,39.6,,,
490266,21621,VINTAGE UNION JACK BUNTING,6,12-04-2009 12:33,8.5,15109,United Kingdom,51,,,
490266,21462,"NURSERY A,B,C PAINTED LETTERS",4,12-04-2009 12:33,6.75,15109,United Kingdom,27,,,
490266,84578,ELEPHANT TOY WITH BLUE T-SHIRT,4,12-04-2009 12:33,3.75,15109,United Kingdom,15,,,
490266,84902,PINK KNITTED COW STUFFED TOY,6,12-04-2009 12:33,3.75,15109,United Kingdom,22.5,,,
490266,20703,BLUE PADDED SOFT MOBILE,6,12-04-2009 12:33,4.25,15109,United Kingdom,25.5,,,
490272,21357,TOAST ITS - DINOSAUR,10,12-04-2009 12:36,1.25,14680,United Kingdom,12.5,,,
490272,21355,TOAST ITS - I LOVE YOU ,10,12-04-2009 12:36,1.25,14680,United Kingdom,12.5,,,
490272,21356,TOAST ITS - FAIRY FLOWER,8,12-04-2009 12:36,1.25,14680,United Kingdom,10,,,
490272,21328,BALLOONS  WRITING SET ,2,12-04-2009 12:36,1.65,14680,United Kingdom,3.3,,,
490272,21330,WOODLAND ANIMAL  WRITING SET ,2,12-04-2009 12:36,1.65,14680,United Kingdom,3.3,,,
490272,21329,DINOSAURS  WRITING SET ,2,12-04-2009 12:36,1.65,14680,United Kingdom,3.3,,,
490272,20978,36 PENCILS TUBE SKULLS,5,12-04-2009 12:36,1.25,14680,United Kingdom,6.25,,,
490272,20979,36 PENCILS TUBE RED SPOTTY,4,12-04-2009 12:36,1.25,14680,United Kingdom,5,,,
490272,84032B,CHARLIE + LOLA RED HOT WATER BOTTLE,3,12-04-2009 12:36,2.95,14680,United Kingdom,8.85,,,
490272,84032A,CHARLIE+LOLA PINK HOT WATER BOTTLE,5,12-04-2009 12:36,2.95,14680,United Kingdom,14.75,,,
490272,21733,RED HANGING HEART T-LIGHT HOLDER,2,12-04-2009 12:36,2.95,14680,United Kingdom,5.9,,,
490272,85123A,WHITE HANGING HEART T-LIGHT HOLDER,6,12-04-2009 12:36,2.95,14680,United Kingdom,17.7,,,
490272,21411,GINGHAM HEART  DOORSTOP RED,2,12-04-2009 12:36,4.25,14680,United Kingdom,8.5,,,
490272,20969,RED FLORAL FELTCRAFT SHOULDER BAG,3,12-04-2009 12:36,3.75,14680,United Kingdom,11.25,,,
490272,20970,PINK FLORAL FELTCRAFT SHOULDER BAG,1,12-04-2009 12:36,3.75,14680,United Kingdom,3.75,,,
490272,20968,GREEN FLORAL FELTCRAFT SHOULDER BAG,1,12-04-2009 12:36,3.75,14680,United Kingdom,3.75,,,
490272,21181,PLEASE ONE PERSON  METAL SIGN,12,12-04-2009 12:36,2.1,14680,United Kingdom,25.2,,,
490272,85152,HAND OVER THE CHOCOLATE   SIGN ,4,12-04-2009 12:36,2.1,14680,United Kingdom,8.4,,,
490272,82600,NO SINGING METAL SIGN,3,12-04-2009 12:36,2.1,14680,United Kingdom,6.3,,,
490272,21166,COOK WITH WINE METAL SIGN ,12,12-04-2009 12:36,1.95,14680,United Kingdom,23.4,,,
490272,85150,LADIES & GENTLEMEN METAL SIGN,1,12-04-2009 12:36,2.55,14680,United Kingdom,2.55,,,
490272,21163,DO NOT TOUCH MY STUFF DOOR HANGER ,1,12-04-2009 12:36,1.45,14680,United Kingdom,1.45,,,
490272,21158,MOODY GIRL DOOR HANGER ,1,12-04-2009 12:36,1.45,14680,United Kingdom,1.45,,,
490272,21159,MOODY BOY  DOOR HANGER ,1,12-04-2009 12:36,1.45,14680,United Kingdom,1.45,,,
490272,21425,SKULLS STORAGE BOX LARGE,2,12-04-2009 12:36,2.95,14680,United Kingdom,5.9,,,
490272,21427,SKULLS STORAGE BOX SMALL,2,12-04-2009 12:36,2.1,14680,United Kingdom,4.2,,,
490272,20681,PINK SPOTTY CHILDS UMBRELLA,3,12-04-2009 12:36,3.25,14680,United Kingdom,9.75,,,
490272,85136C,RED SHARK HELICOPTER,1,12-04-2009 12:36,7.95,14680,United Kingdom,7.95,,,
490272,85040A,S/4 PINK FLOWER CANDLES IN BOWL,1,12-04-2009 12:36,1.65,14680,United Kingdom,1.65,,,
490272,84050,PINK HEART SHAPE EGG FRYING PAN,1,12-04-2009 12:36,1.65,14680,United Kingdom,1.65,,,
490272,70007,HI TEC ALPINE HAND WARMER,1,12-04-2009 12:36,1.65,14680,United Kingdom,1.65,,,
490272,70006,LOVE HEART POCKET WARMER,1,12-04-2009 12:36,1.65,14680,United Kingdom,1.65,,,
490272,20726,LUNCH BAG WOODLAND,11,12-04-2009 12:36,1.65,14680,United Kingdom,18.15,,,
490272,20725,LUNCH BAG RED SPOTTY,10,12-04-2009 12:36,1.65,14680,United Kingdom,16.5,,,
490272,21558,SKULL LUNCHBOX WITH CUTLERY ,3,12-04-2009 12:36,2.55,14680,United Kingdom,7.65,,,
490272,22353,LUNCHBOX WITH CUTLERY FAIRY CAKES ,3,12-04-2009 12:36,2.55,14680,United Kingdom,7.65,,,
490272,22352,LUNCHBOX WITH CUTLERY RETROSPOT ,3,12-04-2009 12:36,2.55,14680,United Kingdom,7.65,,,
490272,21232,STRAWBERRY CERAMIC TRINKET BOX,5,12-04-2009 12:36,1.25,14680,United Kingdom,6.25,,,
490272,21535,RETRO SPOT SMALL MILK JUG,2,12-04-2009 12:36,2.55,14680,United Kingdom,5.1,,,
490272,21535,RETRO SPOT SMALL MILK JUG,1,12-04-2009 12:36,2.55,14680,United Kingdom,2.55,,,
490272,22068, BLACK PIRATE TREASURE CHEST,2,12-04-2009 12:36,1.65,14680,United Kingdom,3.3,,,
490272,22058,CERAMIC LOVE HEARTS DESIGN MUG,1,12-04-2009 12:36,1.49,14680,United Kingdom,1.49,,,
490272,37448,CERAMIC CAKE DESIGN SPOTTED MUG,1,12-04-2009 12:36,1.49,14680,United Kingdom,1.49,,,
490272,21527,RETRO SPOT TRADITIONAL TEAPOT ,1,12-04-2009 12:36,7.95,14680,United Kingdom,7.95,,,
490272,22058,CERAMIC LOVE HEARTS DESIGN MUG,1,12-04-2009 12:36,1.49,14680,United Kingdom,1.49,,,
490272,21488,RED WHITE SCARF  HOT WATER BOTTLE,3,12-04-2009 12:36,3.95,14680,United Kingdom,11.85,,,
490272,84029E,RED WOOLLY HOTTIE WHITE HEART.,4,12-04-2009 12:36,3.75,14680,United Kingdom,15,,,
490272,21213,PACK OF 72 SKULL CAKE CASES,24,12-04-2009 12:36,0.55,14680,United Kingdom,13.2,,,
490272,21212,PACK OF 72 RETRO SPOT CAKE CASES,24,12-04-2009 12:36,0.55,14680,United Kingdom,13.2,,,
490272,37461,FUNKY MONKEY MUG,3,12-04-2009 12:36,1.25,14680,United Kingdom,3.75,,,
490272,21872,GLAMOROUS  MUG,3,12-04-2009 12:36,1.25,14680,United Kingdom,3.75,,,
490272,21479,WHITE SKULL HOT WATER BOTTLE ,5,12-04-2009 12:36,3.75,14680,United Kingdom,18.75,,,
490272,84997C,BLUE 3 PIECE MINI DOTS CUTLERY SET,2,12-04-2009 12:36,3.75,14680,United Kingdom,7.5,,,
490272,84997B,RED 3 PIECE MINI DOTS CUTLERY SET,2,12-04-2009 12:36,3.75,14680,United Kingdom,7.5,,,
490272,21843,RETRO SPOT CAKE STAND,2,12-04-2009 12:36,10.95,14680,United Kingdom,21.9,,,
490272,21430,SET/3 RED GINGHAM ROSE STORAGE BOX,2,12-04-2009 12:36,3.75,14680,United Kingdom,7.5,,,
490272,21430,SET/3 RED GINGHAM ROSE STORAGE BOX,6,12-04-2009 12:36,3.75,14680,United Kingdom,22.5,,,
490272,72756,FAIRY CAKE CANDLES,9,12-04-2009 12:36,1.49,14680,United Kingdom,13.41,,,
490272,72741,GRAND CHOCOLATECANDLE,27,12-04-2009 12:36,1.45,14680,United Kingdom,39.15,,,
490277,21871,SAVE THE PLANET MUG,72,12-04-2009 12:37,1.06,18092,United Kingdom,76.32,,,
490277,22348,TEA BAG PLATE RED SPOTTY ,288,12-04-2009 12:37,0.72,18092,United Kingdom,207.36,,,
490277,84029E,RED WOOLLY HOTTIE WHITE HEART.,24,12-04-2009 12:37,2.95,18092,United Kingdom,70.8,,,
490277,21479,WHITE SKULL HOT WATER BOTTLE ,24,12-04-2009 12:37,3.39,18092,United Kingdom,81.36,,,
490277,22114,HOT WATER BOTTLE TEA AND SYMPATHY,24,12-04-2009 12:37,3.45,18092,United Kingdom,82.8,,,
490277,84029G,KNITTED UNION FLAG HOT WATER BOTTLE,24,12-04-2009 12:37,3.39,18092,United Kingdom,81.36,,,
490277,21398,RED  SPOTTY COFFEE  MUG,48,12-04-2009 12:37,1.75,18092,United Kingdom,84,,,
490277,21527,RETRO SPOT TRADITIONAL TEAPOT ,24,12-04-2009 12:37,6.95,18092,United Kingdom,166.8,,,
490277,21399,BLUE  SPOTTY  COFFEE MUG,48,12-04-2009 12:37,1.75,18092,United Kingdom,84,,,
490277,21528,DAIRY MAID TRADITIONAL TEAPOT ,24,12-04-2009 12:37,5.95,18092,United Kingdom,142.8,,,
490279,35015,JACOBS LADDER SMALL,1,12-04-2009 12:37,0.06,16891,United Kingdom,0.06,,,
490279,84029G,KNITTED UNION FLAG HOT WATER BOTTLE,1,12-04-2009 12:37,3.75,16891,United Kingdom,3.75,,,
490279,22207,FRYING PAN UNION FLAG,2,12-04-2009 12:37,4.25,16891,United Kingdom,8.5,,,
490279,84558A,3D DOG PICTURE PLAYING CARDS,1,12-04-2009 12:37,2.95,16891,United Kingdom,2.95,,,
490279,47504K,ENGLISH ROSE GARDEN SECATEURS,3,12-04-2009 12:37,1.95,16891,United Kingdom,5.85,,,
490279,79026B,"S/4 ICON COASTER,ELVIS LIVES",1,12-04-2009 12:37,1.25,16891,United Kingdom,1.25,,,
490279,22353,LUNCHBOX WITH CUTLERY FAIRY CAKES ,1,12-04-2009 12:37,2.55,16891,United Kingdom,2.55,,,
490279,35924,HANGING FAIRY CAKE DECORATION,1,12-04-2009 12:37,2.1,16891,United Kingdom,2.1,,,
490279,21740,COSY SLIPPER SHOES LARGE RED,1,12-04-2009 12:37,2.95,16891,United Kingdom,2.95,,,
490279,22091,EMPIRE TISSUE BOX,1,12-04-2009 12:37,1.25,16891,United Kingdom,1.25,,,
490279,79144B,PAINTED LIGHTBULB STAR+ MOON,1,12-04-2009 12:37,0.42,16891,United Kingdom,0.42,,,
490279,84658,WHITE STITCHED CUSHION COVER,2,12-04-2009 12:37,6.95,16891,United Kingdom,13.9,,,
490279,84879,ASSORTED COLOUR BIRD ORNAMENT,1,12-04-2009 12:37,1.69,16891,United Kingdom,1.69,,,
490279,21626,VINTAGE UNION JACK PENNANT,1,12-04-2009 12:37,1.95,16891,United Kingdom,1.95,,,
490279,22115,METAL SIGN EMPIRE TEA,1,12-04-2009 12:37,2.95,16891,United Kingdom,2.95,,,
490279,21622,VINTAGE UNION JACK CUSHION COVER,2,12-04-2009 12:37,4.95,16891,United Kingdom,9.9,,,
490279,37495,FAIRY CAKE BIRTHDAY CANDLE SET,1,12-04-2009 12:37,3.75,16891,United Kingdom,3.75,,,
490279,21896,POTTING SHED TWINE,1,12-04-2009 12:37,2.1,16891,United Kingdom,2.1,,,
490279,84558A,3D DOG PICTURE PLAYING CARDS,1,12-04-2009 12:37,2.95,16891,United Kingdom,2.95,,,
490279,22099,CARAVAN SQUARE TISSUE BOX,1,12-04-2009 12:37,1.25,16891,United Kingdom,1.25,,,
490279,84255B,ORANGE COCKTAIL GLASS LAMP,1,12-04-2009 12:37,2.1,16891,United Kingdom,2.1,,,
490279,22114,HOT WATER BOTTLE TEA AND SYMPATHY,1,12-04-2009 12:37,3.95,16891,United Kingdom,3.95,,,
490279,84007,MAGIC GARDEN MOUNT FUJI,2,12-04-2009 12:37,2.55,16891,United Kingdom,5.1,,,
490281,47591D,PINK FAIRY CAKE CHILD'S APRON,8,12-04-2009 12:37,1.95,13481,United Kingdom,15.6,,,
490281,21330,WOODLAND ANIMAL  WRITING SET ,12,12-04-2009 12:37,1.65,13481,United Kingdom,19.8,,,
490281,16237,SLEEPING CAT ERASERS,30,12-04-2009 12:37,0.21,13481,United Kingdom,6.3,,,
490281,10125,MINI FUNKY DESIGN TAPES,20,12-04-2009 12:37,0.85,13481,United Kingdom,17,,,
490281,82615,PINK MARSHMALLOW SCARF KNITTING KIT,6,12-04-2009 12:37,2.95,13481,United Kingdom,17.7,,,
490281,90167,BEADED LOVE HEART JEWELLERY SET,12,12-04-2009 12:37,0.85,13481,United Kingdom,10.2,,,
490281,21740,COSY SLIPPER SHOES LARGE RED,6,12-04-2009 12:37,2.95,13481,United Kingdom,17.7,,,
490281,21484,CHICK GREY HOT WATER BOTTLE,8,12-04-2009 12:37,3.45,13481,United Kingdom,27.6,,,
490281,21480,PINK STRIPE HOT WATER BOTTLE,6,12-04-2009 12:37,2.95,13481,United Kingdom,17.7,,,
490281,21481,FAWN BLUE HOT WATER BOTTLE,12,12-04-2009 12:37,2.95,13481,United Kingdom,35.4,,,
490281,37449,CERAMIC CAKE STAND + HANGING CAKES,4,12-04-2009 12:37,9.95,13481,United Kingdom,39.8,,,
490281,48185,DOOR MAT FAIRY CAKE,2,12-04-2009 12:37,6.75,13481,United Kingdom,13.5,,,
490281,22300,COFFEE MUG DOG + BALL DESIGN,6,12-04-2009 12:37,2.55,13481,United Kingdom,15.3,,,
490281,22301,COFFEE MUG CAT + BIRD DESIGN,6,12-04-2009 12:37,2.55,13481,United Kingdom,15.3,,,
490281,22303,COFFEE MUG APPLES DESIGN,6,12-04-2009 12:37,2.55,13481,United Kingdom,15.3,,,
490281,48194,DOORMAT HEARTS,4,12-04-2009 12:37,6.75,13481,United Kingdom,27,,,
490279,22024,RAINY LADIES BIRTHDAY CARD,12,12-04-2009 12:37,0.42,16891,United Kingdom,5.04,,,
490279,84754,S/15 SILVER GLASS BAUBLES IN BAG,1,12-04-2009 12:37,1.25,16891,United Kingdom,1.25,,,
490279,85184D,S/4 BLUE ROUND DECOUPAGE BOXES,1,12-04-2009 12:37,2.95,16891,United Kingdom,2.95,,,
490279,21754,HOME BUILDING BLOCK WORD,1,12-04-2009 12:37,5.95,16891,United Kingdom,5.95,,,
490279,22313,OFFICE MUG WARMER PINK,1,12-04-2009 12:37,4.95,16891,United Kingdom,4.95,,,
490279,22312,OFFICE MUG WARMER POLKADOT,1,12-04-2009 12:37,4.95,16891,United Kingdom,4.95,,,
490279,84520B,PACK 20 ENGLISH ROSE PAPER NAPKINS,2,12-04-2009 12:37,0.85,16891,United Kingdom,1.7,,,
490279,20966,SANDWICH BATH SPONGE,1,12-04-2009 12:37,1.25,16891,United Kingdom,1.25,,,
490279,22278,OVERNIGHT BAG VINTAGE ROSE PAISLEY,1,12-04-2009 12:37,4.95,16891,United Kingdom,4.95,,,
490279,21735,TWO DOOR CURIO CABINET,1,12-04-2009 12:37,12.75,16891,United Kingdom,12.75,,,
490279,85098B,BLUE FLYING SINGING CANARY,1,12-04-2009 12:37,3.75,16891,United Kingdom,3.75,,,
490279,22131,FOOD CONTAINER SET 3 LOVE HEART ,1,12-04-2009 12:37,1.95,16891,United Kingdom,1.95,,,
490279,20837,FRENCH FLORAL CUSHION COVER ,6,12-04-2009 12:37,2.95,16891,United Kingdom,17.7,,,
490279,22311,OFFICE MUG WARMER BLACK+SILVER ,1,12-04-2009 12:37,4.95,16891,United Kingdom,4.95,,,
490279,22086,PAPER CHAIN KIT 50'S CHRISTMAS ,1,12-04-2009 12:37,2.95,16891,United Kingdom,2.95,,,
490279,20753,RETRO PINK SPOT WASHING UP GLOVES,1,12-04-2009 12:37,2.1,16891,United Kingdom,2.1,,,
490279,20963,APPLE BATH SPONGE,1,12-04-2009 12:37,1.25,16891,United Kingdom,1.25,,,
490279,85096,HILDA CANDY SPOT RABBIT,1,12-04-2009 12:37,3.75,16891,United Kingdom,3.75,,,
490279,10080,GROOVY CACTUS INFLATABLE,2,12-04-2009 12:37,0.85,16891,United Kingdom,1.7,,,
490279,21875,KINGS CHOICE MUG,1,12-04-2009 12:37,1.25,16891,United Kingdom,1.25,,,
490279,21871,SAVE THE PLANET MUG,2,12-04-2009 12:37,1.25,16891,United Kingdom,2.5,,,
490279,21730,GLASS STAR FROSTED T-LIGHT HOLDER,2,12-04-2009 12:37,4.95,16891,United Kingdom,9.9,,,
490279,20783,HEART EAR MUFF HEADPHONES,1,12-04-2009 12:37,5.49,16891,United Kingdom,5.49,,,
490279,21955,UNION JACK GUNS & ROSES  DOORMAT,1,12-04-2009 12:37,6.75,16891,United Kingdom,6.75,,,
490279,48187,DOOR MAT NEW ENGLAND,1,12-04-2009 12:37,6.75,16891,United Kingdom,6.75,,,
490279,22115,METAL SIGN EMPIRE TEA,1,12-04-2009 12:37,2.95,16891,United Kingdom,2.95,,,
490279,10080,GROOVY CACTUS INFLATABLE,1,12-04-2009 12:37,0.85,16891,United Kingdom,0.85,,,
490279,35924,HANGING FAIRY CAKE DECORATION,1,12-04-2009 12:37,2.1,16891,United Kingdom,2.1,,,
490279,84520D,PACK OF 20 FAIRY CAKE PAPER NAPKINS,1,12-04-2009 12:37,0.85,16891,United Kingdom,0.85,,,
490279,40018E,TEA TIME PAPER LANTERNS,1,12-04-2009 12:37,1.95,16891,United Kingdom,1.95,,,
490279,17107D,"FLOWER FAIRY,5 SUMMER B'DRAW LINERS",1,12-04-2009 12:37,2.55,16891,United Kingdom,2.55,,,
490279,48188,DOOR MAT WELCOME PUPPIES,1,12-04-2009 12:37,6.75,16891,United Kingdom,6.75,,,
490279,84508A,CAMOFLAGE DESIGN TEDDY,1,12-04-2009 12:37,2.55,16891,United Kingdom,2.55,,,
490279,84625B,BLCK NEW BAROQUE CANDLESTICK CANDLE,2,12-04-2009 12:37,2.95,16891,United Kingdom,5.9,,,
490279,85172,HYACINTH BULB T-LIGHT CANDLES,16,12-04-2009 12:37,0.42,16891,United Kingdom,6.72,,,
490279,20940,SET/6 GARDEN GNOME T-LIGHT CANDLES,1,12-04-2009 12:37,2.95,16891,United Kingdom,2.95,,,
490279,85116,BLACK CANDELABRA T-LIGHT HOLDER,2,12-04-2009 12:37,2.1,16891,United Kingdom,4.2,,,
490279,21626,VINTAGE UNION JACK PENNANT,1,12-04-2009 12:37,1.95,16891,United Kingdom,1.95,,,
490279,22179,SET 10 LIGHTS NIGHT OWL,1,12-04-2009 12:37,6.75,16891,United Kingdom,6.75,,,
490279,40018E,TEA TIME PAPER LANTERNS,1,12-04-2009 12:37,1.95,16891,United Kingdom,1.95,,,
490279,22139,RETRO SPOT TEA SET CERAMIC 11 PC ,1,12-04-2009 12:37,4.95,16891,United Kingdom,4.95,,,
490279,20754,RETRO RED SPOTTY WASHING UP GLOVES,1,12-04-2009 12:37,2.1,16891,United Kingdom,2.1,,,
490279,47556B,TEA TIME TEA TOWELS ,1,12-04-2009 12:37,2.95,16891,United Kingdom,2.95,,,
490279,47566B,TEA TIME PARTY BUNTING,1,12-04-2009 12:37,4.65,16891,United Kingdom,4.65,,,
490279,84558A,3D DOG PICTURE PLAYING CARDS,1,12-04-2009 12:37,2.95,16891,United Kingdom,2.95,,,
490279,35096B,RED VICTORIAN FABRIC HEART BOX,6,12-04-2009 12:37,0.42,16891,United Kingdom,2.52,,,
490279,79026B,"S/4 ICON COASTER,ELVIS LIVES",1,12-04-2009 12:37,1.25,16891,United Kingdom,1.25,,,
490279,84925C,FAIRY CAKES  WALL THERMOMETER,1,12-04-2009 12:37,2.55,16891,United Kingdom,2.55,,,
490279,40018E,TEA TIME PAPER LANTERNS,1,12-04-2009 12:37,1.95,16891,United Kingdom,1.95,,,
490279,84270,ASSTD DESIGN BUBBLE GUM RING,30,12-04-2009 12:37,0.21,16891,United Kingdom,6.3,,,
490279,84520D,PACK OF 20 FAIRY CAKE PAPER NAPKINS,1,12-04-2009 12:37,0.85,16891,United Kingdom,0.85,,,
490279,21717,EASTER TIN BUCKET,4,12-04-2009 12:37,2.55,16891,United Kingdom,10.2,,,
490279,22107,PIZZA PLATE IN BOX,1,12-04-2009 12:37,3.75,16891,United Kingdom,3.75,,,
490279,22122,SET OF 2 FANCY FONT TEA TOWELS,1,12-04-2009 12:37,2.95,16891,United Kingdom,2.95,,,
490279,37447,CERAMIC CAKE DESIGN SPOTTED PLATE,1,12-04-2009 12:37,1.49,16891,United Kingdom,1.49,,,
490279,22091,EMPIRE TISSUE BOX,1,12-04-2009 12:37,1.25,16891,United Kingdom,1.25,,,
490279,37495,FAIRY CAKE BIRTHDAY CANDLE SET,2,12-04-2009 12:37,3.75,16891,United Kingdom,7.5,,,
490279,84987,SET OF 36 TEATIME PAPER DOILIES,1,12-04-2009 12:37,1.45,16891,United Kingdom,1.45,,,
490279,47579,TEA TIME BREAKFAST BASKET,1,12-04-2009 12:37,2.1,16891,United Kingdom,2.1,,,
490279,21144,PINK POODLE HANGING DECORATION ,1,12-04-2009 12:37,1.45,16891,United Kingdom,1.45,,,
490282,21035,SET/2 RED SPOTTY TEA TOWELS ,6,12-04-2009 12:41,2.95,13807,United Kingdom,17.7,,,
490282,21154,RED SPOTTY OVEN GLOVE ,10,12-04-2009 12:41,1.25,13807,United Kingdom,12.5,,,
490282,21155,RED SPOTTY PEG BAG,6,12-04-2009 12:41,2.1,13807,United Kingdom,12.6,,,
490282,85067,CREAM SWEETHEART WALL CABINET,1,12-04-2009 12:41,18.95,13807,United Kingdom,18.95,,,
490282,21777,RECIPE BOX WITH METAL HEART,2,12-04-2009 12:41,7.95,13807,United Kingdom,15.9,,,
490282,22305,COFFEE MUG PINK PAISLEY DESIGN,6,12-04-2009 12:41,2.55,13807,United Kingdom,15.3,,,
490282,21871,SAVE THE PLANET MUG,12,12-04-2009 12:41,1.25,13807,United Kingdom,15,,,
490284,22271,FELTCRAFT DOLL ROSIE,2,12-04-2009 12:54,2.95,14979,United Kingdom,5.9,,,
490284,47590A,BLUE HAPPY BIRTHDAY BUNTING,1,12-04-2009 12:54,5.45,14979,United Kingdom,5.45,,,
490284,85185C,COW  SOCK PUPPET,1,12-04-2009 12:54,2.95,14979,United Kingdom,2.95,,,
490284,85185B,PINK HORSE SOCK PUPPET,2,12-04-2009 12:54,2.95,14979,United Kingdom,5.9,,,
490284,22148,EASTER CRAFT 4 CHICKS ,1,12-04-2009 12:54,1.95,14979,United Kingdom,1.95,,,
490284,22145,CHRISTMAS CRAFT HEART STOCKING ,2,12-04-2009 12:54,2.1,14979,United Kingdom,4.2,,,
490284,85185F,LION SOCK PUPPET,2,12-04-2009 12:54,2.95,14979,United Kingdom,5.9,,,
490284,21841,BABY MOUSE RED GINGHAM DRESS,1,12-04-2009 12:54,4.25,14979,United Kingdom,4.25,,,
490284,20749,ASSORTED COLOUR MINI CASES,1,12-04-2009 12:54,7.95,14979,United Kingdom,7.95,,,
490284,22148,EASTER CRAFT 4 CHICKS ,1,12-04-2009 12:54,1.95,14979,United Kingdom,1.95,,,
490284,21588,RETRO SPOT GIANT  TUBE MATCHES,1,12-04-2009 12:54,2.55,14979,United Kingdom,2.55,,,
490284,21034,REX CASH+CARRY JUMBO SHOPPER,1,12-04-2009 12:54,0.95,14979,United Kingdom,0.95,,,
490284,20685,RED SPOTTY COIR DOORMAT,1,12-04-2009 12:54,6.75,14979,United Kingdom,6.75,,,
490284,22142,CHRISTMAS CRAFT WHITE FAIRY ,15,12-04-2009 12:54,1.45,14979,United Kingdom,21.75,,,
490284,35958,FOLKART ZINC STAR CHRISTMAS DEC,36,12-04-2009 12:54,0.85,14979,United Kingdom,30.6,,,
490284,22127,PARTY CONES CARNIVAL ASSORTED,12,12-04-2009 12:54,1.25,14979,United Kingdom,15,,,
490284,22138,BAKING SET 9 PIECE RETROSPOT ,5,12-04-2009 12:54,4.95,14979,United Kingdom,24.75,,,
490284,22139,RETRO SPOT TEA SET CERAMIC 11 PC ,7,12-04-2009 12:54,4.95,14979,United Kingdom,34.65,,,
490284,20749,ASSORTED COLOUR MINI CASES,2,12-04-2009 12:54,7.95,14979,United Kingdom,15.9,,,
490284,85185F,LION SOCK PUPPET,3,12-04-2009 12:54,2.95,14979,United Kingdom,8.85,,,
490284,85185C,COW  SOCK PUPPET,3,12-04-2009 12:54,2.95,14979,United Kingdom,8.85,,,
490284,21411,GINGHAM HEART  DOORSTOP RED,1,12-04-2009 12:54,4.25,14979,United Kingdom,4.25,,,
490284,85103, SILVER T-LIGHT SETTING,2,12-04-2009 12:54,6.75,14979,United Kingdom,13.5,,,
490284,84997C,BLUE 3 PIECE MINI DOTS CUTLERY SET,4,12-04-2009 12:54,3.75,14979,United Kingdom,15,,,
490284,21912,VINTAGE SNAKES & LADDERS,2,12-04-2009 12:54,3.75,14979,United Kingdom,7.5,,,
490284,20967,GREY FLORAL FELTCRAFT SHOULDER BAG,4,12-04-2009 12:54,3.75,14979,United Kingdom,15,,,
490284,84879,ASSORTED COLOUR BIRD ORNAMENT,3,12-04-2009 12:54,1.69,14979,United Kingdom,5.07,,,
490284,84836,ZINC METAL HEART DECORATION,2,12-04-2009 12:54,1.25,14979,United Kingdom,2.5,,,
490284,21034,REX CASH+CARRY JUMBO SHOPPER,1,12-04-2009 12:54,0.95,14979,United Kingdom,0.95,,,
490284,22139,RETRO SPOT TEA SET CERAMIC 11 PC ,1,12-04-2009 12:54,4.95,14979,United Kingdom,4.95,,,
490284,22121,NOEL WOODEN BLOCK LETTERS ,1,12-04-2009 12:54,5.95,14979,United Kingdom,5.95,,,
490284,21240,BLUE  SPOTTY CUP,6,12-04-2009 12:54,0.85,14979,United Kingdom,5.1,,,
490284,21244,BLUE  SPOTTY PLATE ,6,12-04-2009 12:54,1.69,14979,United Kingdom,10.14,,,
490284,21244,BLUE  SPOTTY PLATE ,8,12-04-2009 12:54,1.69,14979,United Kingdom,13.52,,,
490284,84947,ANTIQUE SILVER TEA GLASS ENGRAVED,8,12-04-2009 12:54,1.25,14979,United Kingdom,10,,,
490284,20675,BLUE SPOTTY BOWL,8,12-04-2009 12:54,1.25,14979,United Kingdom,10,,,
490284,21490,SET OF THREE 50'S GIFT WRAPS ,2,12-04-2009 12:54,1.95,14979,United Kingdom,3.9,,,
490284,22082,RIBBON REEL STRIPES DESIGN ,2,12-04-2009 12:54,1.65,14979,United Kingdom,3.3,,,
490284,22138,BAKING SET 9 PIECE RETROSPOT ,2,12-04-2009 12:54,4.95,14979,United Kingdom,9.9,,,
490284,22130,PARTY CONE CHRISTMAS DECORATION ,12,12-04-2009 12:54,0.85,14979,United Kingdom,10.2,,,
490284,21285,RETRO SPOT CANDLE  MEDIUM,1,12-04-2009 12:54,2.1,14979,United Kingdom,2.1,,,
490284,21286,RETRO SPOT CANDLE  LARGE,1,12-04-2009 12:54,2.55,14979,United Kingdom,2.55,,,
490284,21284,RETRO SPOT CANDLE  SMALL,1,12-04-2009 12:54,1.69,14979,United Kingdom,1.69,,,
490284,85034A,3 GARDENIA MORRIS BOXED CANDLES,1,12-04-2009 12:54,4.25,14979,United Kingdom,4.25,,,
490284,20676,RED SPOTTY BOWL,6,12-04-2009 12:54,1.25,14979,United Kingdom,7.5,,,
490284,21410,COUNTRY COTTAGE  DOORSTOP GREEN,1,12-04-2009 12:54,4.25,14979,United Kingdom,4.25,,,
490284,22318,FIVE HEART HANGING DECORATION,1,12-04-2009 12:54,2.95,14979,United Kingdom,2.95,,,
490284,84879,ASSORTED COLOUR BIRD ORNAMENT,6,12-04-2009 12:54,1.69,14979,United Kingdom,10.14,,,
490284,21586,KINGS CHOICE GIANT TUBE MATCHES,3,12-04-2009 12:54,2.55,14979,United Kingdom,7.65,,,
490284,22121,NOEL WOODEN BLOCK LETTERS ,1,12-04-2009 12:54,5.95,14979,United Kingdom,5.95,,,
490284,21034,REX CASH+CARRY JUMBO SHOPPER,1,12-04-2009 12:54,0.95,14979,United Kingdom,0.95,,,
490284,35969,FOLKART CROWN TABLE DECORATIONS,12,12-04-2009 12:54,1.65,14979,United Kingdom,19.8,,,
490284,22336,DOVE DECORATION PAINTED ZINC ,3,12-04-2009 12:54,0.65,14979,United Kingdom,1.95,,,
490286,21532,DAIRY MAID SUGAR JAM BOWL,1,12-04-2009 12:59,2.1,14527,United Kingdom,2.1,,,
490286,21533,RETRO SPOT LARGE MILK JUG,1,12-04-2009 12:59,4.95,14527,United Kingdom,4.95,,,
490286,20963,APPLE BATH SPONGE,1,12-04-2009 12:59,1.25,14527,United Kingdom,1.25,,,
490286,21534,DAIRY MAID LARGE MILK JUG,1,12-04-2009 12:59,4.95,14527,United Kingdom,4.95,,,
490286,21539,RETRO SPOTS BUTTER DISH,4,12-04-2009 12:59,4.95,14527,United Kingdom,19.8,,,
490286,21540,DAIRY MAID CERAMIC BUTTER DISH,1,12-04-2009 12:59,4.25,14527,United Kingdom,4.25,,,
490286,71053,WHITE METAL LANTERN,2,12-04-2009 12:59,3.75,14527,United Kingdom,7.5,,,
490286,21528,DAIRY MAID TRADITIONAL TEAPOT ,1,12-04-2009 12:59,6.95,14527,United Kingdom,6.95,,,
490286,47580,TEA TIME DES TEA COSY,4,12-04-2009 12:59,2.55,14527,United Kingdom,10.2,,,
490286,47562,ENGLISH ROSE IRONING BOARD COVER,2,12-04-2009 12:59,3.75,14527,United Kingdom,7.5,,,
490286,20688,BEAUTY SPEED EXPRESSO CUPS,1,12-04-2009 12:59,5.95,14527,United Kingdom,5.95,,,
490286,84997C,BLUE 3 PIECE MINI DOTS CUTLERY SET,3,12-04-2009 12:59,3.75,14527,United Kingdom,11.25,,,
490286,84691,PACK 20 DOLLY PEGS,6,12-04-2009 12:59,0.85,14527,United Kingdom,5.1,,,
490286,84660C,PINK STITCHED WALL CLOCK,1,12-04-2009 12:59,3.75,14527,United Kingdom,3.75,,,
490286,37502,TEA TIME MUG IN GIFT BOX,2,12-04-2009 12:59,2.95,14527,United Kingdom,5.9,,,
490286,82494L,WOODEN FRAME ANTIQUE WHITE ,1,12-04-2009 12:59,2.95,14527,United Kingdom,2.95,,,
490286,82482,WOODEN PICTURE FRAME WHITE FINISH,1,12-04-2009 12:59,2.55,14527,United Kingdom,2.55,,,
490286,21706,"FOLDING UMBRELLA , RED/WHITE SPOT",1,12-04-2009 12:59,4.95,14527,United Kingdom,4.95,,,
490286,85123A,WHITE HANGING HEART T-LIGHT HOLDER,6,12-04-2009 12:59,2.95,14527,United Kingdom,17.7,,,
490286,84828,JUNGLE POPSICLES ICE LOLLY HOLDERS,6,12-04-2009 12:59,1.25,14527,United Kingdom,7.5,,,
490286,35004S,SET OF 3 SILVER FLYING DUCKS,1,12-04-2009 12:59,6.35,14527,United Kingdom,6.35,,,
490286,21407,BROWN CHECK CAT DOORSTOP ,4,12-04-2009 12:59,4.25,14527,United Kingdom,17,,,
490286,22072,TEA CUP AND SAUCER RETRO SPOT,2,12-04-2009 12:59,3.75,14527,United Kingdom,7.5,,,
490286,79321,CHILLI LIGHTS,1,12-04-2009 12:59,4.95,14527,United Kingdom,4.95,,,
490286,79320, FLAMINGO LIGHTS,1,12-04-2009 12:59,4.95,14527,United Kingdom,4.95,,,
490286,21930,JUMBO STORAGE BAG SKULLS,3,12-04-2009 12:59,1.95,14527,United Kingdom,5.85,,,
490286,84469,ROSE DES PADDED FLOOR CUSHION,1,12-04-2009 12:59,6.95,14527,United Kingdom,6.95,,,
490286,84623,PINK GINGHAM ROSE FLOOR CUSHION,1,12-04-2009 12:59,7.95,14527,United Kingdom,7.95,,,
490286,21630,FLOOR CUSHION ELEPHANT CARNIVAL,2,12-04-2009 12:59,8.95,14527,United Kingdom,17.9,,,
490286,21629,SQUARE FLOOR CUSHION VINTAGE PINK ,2,12-04-2009 12:59,7.95,14527,United Kingdom,15.9,,,
490286,21624,VINTAGE UNION JACK DOORSTOP,2,12-04-2009 12:59,5.95,14527,United Kingdom,11.9,,,
490286,35599D,PINK AND WHITE CHRISTMAS TREE 120CM,1,12-04-2009 12:59,2.95,14527,United Kingdom,2.95,,,
490286,84795C,OCEAN STRIPE HAMMOCK ,1,12-04-2009 12:59,7.95,14527,United Kingdom,7.95,,,
490286,22177,5 HOOK BLACKBOARD ORGANISER ,1,12-04-2009 12:59,9.95,14527,United Kingdom,9.95,,,
490286,21257,VICTORIAN SEWING BOX MEDIUM,2,12-04-2009 12:59,7.95,14527,United Kingdom,15.9,,,
490286,21259,VICTORIAN SEWING BOX SMALL ,4,12-04-2009 12:59,5.95,14527,United Kingdom,23.8,,,
490286,21258,VICTORIAN SEWING BOX LARGE,8,12-04-2009 12:59,10.95,14527,United Kingdom,87.6,,,
490286,37503,TEA TIME CAKE STAND IN GIFT BOX,12,12-04-2009 12:59,9.95,14527,United Kingdom,119.4,,,
490286,79072,TEATIME CAKE TIN WITH HANDLE,8,12-04-2009 12:59,8.95,14527,United Kingdom,71.6,,,
490286,21153,RED SPOTTY TABLECLOTH ,1,12-04-2009 12:59,10.65,14527,United Kingdom,10.65,,,
490286,21157,RED SPOTTY WASHBAG,2,12-04-2009 12:59,2.1,14527,United Kingdom,4.2,,,
490286,21156,RED SPOTTY CHILDS APRON,4,12-04-2009 12:59,1.95,14527,United Kingdom,7.8,,,
490286,21042,RED SPOTTY APRON ,5,12-04-2009 12:59,5.95,14527,United Kingdom,29.75,,,
490286,85232B,SET/3 RUSSIAN DOLL STACKING TINS,1,12-04-2009 12:59,4.95,14527,United Kingdom,4.95,,,
490286,37485,ENGLISH ROSE TEA SET IN GIFT BOX,2,12-04-2009 12:59,4.65,14527,United Kingdom,9.3,,,
490286,21360,JOY LARGE WOOD LETTERS,1,12-04-2009 12:59,9.95,14527,United Kingdom,9.95,,,
490285,21704,BAG 250g SWIRLY MARBLES,72,12-04-2009 12:59,0.72,16656,United Kingdom,51.84,,,
490285,84466,TOP SECRET PEN SET,72,12-04-2009 12:59,0.95,16656,United Kingdom,68.4,,,
490285,21661,VINTAGE GLASS TEA CADDY,12,12-04-2009 12:59,5.45,16656,United Kingdom,65.4,,,
490285,21663,VINTAGE GLASS SUGAR CADDY,12,12-04-2009 12:59,5.45,16656,United Kingdom,65.4,,,
490285,21662,VINTAGE GLASS COFFEE CADDY,12,12-04-2009 12:59,5.45,16656,United Kingdom,65.4,,,
490285,21164,HOME SWEET HOME METAL SIGN ,6,12-04-2009 12:59,2.95,16656,United Kingdom,17.7,,,
490285,21911,GARDEN METAL SIGN ,24,12-04-2009 12:59,1.65,16656,United Kingdom,39.6,,,
490286,21488,RED WHITE SCARF  HOT WATER BOTTLE,1,12-04-2009 12:59,3.95,14527,United Kingdom,3.95,,,
490286,84029C,BROWN FURRY HOT WATER BOTTLE,3,12-04-2009 12:59,3.75,14527,United Kingdom,11.25,,,
490286,84029E,RED WOOLLY HOTTIE WHITE HEART.,6,12-04-2009 12:59,3.75,14527,United Kingdom,22.5,,,
490286,22111,SCOTTIE DOG HOT WATER BOTTLE,3,12-04-2009 12:59,4.95,14527,United Kingdom,14.85,,,
490286,21479,WHITE SKULL HOT WATER BOTTLE ,6,12-04-2009 12:59,3.75,14527,United Kingdom,22.5,,,
490286,22110,BIRD HOUSE HOT WATER BOTTLE,1,12-04-2009 12:59,3.45,14527,United Kingdom,3.45,,,
490286,21481,FAWN BLUE HOT WATER BOTTLE,8,12-04-2009 12:59,2.95,14527,United Kingdom,23.6,,,
490287,22083,PAPER CHAIN KIT RETRO SPOT,6,12-04-2009 13:00,2.95,16746,United Kingdom,17.7,,,
490287,22353,LUNCHBOX WITH CUTLERY FAIRY CAKES ,6,12-04-2009 13:00,2.55,16746,United Kingdom,15.3,,,
490287,22352,LUNCHBOX WITH CUTLERY RETROSPOT ,6,12-04-2009 13:00,2.55,16746,United Kingdom,15.3,,,
490287,21558,SKULL LUNCHBOX WITH CUTLERY ,6,12-04-2009 13:00,2.55,16746,United Kingdom,15.3,,,
490287,20727,LUNCH BAG  BLACK SKULL.,10,12-04-2009 13:00,1.65,16746,United Kingdom,16.5,,,
490287,20728,LUNCH BAG CARS BLUE,10,12-04-2009 13:00,1.65,16746,United Kingdom,16.5,,,
490287,22355,"CHARLOTTE BAG , SUKI DESIGN",10,12-04-2009 13:00,0.85,16746,United Kingdom,8.5,,,
490287,22356,"CHARLOTTE BAG , PINK/WHITE SPOTS",10,12-04-2009 13:00,0.85,16746,United Kingdom,8.5,,,
490287,85099B,JUMBO BAG RED WHITE SPOTTY ,100,12-04-2009 13:00,1.65,16746,United Kingdom,165,,,
490287,20712,JUMBO BAG WOODLAND ANIMALS,10,12-04-2009 13:00,1.95,16746,United Kingdom,19.5,,,
490287,21928,JUMBO BAG SCANDINAVIAN PAISLEY,10,12-04-2009 13:00,1.95,16746,United Kingdom,19.5,,,
490287,21929,JUMBO BAG PINK VINTAGE PAISLEY,10,12-04-2009 13:00,1.95,16746,United Kingdom,19.5,,,
490287,20972,PINK CREAM FELT CRAFT TRINKET BOX ,12,12-04-2009 13:00,1.25,16746,United Kingdom,15,,,
490287,20971,PINK BLUE FELT CRAFT TRINKET BOX,12,12-04-2009 13:00,1.25,16746,United Kingdom,15,,,
490288,82001S,VINYL RECORD FRAME SILVER,24,12-04-2009 13:00,3.39,17157,United Kingdom,81.36,,,
490288,21137,BLACK RECORD COVER FRAME,72,12-04-2009 13:00,3.39,17157,United Kingdom,244.08,,,
490288,85175,CACTI T-LIGHT CANDLES,16,12-04-2009 13:00,0.42,17157,United Kingdom,6.72,,,
490289,21576,LETS GO SHOPPING COTTON TOTE BAG,6,12-04-2009 13:01,2.25,15309,United Kingdom,13.5,,,
490289,21579,LOLITA  DESIGN  COTTON TOTE BAG,6,12-04-2009 13:01,2.25,15309,United Kingdom,13.5,,,
490289,21577,SAVE THE PLANET COTTON TOTE BAG,6,12-04-2009 13:01,2.25,15309,United Kingdom,13.5,,,
490289,21935,SUKI  SHOULDER BAG,10,12-04-2009 13:01,1.65,15309,United Kingdom,16.5,,,
490289,21100,CHARLIE AND LOLA CHARLOTTE BAG,10,12-04-2009 13:01,1.65,15309,United Kingdom,16.5,,,
490289,20724,RED SPOTTY CHARLOTTE BAG,10,12-04-2009 13:01,0.85,15309,United Kingdom,8.5,,,
490289,71459,HANGING JAM JAR T-LIGHT HOLDER,12,12-04-2009 13:01,0.85,15309,United Kingdom,10.2,,,
490289,47592A,CAROUSEL DES CHILD'S OVERALL,6,12-04-2009 13:01,2.1,15309,United Kingdom,12.6,,,
490289,47591D,PINK FAIRY CAKE CHILD'S APRON,8,12-04-2009 13:01,1.95,15309,United Kingdom,15.6,,,
490289,22138,BAKING SET 9 PIECE RETROSPOT ,3,12-04-2009 13:01,4.95,15309,United Kingdom,14.85,,,
490289,84050,PINK HEART SHAPE EGG FRYING PAN,6,12-04-2009 13:01,1.65,15309,United Kingdom,9.9,,,
490289,22215,CAKE STAND WHITE TWO TIER LACE,2,12-04-2009 13:01,8.5,15309,United Kingdom,17,,,
490289,22132,RED LOVE HEART SHAPE CUP,12,12-04-2009 13:01,0.85,15309,United Kingdom,10.2,,,
490289,21274,EMBOSSED HEART 3 DRAWER SHELF,1,12-04-2009 13:01,12.75,15309,United Kingdom,12.75,,,
490289,85199L,LARGE HANGING IVORY & RED WOOD BIRD,12,12-04-2009 13:01,0.65,15309,United Kingdom,7.8,,,
490289,84836,ZINC METAL HEART DECORATION,12,12-04-2009 13:01,1.25,15309,United Kingdom,15,,,
490289,21841,BABY MOUSE RED GINGHAM DRESS,3,12-04-2009 13:01,4.25,15309,United Kingdom,12.75,,,
490289,35979,SIX STRING SCANDINAVIAN HEART DECS,6,12-04-2009 13:01,2.95,15309,United Kingdom,17.7,,,
490289,21649,ASSORTED TUTTI FRUTTI PHOTO FRAME,6,12-04-2009 13:01,2.95,15309,United Kingdom,17.7,,,
490289,22176,BLUE OWL SOFT TOY,6,12-04-2009 13:01,2.95,15309,United Kingdom,17.7,,,
490290,21360,JOY LARGE WOOD LETTERS,1,12-04-2009 13:21,9.95,16325,United Kingdom,9.95,,,
490290,72754B,F FAIRY POTPOURRI CUSHIONS LAVENDER,12,12-04-2009 13:21,1.69,16325,United Kingdom,20.28,,,
490290,22130,PARTY CONE CHRISTMAS DECORATION ,12,12-04-2009 13:21,0.85,16325,United Kingdom,10.2,,,
490290,22086,PAPER CHAIN KIT 50'S CHRISTMAS ,6,12-04-2009 13:21,2.95,16325,United Kingdom,17.7,,,
490290,22143,CHRISTMAS CRAFT HEART DECORATIONS,6,12-04-2009 13:21,2.1,16325,United Kingdom,12.6,,,
490290,22145,CHRISTMAS CRAFT HEART STOCKING ,6,12-04-2009 13:21,2.1,16325,United Kingdom,12.6,,,
490290,85152,HAND OVER THE CHOCOLATE   SIGN ,12,12-04-2009 13:21,2.1,16325,United Kingdom,25.2,,,
490290,21746,SMALL RED SPOT  WINDMILL,12,12-04-2009 13:21,1.25,16325,United Kingdom,15,,,
490290,21893,POTTING SHED SEED TIN,6,12-04-2009 13:21,4.25,16325,United Kingdom,25.5,,,
490290,21868,POTTING SHED TEA MUG,12,12-04-2009 13:21,1.25,16325,United Kingdom,15,,,
490291,82483,WOOD 2 DRAWER CABINET WHITE FINISH,8,12-04-2009 13:22,5.95,16541,United Kingdom,47.6,,,
490291,22170,PICTURE FRAME WOOD TRIPLE PORTRAIT,4,12-04-2009 13:22,6.75,16541,United Kingdom,27,,,
490291,84405A,S/3 PINK COL METAL BASKET W HANDLE,1,12-04-2009 13:22,12.75,16541,United Kingdom,12.75,,,
490291,21737,SET 3 WICKER LOG BASKETS,2,12-04-2009 13:22,19.95,16541,United Kingdom,39.9,,,
490291,22186,RED STAR CARD HOLDER,4,12-04-2009 13:22,2.95,16541,United Kingdom,11.8,,,
490291,21332,MOROCCAN BEATEN METAL MIRROR,1,12-04-2009 13:22,12.75,16541,United Kingdom,12.75,,,
490291,21730,GLASS STAR FROSTED T-LIGHT HOLDER,2,12-04-2009 13:22,4.95,16541,United Kingdom,9.9,,,
490291,85123A,WHITE HANGING HEART T-LIGHT HOLDER,9,12-04-2009 13:22,2.95,16541,United Kingdom,26.55,,,
490291,84270,ASSTD DESIGN BUBBLE GUM RING,30,12-04-2009 13:22,0.21,16541,United Kingdom,6.3,,,
490291,21743,STAR PORTABLE TABLE LIGHT ,3,12-04-2009 13:22,2.95,16541,United Kingdom,8.85,,,
490291,21732,RED HANGING METAL STAR TLIGHT HLDR,4,12-04-2009 13:22,3.75,16541,United Kingdom,15,,,
490291,82581,TOILET METAL SIGN,4,12-04-2009 13:22,0.55,16541,United Kingdom,2.2,,,
490291,82600,NO SINGING METAL SIGN,4,12-04-2009 13:22,2.1,16541,United Kingdom,8.4,,,
490291,20758,ABSTRACT CIRCLES POCKET BOOK,2,12-04-2009 13:22,0.85,16541,United Kingdom,1.7,,,
490291,20766,GARDEN PATH SKETCHBOOK,1,12-04-2009 13:22,3.75,16541,United Kingdom,3.75,,,
490291,20778,GARDEN PATH NOTEBOOK ,1,12-04-2009 13:22,1.65,16541,United Kingdom,1.65,,,
490291,84536A,ENGLISH ROSE NOTEBOOK A7 SIZE,3,12-04-2009 13:22,0.42,16541,United Kingdom,1.26,,,
490291,85231B,CINAMMON SET OF 9 T-LIGHTS,4,12-04-2009 13:22,0.85,16541,United Kingdom,3.4,,,
490291,21754,HOME BUILDING BLOCK WORD,1,12-04-2009 13:22,5.95,16541,United Kingdom,5.95,,,
490291,84924D,LA PALMIERA METAL SIGN CALENDAR,1,12-04-2009 13:22,3.75,16541,United Kingdom,3.75,,,
490291,84924A,WAKE UP COCKEREL CALENDAR SIGN ,1,12-04-2009 13:22,3.75,16541,United Kingdom,3.75,,,
490291,21164,HOME SWEET HOME METAL SIGN ,5,12-04-2009 13:22,2.95,16541,United Kingdom,14.75,,,
490291,85152,HAND OVER THE CHOCOLATE   SIGN ,4,12-04-2009 13:22,2.1,16541,United Kingdom,8.4,,,
490291,72598,SET/12 TAPER CANDLES,4,12-04-2009 13:22,0.85,16541,United Kingdom,3.4,,,
490291,85104,SILVER GLASS T-LIGHT SET,2,12-04-2009 13:22,2.95,16541,United Kingdom,5.9,,,
490291,21917,SET 12 KIDS  WHITE CHALK STICKS,1,12-04-2009 13:22,0.42,16541,United Kingdom,0.42,,,
490291,21851,LILAC DIAMANTE PEN IN GIFT BOX,1,12-04-2009 13:22,4.95,16541,United Kingdom,4.95,,,
490291,84596L,BISCUITS SMALL BOWL LIGHT BLUE,1,12-04-2009 13:22,1.25,16541,United Kingdom,1.25,,,
490291,84596K,JELLY BABIES YELLOW SMALL BOWL,1,12-04-2009 13:22,1.25,16541,United Kingdom,1.25,,,
490291,72814,SET/3 CHRISTMAS BRIAR CANDLES,3,12-04-2009 13:22,3.75,16541,United Kingdom,11.25,,,
490291,21561,DINOSAUR LUNCHBOX WITH CUTLERY,3,12-04-2009 13:22,2.55,16541,United Kingdom,7.65,,,
490291,21558,SKULL LUNCHBOX WITH CUTLERY ,6,12-04-2009 13:22,2.55,16541,United Kingdom,15.3,,,
490291,21559,STRAWBERRY LUNCHBOX WITH CUTLERY,3,12-04-2009 13:22,2.55,16541,United Kingdom,7.65,,,
490291,22111,SCOTTIE DOG HOT WATER BOTTLE,2,12-04-2009 13:22,4.95,16541,United Kingdom,9.9,,,
490291,85049A,TRADITIONAL CHRISTMAS RIBBONS,6,12-04-2009 13:22,1.25,16541,United Kingdom,7.5,,,
490291,20914,SET/5 RED SPOTTY LID GLASS BOWLS,2,12-04-2009 13:22,2.95,16541,United Kingdom,5.9,,,
490291,85114C,RED ENCHANTED FOREST PLACEMAT,12,12-04-2009 13:22,1.65,16541,United Kingdom,19.8,,,
490291,85114B,IVORY ENCHANTED FOREST PLACEMAT,27,12-04-2009 13:22,1.65,16541,United Kingdom,44.55,,,
490292,21004,ROSE DU SUD CHILDS APRON,1,12-04-2009 13:23,4.25,16723,United Kingdom,4.25,,,
490292,21000,ROSE DU SUD COSMETICS BAG,1,12-04-2009 13:23,4.25,16723,United Kingdom,4.25,,,
490292,84968F,S/16 VINTAGE SKY BLUE CUTLERY,1,12-04-2009 13:23,12.75,16723,United Kingdom,12.75,,,
490292,21239,PINK  SPOTTY CUP,1,12-04-2009 13:23,0.85,16723,United Kingdom,0.85,,,
490292,21238,RED SPOTTY CUP,1,12-04-2009 13:23,0.85,16723,United Kingdom,0.85,,,
490292,84916,HAND TOWEL PALE BLUE W FLOWERS,1,12-04-2009 13:23,5.95,16723,United Kingdom,5.95,,,
490292,84792,ENCHANTED BIRD COATHANGER 5 HOOK,1,12-04-2009 13:23,4.65,16723,United Kingdom,4.65,,,
490292,21790,VINTAGE SNAP CARDS,1,12-04-2009 13:23,0.85,16723,United Kingdom,0.85,,,
490292,21839,MUMMY MOUSE RED GINGHAM RIBBON,1,12-04-2009 13:23,5.45,16723,United Kingdom,5.45,,,
490292,21357,TOAST ITS - DINOSAUR,1,12-04-2009 13:23,1.25,16723,United Kingdom,1.25,,,
490292,21977,PACK OF 60 PINK PAISLEY CAKE CASES,1,12-04-2009 13:23,0.55,16723,United Kingdom,0.55,,,
490292,72267,PREMIUM CHURCH CANDLE,2,12-04-2009 13:23,2.1,16723,United Kingdom,4.2,,,
490292,22131,FOOD CONTAINER SET 3 LOVE HEART ,1,12-04-2009 13:23,1.95,16723,United Kingdom,1.95,,,
490292,85019C,CURIOUS  IMAGES NOTEBOOK SET,1,12-04-2009 13:23,4.25,16723,United Kingdom,4.25,,,
490292,21897,POTTING SHED CANDLE CITRONELLA,1,12-04-2009 13:23,2.95,16723,United Kingdom,2.95,,,
490292,21611,SET OF 12 LILY BOTANICAL T-LIGHTS,1,12-04-2009 13:23,2.95,16723,United Kingdom,2.95,,,
490292,21620,S/4 ROSE    BOTANICAL  CANDLE,1,12-04-2009 13:23,3.75,16723,United Kingdom,3.75,,,
490292,85231L,LAVENDER SCENTED SET/9 T-LIGHTS,2,12-04-2009 13:23,0.85,16723,United Kingdom,1.7,,,
490292,22180,RETRO SPOT LAMP,2,12-04-2009 13:23,9.95,16723,United Kingdom,19.9,,,
490292,22224,WHITE LOVEBIRD LANTERN,2,12-04-2009 13:23,2.95,16723,United Kingdom,5.9,,,
490292,72801D,S/4 SKY BLUE DINNER CANDLES,2,12-04-2009 13:23,1.25,16723,United Kingdom,2.5,,,
490292,85232D,SET/3 DECOUPAGE STACKING TINS,1,12-04-2009 13:23,4.95,16723,United Kingdom,4.95,,,
490292,82494L,WOODEN FRAME ANTIQUE WHITE ,6,12-04-2009 13:23,2.95,16723,United Kingdom,17.7,,,
490292,21333,CLASSIC WHITE FRAME,4,12-04-2009 13:23,2.95,16723,United Kingdom,11.8,,,
490292,21280,VINTAGE KITCHEN PRINT VEGETABLES,6,12-04-2009 13:23,2.55,16723,United Kingdom,15.3,,,
490292,21707,"FOLDING UMBRELLA , BLACK/BLUE  SPOT",1,12-04-2009 13:23,4.95,16723,United Kingdom,4.95,,,
490292,22071,SMALL RETRO SPOT MUG IN BOX  WHITE,1,12-04-2009 13:23,3.75,16723,United Kingdom,3.75,,,
490292,22170,PICTURE FRAME WOOD TRIPLE PORTRAIT,4,12-04-2009 13:23,6.75,16723,United Kingdom,27,,,
490292,21826,EIGHT PIECE DINOSAUR SET,10,12-04-2009 13:23,1.25,16723,United Kingdom,12.5,,,
490292,20974,12 PENCILS SMALL TUBE SKULL,4,12-04-2009 13:23,0.65,16723,United Kingdom,2.6,,,
490292,20975,12 PENCILS SMALL TUBE RED SPOTTY,1,12-04-2009 13:23,0.65,16723,United Kingdom,0.65,,,
490292,16258B,DAISY ERASERS IN BAG,4,12-04-2009 13:23,0.42,16723,United Kingdom,1.68,,,
490292,47592A,CAROUSEL DES CHILD'S OVERALL,2,12-04-2009 13:23,2.1,16723,United Kingdom,4.2,,,
490292,47592B,SCOTTIES DESIGN CHILD'S OVERALL,2,12-04-2009 13:23,2.1,16723,United Kingdom,4.2,,,
490292,21625,VINTAGE UNION JACK APRON,2,12-04-2009 13:23,6.95,16723,United Kingdom,13.9,,,
490292,22071,SMALL RETRO SPOT MUG IN BOX  WHITE,1,12-04-2009 13:23,3.75,16723,United Kingdom,3.75,,,
490292,22070,SMALL RETRO SPOT MUG IN BOX  RED,2,12-04-2009 13:23,3.75,16723,United Kingdom,7.5,,,
490292,21986,PACK OF 12 PINK SPOT TISSUES ,12,12-04-2009 13:23,0.29,16723,United Kingdom,3.48,,,
490292,85014B,RED/WHITE DOTS RUFFLED UMBRELLA,5,12-04-2009 13:23,5.95,16723,United Kingdom,29.75,,,
490292,22147,FELTCRAFT BUTTERFLY HEARTS,3,12-04-2009 13:23,1.45,16723,United Kingdom,4.35,,,
490292,84997D,PINK 3 PIECE MINI DOTS CUTLERY SET,4,12-04-2009 13:23,3.75,16723,United Kingdom,15,,,
490292,16258B,DAISY ERASERS IN BAG,1,12-04-2009 13:23,0.42,16723,United Kingdom,0.42,,,
490292,21611,SET OF 12 LILY BOTANICAL T-LIGHTS,1,12-04-2009 13:23,2.95,16723,United Kingdom,2.95,,,
490292,20975,12 PENCILS SMALL TUBE RED SPOTTY,5,12-04-2009 13:23,0.65,16723,United Kingdom,3.25,,,
490292,21004,ROSE DU SUD CHILDS APRON,3,12-04-2009 13:23,4.25,16723,United Kingdom,12.75,,,
490292,16258B,DAISY ERASERS IN BAG,1,12-04-2009 13:23,0.42,16723,United Kingdom,0.42,,,
490292,21790,VINTAGE SNAP CARDS,9,12-04-2009 13:23,0.85,16723,United Kingdom,7.65,,,
490292,20974,12 PENCILS SMALL TUBE SKULL,2,12-04-2009 13:23,0.65,16723,United Kingdom,1.3,,,
490292,21559,STRAWBERRY LUNCHBOX WITH CUTLERY,1,12-04-2009 13:23,2.55,16723,United Kingdom,2.55,,,
490292,84997C,BLUE 3 PIECE MINI DOTS CUTLERY SET,4,12-04-2009 13:23,3.75,16723,United Kingdom,15,,,
490292,22139,RETRO SPOT TEA SET CERAMIC 11 PC ,5,12-04-2009 13:23,4.95,16723,United Kingdom,24.75,,,
490292,22138,BAKING SET 9 PIECE RETROSPOT ,3,12-04-2009 13:23,4.95,16723,United Kingdom,14.85,,,
490292,22071,SMALL RETRO SPOT MUG IN BOX  WHITE,2,12-04-2009 13:23,3.75,16723,United Kingdom,7.5,,,
490292,21559,STRAWBERRY LUNCHBOX WITH CUTLERY,2,12-04-2009 13:23,2.55,16723,United Kingdom,5.1,,,
490292,21561,DINOSAUR LUNCHBOX WITH CUTLERY,2,12-04-2009 13:23,2.55,16723,United Kingdom,5.1,,,
490292,21558,SKULL LUNCHBOX WITH CUTLERY ,2,12-04-2009 13:23,2.55,16723,United Kingdom,5.1,,,
490292,84032B,CHARLIE + LOLA RED HOT WATER BOTTLE,4,12-04-2009 13:23,2.95,16723,United Kingdom,11.8,,,
490292,21611,SET OF 12 LILY BOTANICAL T-LIGHTS,2,12-04-2009 13:23,2.95,16723,United Kingdom,5.9,,,
490292,22170,PICTURE FRAME WOOD TRIPLE PORTRAIT,4,12-04-2009 13:23,6.75,16723,United Kingdom,27,,,
490292,20747,PICCADILLY TEA SET,1,12-04-2009 13:23,14.95,16723,United Kingdom,14.95,,,
490292,35400,WOODEN BOX ADVENT CALENDAR ,1,12-04-2009 13:23,8.95,16723,United Kingdom,8.95,,,
490292,84347,ROTATING SILVER ANGELS T-LIGHT HLDR,1,12-04-2009 13:23,2.55,16723,United Kingdom,2.55,,,
490293,84341B,SMALL PINK MAGIC CHRISTMAS TREE,1,12-04-2009 13:31,0.85,16699,United Kingdom,0.85,,,
490293,35597D,PINK/WHITE CHRISTMAS TREE 30CM,1,12-04-2009 13:31,0.65,16699,United Kingdom,0.65,,,
490293,16237,SLEEPING CAT ERASERS,30,12-04-2009 13:31,0.21,16699,United Kingdom,6.3,,,
490293,16238,PARTY TIME PENCIL ERASERS,28,12-04-2009 13:31,0.21,16699,United Kingdom,5.88,,,
490293,22037,ROBOT BIRTHDAY CARD,12,12-04-2009 13:31,0.42,16699,United Kingdom,5.04,,,
490293,22028,PENNY FARTHING BIRTHDAY CARD,12,12-04-2009 13:31,0.42,16699,United Kingdom,5.04,,,
490293,22024,RAINY LADIES BIRTHDAY CARD,12,12-04-2009 13:31,0.42,16699,United Kingdom,5.04,,,
490293,22150, 3 STRIPEY MICE FELTCRAFT,6,12-04-2009 13:31,1.95,16699,United Kingdom,11.7,,,
490293,22139,RETRO SPOT TEA SET CERAMIC 11 PC ,6,12-04-2009 13:31,4.95,16699,United Kingdom,29.7,,,
490293,22138,BAKING SET 9 PIECE RETROSPOT ,8,12-04-2009 13:31,4.95,16699,United Kingdom,39.6,,,
490293,21195,PINK  HONEYCOMB PAPER BALL ,6,12-04-2009 13:31,2.1,16699,United Kingdom,12.6,,,
490293,21192,WHITE BELL HONEYCOMB PAPER ,4,12-04-2009 13:31,1.65,16699,United Kingdom,6.6,,,
490293,21193,WHITE HONEYCOMB PAPER FAN ,2,12-04-2009 13:31,2.1,16699,United Kingdom,4.2,,,
490293,21194,PINK  HONEYCOMB PAPER FAN,2,12-04-2009 13:31,2.1,16699,United Kingdom,4.2,,,
490294,22354,RETRO SPOT PADDED SEAT CUSHION,1,12-04-2009 13:41,3.75,16710,United Kingdom,3.75,,,
490294,22299,PIG KEYRING WITH LIGHT & SOUND ,24,12-04-2009 13:41,1.25,16710,United Kingdom,30,,,
490294,21313,GLASS HEART T-LIGHT HOLDER ,24,12-04-2009 13:41,0.85,16710,United Kingdom,20.4,,,
490294,21348,PINK SPOTS CHOCOLATE NESTING BOXES ,2,12-04-2009 13:41,2.95,16710,United Kingdom,5.9,,,
490294,21288,STRIPEY CHOCOLATE NESTING BOXES,2,12-04-2009 13:41,2.95,16710,United Kingdom,5.9,,,
490294,71053,WHITE METAL LANTERN,2,12-04-2009 13:41,3.75,16710,United Kingdom,7.5,,,
490294,47503F,ASS FLORAL PRINT TORCH,12,12-04-2009 13:41,1.65,16710,United Kingdom,19.8,,,
490294,70006,LOVE HEART POCKET WARMER,12,12-04-2009 13:41,1.65,16710,United Kingdom,19.8,,,
490294,21144,PINK POODLE HANGING DECORATION ,24,12-04-2009 13:41,0.38,16710,United Kingdom,9.12,,,
490294,84944,SET OF 6 KASHMIR FOLKART BAUBLES,1,12-04-2009 13:41,4.25,16710,United Kingdom,4.25,,,
490294,21822,GLITTER CHRISTMAS TREE WITH BELLS,6,12-04-2009 13:41,1.95,16710,United Kingdom,11.7,,,
490294,20828,GLITTER BUTTERFLY CLIPS,2,12-04-2009 13:41,2.55,16710,United Kingdom,5.1,,,
490294,21809,CHRISTMAS HANGING TREE WITH BELL,6,12-04-2009 13:41,1.25,16710,United Kingdom,7.5,,,
490294,21811,CHRISTMAS HANGING HEART WITH BELL,8,12-04-2009 13:41,1.25,16710,United Kingdom,10,,,
490294,21817,GLITTER CHRISTMAS TREE,3,12-04-2009 13:41,0.85,16710,United Kingdom,2.55,,,
490294,21818,GLITTER CHRISTMAS HEART ,10,12-04-2009 13:41,0.85,16710,United Kingdom,8.5,,,
490294,35071,ASSORTED SANTA CHRISTMAS DECORATION,9,12-04-2009 13:41,0.85,16710,United Kingdom,7.65,,,
490294,22294,HEART FILIGREE DOVE  SMALL,2,12-04-2009 13:41,1.25,16710,United Kingdom,2.5,,,
490294,21823,PAINTED METAL HEART WITH HOLLY BELL,9,12-04-2009 13:41,1.45,16710,United Kingdom,13.05,,,
490294,21824,PAINTED METAL STAR WITH HOLLY BELLS,9,12-04-2009 13:41,1.45,16710,United Kingdom,13.05,,,
490294,21825,PAINTED METAL TREE WITH HOLLY BELLS,7,12-04-2009 13:41,1.45,16710,United Kingdom,10.15,,,
490294,21810,CHRISTMAS HANGING STAR WITH BELL,7,12-04-2009 13:41,1.25,16710,United Kingdom,8.75,,,
490294,21114,LAVENDER SCENTED FABRIC HEART,10,12-04-2009 13:41,1.25,16710,United Kingdom,12.5,,,
490294,21014,SWISS CHALET TREE DECORATION ,1,12-04-2009 13:41,0.85,16710,United Kingdom,0.85,,,
490294,21018,BIRD BOX CHRISTMAS TREE DECORATION,2,12-04-2009 13:41,0.85,16710,United Kingdom,1.7,,,
490294,21017,RED BIRD HOUSE TREE DECORATION,1,12-04-2009 13:41,0.85,16710,United Kingdom,0.85,,,
490294,21016,LIGHT BIRD HOUSE TREE DECORATION,2,12-04-2009 13:41,0.85,16710,United Kingdom,1.7,,,
490294,21774,DECORATIVE CATS BATHROOM BOTTLE,3,12-04-2009 13:41,1.25,16710,United Kingdom,3.75,,,
490294,21889,WOODEN BOX OF DOMINOES,3,12-04-2009 13:41,1.25,16710,United Kingdom,3.75,,,
490294,21076,SET/20 COLLAGE PAPER NAPKIN ,5,12-04-2009 13:41,0.85,16710,United Kingdom,4.25,,,
490294,21892,TRADITIONAL WOODEN CATCH CUP GAME ,3,12-04-2009 13:41,1.25,16710,United Kingdom,3.75,,,
490294,21890,S/6 WOODEN SKITTLES IN COTTON BAG,3,12-04-2009 13:41,2.95,16710,United Kingdom,8.85,,,
490294,20975,12 PENCILS SMALL TUBE RED SPOTTY,4,12-04-2009 13:41,0.65,16710,United Kingdom,2.6,,,
490294,20974,12 PENCILS SMALL TUBE SKULL,4,12-04-2009 13:41,0.65,16710,United Kingdom,2.6,,,
490294,20977,36 PENCILS TUBE WOODLAND,2,12-04-2009 13:41,1.25,16710,United Kingdom,2.5,,,
490294,20980,36 PENCILS TUBE POSY,2,12-04-2009 13:41,1.25,16710,United Kingdom,2.5,,,
490294,21321,GLASS CHALICE BLUE  LARGE ,1,12-04-2009 13:41,2.55,16710,United Kingdom,2.55,,,
490294,21320,GLASS CHALICE GREEN  LARGE ,1,12-04-2009 13:41,2.55,16710,United Kingdom,2.55,,,
490294,84926B,SCOTTS ROSES TILE COASTER,3,12-04-2009 13:41,1.25,16710,United Kingdom,3.75,,,
490294,84926E,FLOWERS TILE COASTER,6,12-04-2009 13:41,1.25,16710,United Kingdom,7.5,,,
490294,84926D,LA PALMIERA TILE COASTER,6,12-04-2009 13:41,1.25,16710,United Kingdom,7.5,,,
490294,21877,HOME SWEET HOME MUG,2,12-04-2009 13:41,1.25,16710,United Kingdom,2.5,,,
490294,21555,CERAMIC STRAWBERRY TRINKET TRAY,3,12-04-2009 13:41,2.55,16710,United Kingdom,7.65,,,
490294,35160,BUDDHA INCENSE HOLDER ASSORTED,8,12-04-2009 13:41,0.85,16710,United Kingdom,6.8,,,
490294,85231E,STRAWBERRY SCENTED SET/9 T-LIGHTS,3,12-04-2009 13:41,0.85,16710,United Kingdom,2.55,,,
490294,85231G,ORANGE SCENTED SET/9 T-LIGHTS,3,12-04-2009 13:41,0.85,16710,United Kingdom,2.55,,,
490294,85231L,LAVENDER SCENTED SET/9 T-LIGHTS,3,12-04-2009 13:41,0.85,16710,United Kingdom,2.55,,,
490294,72008,FROSTED BOX 9 WHITE T-LIGHT CANDLES,3,12-04-2009 13:41,0.42,16710,United Kingdom,1.26,,,
490294,85231B,CINAMMON SET OF 9 T-LIGHTS,3,12-04-2009 13:41,0.85,16710,United Kingdom,2.55,,,
490294,84536B,FAIRY CAKES NOTEBOOK A7 SIZE,3,12-04-2009 13:41,0.42,16710,United Kingdom,1.26,,,
490294,84536A,ENGLISH ROSE NOTEBOOK A7 SIZE,5,12-04-2009 13:41,0.42,16710,United Kingdom,2.1,,,
490294,22111,SCOTTIE DOG HOT WATER BOTTLE,2,12-04-2009 13:41,4.95,16710,United Kingdom,9.9,,,
490294,22311,OFFICE MUG WARMER BLACK+SILVER ,1,12-04-2009 13:41,4.95,16710,United Kingdom,4.95,,,
490294,21077,SET/20 WOODLAND PAPER NAPKINS ,3,12-04-2009 13:41,0.85,16710,United Kingdom,2.55,,,
490294,35095B,RED VICTORIAN FABRIC OVAL BOX,1,12-04-2009 13:41,0.42,16710,United Kingdom,0.42,,,
490294,21034,REX CASH+CARRY JUMBO SHOPPER,1,12-04-2009 13:41,0.95,16710,United Kingdom,0.95,,,
490294,72800D,S/4 BLUE DINNER CANDLE SILVER FLOCK,1,12-04-2009 13:41,2.55,16710,United Kingdom,2.55,,,
490294,72800B,S/4 PURPLE DINNER CANDLE BLK FLOCK,1,12-04-2009 13:41,2.55,16710,United Kingdom,2.55,,,
490294,72800E,4 IVORY DINNER CANDLES SILVER FLOCK,2,12-04-2009 13:41,2.55,16710,United Kingdom,5.1,,,
490294,72800A,S/4 BLACK DINNER CANDLE SILVER FLOC,2,12-04-2009 13:41,2.55,16710,United Kingdom,5.1,,,
490294,72800F,4 IVORY DINNER CANDLES GOLD FLOCK,4,12-04-2009 13:41,2.55,16710,United Kingdom,10.2,,,
490295,79323P,PINK CHERRY LIGHTS,4,12-04-2009 13:47,6.75,12510,Spain,27,,,
490295,79323W, WHITE CHERRY LIGHTS,4,12-04-2009 13:47,6.75,12510,Spain,27,,,
490295,79323B,BLACK CHERRY LIGHTS,4,12-04-2009 13:47,6.75,12510,Spain,27,,,
490295,21744,SNOWFLAKE PORTABLE TABLE LIGHT ,6,12-04-2009 13:47,2.95,12510,Spain,17.7,,,
490295,21743,STAR PORTABLE TABLE LIGHT ,6,12-04-2009 13:47,2.95,12510,Spain,17.7,,,
490295,84625B,BLCK NEW BAROQUE CANDLESTICK CANDLE,24,12-04-2009 13:47,0.85,12510,Spain,20.4,,,
490295,35015,JACOBS LADDER SMALL,144,12-04-2009 13:47,0.06,12510,Spain,8.64,,,
490295,22181,SNOWSTORM PHOTO FRAME FRIDGE MAGNET,24,12-04-2009 13:47,0.85,12510,Spain,20.4,,,
490295,20764,ABSTRACT CIRCLES SKETCHBOOK ,8,12-04-2009 13:47,3.75,12510,Spain,30,,,
490295,84077,WORLD WAR 2 GLIDERS ASSTD DESIGNS,96,12-04-2009 13:47,0.21,12510,Spain,20.16,,,
490295,21007,ETCHED GLASS DROPLET DECORATION,48,12-04-2009 13:47,0.38,12510,Spain,18.24,,,
490295,35611B,BLACK ASSORTED DROPLET DECORATION,48,12-04-2009 13:47,0.38,12510,Spain,18.24,,,
490295,85017A,ENVELOPE 50 ROMANTIC IMAGES,12,12-04-2009 13:47,0.85,12510,Spain,10.2,,,
490295,85017B,ENVELOPE 50 BLOSSOM IMAGES,12,12-04-2009 13:47,0.85,12510,Spain,10.2,,,
490295,85017C,ENVELOPE 50 CURIOUS IMAGES,12,12-04-2009 13:47,0.85,12510,Spain,10.2,,,
490295,10002,INFLATABLE POLITICAL GLOBE ,48,12-04-2009 13:47,0.85,12510,Spain,40.8,,,
490295,POST,POSTAGE,4,12-04-2009 13:47,28,12510,Spain,112,,,
490297,20685,RED SPOTTY COIR DOORMAT,10,12-04-2009 13:59,5.95,13162,United Kingdom,59.5,,,
490297,48188,DOOR MAT WELCOME PUPPIES,10,12-04-2009 13:59,5.95,13162,United Kingdom,59.5,,,
490297,21100,CHARLIE AND LOLA CHARLOTTE BAG,100,12-04-2009 13:59,1.45,13162,United Kingdom,145,,,
490297,20871,OPULENT VELVET SET/3 CANDLES,18,12-04-2009 13:59,1.25,13162,United Kingdom,22.5,,,
490297,21360,JOY LARGE WOOD LETTERS,24,12-04-2009 13:59,3.95,13162,United Kingdom,94.8,,,
490297,35598B,BLACK CHRISTMAS TREE 60CM,24,12-04-2009 13:59,0.65,13162,United Kingdom,15.6,,,
490297,35598D,PINK/WHITE CHRISTMAS TREE 60CM,24,12-04-2009 13:59,0.65,13162,United Kingdom,15.6,,,
490297,35600D,PINK AND WHITE CHRISTMAS TREE 180CM,12,12-04-2009 13:59,2.95,13162,United Kingdom,35.4,,,
490297,82081,PINK HEARTS PHOTO ALBUM,24,12-04-2009 13:59,1.95,13162,United Kingdom,46.8,,,
490297,82093,HEART SHAPE BUTTON FRAME ,24,12-04-2009 13:59,1.25,13162,United Kingdom,30,,,
490297,84327A,PINK JUMPER LARRY THE LAMB,12,12-04-2009 13:59,2.1,13162,United Kingdom,25.2,,,
490297,47566,PARTY BUNTING,10,12-04-2009 13:59,4.65,13162,United Kingdom,46.5,,,
490297,21868,POTTING SHED TEA MUG,12,12-04-2009 13:59,1.25,13162,United Kingdom,15,,,
490297,22114,HOT WATER BOTTLE TEA AND SYMPATHY,24,12-04-2009 13:59,3.45,13162,United Kingdom,82.8,,,
490298,84378,SET OF 3 HEART COOKIE CUTTERS,24,12-04-2009 14:13,1.25,15382,United Kingdom,30,,,
490298,79320, FLAMINGO LIGHTS,24,12-04-2009 14:13,4.25,15382,United Kingdom,102,,,
490298,79321,CHILLI LIGHTS,24,12-04-2009 14:13,4.25,15382,United Kingdom,102,,,
490298,21576,LETS GO SHOPPING COTTON TOTE BAG,6,12-04-2009 14:13,2.25,15382,United Kingdom,13.5,,,
490298,21976,PACK OF 60 MUSHROOM CAKE CASES,48,12-04-2009 14:13,0.55,15382,United Kingdom,26.4,,,
490298,21981,PACK OF 12 WOODLAND TISSUES ,48,12-04-2009 14:13,0.29,15382,United Kingdom,13.92,,,
490298,21977,PACK OF 60 PINK PAISLEY CAKE CASES,48,12-04-2009 14:13,0.55,15382,United Kingdom,26.4,,,
490298,21984,PACK OF 12 PINK PAISLEY TISSUES ,48,12-04-2009 14:13,0.29,15382,United Kingdom,13.92,,,
490298,22083,PAPER CHAIN KIT RETRO SPOT,12,12-04-2009 14:13,2.95,15382,United Kingdom,35.4,,,
490298,21212,PACK OF 72 RETRO SPOT CAKE CASES,48,12-04-2009 14:13,0.55,15382,United Kingdom,26.4,,,
490298,21980,PACK OF 12 RED SPOTTY TISSUES ,48,12-04-2009 14:13,0.29,15382,United Kingdom,13.92,,,
490298,20914,SET/5 RED SPOTTY LID GLASS BOWLS,12,12-04-2009 14:13,2.95,15382,United Kingdom,35.4,,,
490298,85014A,BLACK/BLUE DOTS RUFFLED UMBRELLA,9,12-04-2009 14:13,5.95,15382,United Kingdom,53.55,,,
490298,85014B,RED/WHITE DOTS RUFFLED UMBRELLA,9,12-04-2009 14:13,5.95,15382,United Kingdom,53.55,,,
490298,15056BL,EDWARDIAN PARASOL BLACK,9,12-04-2009 14:13,5.95,15382,United Kingdom,53.55,,,
490298,20679,EDWARDIAN PARASOL RED,9,12-04-2009 14:13,5.95,15382,United Kingdom,53.55,,,
490298,21207,SKULL AND CROSSBONES  GARLAND ,12,12-04-2009 14:13,1.65,15382,United Kingdom,19.8,,,
490298,21213,PACK OF 72 SKULL CAKE CASES,48,12-04-2009 14:13,0.55,15382,United Kingdom,26.4,,,
490298,21975,PACK OF 60 DINOSAUR CAKE CASES,24,12-04-2009 14:13,0.55,15382,United Kingdom,13.2,,,
490298,21805,WHITE CHRISTMAS TREE DECORATION ,36,12-04-2009 14:13,0.42,15382,United Kingdom,15.12,,,
490298,85099F,JUMBO BAG STRAWBERRY,20,12-04-2009 14:13,1.95,15382,United Kingdom,39,,,
490298,21929,JUMBO BAG PINK VINTAGE PAISLEY,20,12-04-2009 14:13,1.95,15382,United Kingdom,39,,,
490298,20712,JUMBO BAG WOODLAND ANIMALS,20,12-04-2009 14:13,1.95,15382,United Kingdom,39,,,
490298,21931,JUMBO STORAGE BAG SUKI,20,12-04-2009 14:13,1.95,15382,United Kingdom,39,,,
490298,85099B,JUMBO BAG RED WHITE SPOTTY ,20,12-04-2009 14:13,1.95,15382,United Kingdom,39,,,
490298,22087,PAPER BUNTING WHITE LACE,12,12-04-2009 14:13,2.95,15382,United Kingdom,35.4,,,
490298,21186,WHITE DOVE HONEYCOMB PAPER GARLAND,12,12-04-2009 14:13,1.65,15382,United Kingdom,19.8,,,
490298,84692,BOX OF 24 COCKTAIL PARASOLS,50,12-04-2009 14:13,0.42,15382,United Kingdom,21,,,
490298,22088,PAPER BUNTING COLOURED LACE,12,12-04-2009 14:13,2.95,15382,United Kingdom,35.4,,,
490298,17033,"BROCADE PURSE,SMALL ARCH BUTTON",36,12-04-2009 14:13,0.29,15382,United Kingdom,10.44,,,
490298,15036,ASSORTED COLOURS SILK FAN,12,12-04-2009 14:13,0.65,15382,United Kingdom,7.8,,,
490298,21627,ELEPHANT CARNIVAL POUFFE,2,12-04-2009 14:13,14.95,15382,United Kingdom,29.9,,,
490298,79323W, WHITE CHERRY LIGHTS,24,12-04-2009 14:13,5.45,15382,United Kingdom,130.8,,,
490298,79323P,PINK CHERRY LIGHTS,24,12-04-2009 14:13,5.45,15382,United Kingdom,130.8,,,
490298,85175,CACTI T-LIGHT CANDLES,64,12-04-2009 14:13,0.42,15382,United Kingdom,26.88,,,
490298,21481,FAWN BLUE HOT WATER BOTTLE,12,12-04-2009 14:13,2.95,15382,United Kingdom,35.4,,,
490298,21488,RED WHITE SCARF  HOT WATER BOTTLE,16,12-04-2009 14:13,3.95,15382,United Kingdom,63.2,,,
490298,20686,DOLLY MIXTURE CHILDREN'S UMBRELLA,6,12-04-2009 14:13,3.25,15382,United Kingdom,19.5,,,
490298,84559B,3D SHEET OF CAT STICKERS,24,12-04-2009 14:13,0.85,15382,United Kingdom,20.4,,,
490298,21524,SPOTTY  HOME SWEET HOME DOORMAT,2,12-04-2009 14:13,6.75,15382,United Kingdom,13.5,,,
490299,84029E,RED WOOLLY HOTTIE WHITE HEART.,24,12-04-2009 14:14,2.95,13680,United Kingdom,70.8,,,
490299,37447,CERAMIC CAKE DESIGN SPOTTED PLATE,8,12-04-2009 14:14,1.49,13680,United Kingdom,11.92,,,
490299,21218,RED SPOTTY BISCUIT TIN,1,12-04-2009 14:14,3.75,13680,United Kingdom,3.75,,,
490299,84997C,BLUE 3 PIECE MINI DOTS CUTLERY SET,2,12-04-2009 14:14,3.75,13680,United Kingdom,7.5,,,
490299,84997B,RED 3 PIECE MINI DOTS CUTLERY SET,3,12-04-2009 14:14,3.75,13680,United Kingdom,11.25,,,
490299,84997D,PINK 3 PIECE MINI DOTS CUTLERY SET,19,12-04-2009 14:14,3.75,13680,United Kingdom,71.25,,,
490299,22120,WELCOME  WOODEN BLOCK LETTERS,1,12-04-2009 14:14,9.95,13680,United Kingdom,9.95,,,
490299,22114,HOT WATER BOTTLE TEA AND SYMPATHY,24,12-04-2009 14:14,3.45,13680,United Kingdom,82.8,,,
490299,22112,CHOCOLATE HOT WATER BOTTLE,24,12-04-2009 14:14,4.25,13680,United Kingdom,102,,,
490299,37446,MINI CAKE STAND WITH HANGING CAKES,2,12-04-2009 14:14,1.45,13680,United Kingdom,2.9,,,
490299,22055,MINI CAKE STAND  HANGING STRAWBERY,2,12-04-2009 14:14,1.65,13680,United Kingdom,3.3,,,
490299,21531,RETRO SPOT SUGAR JAM BOWL,1,12-04-2009 14:14,2.55,13680,United Kingdom,2.55,,,
490299,21535,RETRO SPOT SMALL MILK JUG,1,12-04-2009 14:14,2.55,13680,United Kingdom,2.55,,,
490299,21533,RETRO SPOT LARGE MILK JUG,1,12-04-2009 14:14,4.95,13680,United Kingdom,4.95,,,
490299,21539,RETRO SPOTS BUTTER DISH,1,12-04-2009 14:14,4.95,13680,United Kingdom,4.95,,,
490299,21527,RETRO SPOT TRADITIONAL TEAPOT ,1,12-04-2009 14:14,7.95,13680,United Kingdom,7.95,,,
490299,21175,GIN + TONIC DIET METAL SIGN,12,12-04-2009 14:14,2.1,13680,United Kingdom,25.2,,,
490299,20754,RETRO RED SPOTTY WASHING UP GLOVES,12,12-04-2009 14:14,2.1,13680,United Kingdom,25.2,,,
490299,21216,"SET 3 RED SPOT TIN TEA,COFFEE,SUGAR",1,12-04-2009 14:14,4.95,13680,United Kingdom,4.95,,,
490299,85008,SET OF 3 CONEY ISLAND OVAL BOXES,1,12-04-2009 14:14,4.95,13680,United Kingdom,4.95,,,
490299,20762,GREEN FERN SKETCHBOOK ,1,12-04-2009 14:14,3.75,13680,United Kingdom,3.75,,,
490299,21174,POTTERING IN THE SHED METAL SIGN,8,12-04-2009 14:14,1.95,13680,United Kingdom,15.6,,,
490299,22117,METAL SIGN HER DINNER IS SERVED ,1,12-04-2009 14:14,2.95,13680,United Kingdom,2.95,,,
490299,22116,METAL SIGN HIS DINNER IS SERVED,1,12-04-2009 14:14,2.95,13680,United Kingdom,2.95,,,
490299,82567,"AIRLINE LOUNGE,METAL SIGN",1,12-04-2009 14:14,2.1,13680,United Kingdom,2.1,,,
490299,47598,NEW ENGLAND EGG WARMER,1,12-04-2009 14:14,0.55,13680,United Kingdom,0.55,,,
490299,21825,PAINTED METAL TREE WITH HOLLY BELLS,7,12-04-2009 14:14,1.45,13680,United Kingdom,10.15,,,
490299,20713,JUMBO BAG OWLS,10,12-04-2009 14:14,1.95,13680,United Kingdom,19.5,,,
490299,21407,BROWN CHECK CAT DOORSTOP ,1,12-04-2009 14:14,4.25,13680,United Kingdom,4.25,,,
490299,21153,RED SPOTTY TABLECLOTH ,3,12-04-2009 14:14,10.65,13680,United Kingdom,31.95,,,
490299,21039,RED SPOTTY SHOPPING BAG,1,12-04-2009 14:14,2.55,13680,United Kingdom,2.55,,,
490299,21154,RED SPOTTY OVEN GLOVE ,1,12-04-2009 14:14,1.25,13680,United Kingdom,1.25,,,
490299,21488,RED WHITE SCARF  HOT WATER BOTTLE,3,12-04-2009 14:14,3.95,13680,United Kingdom,11.85,,,
490299,47580,TEA TIME DES TEA COSY,1,12-04-2009 14:14,2.55,13680,United Kingdom,2.55,,,
490299,21481,FAWN BLUE HOT WATER BOTTLE,1,12-04-2009 14:14,2.95,13680,United Kingdom,2.95,,,
490299,21484,CHICK GREY HOT WATER BOTTLE,1,12-04-2009 14:14,3.45,13680,United Kingdom,3.45,,,
490299,22110,BIRD HOUSE HOT WATER BOTTLE,1,12-04-2009 14:14,3.45,13680,United Kingdom,3.45,,,
490299,84029G,KNITTED UNION FLAG HOT WATER BOTTLE,2,12-04-2009 14:14,3.75,13680,United Kingdom,7.5,,,
490299,21481,FAWN BLUE HOT WATER BOTTLE,1,12-04-2009 14:14,2.95,13680,United Kingdom,2.95,,,
490299,21482,MUSHROOM BLUE HOT WATER BOTTLE,2,12-04-2009 14:14,2.95,13680,United Kingdom,5.9,,,
490299,85231L,LAVENDER SCENTED SET/9 T-LIGHTS,1,12-04-2009 14:14,0.85,13680,United Kingdom,0.85,,,
490299,85231E,STRAWBERRY SCENTED SET/9 T-LIGHTS,1,12-04-2009 14:14,0.85,13680,United Kingdom,0.85,,,
490299,22282,12 EGG HOUSE PAINTED WOOD,1,12-04-2009 14:14,12.75,13680,United Kingdom,12.75,,,
490299,22283,6 EGG HOUSE PAINTED WOOD,1,12-04-2009 14:14,7.95,13680,United Kingdom,7.95,,,
490300,21929,JUMBO BAG PINK VINTAGE PAISLEY,1,12-04-2009 14:19,1.95,12970,United Kingdom,1.95,,,
490300,21726,MULTI HEARTS  STICKERS,1,12-04-2009 14:19,0.85,12970,United Kingdom,0.85,,,
490300,21726,MULTI HEARTS  STICKERS,1,12-04-2009 14:19,0.85,12970,United Kingdom,0.85,,,
490300,21726,MULTI HEARTS  STICKERS,1,12-04-2009 14:19,0.85,12970,United Kingdom,0.85,,,
490300,21725,SWEETIES  STICKERS,1,12-04-2009 14:19,0.85,12970,United Kingdom,0.85,,,
490300,22210,WOOD STAMP SET BEST WISHES,1,12-04-2009 14:19,1.65,12970,United Kingdom,1.65,,,
490300,21731,RED TOADSTOOL LED NIGHT LIGHT,1,12-04-2009 14:19,1.65,12970,United Kingdom,1.65,,,
490300,10125,MINI FUNKY DESIGN TAPES,2,12-04-2009 14:19,0.85,12970,United Kingdom,1.7,,,
490300,21790,VINTAGE SNAP CARDS,1,12-04-2009 14:19,0.85,12970,United Kingdom,0.85,,,
490300,20976,12 PENCILS SMALL TUBE POSY,1,12-04-2009 14:19,0.65,12970,United Kingdom,0.65,,,
490300,20975,12 PENCILS SMALL TUBE RED SPOTTY,1,12-04-2009 14:19,0.65,12970,United Kingdom,0.65,,,
490300,20974,12 PENCILS SMALL TUBE SKULL,1,12-04-2009 14:19,0.65,12970,United Kingdom,0.65,,,
490300,21791,VINTAGE HEADS AND TAILS CARD GAME ,2,12-04-2009 14:19,1.25,12970,United Kingdom,2.5,,,
490300,22139,RETRO SPOT TEA SET CERAMIC 11 PC ,1,12-04-2009 14:19,4.95,12970,United Kingdom,4.95,,,
490300,22149,FELTCRAFT 6 FLOWER FRIENDS,1,12-04-2009 14:19,2.1,12970,United Kingdom,2.1,,,
490300,21577,SAVE THE PLANET COTTON TOTE BAG,1,12-04-2009 14:19,2.25,12970,United Kingdom,2.25,,,
490300,21499,BLUE SPOTS  WRAP,25,12-04-2009 14:19,0.42,12970,United Kingdom,10.5,,,
490300,M,Manual,1,12-04-2009 14:19,0.85,12970,United Kingdom,0.85,,,
490300,M,Manual,1,12-04-2009 14:19,0.21,12970,United Kingdom,0.21,,,
490300,22079,RIBBON REEL HEARTS DESIGN ,1,12-04-2009 14:19,1.65,12970,United Kingdom,1.65,,,
490300,84466,TOP SECRET PEN SET,2,12-04-2009 14:19,1.25,12970,United Kingdom,2.5,,,
490300,22075,6 RIBBONS ELEGANT CHRISTMAS ,1,12-04-2009 14:19,1.65,12970,United Kingdom,1.65,,,
490300,10125,MINI FUNKY DESIGN TAPES,1,12-04-2009 14:19,0.85,12970,United Kingdom,0.85,,,
490300,16046,TEATIME PEN CASE & PENS,1,12-04-2009 14:19,0.85,12970,United Kingdom,0.85,,,
490300,22211,WOOD STAMP SET FLOWERS,2,12-04-2009 14:19,1.65,12970,United Kingdom,3.3,,,
490300,21790,VINTAGE SNAP CARDS,1,12-04-2009 14:19,0.85,12970,United Kingdom,0.85,,,
490300,21811,CHRISTMAS HANGING HEART WITH BELL,2,12-04-2009 14:19,1.25,12970,United Kingdom,2.5,,,
490300,21445,12 PINK ROSE PEG PLACE SETTINGS,1,12-04-2009 14:19,1.25,12970,United Kingdom,1.25,,,
490300,21448,12 DAISY PEGS IN WOOD BOX,1,12-04-2009 14:19,1.65,12970,United Kingdom,1.65,,,
490300,21509,COWBOYS AND INDIANS BIRTHDAY CARD ,12,12-04-2009 14:19,0.42,12970,United Kingdom,5.04,,,
490300,22024,RAINY LADIES BIRTHDAY CARD,12,12-04-2009 14:19,0.42,12970,United Kingdom,5.04,,,
490300,21791,VINTAGE HEADS AND TAILS CARD GAME ,2,12-04-2009 14:19,1.25,12970,United Kingdom,2.5,,,
490300,22150, 3 STRIPEY MICE FELTCRAFT,1,12-04-2009 14:19,1.95,12970,United Kingdom,1.95,,,
490300,22143,CHRISTMAS CRAFT HEART DECORATIONS,1,12-04-2009 14:19,2.1,12970,United Kingdom,2.1,,,
490300,22142,CHRISTMAS CRAFT WHITE FAIRY ,1,12-04-2009 14:19,1.45,12970,United Kingdom,1.45,,,
490300,22149,FELTCRAFT 6 FLOWER FRIENDS,3,12-04-2009 14:19,2.1,12970,United Kingdom,6.3,,,
490300,22147,FELTCRAFT BUTTERFLY HEARTS,4,12-04-2009 14:19,1.45,12970,United Kingdom,5.8,,,
490300,21590,KINGS CHOICE CIGAR BOX MATCHES ,2,12-04-2009 14:19,1.25,12970,United Kingdom,2.5,,,
490300,22131,FOOD CONTAINER SET 3 LOVE HEART ,1,12-04-2009 14:19,1.95,12970,United Kingdom,1.95,,,
490300,22080,RIBBON REEL SPOTS DESIGN ,1,12-04-2009 14:19,1.65,12970,United Kingdom,1.65,,,
490300,21985,PACK OF 12 HEARTS DESIGN TISSUES ,12,12-04-2009 14:19,0.29,12970,United Kingdom,3.48,,,
490300,21738,COSY SLIPPER SHOES SMALL  RED ,1,12-04-2009 14:19,2.95,12970,United Kingdom,2.95,,,
490300,21711,FOLDING UMBRELLA  WHITE/RED  SPOT,1,12-04-2009 14:19,4.95,12970,United Kingdom,4.95,,,
490300,85099F,JUMBO BAG STRAWBERRY,2,12-04-2009 14:19,1.95,12970,United Kingdom,3.9,,,
490300,21928,JUMBO BAG SCANDINAVIAN PAISLEY,2,12-04-2009 14:19,1.95,12970,United Kingdom,3.9,,,
490300,21186,WHITE DOVE HONEYCOMB PAPER GARLAND,1,12-04-2009 14:19,1.65,12970,United Kingdom,1.65,,,
490300,20974,12 PENCILS SMALL TUBE SKULL,1,12-04-2009 14:19,0.65,12970,United Kingdom,0.65,,,
490300,84341B,SMALL PINK MAGIC CHRISTMAS TREE,1,12-04-2009 14:19,0.85,12970,United Kingdom,0.85,,,
490300,16258B,DAISY ERASERS IN BAG,1,12-04-2009 14:19,0.42,12970,United Kingdom,0.42,,,
490300,79413,GLASS WINE GLASS DECORATIONS,1,12-04-2009 14:19,1.25,12970,United Kingdom,1.25,,,
490300,21543,BUTTERFLY WATER TRANSFER TATTOOS ,2,12-04-2009 14:19,0.85,12970,United Kingdom,1.7,,,
490300,21726,MULTI HEARTS  STICKERS,1,12-04-2009 14:19,0.85,12970,United Kingdom,0.85,,,
490300,21725,SWEETIES  STICKERS,1,12-04-2009 14:19,0.85,12970,United Kingdom,0.85,,,
490300,21439,BASKET OF TOADSTOOLS,1,12-04-2009 14:19,1.25,12970,United Kingdom,1.25,,,
490300,21491,SET OF THREE VINTAGE GIFT WRAPS,3,12-04-2009 14:19,1.95,12970,United Kingdom,5.85,,,
490300,21490,SET OF THREE 50'S GIFT WRAPS ,2,12-04-2009 14:19,1.95,12970,United Kingdom,3.9,,,
490300,21893,POTTING SHED SEED TIN,3,12-04-2009 14:19,4.25,12970,United Kingdom,12.75,,,
490300,21444,BLUE CHALET BIRDFEEDER,1,12-04-2009 14:19,3.75,12970,United Kingdom,3.75,,,
490300,21443,OLIVE CHALET BIRDFEEDER,1,12-04-2009 14:19,3.75,12970,United Kingdom,3.75,,,
490300,85098B,BLUE FLYING SINGING CANARY,1,12-04-2009 14:19,3.75,12970,United Kingdom,3.75,,,
490300,22073,RETRO SPOT STORAGE JAR,4,12-04-2009 14:19,3.75,12970,United Kingdom,15,,,
490300,22111,SCOTTIE DOG HOT WATER BOTTLE,1,12-04-2009 14:19,4.95,12970,United Kingdom,4.95,,,
490300,21485,RED SPOT HEART HOT WATER BOTTLE,1,12-04-2009 14:19,4.95,12970,United Kingdom,4.95,,,
490300,21679,SKULLS  STICKERS,1,12-04-2009 14:19,0.85,12970,United Kingdom,0.85,,,
490300,21738,COSY SLIPPER SHOES SMALL  RED ,1,12-04-2009 14:19,2.95,12970,United Kingdom,2.95,,,
490300,21533,RETRO SPOT LARGE MILK JUG,1,12-04-2009 14:19,4.95,12970,United Kingdom,4.95,,,
490300,21410,COUNTRY COTTAGE  DOORSTOP GREEN,1,12-04-2009 14:19,4.25,12970,United Kingdom,4.25,,,
490300,22073,RETRO SPOT STORAGE JAR,1,12-04-2009 14:19,3.75,12970,United Kingdom,3.75,,,
490300,21624,VINTAGE UNION JACK DOORSTOP,1,12-04-2009 14:19,5.95,12970,United Kingdom,5.95,,,
490300,21238,RED SPOTTY CUP,6,12-04-2009 14:19,0.85,12970,United Kingdom,5.1,,,
490300,84341B,SMALL PINK MAGIC CHRISTMAS TREE,1,12-04-2009 14:19,0.85,12970,United Kingdom,0.85,,,
490300,85097B,BLUE ROCKING SINGING CANARY,2,12-04-2009 14:19,3.75,12970,United Kingdom,7.5,,,
490300,22157,ANGEL DECORATION WITH LACE PADDED,4,12-04-2009 14:19,0.85,12970,United Kingdom,3.4,,,
490300,21491,SET OF THREE VINTAGE GIFT WRAPS,1,12-04-2009 14:19,1.95,12970,United Kingdom,1.95,,,
490300,21490,SET OF THREE 50'S GIFT WRAPS ,2,12-04-2009 14:19,1.95,12970,United Kingdom,3.9,,,
490300,22149,FELTCRAFT 6 FLOWER FRIENDS,1,12-04-2009 14:19,2.1,12970,United Kingdom,2.1,,,
490300,22147,FELTCRAFT BUTTERFLY HEARTS,2,12-04-2009 14:19,1.45,12970,United Kingdom,2.9,,,
490300,21731,RED TOADSTOOL LED NIGHT LIGHT,2,12-04-2009 14:19,1.65,12970,United Kingdom,3.3,,,
490300,21790,VINTAGE SNAP CARDS,1,12-04-2009 14:19,0.85,12970,United Kingdom,0.85,,,
490300,21791,VINTAGE HEADS AND TAILS CARD GAME ,1,12-04-2009 14:19,1.25,12970,United Kingdom,1.25,,,
490300,90214S,"LETTER ""S"" BLING KEY RING",1,12-04-2009 14:19,1.25,12970,United Kingdom,1.25,,,
490300,22143,CHRISTMAS CRAFT HEART DECORATIONS,1,12-04-2009 14:19,2.1,12970,United Kingdom,2.1,,,
490300,21482,MUSHROOM BLUE HOT WATER BOTTLE,1,12-04-2009 14:19,2.95,12970,United Kingdom,2.95,,,
490300,21481,FAWN BLUE HOT WATER BOTTLE,1,12-04-2009 14:19,2.95,12970,United Kingdom,2.95,,,
490300,84341B,SMALL PINK MAGIC CHRISTMAS TREE,1,12-04-2009 14:19,0.85,12970,United Kingdom,0.85,,,
490300,22122,SET OF 2 FANCY FONT TEA TOWELS,1,12-04-2009 14:19,2.95,12970,United Kingdom,2.95,,,
490300,85099B,JUMBO BAG RED WHITE SPOTTY ,1,12-04-2009 14:19,1.95,12970,United Kingdom,1.95,,,
490300,20712,JUMBO BAG WOODLAND ANIMALS,1,12-04-2009 14:19,1.95,12970,United Kingdom,1.95,,,
490300,85099F,JUMBO BAG STRAWBERRY,1,12-04-2009 14:19,1.95,12970,United Kingdom,1.95,,,
490300,21187,WHITE BELL HONEYCOMB PAPER GARLAND ,1,12-04-2009 14:19,1.65,12970,United Kingdom,1.65,,,
490300,21724,PANDA AND BUNNIES STICKER SHEET,2,12-04-2009 14:19,0.85,12970,United Kingdom,1.7,,,
490300,84691,PACK 20 DOLLY PEGS,1,12-04-2009 14:19,0.85,12970,United Kingdom,0.85,,,
490300,21723,ALPHABET HEARTS STICKER SHEET,2,12-04-2009 14:19,0.85,12970,United Kingdom,1.7,,,
490300,21590,KINGS CHOICE CIGAR BOX MATCHES ,1,12-04-2009 14:19,1.25,12970,United Kingdom,1.25,,,
490300,21731,RED TOADSTOOL LED NIGHT LIGHT,1,12-04-2009 14:19,1.65,12970,United Kingdom,1.65,,,
490301,37446,MINI CAKE STAND WITH HANGING CAKES,2,12-04-2009 14:24,1.45,15311,United Kingdom,2.9,,,
490301,51020B,STRIPY DESIGN SHOWER CAP,2,12-04-2009 14:24,1.25,15311,United Kingdom,2.5,,,
490301,37447,CERAMIC CAKE DESIGN SPOTTED PLATE,2,12-04-2009 14:24,1.49,15311,United Kingdom,2.98,,,
490301,15056P,EDWARDIAN PARASOL PINK,2,12-04-2009 14:24,5.95,15311,United Kingdom,11.9,,,
490301,22278,OVERNIGHT BAG VINTAGE ROSE PAISLEY,1,12-04-2009 14:24,4.95,15311,United Kingdom,4.95,,,
490301,17001,HEAVENS SCENT FRAGRANCE OILS ASSTD,36,12-04-2009 14:24,0.29,15311,United Kingdom,10.44,,,
490301,22138,BAKING SET 9 PIECE RETROSPOT ,24,12-04-2009 14:24,4.25,15311,United Kingdom,102,,,
490301,37449,CERAMIC CAKE STAND + HANGING CAKES,16,12-04-2009 14:24,8.5,15311,United Kingdom,136,,,
490301,79072,TEATIME CAKE TIN WITH HANDLE,8,12-04-2009 14:24,8.95,15311,United Kingdom,71.6,,,
490302,21173,LOO ROLL  METAL SIGN ,1,12-04-2009 14:29,1.65,17841,United Kingdom,1.65,,,
490302,82599,FANNY'S REST STOPMETAL SIGN,1,12-04-2009 14:29,2.1,17841,United Kingdom,2.1,,,
490302,82582,AREA PATROLLED METAL SIGN,1,12-04-2009 14:29,2.1,17841,United Kingdom,2.1,,,
490302,84971S,SMALL HEART FLOWERS HOOK ,1,12-04-2009 14:29,0.85,17841,United Kingdom,0.85,,,
490302,21801,CHRISTMAS TREE DECORATION WITH BELL,4,12-04-2009 14:29,0.42,17841,United Kingdom,1.68,,,
490302,21217,RED SPOTTY ROUND CAKE TINS,2,12-04-2009 14:29,9.95,17841,United Kingdom,19.9,,,
490302,21147,JINGLE BELLS TREE DECORATION,1,12-04-2009 14:29,2.1,17841,United Kingdom,2.1,,,
490302,35600D,PINK AND WHITE CHRISTMAS TREE 180CM,1,12-04-2009 14:29,9.95,17841,United Kingdom,9.95,,,
490302,21784,SHOE SHINE BOX ,1,12-04-2009 14:29,9.95,17841,United Kingdom,9.95,,,
490302,22086,PAPER CHAIN KIT 50'S CHRISTMAS ,3,12-04-2009 14:29,2.95,17841,United Kingdom,8.85,,,
490302,20727,LUNCH BAG  BLACK SKULL.,1,12-04-2009 14:29,1.65,17841,United Kingdom,1.65,,,
490302,20725,LUNCH BAG RED SPOTTY,4,12-04-2009 14:29,1.65,17841,United Kingdom,6.6,,,
490302,22356,"CHARLOTTE BAG , PINK/WHITE SPOTS",5,12-04-2009 14:29,0.85,17841,United Kingdom,4.25,,,
490302,84031B,CHARLIE LOLA BLUE HOT WATER BOTTLE ,1,12-04-2009 14:29,4.65,17841,United Kingdom,4.65,,,
490302,84032A,CHARLIE+LOLA PINK HOT WATER BOTTLE,1,12-04-2009 14:29,2.95,17841,United Kingdom,2.95,,,
490302,21034,REX CASH+CARRY JUMBO SHOPPER,1,12-04-2009 14:29,0.95,17841,United Kingdom,0.95,,,
490302,35598D,PINK/WHITE CHRISTMAS TREE 60CM,1,12-04-2009 14:29,1.25,17841,United Kingdom,1.25,,,
490302,35962,12 ASS ZINC CHRISTMAS DECORATIONS,1,12-04-2009 14:29,2.1,17841,United Kingdom,2.1,,,
490302,21262,WHITE GOOSE FEATHER CHRISTMAS TREE ,6,12-04-2009 14:29,2.95,17841,United Kingdom,17.7,,,
490302,35599D,PINK AND WHITE CHRISTMAS TREE 120CM,3,12-04-2009 14:29,2.95,17841,United Kingdom,8.85,,,
490302,47594B,SCOTTIES DESIGN WASHBAG,1,12-04-2009 14:29,1.95,17841,United Kingdom,1.95,,,
490302,82600,NO SINGING METAL SIGN,1,12-04-2009 14:29,2.1,17841,United Kingdom,2.1,,,
490302,84671B,CROCHET BEAR WITH BLUE STRIPES,1,12-04-2009 14:29,2.55,17841,United Kingdom,2.55,,,
490302,35649,VINTAGE BEAD COSMETIC BAG ,1,12-04-2009 14:29,3.35,17841,United Kingdom,3.35,,,
490302,21385,IVORY HANGING DECORATION  HEART,1,12-04-2009 14:29,0.85,17841,United Kingdom,0.85,,,
490302,85112,S/3 TEAR DROP CUT GLASS DECORATION,3,12-04-2009 14:29,1.25,17841,United Kingdom,3.75,,,
490302,21558,SKULL LUNCHBOX WITH CUTLERY ,1,12-04-2009 14:29,2.55,17841,United Kingdom,2.55,,,
490302,22189,CREAM HEART CARD HOLDER,2,12-04-2009 14:29,3.95,17841,United Kingdom,7.9,,,
490302,79160,HEART SHAPE WIRELESS DOORBELL,2,12-04-2009 14:29,2.1,17841,United Kingdom,4.2,,,
490302,21815, STAR  T-LIGHT HOLDER ,1,12-04-2009 14:29,1.45,17841,United Kingdom,1.45,,,
490302,84837,WHITE SWEETHEARTS CABINET 4 DRAWERS,1,12-04-2009 14:29,12.75,17841,United Kingdom,12.75,,,
490302,47503G,ASS FLORAL PRINT TAPE MEASURE,1,12-04-2009 14:29,1.25,17841,United Kingdom,1.25,,,
490302,22315,200 RED + WHITE BENDY STRAWS,1,12-04-2009 14:29,1.25,17841,United Kingdom,1.25,,,
490302,20819,SILVER TEDDY BEAR,3,12-04-2009 14:29,3.75,17841,United Kingdom,11.25,,,
490302,21172,PARTY METAL SIGN ,1,12-04-2009 14:29,1.45,17841,United Kingdom,1.45,,,
490302,84380,SET OF 3 BUTTERFLY COOKIE CUTTERS,2,12-04-2009 14:29,1.25,17841,United Kingdom,2.5,,,
490302,22114,HOT WATER BOTTLE TEA AND SYMPATHY,1,12-04-2009 14:29,3.95,17841,United Kingdom,3.95,,,
490302,21327,SKULLS WRITING SET ,2,12-04-2009 14:29,1.65,17841,United Kingdom,3.3,,,
490302,84986B,SET OF 36 SILVER PAPER DOILIES,1,12-04-2009 14:29,1.45,17841,United Kingdom,1.45,,,
490302,20961,STRAWBERRY BATH SPONGE ,1,12-04-2009 14:29,1.25,17841,United Kingdom,1.25,,,
490302,21980,PACK OF 12 RED SPOTTY TISSUES ,5,12-04-2009 14:29,0.29,17841,United Kingdom,1.45,,,
490302,20780,BLACK EAR MUFF HEADPHONES,1,12-04-2009 14:29,5.49,17841,United Kingdom,5.49,,,
490302,20729,RED SPOTTY CANDY BAG,1,12-04-2009 14:29,1.25,17841,United Kingdom,1.25,,,
490302,22083,PAPER CHAIN KIT RETRO SPOT,3,12-04-2009 14:29,2.95,17841,United Kingdom,8.85,,,
490302,72349B,SET/6 PURPLE BUTTERFLY T-LIGHTS,1,12-04-2009 14:29,2.1,17841,United Kingdom,2.1,,,
490302,85049E,SCANDINAVIAN REDS RIBBONS,1,12-04-2009 14:29,1.25,17841,United Kingdom,1.25,,,
490302,85049F,BABY BOOM RIBBONS ,1,12-04-2009 14:29,1.25,17841,United Kingdom,1.25,,,
490302,21479,WHITE SKULL HOT WATER BOTTLE ,1,12-04-2009 14:29,3.75,17841,United Kingdom,3.75,,,
490302,21327,SKULLS WRITING SET ,2,12-04-2009 14:29,1.65,17841,United Kingdom,3.3,,,
490302,20725,LUNCH BAG RED SPOTTY,1,12-04-2009 14:29,1.65,17841,United Kingdom,1.65,,,
490302,22355,"CHARLOTTE BAG , SUKI DESIGN",10,12-04-2009 14:29,0.85,17841,United Kingdom,8.5,,,
490302,20727,LUNCH BAG  BLACK SKULL.,2,12-04-2009 14:29,1.65,17841,United Kingdom,3.3,,,
490302,21402,RED  EGG  SPOON,1,12-04-2009 14:29,0.42,17841,United Kingdom,0.42,,,
490302,84997A,GREEN 3 PIECE MINI DOTS CUTLERY SET,2,12-04-2009 14:29,3.75,17841,United Kingdom,7.5,,,
490302,84997D,PINK 3 PIECE MINI DOTS CUTLERY SET,1,12-04-2009 14:29,3.75,17841,United Kingdom,3.75,,,
490302,22200,FRYING PAN PINK POLKADOT ,1,12-04-2009 14:29,4.25,17841,United Kingdom,4.25,,,
490302,84971S,SMALL HEART FLOWERS HOOK ,3,12-04-2009 14:29,0.85,17841,United Kingdom,2.55,,,
490302,85032A,ROMANTIC IMAGES GIFT WRAP SET,1,12-04-2009 14:29,2.1,17841,United Kingdom,2.1,,,
490302,85032C,CURIOUS IMAGES GIFT WRAP SET,1,12-04-2009 14:29,2.1,17841,United Kingdom,2.1,,,
490302,20783,HEART EAR MUFF HEADPHONES,1,12-04-2009 14:29,5.49,17841,United Kingdom,5.49,,,
490302,37446,MINI CAKE STAND WITH HANGING CAKES,1,12-04-2009 14:29,1.45,17841,United Kingdom,1.45,,,
490302,47504F,ENGLISH ROSE TORCH,3,12-04-2009 14:29,1.65,17841,United Kingdom,4.95,,,
490302,21155,RED SPOTTY PEG BAG,1,12-04-2009 14:29,2.1,17841,United Kingdom,2.1,,,
490302,47568,ENGLISH ROSE DESIGN PEG BAG,1,12-04-2009 14:29,2.1,17841,United Kingdom,2.1,,,
490302,84997B,RED 3 PIECE MINI DOTS CUTLERY SET,1,12-04-2009 14:29,3.75,17841,United Kingdom,3.75,,,
490302,85232D,SET/3 DECOUPAGE STACKING TINS,1,12-04-2009 14:29,4.95,17841,United Kingdom,4.95,,,
490302,20747,PICCADILLY TEA SET,1,12-04-2009 14:29,14.95,17841,United Kingdom,14.95,,,
490302,22155,STAR DECORATION RUSTIC,7,12-04-2009 14:29,0.42,17841,United Kingdom,2.94,,,
490302,20847,ZINC HEART LATTICE CHARGER LARGE,4,12-04-2009 14:29,3.75,17841,United Kingdom,15,,,
490303,21934,SKULL SHOULDER BAG,10,12-04-2009 14:33,1.65,17935,United Kingdom,16.5,,,
490303,20713,JUMBO BAG OWLS,10,12-04-2009 14:33,1.95,17935,United Kingdom,19.5,,,
490303,48173C,DOOR MAT BLACK FLOCK ,1,12-04-2009 14:33,6.75,17935,United Kingdom,6.75,,,
490303,75149N,STRING CRYSTALS NATURAL,4,12-04-2009 14:33,1.25,17935,United Kingdom,5,,,
490303,21930,JUMBO STORAGE BAG SKULLS,10,12-04-2009 14:33,1.95,17935,United Kingdom,19.5,,,
490303,21931,JUMBO STORAGE BAG SUKI,10,12-04-2009 14:33,1.95,17935,United Kingdom,19.5,,,
490303,85099C,JUMBO  BAG BAROQUE BLACK WHITE,10,12-04-2009 14:33,1.95,17935,United Kingdom,19.5,,,
490304,22317,FIVE CATS HANGING DECORATION,6,12-04-2009 14:35,2.95,17593,United Kingdom,17.7,,,
490304,22318,FIVE HEART HANGING DECORATION,6,12-04-2009 14:35,2.95,17593,United Kingdom,17.7,,,
490304,21108,FAIRY CAKE FLANNEL ASSORTED COLOUR,9,12-04-2009 14:35,2.55,17593,United Kingdom,22.95,,,
490304,85014A,BLACK/BLUE DOTS RUFFLED UMBRELLA,3,12-04-2009 14:35,5.95,17593,United Kingdom,17.85,,,
490304,85014B,RED/WHITE DOTS RUFFLED UMBRELLA,6,12-04-2009 14:35,5.95,17593,United Kingdom,35.7,,,
490304,21430,SET/3 RED GINGHAM ROSE STORAGE BOX,4,12-04-2009 14:35,3.75,17593,United Kingdom,15,,,
490304,21429,RED GINGHAM ROSE JEWELLERY BOX,8,12-04-2009 14:35,1.65,17593,United Kingdom,13.2,,,
490304,21621,VINTAGE UNION JACK BUNTING,2,12-04-2009 14:35,8.5,17593,United Kingdom,17,,,
490304,21589,SWALLOW GIANT TUBE MATCHES,12,12-04-2009 14:35,2.55,17593,United Kingdom,30.6,,,
490304,21068,VINTAGE BILLBOARD LOVE/HATE MUG,12,12-04-2009 14:35,1.25,17593,United Kingdom,15,,,
490304,21071,VINTAGE BILLBOARD DRINK ME MUG,12,12-04-2009 14:35,1.25,17593,United Kingdom,15,,,
490304,47566,PARTY BUNTING,5,12-04-2009 14:35,4.65,17593,United Kingdom,23.25,,,
490304,22066,LOVE HEART TRINKET POT,12,12-04-2009 14:35,1.45,17593,United Kingdom,17.4,,,
490304,21232,STRAWBERRY CERAMIC TRINKET BOX,12,12-04-2009 14:35,1.25,17593,United Kingdom,15,,,
490304,21231,SWEETHEART CERAMIC TRINKET BOX,12,12-04-2009 14:35,1.25,17593,United Kingdom,15,,,
490304,47566B,TEA TIME PARTY BUNTING,5,12-04-2009 14:35,4.65,17593,United Kingdom,23.25,,,
490304,21584,RETRO SPOT SMALL TUBE MATCHES,20,12-04-2009 14:35,1.65,17593,United Kingdom,33,,,
490304,22070,SMALL RETRO SPOT MUG IN BOX  RED,6,12-04-2009 14:35,3.75,17593,United Kingdom,22.5,,,
490304,21217,RED SPOTTY ROUND CAKE TINS,2,12-04-2009 14:35,9.95,17593,United Kingdom,19.9,,,
490304,20750, RED/WHITE DOT MINI CASES,2,12-04-2009 14:35,7.95,17593,United Kingdom,15.9,,,
490304,22303,COFFEE MUG APPLES DESIGN,6,12-04-2009 14:35,2.55,17593,United Kingdom,15.3,,,
490304,22302,COFFEE MUG PEARS  DESIGN,6,12-04-2009 14:35,2.55,17593,United Kingdom,15.3,,,
490304,37343,SPOTS DESIGN MUG W PINK INSIDE,6,12-04-2009 14:35,1.65,17593,United Kingdom,9.9,,,
490304,51012C,"FEATHER DUSTER, COAL BLACK",12,12-04-2009 14:35,1.25,17593,United Kingdom,15,,,
490304,20960,WATERMELON BATH SPONGE,10,12-04-2009 14:35,1.25,17593,United Kingdom,12.5,,,
490304,20961,STRAWBERRY BATH SPONGE ,10,12-04-2009 14:35,1.25,17593,United Kingdom,12.5,,,
490304,21407,BROWN CHECK CAT DOORSTOP ,3,12-04-2009 14:35,4.25,17593,United Kingdom,12.75,,,
490304,21624,VINTAGE UNION JACK DOORSTOP,3,12-04-2009 14:35,5.95,17593,United Kingdom,17.85,,,
490304,21411,GINGHAM HEART  DOORSTOP RED,3,12-04-2009 14:35,4.25,17593,United Kingdom,12.75,,,
490304,21115,ROSE CARAVAN DOORSTOP,2,12-04-2009 14:35,6.75,17593,United Kingdom,13.5,,,
490304,21285,RETRO SPOT CANDLE  MEDIUM,12,12-04-2009 14:35,2.1,17593,United Kingdom,25.2,,,
490304,21284,RETRO SPOT CANDLE  SMALL,12,12-04-2009 14:35,1.69,17593,United Kingdom,20.28,,,
490304,21639,ASSORTED TUTTI FRUTTI KEYRING,24,12-04-2009 14:35,0.85,17593,United Kingdom,20.4,,,
490304,84836,ZINC METAL HEART DECORATION,12,12-04-2009 14:35,1.25,17593,United Kingdom,15,,,
490304,22341,LOVE GARLAND PAINTED ZINC ,12,12-04-2009 14:35,1.65,17593,United Kingdom,19.8,,,
490304,21781,MA CAMPAGNE CUTLERY BOX,1,12-04-2009 14:35,14.95,17593,United Kingdom,14.95,,,
490304,21779,MA CAMPAGNE MINI WOODEN CHEST,2,12-04-2009 14:35,8.5,17593,United Kingdom,17,,,
490304,21333,CLASSIC WHITE FRAME,6,12-04-2009 14:35,2.95,17593,United Kingdom,17.7,,,
490304,22170,PICTURE FRAME WOOD TRIPLE PORTRAIT,4,12-04-2009 14:35,6.75,17593,United Kingdom,27,,,
490304,82483,WOOD 2 DRAWER CABINET WHITE FINISH,3,12-04-2009 14:35,5.95,17593,United Kingdom,17.85,,,
490304,82482,WOODEN PICTURE FRAME WHITE FINISH,6,12-04-2009 14:35,2.55,17593,United Kingdom,15.3,,,
490304,84839,SWEETHEART KEY CABINET,2,12-04-2009 14:35,6.75,17593,United Kingdom,13.5,,,
490304,85066,CREAM SWEETHEART MINI CHEST,2,12-04-2009 14:35,12.75,17593,United Kingdom,25.5,,,
490304,21381,MINI WOODEN HAPPY BIRTHDAY GARLAND,12,12-04-2009 14:35,1.69,17593,United Kingdom,20.28,,,
490304,21380,WOODEN HAPPY BIRTHDAY GARLAND,6,12-04-2009 14:35,2.95,17593,United Kingdom,17.7,,,
490304,21556,CERAMIC STRAWBERRY MONEY BOX,6,12-04-2009 14:35,2.55,17593,United Kingdom,15.3,,,
490305,79323W, WHITE CHERRY LIGHTS,21,12-04-2009 14:37,6.75,17243,United Kingdom,141.75,,,
490305,37492C,GREEN BLUE FLOWER PIGGY BANK,1,12-04-2009 14:37,4.65,17243,United Kingdom,4.65,,,
490305,37492B,BLUE YELLOW FLOWER PIGGY BANK,2,12-04-2009 14:37,4.65,17243,United Kingdom,9.3,,,
490305,37492D,PURPLE GREEN FLOWER PIGGY BANK,3,12-04-2009 14:37,4.65,17243,United Kingdom,13.95,,,
490305,21826,EIGHT PIECE DINOSAUR SET,48,12-04-2009 14:37,1.25,17243,United Kingdom,60,,,
490305,37492A,YELLOW RED FLOWER PIGGY BANK,1,12-04-2009 14:37,4.65,17243,United Kingdom,4.65,,,
490305,35001W,HAND OPEN SHAPE DECO.WHITE,1,12-04-2009 14:37,3.49,17243,United Kingdom,3.49,,,
490305,85123A,WHITE HANGING HEART T-LIGHT HOLDER,10,12-04-2009 14:37,2.95,17243,United Kingdom,29.5,,,
490305,82494L,WOODEN FRAME ANTIQUE WHITE ,6,12-04-2009 14:37,2.95,17243,United Kingdom,17.7,,,
490305,21348,PINK SPOTS CHOCOLATE NESTING BOXES ,3,12-04-2009 14:37,2.95,17243,United Kingdom,8.85,,,
490305,82486,WOOD S/3 CABINET ANT WHITE FINISH,8,12-04-2009 14:37,7.95,17243,United Kingdom,63.6,,,
490305,72807C,SET/3 VANILLA SCENTED CANDLE IN BOX,8,12-04-2009 14:37,4.25,17243,United Kingdom,34,,,
490305,72807A,SET/3 ROSE CANDLE IN JEWELLED BOX,4,12-04-2009 14:37,4.25,17243,United Kingdom,17,,,
490305,72801F,S/4 FESTIVE RED DINNER CANDLES,12,12-04-2009 14:37,1.25,17243,United Kingdom,15,,,
490305,22295,HEART FILIGREE DOVE LARGE,12,12-04-2009 14:37,1.65,17243,United Kingdom,19.8,,,
490305,21823,PAINTED METAL HEART WITH HOLLY BELL,48,12-04-2009 14:37,1.45,17243,United Kingdom,69.6,,,
490305,21010,ETCHED GLASS BIRD TREE DECORATION,12,12-04-2009 14:37,1.25,17243,United Kingdom,15,,,
490305,21009,ETCHED GLASS STAR TREE DECORATION,12,12-04-2009 14:37,1.25,17243,United Kingdom,15,,,
490305,22152,PLACE SETTING WHITE STAR,24,12-04-2009 14:37,0.42,17243,United Kingdom,10.08,,,
490305,35471A,SET OF 3 BIRD L.BLUE FEATHER,6,12-04-2009 14:37,1.25,17243,United Kingdom,7.5,,,
490305,35471D,SET OF 3 BIRD LIGHT PINK FEATHER ,6,12-04-2009 14:37,1.25,17243,United Kingdom,7.5,,,
490305,84427B,BLACK GLASS TV DOUBLE P/FRAME 15X10,3,12-04-2009 14:37,4.25,17243,United Kingdom,12.75,,,
490305,84997C,BLUE 3 PIECE MINI DOTS CUTLERY SET,9,12-04-2009 14:37,3.75,17243,United Kingdom,33.75,,,
490305,84997D,PINK 3 PIECE MINI DOTS CUTLERY SET,7,12-04-2009 14:37,3.75,17243,United Kingdom,26.25,,,
490305,84029E,RED WOOLLY HOTTIE WHITE HEART.,4,12-04-2009 14:37,3.75,17243,United Kingdom,15,,,
490305,84029G,KNITTED UNION FLAG HOT WATER BOTTLE,1,12-04-2009 14:37,3.75,17243,United Kingdom,3.75,,,
490305,21486,PINK HEART DOTS HOT WATER BOTTLE,3,12-04-2009 14:37,3.75,17243,United Kingdom,11.25,,,
490305,21485,RED SPOT HEART HOT WATER BOTTLE,1,12-04-2009 14:37,4.95,17243,United Kingdom,4.95,,,
490305,21488,RED WHITE SCARF  HOT WATER BOTTLE,1,12-04-2009 14:37,3.95,17243,United Kingdom,3.95,,,
490305,21485,RED SPOT HEART HOT WATER BOTTLE,2,12-04-2009 14:37,4.95,17243,United Kingdom,9.9,,,
490305,22112,CHOCOLATE HOT WATER BOTTLE,2,12-04-2009 14:37,4.95,17243,United Kingdom,9.9,,,
490305,84029G,KNITTED UNION FLAG HOT WATER BOTTLE,7,12-04-2009 14:37,3.75,17243,United Kingdom,26.25,,,
490305,21034,REX CASH+CARRY JUMBO SHOPPER,1,12-04-2009 14:37,0.95,17243,United Kingdom,0.95,,,
490308,48111,DOOR MAT 3 SMILEY CATS,3,12-04-2009 14:52,6.75,12835,United Kingdom,20.25,,,
490308,21524,SPOTTY  HOME SWEET HOME DOORMAT,3,12-04-2009 14:52,6.75,12835,United Kingdom,20.25,,,
490308,48188,DOOR MAT WELCOME PUPPIES,1,12-04-2009 14:52,6.75,12835,United Kingdom,6.75,,,
490308,22055,MINI CAKE STAND  HANGING STRAWBERY,10,12-04-2009 14:52,1.65,12835,United Kingdom,16.5,,,
490308,22196,SMALL HEART MEASURING SPOONS,10,12-04-2009 14:52,0.85,12835,United Kingdom,8.5,,,
490308,22054,MINI CAKE STAND HANGING HEARTS,5,12-04-2009 14:52,1.65,12835,United Kingdom,8.25,,,
490308,21098,CHRISTMAS TOILET ROLL,2,12-04-2009 14:52,1.25,12835,United Kingdom,2.5,,,
490308,21527,RETRO SPOT TRADITIONAL TEAPOT ,1,12-04-2009 14:52,7.95,12835,United Kingdom,7.95,,,
490308,21531,RETRO SPOT SUGAR JAM BOWL,1,12-04-2009 14:52,2.55,12835,United Kingdom,2.55,,,
490308,21535,RETRO SPOT SMALL MILK JUG,1,12-04-2009 14:52,2.55,12835,United Kingdom,2.55,,,
490308,37448,CERAMIC CAKE DESIGN SPOTTED MUG,6,12-04-2009 14:52,1.49,12835,United Kingdom,8.94,,,
490308,22058,CERAMIC LOVE HEARTS DESIGN MUG,6,12-04-2009 14:52,1.49,12835,United Kingdom,8.94,,,
490308,20728,LUNCH BAG CARS BLUE,2,12-04-2009 14:52,1.65,12835,United Kingdom,3.3,,,
490308,21231,SWEETHEART CERAMIC TRINKET BOX,10,12-04-2009 14:52,1.25,12835,United Kingdom,12.5,,,
490308,21232,STRAWBERRY CERAMIC TRINKET BOX,20,12-04-2009 14:52,1.25,12835,United Kingdom,25,,,
490308,22061,LARGE CAKE STAND  HANGING STRAWBERY,4,12-04-2009 14:52,9.95,12835,United Kingdom,39.8,,,
490310,21551,CERAMIC BIRDHOUSE BUTTERFLY LARGE,6,12-04-2009 14:56,5.95,17151,United Kingdom,35.7,,,
490310,21550,CERAMIC BIRDHOUSE CRESTED TIT LARGE,12,12-04-2009 14:56,5.45,17151,United Kingdom,65.4,,,
490310,21552,CERAMIC BIRDHOUSE BLACK ROSE  LARGE,12,12-04-2009 14:56,5.45,17151,United Kingdom,65.4,,,
490310,21554,CERAMIC BIRDHOUSE RED ROOF LARGE,12,12-04-2009 14:56,5.45,17151,United Kingdom,65.4,,,
490311,21232,STRAWBERRY CERAMIC TRINKET BOX,12,12-04-2009 15:11,1.25,16451,United Kingdom,15,,,
