Customer ID,Country,Description,StockCode,Invoice (F),InvoiceDate (R),Quantity,Price,TotalAmount (M),,,
16321,Australia,Paper Bunting White Lace,22087,489450,2009-01-12 10:36:00,12,2.95,27,,,
16321,Australia,Cream Felt Easter Egg Basket,85206A,489450,2009-01-12 10:36:00,6,1.65,9.9,,,
16321,Australia,Potting Shed Sow 'N' Grow Set,21895,489450,2009-01-12 10:36:00,4,4.25,17,,,
16321,Australia,Potting Shed Twine,21896,489450,2009-01-12 10:36:00,6,2.1,12.6,,R,Recency
16321,Australia,Paper Chain Kit Retro Spot,22083,489450,2009-01-12 10:36:00,12,2.95,27,,F,Frequency
16321,Australia,Save The Planet Mug,21871,489450,2009-01-12 10:36:00,12,1.25,15,,M,Monetry
16321,Australia,Antique Silver Tea Glass Etched,84946,489450,2009-01-12 10:36:00,12,1.25,15,,,
16321,Australia,Hanging Heart Zinc T-Light Holder,84970S,489450,2009-01-12 10:36:00,24,0.85,20.4,,,
16321,Australia,Paper Bunting Retro Spots,22090,489450,2009-01-12 10:36:00,12,2.95,27,,,
12362,Belgium,Postage,POST,489447,2009-01-12 10:10:00,1,130,27,,,
14564,Channel Islands,Party Cone Christmas Decoration ,22130,490145,2009-04-12 09:27:00,24,0.85,20.4,,,
14564,Channel Islands,Cake Stand Lace White,22218,490145,2009-04-12 09:27:00,6,4.25,25.5,,,
14564,Channel Islands,Cake Plate Lovebird White,22222,490145,2009-04-12 09:27:00,6,4.95,27,,,
14564,Channel Islands,Cake Stand Lovebird 2 Tier White,22220,490145,2009-04-12 09:27:00,4,9.95,27,,,
14564,Channel Islands,Cake Stand White Two Tier Lace,22215,490145,2009-04-12 09:27:00,4,8.5,27,,,
14564,Channel Islands,Cake Plate Lovebird Pink,22223,490145,2009-04-12 09:27:00,3,4.95,14.85,,,
14564,Channel Islands,Tea Bag Plate Red Spotty ,22348,490145,2009-04-12 09:27:00,12,0.85,10.2,,,
14564,Channel Islands,"Popcorn Holder , Large",22198,490145,2009-04-12 09:27:00,12,1.65,19.8,,,
14564,Channel Islands,Pack Of 72 Retro Spot Cake Cases,21212,490145,2009-04-12 09:27:00,24,0.55,13.2,,,
14564,Channel Islands,Party Cones Candy Assorted,22128,490145,2009-04-12 09:27:00,12,1.25,15,,,
14564,Channel Islands,Party Cones Carnival Assorted,22127,490145,2009-04-12 09:27:00,27,1.25,27,,,
14564,Channel Islands,Pig Keyring With Light & Sound ,22299,490145,2009-04-12 09:27:00,24,1.25,27,,,
14564,Channel Islands,Frosted Box 9 White T-Light Candles,72008,490145,2009-04-12 09:27:00,12,0.42,5.04,,,
14564,Channel Islands,Assorted Colour Bird Ornament,84879,490145,2009-04-12 09:27:00,16,1.69,27,,,
14564,Channel Islands,Multi Colour Silver T-Light Holder,84945,490145,2009-04-12 09:27:00,12,0.85,10.2,,,
14564,Channel Islands,Red Spotty Coir Doormat,20685,490145,2009-04-12 09:27:00,6,6.75,27,,,
14564,Channel Islands,Mirror Mosaic T-Light Holder ,22102,490145,2009-04-12 09:27:00,6,1.65,9.9,,,
14564,Channel Islands,Assorted Tutti Frutti Keyring,21639,490145,2009-04-12 09:27:00,24,0.85,20.4,,,
14564,Channel Islands,Assorted Tutti Frutti Large Purse,21647,490145,2009-04-12 09:27:00,24,2.1,27,,,
14564,Channel Islands,Two Door Curio Cabinet,21735,490145,2009-04-12 09:27:00,2,12.75,25.5,,,
14564,Channel Islands,Union Jack Guns & Roses  Doormat,21955,490145,2009-04-12 09:27:00,4,6.75,27,,,
14564,Channel Islands,Baking Set 9 Piece Retrospot ,22138,490145,2009-04-12 09:27:00,6,4.95,27,,,
14564,Channel Islands,Retro Spot Tea Set Ceramic 11 Pc ,22139,490145,2009-04-12 09:27:00,6,4.95,27,,,
14564,Channel Islands,Dolly Mixture Children'S Umbrella,20686,490145,2009-04-12 09:27:00,6,3.25,19.5,,,
14564,Channel Islands,Retro Spot Giant  Tube Matches,21588,490145,2009-04-12 09:27:00,12,2.55,27,,,
14564,Channel Islands,Swallow Giant Tube Matches,21589,490145,2009-04-12 09:27:00,12,2.55,27,,,
14564,Channel Islands,Retro Spot  Cigar Box Matches ,21592,490145,2009-04-12 09:27:00,24,1.25,27,,,
14564,Channel Islands,Vintage Union Jack Bunting,21621,490145,2009-04-12 09:27:00,6,8.5,27,,,
14564,Channel Islands,Vintage Union Jack Cushion Cover,21622,490145,2009-04-12 09:27:00,4,4.95,19.8,,,
14564,Channel Islands,Black/Blue Dots Ruffled Umbrella,85014A,490145,2009-04-12 09:27:00,3,5.95,17.85,,,
14564,Channel Islands,Red/White Dots Ruffled Umbrella,85014B,490145,2009-04-12 09:27:00,6,5.95,27,,,
14564,Channel Islands,Pink Polkadot Kids Bag,22323,490145,2009-04-12 09:27:00,3,4.95,14.85,,,
14564,Channel Islands,Blue Polkadot Kids Bag,22324,490145,2009-04-12 09:27:00,3,4.95,14.85,,,
14564,Channel Islands,Set 10 Lights Night Owl,22179,490145,2009-04-12 09:27:00,6,6.75,27,,,
14564,Channel Islands,White Bell Honeycomb Paper Garland ,21187,490145,2009-04-12 09:27:00,12,1.65,19.8,,,
14564,Channel Islands,Wrap Christmas Screen Print,22049,490145,2009-04-12 09:27:00,25,0.42,10.5,,,
14564,Channel Islands,Green Christmas Tree Card Holder,22187,490145,2009-04-12 09:27:00,8,4.25,27,,,
14564,Channel Islands,Set/6 Gold Reindeer T-Light Candles,85033G,490145,2009-04-12 09:27:00,12,1.95,23.4,,,
14564,Channel Islands,Set/6 Silver Reindeer T-Lights,85033S,490145,2009-04-12 09:27:00,12,1.95,23.4,,,
12435,Denmark,Rotating Silver Angels T-Light Hldr,84347,489831,2009-02-12 13:58:00,27,2.1,27,,,
14911,EIRE,Purple Current Candle Ring,35751C,489520,2009-01-12 11:41:00,12,0.75,9,,,
14911,EIRE,White Chocolate Scent Candle,72739B,489520,2009-01-12 11:41:00,12,1.25,15,,,
14911,EIRE,Hot Water Bottle Tea And Sympathy,22114,489520,2009-01-12 11:41:00,8,3.95,27,,,
14911,EIRE,Four Hook  White Lovebirds,22212,489520,2009-01-12 11:41:00,6,2.1,12.6,,,
14911,EIRE,Fancy Font Home Sweet Home Doormat,21523,489520,2009-01-12 11:41:00,2,6.75,13.5,,,
14911,EIRE,Door Mat New England,48187,489520,2009-01-12 11:41:00,2,6.75,13.5,,,
14911,EIRE,Door Mat Green Paisley ,48195,489520,2009-01-12 11:41:00,2,6.75,13.5,,,
14911,EIRE,Grand Chocolatecandle,72741,489520,2009-01-12 11:41:00,27,1.45,27,,,
14911,EIRE,Set/3 Decoupage Stacking Tins,85232D,489520,2009-01-12 11:41:00,3,4.95,14.85,,,
14911,EIRE,Glitter Butterfly Clips,20828,489520,2009-01-12 11:41:00,6,2.55,15.3,,,
14911,EIRE,Ribbon Reel Spots Design ,22080,489520,2009-01-12 11:41:00,10,1.65,16.5,,,
14911,EIRE,Ribbon Reel Stripes Design ,22082,489520,2009-01-12 11:41:00,10,1.65,16.5,,,
14911,EIRE,Home Building Block Word,21754,489520,2009-01-12 11:41:00,6,5.95,27,,,
14911,EIRE,Shoe Shine Box ,21784,489520,2009-01-12 11:41:00,4,9.95,27,,,
14911,EIRE,Party Metal Sign ,21172,489520,2009-01-12 11:41:00,12,1.45,17.4,,,
14911,EIRE,Please One Person  Metal Sign,21181,489520,2009-01-12 11:41:00,6,2.1,12.6,,,
14911,EIRE,No Singing Metal Sign,82600,489520,2009-01-12 11:41:00,12,2.1,25.2,,,
14911,EIRE,12 Egg House Painted Wood,22282,489520,2009-01-12 11:41:00,4,12.75,27,,,
14911,EIRE,Pink Heart Candy Button Calculator,21842,489520,2009-01-12 11:41:00,27,2.55,27,,,
14911,EIRE,Paper Bunting Vintage Paisley,22089,489520,2009-01-12 11:41:00,6,2.95,17.7,,,
14911,EIRE,Set/3 Red Gingham Rose Storage Box,21430,489520,2009-01-12 11:41:00,4,3.75,15,,,
14911,EIRE,Silver Mini Tape Measure ,20734,489520,2009-01-12 11:41:00,10,0.85,8.5,,,
14911,EIRE,Painted Bird Assorted Christmas,21133,489520,2009-01-12 11:41:00,12,1.69,20.28,,,
14911,EIRE,Assorted Santa Christmas Decoration,35071,489520,2009-01-12 11:41:00,12,0.85,10.2,,,
14911,EIRE,Paper Chain Kit Retro Spot,22083,489520,2009-01-12 11:41:00,6,2.95,17.7,,,
14911,EIRE,Paper Chain Kit 50'S Christmas ,22086,489520,2009-01-12 11:41:00,6,2.95,17.7,,,
14911,EIRE,Noel Wooden Block Letters ,22121,489520,2009-01-12 11:41:00,3,5.95,17.85,,,
14911,EIRE,Red Spot Heart Hot Water Bottle,21485,489520,2009-01-12 11:41:00,3,4.95,14.85,,,
14911,EIRE,Zinc Metal Heart Decoration,84836,489520,2009-01-12 11:41:00,12,1.25,15,,,
14911,EIRE,Set Of 2 Fancy Font Tea Towels,22122,489520,2009-01-12 11:41:00,12,2.95,27,,,
14156,EIRE,Pink Heart Shape Egg Frying Pan,84050,489546,2009-01-12 12:30:00,6,1.65,9.9,,,
14156,EIRE,English Rose Design Peg Bag,47568,489546,2009-01-12 12:30:00,6,2.1,12.6,,,
14156,EIRE,Pink 3 Tier Glass Plate Stand,84782A,489546,2009-01-12 12:30:00,2,12.75,25.5,,,
14156,EIRE,Green 3 Tier Glass Plate Stand,84782C,489546,2009-01-12 12:30:00,1,12.75,12.75,,,
14156,EIRE,Strawberry Ceramic Trinket Box,21232,489546,2009-01-12 12:30:00,12,1.25,15,,,
14156,EIRE,Sweetheart Ceramic Trinket Box,21231,489546,2009-01-12 12:30:00,12,1.25,15,,,
14156,EIRE,Red Star Card Holder,22186,489546,2009-01-12 12:30:00,6,2.95,17.7,,,
14156,EIRE,Family Album White Picture Frame,22169,489546,2009-01-12 12:30:00,4,8.5,27,,,
14156,EIRE,Wooden Frame Antique White ,82494L,489546,2009-01-12 12:30:00,6,2.95,17.7,,,
14156,EIRE,Large Green Peony Folding Stool,84933A,489546,2009-01-12 12:30:00,6,2.1,12.6,,,
14156,EIRE,Large Pink Peony Folding Stool,84933B,489546,2009-01-12 12:30:00,6,2.1,12.6,,,
14156,EIRE,Frying Pan Blue Polkadot ,22201,489546,2009-01-12 12:30:00,4,4.25,17,,,
14156,EIRE,Tea Time Cake Stand In Gift Box,37503,489546,2009-01-12 12:30:00,4,10.75,27,,,
14156,EIRE,Door Mat Fairy Cake,48185,489546,2009-01-12 12:30:00,4,6.75,27,,,
14156,EIRE,Door Mat Welcome Puppies,48188,489546,2009-01-12 12:30:00,2,6.75,13.5,,,
14156,EIRE,Doormat Hearts,48194,489546,2009-01-12 12:30:00,2,6.75,13.5,,,
14156,EIRE,Door Mat Topiary,48129,489546,2009-01-12 12:30:00,2,6.75,13.5,,,
14156,EIRE,Pink 3 Piece Mini Dots Cutlery Set,84997D,489546,2009-01-12 12:30:00,6,3.75,22.5,,,
14156,EIRE,Ma Campagne Cutlery Box,21781,489546,2009-01-12 12:30:00,1,14.95,14.95,,,
14156,EIRE,Scottie Dog Hot Water Bottle,22111,489546,2009-01-12 12:30:00,3,4.95,14.85,,,
14156,EIRE,Red Spot Heart Hot Water Bottle,21485,489546,2009-01-12 12:30:00,3,4.95,14.85,,,
14156,EIRE,Chick Grey Hot Water Bottle,21484,489546,2009-01-12 12:30:00,4,3.45,13.8,,,
14156,EIRE,Floral Elephant Soft Toy,20692,489546,2009-01-12 12:30:00,9,4.25,27,,,
14156,EIRE,Green Fern Journal ,20768,489546,2009-01-12 12:30:00,6,2.55,15.3,,,
14156,EIRE,Set/20 Fruit Salad Paper Napkins ,21082,489546,2009-01-12 12:30:00,12,0.85,10.2,,,
14156,EIRE,Pink Fairy Cake Child'S Apron,47591D,489546,2009-01-12 12:30:00,8,1.95,15.6,,,
14156,EIRE,Scotties Des Child'S Apron,47591B,489546,2009-01-12 12:30:00,8,1.65,13.2,,,
14156,EIRE,Rose Du Sud Childs Apron,21004,489546,2009-01-12 12:30:00,3,4.25,12.75,,,
14156,EIRE,Pack Of 72 Retro Spot Cake Cases,21212,489546,2009-01-12 12:30:00,24,0.55,13.2,,,
14156,EIRE,Funky Washing Up Gloves Assorted,20751,489546,2009-01-12 12:30:00,12,2.1,25.2,,,
14156,EIRE,Large Heart Measuring Spoons,22195,489546,2009-01-12 12:30:00,12,1.65,19.8,,,
14156,EIRE,Small Heart Measuring Spoons,22196,489546,2009-01-12 12:30:00,12,0.85,10.2,,,
14156,EIRE,Frying Pan Red Polkadot ,22199,489546,2009-01-12 12:30:00,4,4.25,17,,,
14156,EIRE,Door Mat New England,48187,489550,2009-01-12 12:33:00,2,6.75,13.5,,,
14156,EIRE,Fancy Font Home Sweet Home Doormat,21523,489550,2009-01-12 12:33:00,2,6.75,13.5,,,
14156,EIRE,S/16 Vintage Pistachio Cutlery,84968C,489550,2009-01-12 12:33:00,4,12.75,27,,,
14156,EIRE,S/16 Vintage Sky Blue Cutlery,84968F,489550,2009-01-12 12:33:00,2,12.75,25.5,,,
14156,EIRE,S/16 Vintage Ivory Cutlery,84968B,489550,2009-01-12 12:33:00,2,12.75,25.5,,,
14156,EIRE,Pack Of 60 Pink Paisley Cake Cases,21977,489550,2009-01-12 12:33:00,27,0.55,26.4,,,
14156,EIRE,Wash Bag Vintage Rose Paisley,22276,489550,2009-01-12 12:33:00,6,2.55,15.3,,,
14156,EIRE,Vintage Cream 3 Basket Cake Stand,72760B,489550,2009-01-12 12:33:00,4,9.95,27,,,
14156,EIRE,Lavender Scented Set/9 T-Lights,85231L,489550,2009-01-12 12:33:00,12,0.85,10.2,,,
14156,EIRE,Orange Scented Set/9 T-Lights,85231G,489550,2009-01-12 12:33:00,12,0.85,10.2,,,
14156,EIRE,4 Wildflower Botanical Candles,21618,489550,2009-01-12 12:33:00,6,3.75,22.5,,,
14156,EIRE,4 Lavender Botanical Dinner Candles,21615,489550,2009-01-12 12:33:00,6,3.75,22.5,,,
14156,EIRE,4 Vanilla Botanical Candles,21619,489550,2009-01-12 12:33:00,6,3.75,22.5,,,
14156,EIRE,Set 12 Wildflower Botanical T-Light,21612,489550,2009-01-12 12:33:00,6,2.95,17.7,,,
14156,EIRE,Traditional Christmas Ribbons,85049A,489550,2009-01-12 12:33:00,12,1.25,15,,,
14156,EIRE,Lush Greens Ribbons,85049B,489550,2009-01-12 12:33:00,12,1.25,15,,,
14156,EIRE,Chocolate Box Ribbons ,85049G,489550,2009-01-12 12:33:00,12,1.25,15,,,
14156,EIRE,Gin + Tonic Diet Metal Sign,21175,489550,2009-01-12 12:33:00,6,2.1,12.6,,,
14156,EIRE,Open Closed Metal Sign,21770,489550,2009-01-12 12:33:00,2,4.95,9.9,,,
14156,EIRE,Piccadilly Tea Set,20747,489550,2009-01-12 12:33:00,2,14.95,27,,,
14156,EIRE,Tea Time Teapot In Gift Box,37500,489550,2009-01-12 12:33:00,2,9.95,19.9,,,
14156,EIRE,60 Teatime Fairy Cake Cases,84991,489550,2009-01-12 12:33:00,27,0.55,26.4,,,
14156,EIRE,Assorted Sanskrit Mini Notebook,21637,489550,2009-01-12 12:33:00,18,1.25,22.5,,,
14156,EIRE,Please One Person  Metal Sign,21181,490127,2009-03-12 18:13:00,6,2.1,12.6,,,
14156,EIRE,Open Closed Metal Sign,21770,490127,2009-03-12 18:13:00,2,4.95,9.9,,,
14156,EIRE,Man Flu Metal Sign,21903,490127,2009-03-12 18:13:00,6,2.1,12.6,,,
14156,EIRE,Chocolate Hot Water Bottle,22112,490127,2009-03-12 18:13:00,6,4.95,27,,,
14156,EIRE,Hot Water Bottle Tea And Sympathy,22114,490127,2009-03-12 18:13:00,8,3.95,27,,,
14156,EIRE,Retro Spot Tea Set Ceramic 11 Pc ,22139,490127,2009-03-12 18:13:00,3,4.95,14.85,,,
14156,EIRE,Red Star Card Holder,22186,490127,2009-03-12 18:13:00,6,2.95,17.7,,,
14156,EIRE,Frying Pan Pink Polkadot ,22200,490127,2009-03-12 18:13:00,4,4.25,17,,,
14156,EIRE,Milk Pan Pink Retrospot,22202,490127,2009-03-12 18:13:00,4,3.75,15,,,
14156,EIRE,Cake Stand White Two Tier Lace,22215,490127,2009-03-12 18:13:00,2,8.5,17,,,
14156,EIRE,Cake Stand Lace White,22218,490127,2009-03-12 18:13:00,3,4.25,12.75,,,
14156,EIRE,Weekend Bag Vintage Rose Paisley,22275,490127,2009-03-12 18:13:00,2,8.5,17,,,
14156,EIRE,Wash Bag Vintage Rose Paisley,22276,490127,2009-03-12 18:13:00,6,2.55,15.3,,,
14156,EIRE,Pink Polkadot Kids Bag,22323,490127,2009-03-12 18:13:00,3,4.95,14.85,,,
14156,EIRE,Pizza Slice Dish,22347,490127,2009-03-12 18:13:00,12,1.25,15,,,
14156,EIRE,Tea Bag Plate Red Spotty ,22348,490127,2009-03-12 18:13:00,12,0.85,10.2,,,
14156,EIRE,White Tissue Ream,22415,490127,2009-03-12 18:13:00,1,7.95,7.95,,,
14156,EIRE,Tea Time Teapot In Gift Box,37500,490127,2009-03-12 18:13:00,2,9.95,19.9,,,
14156,EIRE,Tea Time Cake Stand In Gift Box,37503,490127,2009-03-12 18:13:00,2,10.75,21.5,,,
14156,EIRE,Decorative Net Canopy Cream,45008C,490127,2009-03-12 18:13:00,2,8.95,17.9,,,
14156,EIRE,Ass Floral Print Tape Measure,47503G,490127,2009-03-12 18:13:00,12,1.25,15,,,
14156,EIRE,Tea Time Des Tea Cosy,47580,490127,2009-03-12 18:13:00,6,2.55,15.3,,,
14156,EIRE, Red/White Dot Mini Cases,20750,490127,2009-03-12 18:13:00,2,7.95,15.9,,,
14156,EIRE,Retro Pink Spot Washing Up Gloves,20753,490127,2009-03-12 18:13:00,6,2.1,12.6,,,
14156,EIRE,Set Of 20 Kids Cookie Cutters,84375,490127,2009-03-12 18:13:00,12,1.95,23.4,,,
14156,EIRE,Set Of 3 Heart Cookie Cutters,84378,490127,2009-03-12 18:13:00,12,1.25,15,,,
14156,EIRE,Pink/White Ribbed Melamine Jug,84562A,490127,2009-03-12 18:13:00,2,7.95,15.9,,,
14156,EIRE,Girly Pink Tool Set,84854,490127,2009-03-12 18:13:00,4,4.95,19.8,,,
14156,EIRE,White Wire Egg Holder,84880,490127,2009-03-12 18:13:00,3,5.95,17.85,,,
14156,EIRE,60 Teatime Fairy Cake Cases,84991,490127,2009-03-12 18:13:00,24,0.55,13.2,,,
14156,EIRE,75 Green Petit Four Cases,84993A,490127,2009-03-12 18:13:00,24,0.42,10.08,,,
14156,EIRE,Set/3 Polka Dot Stacking Tins,85232A,490127,2009-03-12 18:13:00,3,4.95,14.85,,,
14156,EIRE,Carriage,C2,490127,2009-03-12 18:13:00,1,50,27,,,
12682,France,Christmas Pudding Trinket Pot ,22065,489439,2009-01-12 09:28:00,12,1.45,17.4,,,
12682,France,Baking Set 9 Piece Retrospot ,22138,489439,2009-01-12 09:28:00,9,4.95,27,,,
12682,France,Retro Spot Tea Set Ceramic 11 Pc ,22139,489439,2009-01-12 09:28:00,9,4.95,27,,,
12682,France,Lunchbox With Cutlery Retrospot ,22352,489439,2009-01-12 09:28:00,12,2.55,27,,,
12682,France,Black/Blue Dots Ruffled Umbrella,85014A,489439,2009-01-12 09:28:00,3,5.95,17.85,,,
12682,France,Red/White Dots Ruffled Umbrella,85014B,489439,2009-01-12 09:28:00,3,5.95,17.85,,,
12682,France,Wrap English Rose ,16161P,489439,2009-01-12 09:28:00,25,0.42,10.5,,,
12682,France,Wrap Blue Russian Folkart,16169N,489439,2009-01-12 09:28:00,25,0.42,10.5,,,
12682,France,Set Of Three Vintage Gift Wraps,21491,489439,2009-01-12 09:28:00,6,1.95,11.7,,,
12682,France,Retro Sport Party Bag + Sticker Set,22333,489439,2009-01-12 09:28:00,8,1.65,13.2,,,
12682,France,Assorted Cakes Fridge Magnets,85216,489439,2009-01-12 09:28:00,12,0.65,7.8,,,
12682,France, Vintage Design Gift Tags,21493,489439,2009-01-12 09:28:00,12,0.85,10.2,,,
12682,France,Party Cone Christmas Decoration ,22130,489439,2009-01-12 09:28:00,24,0.85,20.4,,,
12682,France,Pink Doughnut Trinket Pot ,22064,489439,2009-01-12 09:28:00,12,1.65,19.8,,,
12682,France,Red Toadstool Led Night Light,21731,489439,2009-01-12 09:28:00,24,1.65,27,,,
12682,France,Set/3 Russian Doll Stacking Tins,85232B,489439,2009-01-12 09:28:00,6,4.95,27,,,
12682,France,Pack 20 Dolly Pegs,84691,489439,2009-01-12 09:28:00,12,0.85,10.2,,,
12682,France,Assorted Colour Mini Cases,20749,489439,2009-01-12 09:28:00,2,7.95,15.9,,,
12682,France,Postage,POST,489439,2009-01-12 09:28:00,3,18,27,,,
12490,France,Basket Of Toadstools,21439,489557,2009-01-12 12:52:00,12,1.25,15,,,
12490,France,Wrap Winter Forest,16169D,489557,2009-01-12 12:52:00,25,0.42,10.5,,,
12490,France,Wrap Blue Reindeer,16169C,489557,2009-01-12 12:52:00,25,0.42,10.5,,,
12490,France,Red Bird House Tree Decoration,21017,489557,2009-01-12 12:52:00,27,0.72,27,,,
12490,France,Red Toadstool Led Night Light,21731,489557,2009-01-12 12:52:00,24,1.65,27,,,
12490,France,Lunchbox With Cutlery Retrospot ,22352,489557,2009-01-12 12:52:00,12,2.55,27,,,
12490,France,Lunchbox With Cutlery Fairy Cakes ,22353,489557,2009-01-12 12:52:00,6,2.55,15.3,,,
12490,France,Red Spotty Coir Doormat,20685,489557,2009-01-12 12:52:00,2,6.75,13.5,,,
12490,France,Set Of 72 Retro Spot Paper  Doilies,21210,489557,2009-01-12 12:52:00,12,1.45,17.4,,,
12490,France,Pack Of 72 Retro Spot Cake Cases,21212,489557,2009-01-12 12:52:00,24,0.55,13.2,,,
12490,France,Red Spotty Cup,21238,489557,2009-01-12 12:52:00,16,0.85,13.6,,,
12490,France,Jumbo Bag Red White Spotty ,85099B,489557,2009-01-12 12:52:00,20,1.95,27,,,
12490,France,Woodland Charlotte Bag,20719,489557,2009-01-12 12:52:00,10,0.85,8.5,,,
12490,France,Red Spotty Shopping Bag,21039,489557,2009-01-12 12:52:00,12,2.55,27,,,
12490,France,Jumbo Bag Woodland Animals,20712,489557,2009-01-12 12:52:00,10,1.95,19.5,,,
12490,France,Jumbo Bag Toys ,20711,489557,2009-01-12 12:52:00,10,1.95,19.5,,,
12490,France,Set Of 3 Cases Woodland Design,21432,489557,2009-01-12 12:52:00,8,5.95,27,,,
12490,France,Woodland Storage Box Large ,21424,489557,2009-01-12 12:52:00,6,2.95,17.7,,,
12490,France,Woodland Storage Box Small,21426,489557,2009-01-12 12:52:00,6,2.1,12.6,,,
12490,France,Red Spotty Childs Umbrella,20682,489557,2009-01-12 12:52:00,6,3.25,19.5,,,
12490,France,Postage,POST,489557,2009-01-12 12:52:00,4,18,27,,,
12437,France,Retro Spot Tea Set Ceramic 11 Pc ,22139,489883,2009-02-12 16:24:00,6,4.95,27,,,
12437,France,Baking Set 9 Piece Retrospot ,22138,489883,2009-02-12 16:24:00,6,4.95,27,,,
12437,France,Floral Soft Car Toy,20696,489883,2009-02-12 16:24:00,4,3.75,15,,,
12437,France,Candy Spot Bunny,85089,489883,2009-02-12 16:24:00,6,2.95,17.7,,,
12437,France,Wood Animals Height Chart Stickers ,21249,489883,2009-02-12 16:24:00,6,2.95,17.7,,,
12437,France,Vintage Heads And Tails Card Game ,21791,489883,2009-02-12 16:24:00,12,1.25,15,,,
12437,France,Set/6 3D Kit Cards For Kids,85227,489883,2009-02-12 16:24:00,12,0.85,10.2,,,
12437,France,Red Gingham Rose Jewellery Box,21429,489883,2009-02-12 16:24:00,16,1.65,26.4,,,
12437,France,Red Spotty Charlotte Bag,20724,489883,2009-02-12 16:24:00,10,0.85,8.5,,,
12437,France,Suki  Shoulder Bag,21935,489883,2009-02-12 16:24:00,10,1.65,16.5,,,
12437,France,Assorted Colour Mini Cases,20749,489883,2009-02-12 16:24:00,4,7.95,27,,,
12437,France, Red/White Dot Mini Cases,20750,489883,2009-02-12 16:24:00,4,7.95,27,,,
12437,France,Set Of 3 Cases Woodland Design,21432,489883,2009-02-12 16:24:00,8,5.95,27,,,
12437,France,Wood Stamp Set Flowers,22211,489883,2009-02-12 16:24:00,12,1.65,19.8,,,
12437,France,Eight Piece Dinosaur Set,21826,489883,2009-02-12 16:24:00,12,1.25,15,,,
12437,France,Japanese Crocheted Animal,84670,489883,2009-02-12 16:24:00,24,0.42,10.08,,,
12437,France,Lunchbox With Cutlery Retrospot ,22352,489883,2009-02-12 16:24:00,6,2.55,15.3,,,
12437,France,Crochet Bear With Blue Stripes,84671B,489883,2009-02-12 16:24:00,6,2.55,15.3,,,
12437,France,36 Pencils Tube Woodland,20977,489883,2009-02-12 16:24:00,16,1.25,20,,,
12437,France,36 Pencils Tube Red Spotty,20979,489883,2009-02-12 16:24:00,16,1.25,20,,,
12437,France,12 Pencils Tall Tube Red Spotty,20983,489883,2009-02-12 16:24:00,12,0.85,10.2,,,
12437,France,12 Pencils Tall Tube Woodland,20981,489883,2009-02-12 16:24:00,12,0.85,10.2,,,
12437,France,Mobile Vintage Hearts ,22325,489883,2009-02-12 16:24:00,6,4.95,27,,,
12437,France,Home Building Block Word,21754,489883,2009-02-12 16:24:00,6,5.95,27,,,
12437,France,English Rose Notebook A6 Size,84535A,489883,2009-02-12 16:24:00,16,0.65,10.4,,,
12437,France,Red Daisy Paper Lampshade,40046A,489883,2009-02-12 16:24:00,12,1.25,15,,,
12437,France,Postage,POST,489883,2009-02-12 16:24:00,3,18,27,,,
12577,France,Weekend Bag Vintage Rose Paisley,22275,490139,2009-03-12 19:31:00,2,8.5,17,,,
12577,France,Charlie & Lola Wastepaper Bin Blue,85183A,490139,2009-03-12 19:31:00,3,3.75,11.25,,,
12577,France,Charlie & Lola Wastepaper Bin Flora,85183B,490139,2009-03-12 19:31:00,3,3.75,11.25,,,
12577,France,Charlie And Lola Charlotte Bag,21100,490139,2009-03-12 19:31:00,10,1.65,16.5,,,
12577,France,Union Jack Hot Water Bottle ,22125,490139,2009-03-12 19:31:00,1,5.95,5.95,,,
12577,France,Hot Water Bottle Tea And Sympathy,22114,490139,2009-03-12 19:31:00,1,3.95,3.95,,,
12577,France,Skull Shoulder Bag,21934,490139,2009-03-12 19:31:00,10,1.65,16.5,,,
12577,France,Vintage Seaside Jigsaw Puzzles,21913,490139,2009-03-12 19:31:00,8,3.75,27,,,
12577,France,Vintage Snakes & Ladders,21912,490139,2009-03-12 19:31:00,7,3.75,26.25,,,
12577,France,Bingo Set,21888,490139,2009-03-12 19:31:00,7,3.75,26.25,,,
12577,France,S/6 Wooden Skittles In Cotton Bag,21890,490139,2009-03-12 19:31:00,7,2.95,20.65,,,
12577,France,Wooden Box Of Dominoes,21889,490139,2009-03-12 19:31:00,6,1.25,7.5,,,
12577,France,Traditional Wooden Catch Cup Game ,21892,490139,2009-03-12 19:31:00,14,1.25,17.5,,,
12714,France,Wrap Green Russian Folkart ,16169P,490152,2009-04-12 10:00:00,25,0.42,10.5,,,
12714,France,Edwardian Parasol Red,20679,490152,2009-04-12 10:00:00,3,5.95,17.85,,,
12714,France,Red Spotty Coir Doormat,20685,490152,2009-04-12 10:00:00,4,6.75,27,,,
12714,France,Assorted Colour Mini Cases,20749,490152,2009-04-12 10:00:00,2,7.95,15.9,,,
12714,France, Red/White Dot Mini Cases,20750,490152,2009-04-12 10:00:00,2,7.95,15.9,,,
12714,France,Set/6 Garden Gnome T-Light Candles,20940,490152,2009-04-12 10:00:00,6,2.95,17.7,,,
12714,France,"Set 3 Red Spot Tin Tea,Coffee,Sugar",21216,490152,2009-04-12 10:00:00,4,4.95,19.8,,,
12714,France,Red Gingham Rose Jewellery Box,21429,490152,2009-04-12 10:00:00,8,1.65,13.2,,,
12714,France,Green Gingham Flower Jewellery Box,21431,490152,2009-04-12 10:00:00,8,1.65,13.2,,,
12714,France,Spotty  Home Sweet Home Doormat,21524,490152,2009-04-12 10:00:00,2,6.75,13.5,,,
12714,France,Vintage Caravan Gift Wrap,22052,490152,2009-04-12 10:00:00,25,0.42,10.5,,,
12714,France,Bird Decoration Red Spot,22321,490152,2009-04-12 10:00:00,12,0.85,10.2,,,
12714,France,Door Mat English Rose ,48184,490152,2009-04-12 10:00:00,4,6.75,27,,,
12714,France,Door Mat Green Paisley ,48195,490152,2009-04-12 10:00:00,4,6.75,27,,,
12714,France,Small Green Peony Folding Stool,84932A,490152,2009-04-12 10:00:00,3,8.5,25.5,,,
12714,France,Small Pink Peony Folding Stool,84932B,490152,2009-04-12 10:00:00,3,8.5,25.5,,,
12714,France,Small Oriental Blue Folding Stool,84932C,490152,2009-04-12 10:00:00,3,8.5,25.5,,,
12714,France,Small Oriental Red Folding Stool,84932D,490152,2009-04-12 10:00:00,3,8.5,25.5,,,
12714,France,Large Green Peony Folding Stool,84933A,490152,2009-04-12 10:00:00,3,9.95,27,,,
12714,France,Large Pink Peony Folding Stool,84933B,490152,2009-04-12 10:00:00,3,9.95,27,,,
12714,France,Large Blue Oriental Folding Stool,84933C,490152,2009-04-12 10:00:00,3,9.95,27,,,
12714,France,Envelope 50 Romantic Images,85017A,490152,2009-04-12 10:00:00,12,0.85,10.2,,,
12714,France,Envelope 50 Blossom Images,85017B,490152,2009-04-12 10:00:00,12,0.85,10.2,,,
12714,France,Wrap Folk Art,16169K,490152,2009-04-12 10:00:00,25,0.42,10.5,,,
12714,France,Wrap Blue Russian Folkart,16169N,490152,2009-04-12 10:00:00,25,0.42,10.5,,,
12714,France,Envelope 50 Curious Images,85017C,490152,2009-04-12 10:00:00,12,0.85,10.2,,,
12714,France,Set/3 Polka Dot Stacking Tins,85232A,490152,2009-04-12 10:00:00,3,4.95,14.85,,,
12714,France,Set/3 Russian Doll Stacking Tins,85232B,490152,2009-04-12 10:00:00,12,4.95,27,,,
12714,France,Postage,POST,490152,2009-04-12 10:00:00,7,18,27,,,
12533,Germany,Scandinavian Reds Ribbons,85049E,489526,2009-01-12 11:50:00,12,1.25,15,,,
12533,Germany,Pack Of 60 Mushroom Cake Cases,21976,489526,2009-01-12 11:50:00,24,0.55,13.2,,,
12533,Germany,Red Spots  Wrap ,21498,489526,2009-01-12 11:50:00,25,0.42,10.5,,,
12533,Germany,6 Ribbons Rustic Charm,22077,489526,2009-01-12 11:50:00,12,1.65,19.8,,,
12533,Germany,Antique Silver Tea Glass Etched,84946,489526,2009-01-12 11:50:00,12,1.25,15,,,
12533,Germany,Silver Hanging T-Light Holder Dome,84948,489526,2009-01-12 11:50:00,24,1.65,27,,,
12533,Germany,Retro Spots Pudding Bowl,21537,489526,2009-01-12 11:50:00,4,4.25,17,,,
12533,Germany,Red Hanging Heart T-Light Holder,21733,489526,2009-01-12 11:50:00,6,2.95,17.7,,,
12533,Germany,White Hanging Heart T-Light Holder,85123A,489526,2009-01-12 11:50:00,6,2.95,17.7,,,
12533,Germany,Red Spotty Shopper Bag,20718,489526,2009-01-12 11:50:00,10,1.25,12.5,,,
12533,Germany,Retro Spots Butter Dish,21539,489526,2009-01-12 11:50:00,3,4.95,14.85,,,
12533,Germany,Wrap Blizzard,16169F,489526,2009-01-12 11:50:00,25,0.42,10.5,,,
12533,Germany,Zinc Metal Heart Decoration,84836,489526,2009-01-12 11:50:00,24,1.25,27,,,
12533,Germany,Retro Spot Traditional Teapot ,21527,489526,2009-01-12 11:50:00,2,7.95,15.9,,,
12533,Germany,Retro Spot Large Milk Jug,21533,489526,2009-01-12 11:50:00,6,4.95,27,,,
12533,Germany,Retro Spot Sugar Jam Bowl,21531,489526,2009-01-12 11:50:00,6,2.55,15.3,,,
12533,Germany,Retro Spot Lamp,22180,489526,2009-01-12 11:50:00,3,9.95,27,,,
12533,Germany,Retro Sport Party Bag + Sticker Set,22333,489526,2009-01-12 11:50:00,8,1.65,13.2,,,
12533,Germany,Hairclips Forties Fabric Assorted,22319,489526,2009-01-12 11:50:00,24,0.65,15.6,,,
12533,Germany,Set/3 Russian Doll Stacking Tins,85232B,489526,2009-01-12 11:50:00,9,4.95,27,,,
12533,Germany,Red Spotty Bowl,20676,489526,2009-01-12 11:50:00,8,1.25,10,,,
12533,Germany,Set/5 Red Spotty Lid Glass Bowls,20914,489526,2009-01-12 11:50:00,12,2.95,27,,,
12533,Germany,Red Spotty Round Cake Tins,21217,489526,2009-01-12 11:50:00,3,9.95,27,,,
12533,Germany,Red Spotty Cup,21238,489526,2009-01-12 11:50:00,16,0.85,13.6,,,
12533,Germany,Red Spotty Plate ,21242,489526,2009-01-12 11:50:00,8,1.69,13.52,,,
12533,Germany,Jigsaw Toadstools 3 Piece,22232,489526,2009-01-12 11:50:00,8,1.65,13.2,,,
12533,Germany,Retro Spot Small Milk Jug,21535,489526,2009-01-12 11:50:00,6,2.55,15.3,,,
12533,Germany,Retro Spot Mug,21844,489526,2009-01-12 11:50:00,6,2.95,17.7,,,
12533,Germany,Retro Spot Storage Jar,22073,489526,2009-01-12 11:50:00,4,3.75,15,,,
12533,Germany,Tea Cup And Saucer Retro Spot,22072,489526,2009-01-12 11:50:00,4,3.75,15,,,
12533,Germany,Bird Decoration Red Spot,22321,489526,2009-01-12 11:50:00,24,0.85,20.4,,,
12533,Germany,Edwardian Parasol Black,15056BL,489526,2009-01-12 11:50:00,6,5.95,27,,,
12533,Germany,Edwardian Parasol Natural,15056N,489526,2009-01-12 11:50:00,6,5.95,27,,,
12533,Germany,Red Toadstool Led Night Light,21731,489526,2009-01-12 11:50:00,12,1.65,19.8,,,
12533,Germany,Felt Toadstool Large,22254,489526,2009-01-12 11:50:00,12,1.25,15,,,
12533,Germany,Felt Toadstool  Small,22255,489526,2009-01-12 11:50:00,12,0.85,10.2,,,
12533,Germany,Polyester Filler Pad 40X40Cm,46000S,489526,2009-01-12 11:50:00,2,1.45,2.9,,,
12533,Germany,Polyester Filler Pad 60X40Cm,20964,489526,2009-01-12 11:50:00,3,2.55,7.65,,,
12533,Germany,Kids Rain Mac Blue,21788,489526,2009-01-12 11:50:00,24,0.85,20.4,,,
12533,Germany,Kids Rain Mac Pink,21789,489526,2009-01-12 11:50:00,24,0.85,20.4,,,
12533,Germany,Red Spotty Childs Umbrella,20682,489526,2009-01-12 11:50:00,6,3.25,19.5,,,
12533,Germany,Blue/Brown Dots Ruffled Umbrella,85014C,489526,2009-01-12 11:50:00,3,5.95,17.85,,,
12533,Germany,Zinc Willie Winkie  Candle Stick,84832,489526,2009-01-12 11:50:00,24,0.85,20.4,,,
12533,Germany,Postage,POST,489526,2009-01-12 11:50:00,6,18,27,,,
14646,Netherlands,Feltcraft Doll Rosie,22271,489889,2009-02-12 16:52:00,27,2.55,27,,,
14646,Netherlands,Ribbon Reel Lace Design ,22078,489889,2009-02-12 16:52:00,27,1.85,27,,,
14646,Netherlands,Ribbon Reel Stripes Design ,22082,489889,2009-02-12 16:52:00,27,1.45,27,,,
14646,Netherlands,Feltcraft 6 Flower Friends,22149,489889,2009-02-12 16:52:00,27,2.1,27,,,
14646,Netherlands,Heart Filigree Dove  Small,22294,489889,2009-02-12 16:52:00,27,1.06,27,,,
14646,Netherlands,Set/5 Red Spotty Lid Glass Bowls,20914,489889,2009-02-12 16:52:00,27,2.55,27,,,
14646,Netherlands,Folkart Zinc Heart Christmas Dec,35961,489889,2009-02-12 16:52:00,27,0.72,27,,,
14646,Netherlands,Heart Decoration Painted Zinc ,22335,489889,2009-02-12 16:52:00,27,0.55,27,,,
14646,Netherlands,Angel Decoration Painted Zinc ,22337,489889,2009-02-12 16:52:00,27,0.55,27,,,
14646,Netherlands,Food Container Set 3 Love Heart ,22131,489889,2009-02-12 16:52:00,27,1.65,27,,,
14646,Netherlands,White Hanging Heart T-Light Holder,85123A,489889,2009-02-12 16:52:00,27,2.55,27,,,
14646,Netherlands,Dove Decoration Painted Zinc ,22336,489889,2009-02-12 16:52:00,27,0.55,27,,,
14646,Netherlands,Giant Medina Stamped Metal Bowl ,21681,489889,2009-02-12 16:52:00,24,8.5,27,,,
14646,Netherlands,Baby Mouse Red Gingham Dress,21841,489889,2009-02-12 16:52:00,27,3.75,27,,,
14646,Netherlands,Retro Spot Sugar Jam Bowl,21531,489889,2009-02-12 16:52:00,27,2.1,27,,,
14646,Netherlands,Set Of 3 Cases Woodland Design,21432,489889,2009-02-12 16:52:00,27,5.45,27,,,
14646,Netherlands,Pink  Spotty Plate ,21243,489889,2009-02-12 16:52:00,27,1.45,27,,,
14646,Netherlands,Zinc Metal Heart Decoration,84836,489889,2009-02-12 16:52:00,27,1.06,27,,,
14646,Netherlands,Set/20 Woodland Paper Napkins ,21077,489889,2009-02-12 16:52:00,27,0.64,27,,,
14646,Netherlands,Feltcraft Doll Molly,22273,489889,2009-02-12 16:52:00,27,2.55,27,,,
14646,Netherlands,Party Pizza Dish Red White Spot ,22343,489890,2009-02-12 16:53:00,27,0.85,27,,,
14646,Netherlands,Feltcraft 6 Flower Friends,22149,489890,2009-02-12 16:53:00,27,2.1,27,,,
14646,Netherlands,Colour Glass. Star T-Light Holder,71477,489890,2009-02-12 16:53:00,27,2.75,27,,,
12759,Netherlands,Edwardian Parasol Natural,15056N,490158,2009-04-12 10:47:00,3,5.95,17.85,,,
12759,Netherlands,Edwardian Parasol Red,20679,490158,2009-04-12 10:47:00,3,5.95,17.85,,,
12759,Netherlands,60 Gold And Silver Fairy Cake Cases,84990,490158,2009-04-12 10:47:00,24,0.55,13.2,,,
12759,Netherlands,White Hanging Heart T-Light Holder,85123A,490158,2009-04-12 10:47:00,12,2.95,27,,,
12759,Netherlands,Postage,POST,490158,2009-04-12 10:47:00,3,18,27,,,
12759,Netherlands,Piccadilly Tea Set,20747,490158,2009-04-12 10:47:00,2,14.95,27,,,
12759,Netherlands,Frog Candle,20941,490158,2009-04-12 10:47:00,12,1.25,15,,,
12759,Netherlands,Heart Calculator,20985,490158,2009-04-12 10:47:00,12,1.25,15,,,
12759,Netherlands,Set Of 72 Retro Spot Paper  Doilies,21210,490158,2009-04-12 10:47:00,12,1.45,17.4,,,
12759,Netherlands,Set Of 72 Ivory Paper Doilies,21214,490158,2009-04-12 10:47:00,12,1.45,17.4,,,
12759,Netherlands,Set3 Book Box Green Gingham Flower ,21428,490158,2009-04-12 10:47:00,4,4.25,17,,,
12759,Netherlands,12 Red Rose Peg Place Settings,21446,490158,2009-04-12 10:47:00,12,1.25,15,,,
12759,Netherlands,12 Ivory Rose Peg Place Settings,21447,490158,2009-04-12 10:47:00,24,1.25,27,,,
12759,Netherlands,Set Of Three Vintage Gift Wraps,21491,490158,2009-04-12 10:47:00,24,1.95,27,,,
12759,Netherlands,Red Hanging Heart T-Light Holder,21733,490158,2009-04-12 10:47:00,12,2.95,27,,,
12759,Netherlands,Place Setting White Heart,22151,490158,2009-04-12 10:47:00,27,0.42,20.16,,,
12759,Netherlands,Heart Garland Rustic Padded,22162,490158,2009-04-12 10:47:00,8,2.95,23.6,,,
12759,Netherlands,Heart String Memo Holder Hanging,22163,490158,2009-04-12 10:47:00,6,2.95,17.7,,,
12759,Netherlands,Heart Filigree Dove Large,22295,490158,2009-04-12 10:47:00,12,1.65,19.8,,,
12759,Netherlands,Zinc Metal Heart Decoration,84836,490158,2009-04-12 10:47:00,12,1.25,15,,,
12759,Netherlands,Set Of 36 Silver Paper Doilies,84986B,490158,2009-04-12 10:47:00,12,1.45,17.4,,,
12759,Netherlands,Set Of 72 Pink Heart Paper Doilies,84988,490158,2009-04-12 10:47:00,12,1.45,17.4,,,
12779,Poland,Party Cone Christmas Decoration ,22130,489895,2009-03-12 07:25:00,12,0.85,10.2,,,
12779,Poland,Set Of 3 Cases Woodland Design,21432,489895,2009-03-12 07:25:00,2,5.95,11.9,,,
12779,Poland,Strawberry Ceramic Trinket Box,21232,489895,2009-03-12 07:25:00,24,1.25,27,,,
12779,Poland,Ceramic Cake Design Spotted Mug,37448,489895,2009-03-12 07:25:00,24,1.49,27,,,
12779,Poland,Fairy Cake Ceramic Butter Dish,37494A,489895,2009-03-12 07:25:00,6,2.95,17.7,,,
12779,Poland,Big Doughnut Fridge Magnets,21700,489895,2009-03-12 07:25:00,24,0.85,20.4,,,
12779,Poland,Tea Time Tea Towels ,47556B,489895,2009-03-12 07:25:00,6,2.95,17.7,,,
12779,Poland,Ceramic Strwberry Design Mug,22059,489895,2009-03-12 07:25:00,24,1.49,27,,,
12779,Poland,Mini Cake Stand  Hanging Strawbery,22055,489895,2009-03-12 07:25:00,8,1.65,13.2,,,
12779,Poland,Mini Cake Stand With Hanging Cakes,37446,489895,2009-03-12 07:25:00,8,1.45,11.6,,,
12779,Poland,Pack 6 Heart/Ice-Cream Patches,84569D,489895,2009-03-12 07:25:00,12,1.25,15,,,
12779,Poland,Wood Stamp Set Happy Birthday,22209,489895,2009-03-12 07:25:00,12,1.65,19.8,,,
12779,Poland,Wood Stamp Set Best Wishes,22210,489895,2009-03-12 07:25:00,12,1.65,19.8,,,
12779,Poland,Wood Stamp Set Thank You,22208,489895,2009-03-12 07:25:00,12,1.65,19.8,,,
12779,Poland,Set3 Book Box Green Gingham Flower ,21428,489895,2009-03-12 07:25:00,4,4.25,17,,,
12779,Poland,Set/3 Red Gingham Rose Storage Box,21430,489895,2009-03-12 07:25:00,4,3.75,15,,,
12779,Poland,Cakes And Bows Gift  Tape,21884,489895,2009-03-12 07:25:00,12,0.65,7.8,,,
12779,Poland,Skulls Tape,21882,489895,2009-03-12 07:25:00,12,0.65,7.8,,,
12779,Poland,Red And White Spot Tape,21880,489895,2009-03-12 07:25:00,12,0.65,7.8,,,
12779,Poland,Stars Gift Tape ,21883,489895,2009-03-12 07:25:00,12,0.65,7.8,,,
12779,Poland,Romantic Pinks Ribbons ,85049C,489895,2009-03-12 07:25:00,12,1.25,15,,,
12779,Poland,Baby Boom Ribbons ,85049F,489895,2009-03-12 07:25:00,12,1.25,15,,,
12758,Portugal,Scottie Dog Hot Water Bottle,22111,489599,2009-01-12 14:40:00,3,4.95,14.85,,,
12758,Portugal,Grey Heart Hot Water Bottle,22113,489599,2009-01-12 14:40:00,8,3.45,27,,,
12758,Portugal,Hot Water Bottle Tea And Sympathy,22114,489599,2009-01-12 14:40:00,8,3.95,27,,,
12758,Portugal,English Rose Tape Measure,47504G,489599,2009-01-12 14:40:00,12,1.25,15,,,
12758,Portugal,Pink/Brown Dots Ruffled Umbrella,85014D,489599,2009-01-12 14:40:00,3,5.95,17.85,,,
12758,Portugal,Set Of 72 Black Paper Doilies ,84985B,489599,2009-01-12 14:40:00,12,1.45,17.4,,,
12758,Portugal,Set Of 36 Silver Paper Doilies,84986B,489599,2009-01-12 14:40:00,12,1.45,17.4,,,
12758,Portugal,60 Gold And Silver Fairy Cake Cases,84990,489599,2009-01-12 14:40:00,24,0.55,13.2,,,
12758,Portugal,Traditional Wooden Skipping Rope,21891,489599,2009-01-12 14:40:00,12,1.25,15,,,
12758,Portugal,S/6 Wooden Skittles In Cotton Bag,21890,489599,2009-01-12 14:40:00,6,2.95,17.7,,,
12758,Portugal,Baking Set 9 Piece Retrospot ,22138,489599,2009-01-12 14:40:00,3,4.95,14.85,,,
12758,Portugal, Red/White Dot Mini Cases,20750,489599,2009-01-12 14:40:00,12,6.35,27,,,
12758,Portugal,Assorted Colour Mini Cases,20749,489599,2009-01-12 14:40:00,2,7.95,15.9,,,
12758,Portugal,Strawberry Dream Childs Umbrella,20684,489599,2009-01-12 14:40:00,6,3.25,19.5,,,
12758,Portugal,Set 4 Nursery Des Round Boxes,85006,489599,2009-01-12 14:40:00,6,2.95,17.7,,,
12758,Portugal,Red Gingham Rose Jewellery Box,21429,489599,2009-01-12 14:40:00,8,1.65,13.2,,,
12758,Portugal,12 Pencils Tall Tube Red Spotty,20983,489599,2009-01-12 14:40:00,12,0.85,10.2,,,
12758,Portugal,36 Pencils Tube Red Spotty,20979,489599,2009-01-12 14:40:00,16,1.25,20,,,
12758,Portugal,Red Spotty Childs Apron,21156,489599,2009-01-12 14:40:00,8,1.95,15.6,,,
12758,Portugal,Kids Rain Mac Pink,21789,489599,2009-01-12 14:40:00,24,0.85,20.4,,,
12758,Portugal,Kids Rain Mac Blue,21788,489599,2009-01-12 14:40:00,24,0.85,20.4,,,
12758,Portugal,Small Hanging Ivory/Red Wood Bird,85199S,489599,2009-01-12 14:40:00,24,0.42,10.08,,,
12758,Portugal,Large Hanging Ivory & Red Wood Bird,85199L,489599,2009-01-12 14:40:00,24,0.65,15.6,,,
12758,Portugal,Ceramic Strawberry Money Box,21556,489599,2009-01-12 14:40:00,12,2.55,27,,,
12758,Portugal,Pink Hearts Photo Album,82081,489599,2009-01-12 14:40:00,2,8.5,17,,,
12758,Portugal,Home Sweet Home Metal Sign ,21164,489599,2009-01-12 14:40:00,12,2.95,27,,,
12758,Portugal,Bird Decoration Red Spot,22321,489599,2009-01-12 14:40:00,24,0.85,20.4,,,
12758,Portugal,Red Spotty Cup,21238,489599,2009-01-12 14:40:00,16,0.85,13.6,,,
12758,Portugal,Pink  Spotty Cup,21239,489599,2009-01-12 14:40:00,16,0.85,13.6,,,
12758,Portugal,Pink  Spotty Plate ,21243,489599,2009-01-12 14:40:00,16,1.69,27,,,
12758,Portugal,Red Spotty Plate ,21242,489599,2009-01-12 14:40:00,16,1.69,27,,,
12758,Portugal,Jumbo Bag Toys ,20711,489599,2009-01-12 14:40:00,27,1.95,27,,,
12758,Portugal,Red Spotty Charlotte Bag,20724,489599,2009-01-12 14:40:00,27,0.85,27,,,
12758,Portugal,Lunch Bag Red Spotty,20725,489599,2009-01-12 14:40:00,27,1.45,27,,,
12758,Portugal,Red Spotty Peg Bag,21155,489599,2009-01-12 14:40:00,12,2.1,25.2,,,
12758,Portugal,Retro Spot Traditional Teapot ,21527,489599,2009-01-12 14:40:00,4,7.95,27,,,
12758,Portugal,Retro Spot Cake Stand,21843,489599,2009-01-12 14:40:00,6,10.95,27,,,
12758,Portugal,Jumbo Bag Red White Spotty ,85099B,489599,2009-01-12 14:40:00,27,1.95,27,,,
12758,Portugal,Red Spotty Biscuit Tin,21218,489599,2009-01-12 14:40:00,6,3.75,22.5,,,
12758,Portugal,Please One Person  Metal Sign,21181,489599,2009-01-12 14:40:00,12,2.1,25.2,,,
12758,Portugal,"Charlotte Bag , Pink/White Spots",22356,489599,2009-01-12 14:40:00,27,0.72,27,,,
12758,Portugal,Red/White Dots Ruffled Umbrella,85014B,489599,2009-01-12 14:40:00,6,5.95,27,,,
12758,Portugal,"Charlotte Bag , Suki Design",22355,489599,2009-01-12 14:40:00,20,0.85,17,,,
12758,Portugal,Jumbo Storage Bag Suki,21931,489599,2009-01-12 14:40:00,20,1.95,27,,,
12758,Portugal,Jumbo Bag Scandinavian Paisley,21928,489599,2009-01-12 14:40:00,27,1.95,27,,,
12758,Portugal,Set/3 Red Gingham Rose Storage Box,21430,489599,2009-01-12 14:40:00,24,3.39,27,,,
12758,Portugal,Set3 Book Box Green Gingham Flower ,21428,489599,2009-01-12 14:40:00,16,3.75,27,,,
12758,Portugal,Retro Spot Tea Set Ceramic 11 Pc ,22139,489599,2009-01-12 14:40:00,12,4.95,27,,,
12758,Portugal,English Rose Scissors,47504E,489599,2009-01-12 14:40:00,24,1.25,27,,,
12758,Portugal,Lunch Bag Cars Blue,20728,489599,2009-01-12 14:40:00,27,1.65,27,,,
12758,Portugal,Set/5 Red Spotty Lid Glass Bowls,20914,489599,2009-01-12 14:40:00,6,2.95,17.7,,,
12758,Portugal,Set Of 72 Pink Heart Paper Doilies,84988,489599,2009-01-12 14:40:00,12,1.45,17.4,,,
12758,Portugal,Asstd Design Pop Art Slim Pen,84934,489599,2009-01-12 14:40:00,27,0.85,27,,,
12758,Portugal,"Popcorn Holder , Small ",22197,489599,2009-01-12 14:40:00,12,0.85,10.2,,,
12758,Portugal,Pink Spotty Childs Umbrella,20681,489599,2009-01-12 14:40:00,12,3.25,27,,,
12758,Portugal,Red Spotty Childs Umbrella,20682,489599,2009-01-12 14:40:00,12,3.25,27,,,
12758,Portugal,Retro Spot Mug,21844,489599,2009-01-12 14:40:00,12,2.95,27,,,
12758,Portugal,Small Retro Spot Mug In Box  White,22071,489599,2009-01-12 14:40:00,6,3.75,22.5,,,
12758,Portugal,Black/Blue Dots Ruffled Umbrella,85014A,489599,2009-01-12 14:40:00,6,5.95,27,,,
12758,Portugal,Blue/Brown Dots Ruffled Umbrella,85014C,489599,2009-01-12 14:40:00,6,5.95,27,,,
12758,Portugal,English Rose Garden Secateurs,47504K,489599,2009-01-12 14:40:00,24,1.95,27,,,
12758,Portugal,Jumbo Bag Pink Vintage Paisley,21929,489599,2009-01-12 14:40:00,27,1.95,27,,,
12758,Portugal,Beware Of The Cat Metal Sign ,21165,489599,2009-01-12 14:40:00,27,1.69,27,,,
12758,Portugal,No Singing Metal Sign,82600,489599,2009-01-12 14:40:00,24,2.1,27,,,
12758,Portugal,Home Sweet Home Mug,21877,489599,2009-01-12 14:40:00,12,1.25,15,,,
12758,Portugal,Green Gingham Flower Jewellery Box,21431,489599,2009-01-12 14:40:00,16,1.65,26.4,,,
12758,Portugal,Red  Spotty Coffee  Mug,21398,489599,2009-01-12 14:40:00,12,2.1,25.2,,,
12758,Portugal,"Wrap,Suki And Friends",16161U,489599,2009-01-12 14:40:00,25,0.42,10.5,,,
12758,Portugal,Fancy Fonts Birthday Wrap,21497,489599,2009-01-12 14:40:00,25,0.42,10.5,,,
12758,Portugal,Blue Scandinavian Paisley Wrap,22051,489599,2009-01-12 14:40:00,25,0.42,10.5,,,
12758,Portugal,Assorted Colour Bird Ornament,84879,489599,2009-01-12 14:40:00,27,1.69,27,,,
12758,Portugal,Metal Sign Her Dinner Is Served ,22117,489599,2009-01-12 14:40:00,6,2.95,17.7,,,
12758,Portugal,Metal Sign His Dinner Is Served,22116,489599,2009-01-12 14:40:00,6,2.95,17.7,,,
12758,Portugal,Red Spotty Apron ,21042,489599,2009-01-12 14:40:00,3,5.95,17.85,,,
12758,Portugal,Set/10 Red Spotty Party Candles,21121,489599,2009-01-12 14:40:00,24,1.25,27,,,
12758,Portugal,Pack Of 72 Retro Spot Cake Cases,21212,489599,2009-01-12 14:40:00,24,0.55,13.2,,,
12758,Portugal,Set Of 72 Retro Spot Paper  Doilies,21210,489599,2009-01-12 14:40:00,24,1.45,27,,,
12758,Portugal,Retro Spot Sugar Jam Bowl,21531,489599,2009-01-12 14:40:00,6,2.55,15.3,,,
12758,Portugal,Retro Spot Storage Jar,22073,489599,2009-01-12 14:40:00,4,3.75,15,,,
12510,Spain,Pink Cherry Lights,79323P,490295,2009-04-12 13:47:00,4,6.75,27,,,
12510,Spain, White Cherry Lights,79323W,490295,2009-04-12 13:47:00,4,6.75,27,,,
12510,Spain,Black Cherry Lights,79323B,490295,2009-04-12 13:47:00,4,6.75,27,,,
12510,Spain,Snowflake Portable Table Light ,21744,490295,2009-04-12 13:47:00,6,2.95,17.7,,,
12510,Spain,Star Portable Table Light ,21743,490295,2009-04-12 13:47:00,6,2.95,17.7,,,
12510,Spain,Blck New Baroque Candlestick Candle,84625B,490295,2009-04-12 13:47:00,24,0.85,20.4,,,
12510,Spain,Jacobs Ladder Small,35015,490295,2009-04-12 13:47:00,27,0.06,8.64,,,
12510,Spain,Snowstorm Photo Frame Fridge Magnet,22181,490295,2009-04-12 13:47:00,24,0.85,20.4,,,
12510,Spain,Abstract Circles Sketchbook ,20764,490295,2009-04-12 13:47:00,8,3.75,27,,,
12510,Spain,World War 2 Gliders Asstd Designs,84077,490295,2009-04-12 13:47:00,27,0.21,20.16,,,
12510,Spain,Etched Glass Droplet Decoration,21007,490295,2009-04-12 13:47:00,27,0.38,18.24,,,
12510,Spain,Black Assorted Droplet Decoration,35611B,490295,2009-04-12 13:47:00,27,0.38,18.24,,,
12510,Spain,Envelope 50 Romantic Images,85017A,490295,2009-04-12 13:47:00,12,0.85,10.2,,,
12510,Spain,Envelope 50 Blossom Images,85017B,490295,2009-04-12 13:47:00,12,0.85,10.2,,,
12510,Spain,Envelope 50 Curious Images,85017C,490295,2009-04-12 13:47:00,12,0.85,10.2,,,
12510,Spain,Inflatable Political Globe ,10002,490295,2009-04-12 13:47:00,27,0.85,27,,,
12510,Spain,Postage,POST,490295,2009-04-12 13:47:00,4,28,27,,,
13085,United Kingdom,15Cm Christmas Glass Ball 20 Lights,85048,489434,2009-01-12 07:45:00,12,6.95,27,,,
13085,United Kingdom,Pink Cherry Lights,79323P,489434,2009-01-12 07:45:00,12,6.75,27,,,
13085,United Kingdom, White Cherry Lights,79323W,489434,2009-01-12 07:45:00,12,6.75,27,,,
13085,United Kingdom,"Record Frame 7"" Single Size ",22041,489434,2009-01-12 07:45:00,27,2.1,27,,,
13085,United Kingdom,Strawberry Ceramic Trinket Box,21232,489434,2009-01-12 07:45:00,24,1.25,27,,,
13085,United Kingdom,Pink Doughnut Trinket Pot ,22064,489434,2009-01-12 07:45:00,24,1.65,27,,,
13085,United Kingdom,Save The Planet Mug,21871,489434,2009-01-12 07:45:00,24,1.25,27,,,
13085,United Kingdom,Fancy Font Home Sweet Home Doormat,21523,489434,2009-01-12 07:45:00,10,5.95,27,,,
13085,United Kingdom,Cat Bowl ,22350,489435,2009-01-12 07:46:00,12,2.55,27,,,
13085,United Kingdom,"Dog Bowl , Chasing Ball Design",22349,489435,2009-01-12 07:46:00,12,3.75,27,,,
13085,United Kingdom,Heart Measuring Spoons Large,22195,489435,2009-01-12 07:46:00,24,1.65,27,,,
13085,United Kingdom,Lunchbox With Cutlery Fairy Cakes ,22353,489435,2009-01-12 07:46:00,12,2.55,27,,,
13078,United Kingdom,Door Mat Black Flock ,48173C,489436,2009-01-12 09:06:00,10,5.95,27,,,
13078,United Kingdom,Love Building Block Word,21755,489436,2009-01-12 09:06:00,18,5.45,27,,,
13078,United Kingdom,Home Building Block Word,21754,489436,2009-01-12 09:06:00,3,5.95,17.85,,,
13078,United Kingdom,Assorted Colour Bird Ornament,84879,489436,2009-01-12 09:06:00,16,1.69,27,,,
13078,United Kingdom, Peace Wooden Block Letters,22119,489436,2009-01-12 09:06:00,3,6.95,20.85,,,
13078,United Kingdom,Christmas Craft White Fairy ,22142,489436,2009-01-12 09:06:00,12,1.45,17.4,,,
13078,United Kingdom,Heart Ivory Trellis Large,22296,489436,2009-01-12 09:06:00,12,1.65,19.8,,,
13078,United Kingdom,Heart Filigree Dove Large,22295,489436,2009-01-12 09:06:00,12,1.65,19.8,,,
13078,United Kingdom,Full English Breakfast Plate,22109,489436,2009-01-12 09:06:00,16,3.39,27,,,
13078,United Kingdom,Pizza Plate In Box,22107,489436,2009-01-12 09:06:00,4,3.75,15,,,
13078,United Kingdom,Black Diner Wall Clock,22194,489436,2009-01-12 09:06:00,2,8.5,17,,,
13078,United Kingdom,Set Of 3 Black Flying Ducks,35004B,489436,2009-01-12 09:06:00,12,4.65,27,,,
13078,United Kingdom,Area Patrolled Metal Sign,82582,489436,2009-01-12 09:06:00,12,2.1,25.2,,,
13078,United Kingdom,Please One Person  Metal Sign,21181,489436,2009-01-12 09:06:00,12,2.1,25.2,,,
13078,United Kingdom,Bath Building Block Word,21756,489436,2009-01-12 09:06:00,3,5.95,17.85,,,
13078,United Kingdom,Classic White Frame,21333,489436,2009-01-12 09:06:00,6,2.95,17.7,,,
13078,United Kingdom,Small Marshmallows Pink Bowl,84596F,489436,2009-01-12 09:06:00,8,1.25,10,,,
13078,United Kingdom,Biscuits Small Bowl Light Blue,84596L,489436,2009-01-12 09:06:00,8,1.25,10,,,
13078,United Kingdom,Scottie Dog Hot Water Bottle,22111,489436,2009-01-12 09:06:00,24,4.25,27,,,
15362,United Kingdom,Christmas Craft Heart Decorations,22143,489437,2009-01-12 09:08:00,6,2.1,12.6,,,
15362,United Kingdom,Christmas Craft Heart Stocking ,22145,489437,2009-01-12 09:08:00,6,2.1,12.6,,,
15362,United Kingdom,Party Cone Christmas Decoration ,22130,489437,2009-01-12 09:08:00,12,0.85,10.2,,,
15362,United Kingdom,Peace Small Wood Letters,21364,489437,2009-01-12 09:08:00,2,6.75,13.5,,,
15362,United Kingdom,Joy Large Wood Letters,21360,489437,2009-01-12 09:08:00,1,9.95,9.95,,,
15362,United Kingdom,Cinammon & Orange Wreath,21351,489437,2009-01-12 09:08:00,2,6.75,13.5,,,
15362,United Kingdom,Eucalyptus & Pinecone  Wreath,21352,489437,2009-01-12 09:08:00,2,6.75,13.5,,,
15362,United Kingdom,Wooden Box Advent Calendar ,35400,489437,2009-01-12 09:08:00,2,8.95,17.9,,,
15362,United Kingdom,Floral Blue Monster,20695,489437,2009-01-12 09:08:00,3,4.25,12.75,,,
15362,United Kingdom,Retro Coffee Mugs Assorted,37370,489437,2009-01-12 09:08:00,12,1.25,15,,,
15362,United Kingdom,Inflatable Political Globe ,10002,489437,2009-01-12 09:08:00,12,0.85,10.2,,,
15362,United Kingdom,Stripes Design Monkey Doll,84507B,489437,2009-01-12 09:08:00,6,2.55,15.3,,,
15362,United Kingdom,Blue Padded Soft Mobile,20703,489437,2009-01-12 09:08:00,3,4.25,12.75,,,
15362,United Kingdom,Pack Of 6 Skull Paper Cups,21987,489437,2009-01-12 09:08:00,12,0.65,7.8,,,
15362,United Kingdom,Pack Of 20 Skull Paper Napkins,21989,489437,2009-01-12 09:08:00,12,0.85,10.2,,,
15362,United Kingdom,Hanging Heart Zinc T-Light Holder,84970S,489437,2009-01-12 09:08:00,12,0.85,10.2,,,
15362,United Kingdom,Pink Blue Felt Craft Trinket Box,20971,489437,2009-01-12 09:08:00,12,1.25,15,,,
15362,United Kingdom,Feltcraft Doll Rosie,22271,489437,2009-01-12 09:08:00,6,2.95,17.7,,,
15362,United Kingdom,Feltcraft Doll Maria,22272,489437,2009-01-12 09:08:00,6,2.95,17.7,,,
15362,United Kingdom,Feltcraft Doll Emily,22274,489437,2009-01-12 09:08:00,6,2.95,17.7,,,
15362,United Kingdom,Vintage Snakes & Ladders,21912,489437,2009-01-12 09:08:00,4,3.75,15,,,
15362,United Kingdom,Scottie Dog Hot Water Bottle,22111,489437,2009-01-12 09:08:00,3,4.95,14.85,,,
15362,United Kingdom,Chocolate Hot Water Bottle,22112,489437,2009-01-12 09:08:00,3,4.95,14.85,,,
18102,United Kingdom,Dinosaurs  Writing Set ,21329,489438,2009-01-12 09:24:00,27,0.98,27,,,
18102,United Kingdom,Set Of Meadow  Flower Stickers,21252,489438,2009-01-12 09:24:00,27,1.69,27,,,
18102,United Kingdom,Charlie And Lola Charlotte Bag,21100,489438,2009-01-12 09:24:00,27,1.15,27,,,
18102,United Kingdom,Jumbo Bag Charlie And Lola Toys,21033,489438,2009-01-12 09:24:00,27,2,27,,,
18102,United Kingdom,Jumbo Bag Toys ,20711,489438,2009-01-12 09:24:00,27,1.3,27,,,
18102,United Kingdom,Country Cottage  Doorstop Green,21410,489438,2009-01-12 09:24:00,27,2.5,27,,,
18102,United Kingdom,Gingham Heart  Doorstop Red,21411,489438,2009-01-12 09:24:00,27,2.5,27,,,
18102,United Kingdom,Charlie+Lola Red Hot Water Bottle ,84031A,489438,2009-01-12 09:24:00,27,3,27,,,
18102,United Kingdom,Charlie Lola Blue Hot Water Bottle ,84031B,489438,2009-01-12 09:24:00,27,3,27,,,
18102,United Kingdom,Charlie+Lola Pink Hot Water Bottle,84032A,489438,2009-01-12 09:24:00,27,1.9,27,,,
18102,United Kingdom,Charlie + Lola Red Hot Water Bottle,84032B,489438,2009-01-12 09:24:00,27,1.9,27,,,
18102,United Kingdom,Tomato Charlie+Lola Coaster Set,84519A,489438,2009-01-12 09:24:00,27,2.15,27,,,
18102,United Kingdom,Carrot Charlie+Lola Coaster Set,84519B,489438,2009-01-12 09:24:00,27,2.4,27,,,
18102,United Kingdom,Charlie + Lola Biscuits Tins,85132A,489438,2009-01-12 09:24:00,27,6.38,27,,,
18102,United Kingdom,Charlie And Lola Figures Tins,85132C,489438,2009-01-12 09:24:00,27,6.4,27,,,
18102,United Kingdom,Charlie & Lola Wastepaper Bin Blue,85183A,489438,2009-01-12 09:24:00,27,2.4,27,,,
18102,United Kingdom,Charlie & Lola Wastepaper Bin Flora,85183B,489438,2009-01-12 09:24:00,27,2.4,27,,,
18087,United Kingdom,Cat Bowl ,22350,489440,2009-01-12 09:43:00,8,2.55,20.4,,,
18087,United Kingdom,"Dog Bowl , Chasing Ball Design",22349,489440,2009-01-12 09:43:00,8,3.75,27,,,
18087,United Kingdom,Bird Decoration Red Spot,22321,489441,2009-01-12 09:44:00,12,0.72,8.64,,,
18087,United Kingdom,Baking Set 9 Piece Retrospot ,22138,489441,2009-01-12 09:44:00,6,4.25,25.5,,,
18087,United Kingdom,Red Woolly Hottie White Heart.,84029E,489441,2009-01-12 09:44:00,27,2.95,27,,,
18087,United Kingdom,Scottie Dog Hot Water Bottle,22111,489441,2009-01-12 09:44:00,27,4.25,27,,,
13635,United Kingdom,Union Jack Guns & Roses  Doormat,21955,489442,2009-01-12 09:46:00,2,6.75,13.5,,,
13635,United Kingdom,Scottie Dog Hot Water Bottle,22111,489442,2009-01-12 09:46:00,3,4.95,14.85,,,
13635,United Kingdom,Heart Ivory Trellis Large,22296,489442,2009-01-12 09:46:00,12,1.65,19.8,,,
13635,United Kingdom,Yellow + Brown Bear Felt Purse Kit,84899E,489442,2009-01-12 09:46:00,12,1.25,15,,,
13635,United Kingdom,Feltcraft Doll Rosie,22271,489442,2009-01-12 09:46:00,6,2.95,17.7,,,
13635,United Kingdom,Feltcraft Doll Maria,22272,489442,2009-01-12 09:46:00,6,2.95,17.7,,,
13635,United Kingdom,White Hanging Heart T-Light Holder,85123A,489442,2009-01-12 09:46:00,6,2.95,17.7,,,
13635,United Kingdom,Kings Choice Small Tube Matches,21582,489442,2009-01-12 09:46:00,20,1.65,27,,,
13635,United Kingdom,Kings Choice Giant Tube Matches,21586,489442,2009-01-12 09:46:00,12,2.55,27,,,
13635,United Kingdom,Kings Choice Cigar Box Matches ,21590,489442,2009-01-12 09:46:00,27,1.25,27,,,
13635,United Kingdom,Empire Tissue Box,22091,489442,2009-01-12 09:46:00,12,1.25,15,,,
13635,United Kingdom,"Greeting Card, The Black Cat",84251J,489442,2009-01-12 09:46:00,12,0.42,5.04,,,
13635,United Kingdom,Rainy Ladies Birthday Card,22024,489442,2009-01-12 09:46:00,12,0.42,5.04,,,
13635,United Kingdom,Banquet Birthday  Card  ,22026,489442,2009-01-12 09:46:00,12,0.42,5.04,,,
13635,United Kingdom,Space Boy Birthday Card,22029,489442,2009-01-12 09:46:00,12,0.42,5.04,,,
13635,United Kingdom,Ring Of Roses Birthday Card,22025,489442,2009-01-12 09:46:00,12,0.42,5.04,,,
13635,United Kingdom,Botanical Lavender Birthday Card,22031,489442,2009-01-12 09:46:00,12,0.42,5.04,,,
13635,United Kingdom,Set3 Book Box Green Gingham Flower ,21428,489442,2009-01-12 09:46:00,4,4.25,17,,,
13635,United Kingdom,Set/3 Red Gingham Rose Storage Box,21430,489442,2009-01-12 09:46:00,4,3.75,15,,,
13635,United Kingdom,Set 12 Retro White Chalk Sticks,21916,489442,2009-01-12 09:46:00,24,0.42,10.08,,,
13635,United Kingdom,Vintage Snap Cards,21790,489442,2009-01-12 09:46:00,12,0.85,10.2,,,
13635,United Kingdom,Bingo Set,21888,489442,2009-01-12 09:46:00,8,3.75,27,,,
13635,United Kingdom,Victorian Sewing Kit,85178,489442,2009-01-12 09:46:00,12,1.25,15,,,
14110,United Kingdom,Retro Red Spotty Washing Up Gloves,20754,489443,2009-01-12 09:50:00,6,2.1,12.6,,,
14110,United Kingdom,Set/2 Red Spotty Tea Towels ,21035,489443,2009-01-12 09:50:00,12,2.95,27,,,
14110,United Kingdom,"Record Frame 7"" Single Size ",22041,489443,2009-01-12 09:50:00,27,2.1,27,,,
14110,United Kingdom,Vinyl Record Frame Silver,82001S,489443,2009-01-12 09:50:00,24,3.39,27,,,
14110,United Kingdom,Bathroom Metal Sign,82580,489443,2009-01-12 09:50:00,12,0.55,6.6,,,
14110,United Kingdom,Ladies & Gentlemen Metal Sign,85150,489443,2009-01-12 09:50:00,12,2.55,27,,,
14110,United Kingdom,Red Spotty Oven Glove Double,21041,489443,2009-01-12 09:50:00,6,2.95,17.7,,,
17519,United Kingdom,Pink Felt Hanging Heart W Flower,35916C,489445,2009-01-12 09:57:00,12,0.85,10.2,,,
17519,United Kingdom,Blue Felt Hanging Heart W Flower,35916B,489445,2009-01-12 09:57:00,12,0.85,10.2,,,
17519,United Kingdom,Bird Decoration Red Spot,22321,489445,2009-01-12 09:57:00,24,0.85,20.4,,,
17519,United Kingdom,Party Cone Christmas Decoration ,22130,489445,2009-01-12 09:57:00,12,0.85,10.2,,,
17519,United Kingdom,Retro Spot Lamp,22180,489445,2009-01-12 09:57:00,2,9.95,19.9,,,
17519,United Kingdom,Party Cones Candy Assorted,22128,489445,2009-01-12 09:57:00,12,1.25,15,,,
17519,United Kingdom,Heart String Memo Holder Hanging,22163,489445,2009-01-12 09:57:00,6,2.95,17.7,,,
17519,United Kingdom,Folkart Bauble Christmas Decoration,35951,489445,2009-01-12 09:57:00,27,0.38,18.24,,,
17519,United Kingdom,6 Crochet Strawberries,22253,489445,2009-01-12 09:57:00,12,1.25,15,,,
17519,United Kingdom,Set Of 72 Pink Heart Paper Doilies,84988,489445,2009-01-12 09:57:00,12,1.45,17.4,,,
17519,United Kingdom,Lovebird Hanging Decoration White ,22219,489445,2009-01-12 09:57:00,24,0.85,20.4,,,
17519,United Kingdom,White Tall Porcelain T-Light Holder,18097C,489445,2009-01-12 09:57:00,6,2.55,15.3,,,
17519,United Kingdom,Baking Set 9 Piece Retrospot ,22138,489445,2009-01-12 09:57:00,3,4.95,14.85,,,
17519,United Kingdom,Edwardian Toilet Roll Unit ,21299,489445,2009-01-12 09:57:00,1,12.75,12.75,,,
17519,United Kingdom,Set/6 Strawberry Paper Cups,21099,489445,2009-01-12 09:57:00,24,0.65,15.6,,,
17519,United Kingdom,Set/6 Woodland Paper Cups,21085,489445,2009-01-12 09:57:00,24,0.65,15.6,,,
17519,United Kingdom,Jumbo Bag Pink Vintage Paisley,21929,489445,2009-01-12 09:57:00,10,1.95,19.5,,,
17519,United Kingdom,"Garland , Wooden  "" Happy Easter""",22241,489445,2009-01-12 09:57:00,24,1.25,27,,,
17519,United Kingdom,Set/6 Woodland Paper Plates,21091,489445,2009-01-12 09:57:00,12,0.85,10.2,,,
13758,United Kingdom,Red Hanging Heart T-Light Holder,21733,489446,2009-01-12 10:06:00,27,2.55,27,,,
13758,United Kingdom,White Hanging Heart T-Light Holder,85123A,489446,2009-01-12 10:06:00,27,2.55,27,,,
13758,United Kingdom,Victorian Glass Hanging T-Light,22178,489446,2009-01-12 10:06:00,12,1.25,15,,,
13758,United Kingdom,Union Jack Hot Water Bottle ,22125,489446,2009-01-12 10:06:00,12,5.95,27,,,
13758,United Kingdom,Red Spot Ceramic Drawer Knob,21671,489446,2009-01-12 10:06:00,12,1.25,15,,,
13758,United Kingdom,Paper Chain Kit 50'S Christmas ,22086,489446,2009-01-12 10:06:00,12,2.95,27,,,
13758,United Kingdom,Scottie Dog Hot Water Bottle,22111,489446,2009-01-12 10:06:00,6,4.95,27,,,
13758,United Kingdom,Chocolate Hot Water Bottle,22112,489446,2009-01-12 10:06:00,12,4.95,27,,,
13758,United Kingdom,Heart Filigree Dove  Small,22294,489446,2009-01-12 10:06:00,24,1.25,27,,,
13758,United Kingdom,Frying Pan Red Polkadot ,22199,489446,2009-01-12 10:06:00,4,4.25,17,,,
13758,United Kingdom,Paper Chain Kit Retro Spot,22083,489446,2009-01-12 10:06:00,24,2.95,27,,,
13758,United Kingdom,Hot Water Bottle Tea And Sympathy,22114,489446,2009-01-12 10:06:00,12,3.95,27,,,
13758,United Kingdom,Red Spot Heart Hot Water Bottle,21485,489446,2009-01-12 10:06:00,12,4.95,27,,,
13758,United Kingdom,Jumbo Bag Scandinavian Paisley,21928,489446,2009-01-12 10:06:00,10,1.95,19.5,,,
13758,United Kingdom,Jumbo Bag Pink Vintage Paisley,21929,489446,2009-01-12 10:06:00,10,1.95,19.5,,,
13758,United Kingdom,Jumbo Bag Red White Spotty ,85099B,489446,2009-01-12 10:06:00,20,1.95,27,,,
13758,United Kingdom,"Charlotte Bag , Pink/White Spots",22356,489446,2009-01-12 10:06:00,10,0.85,8.5,,,
13758,United Kingdom,Red Spotty Charlotte Bag,20724,489446,2009-01-12 10:06:00,10,0.85,8.5,,,
13758,United Kingdom,Kings Choice Cigar Box Matches ,21590,489446,2009-01-12 10:06:00,24,1.25,27,,,
13758,United Kingdom,Retro Spot  Cigar Box Matches ,21592,489446,2009-01-12 10:06:00,24,1.25,27,,,
13758,United Kingdom,Lunch Bag Red Spotty,20725,489446,2009-01-12 10:06:00,10,1.65,16.5,,,
13758,United Kingdom,Lunch Bag Cars Blue,20728,489446,2009-01-12 10:06:00,10,1.65,16.5,,,
13758,United Kingdom,Lunch Bag Woodland,20726,489446,2009-01-12 10:06:00,10,1.65,16.5,,,
13758,United Kingdom,Retro Red Spotty Washing Up Gloves,20754,489446,2009-01-12 10:06:00,12,2.1,25.2,,,
13758,United Kingdom,Red Spotty Round Cake Tins,21217,489446,2009-01-12 10:06:00,12,8.95,27,,,
13758,United Kingdom,Large Heart Measuring Spoons,22195,489446,2009-01-12 10:06:00,12,1.65,19.8,,,
13758,United Kingdom,Cream Sweetheart Mini Chest,85066,489446,2009-01-12 10:06:00,2,12.75,25.5,,,
15413,United Kingdom,Gold Aperitif Glass,20827,489448,2009-01-12 10:18:00,27,2.12,27,,,
15413,United Kingdom,Gold Wine Glass,20825,489448,2009-01-12 10:18:00,27,3.39,27,,,
15413,United Kingdom,Gold Wine Goblet,20823,489448,2009-01-12 10:18:00,27,4.25,27,,,
15413,United Kingdom,Silver Aperitif Glass,20826,489448,2009-01-12 10:18:00,27,2.12,27,,,
16167,United Kingdom,Pink Cherry Lights,79323P,489460,2009-01-12 10:46:00,8,6.75,27,,,
16167,United Kingdom,Pack Of 60 Pink Paisley Cake Cases,21977,489460,2009-01-12 10:46:00,24,0.55,13.2,,,
16167,United Kingdom,60 Teatime Fairy Cake Cases,84991,489460,2009-01-12 10:46:00,24,0.55,13.2,,,
16167,United Kingdom,Feltcraft Doll Emily,22274,489460,2009-01-12 10:46:00,6,2.95,17.7,,,
16167,United Kingdom,Feltcraft Doll Molly,22273,489460,2009-01-12 10:46:00,6,2.95,17.7,,,
16167,United Kingdom,Set 10 Lights Night Owl,22179,489460,2009-01-12 10:46:00,4,6.75,27,,,
16167,United Kingdom,Birds Mobile Vintage Design,22320,489460,2009-01-12 10:46:00,3,5.95,17.85,,,
16167,United Kingdom,3 Piece Jigsaw Toadstools,22232,489460,2009-01-12 10:46:00,8,1.65,13.2,,,
16167,United Kingdom,Boys Alphabet Iron On Patches,84598,489460,2009-01-12 10:46:00,27,0.21,27,,,
16167,United Kingdom, White Cherry Lights,79323W,489460,2009-01-12 10:46:00,8,6.75,27,,,
16167,United Kingdom,Baking Set 9 Piece Retrospot ,22138,489460,2009-01-12 10:46:00,3,4.95,14.85,,,
16167,United Kingdom,Retro Spot Tea Set Ceramic 11 Pc ,22139,489460,2009-01-12 10:46:00,3,4.95,14.85,,,
16167,United Kingdom, Silver Cherry Lights,79323S,489460,2009-01-12 10:46:00,4,6.75,27,,,
16167,United Kingdom,Red Toadstool Led Night Light,21731,489460,2009-01-12 10:46:00,12,1.65,19.8,,,
16167,United Kingdom,Girls Alphabet Iron On Patches ,84568,489460,2009-01-12 10:46:00,27,0.21,27,,,
17865,United Kingdom,Red Stripe Ceramic Drawer Knob,21668,489461,2009-01-12 10:49:00,24,1.25,27,,,
17865,United Kingdom,Blue Stripe Ceramic Drawer Knob,21669,489461,2009-01-12 10:49:00,24,1.25,27,,,
17865,United Kingdom,Blue Spot Ceramic Drawer Knob,21670,489461,2009-01-12 10:49:00,24,1.25,27,,,
17865,United Kingdom,Red Spot Ceramic Drawer Knob,21671,489461,2009-01-12 10:49:00,24,1.25,27,,,
17865,United Kingdom,White Spot Red Ceramic Drawer Knob,21672,489461,2009-01-12 10:49:00,24,1.25,27,,,
17865,United Kingdom,White Spot Blue Ceramic Drawer Knob,21673,489461,2009-01-12 10:49:00,24,1.25,27,,,
17865,United Kingdom,Union Jack Hot Water Bottle ,22125,489461,2009-01-12 10:49:00,3,5.95,17.85,,,
17865,United Kingdom,Strawberry Ceramic Trinket Box,21232,489461,2009-01-12 10:49:00,27,1.25,27,,,
17865,United Kingdom,Blue Charlie+Lola Personal Doorsign,85071A,489461,2009-01-12 10:49:00,6,2.95,17.7,,,
17865,United Kingdom,Red Charlie+Lola Personal Doorsign,85071B,489461,2009-01-12 10:49:00,6,2.95,17.7,,,
17865,United Kingdom,Keep Out Boys Door Hanger ,21161,489461,2009-01-12 10:49:00,12,1.45,17.4,,,
17865,United Kingdom,Toxic Area  Door Hanger ,21162,489461,2009-01-12 10:49:00,12,1.45,17.4,,,
17865,United Kingdom,Door Hanger  Mum + Dads Room,21248,489461,2009-01-12 10:49:00,12,1.45,17.4,,,
17865,United Kingdom,Moody Boy  Door Hanger ,21159,489461,2009-01-12 10:49:00,12,1.45,17.4,,,
17865,United Kingdom,Area Patrolled Metal Sign,82582,489461,2009-01-12 10:49:00,12,2.1,25.2,,,
17865,United Kingdom,Please One Person  Metal Sign,21181,489461,2009-01-12 10:49:00,6,2.1,12.6,,,
17865,United Kingdom,Ladies & Gentlemen Metal Sign,85150,489461,2009-01-12 10:49:00,6,2.55,15.3,,,
17865,United Kingdom,Wooden Frame Antique White ,82494L,489461,2009-01-12 10:49:00,6,2.95,17.7,,,
17865,United Kingdom,Wood S/3 Cabinet Ant White Finish,82486,489461,2009-01-12 10:49:00,2,7.95,15.9,,,
17865,United Kingdom,Wood 2 Drawer Cabinet White Finish,82483,489461,2009-01-12 10:49:00,3,5.95,17.85,,,
17592,United Kingdom,Pink Sweetheart Bracelet,90200D,489462,2009-01-12 10:49:00,3,4.25,12.75,,,
17592,United Kingdom,Green Sweetheart Bracelet,90200E,489462,2009-01-12 10:49:00,3,4.25,12.75,,,
17865,United Kingdom,Pack Of 72 Retro Spot Cake Cases,21212,489461,2009-01-12 10:49:00,24,0.55,13.2,,,
17865,United Kingdom,60 Teatime Fairy Cake Cases,84991,489461,2009-01-12 10:49:00,24,0.55,13.2,,,
17865,United Kingdom,Retro Spot Lamp,22180,489461,2009-01-12 10:49:00,2,9.95,19.9,,,
17865,United Kingdom,Fairy Cake Candles,72756,489461,2009-01-12 10:49:00,27,1.49,27,,,
17865,United Kingdom,Ceramic Bowl With Strawberry Design,22063,489461,2009-01-12 10:49:00,6,2.95,17.7,,,
17865,United Kingdom,Ceramic Cake Bowl + Hanging Cakes,37450,489461,2009-01-12 10:49:00,6,2.95,17.7,,,
17592,United Kingdom,Purple Sweetheart Bracelet,90200A,489462,2009-01-12 10:49:00,3,4.25,12.75,,,
17592,United Kingdom,Blue Sweetheart Bracelet,90200C,489462,2009-01-12 10:49:00,3,4.25,12.75,,,
17592,United Kingdom,Black Sweetheart Bracelet,90200B,489462,2009-01-12 10:49:00,3,4.25,12.75,,,
17592,United Kingdom,Black Diamante Expandable Ring,90185C,489462,2009-01-12 10:49:00,3,4.25,12.75,,,
17592,United Kingdom,Amethyst Diamante Expandable Ring,90185B,489462,2009-01-12 10:49:00,3,4.25,12.75,,,
17592,United Kingdom,Midnight Blue Pair Heart Hair Slide,90003C,489462,2009-01-12 10:49:00,3,3.75,11.25,,,
17592,United Kingdom,Crystal Pair Heart Hair Slides,90003D,489462,2009-01-12 10:49:00,3,3.75,11.25,,,
17592,United Kingdom,Rose Colour Pair Heart Hair Slides,90003B,489462,2009-01-12 10:49:00,3,3.75,11.25,,,
17592,United Kingdom,Pink Enamel+Glass Hair Comb,90209C,489462,2009-01-12 10:49:00,3,2.1,6.3,,,
17592,United Kingdom,Purple Enamel+Glass Hair Comb,90209A,489462,2009-01-12 10:49:00,3,2.1,6.3,,,
17592,United Kingdom,Diamante Bow Brooch Black Colour,90082D,489462,2009-01-12 10:49:00,2,6.35,12.7,,,
13767,United Kingdom,"Folding Umbrella , Black/Blue  Spot",21707,489465,2009-01-12 10:52:00,12,4.95,27,,,
13767,United Kingdom,Folding Umbrella  Pink/White  Spot,21710,489465,2009-01-12 10:52:00,12,4.95,27,,,
13767,United Kingdom,Folding Umbrella  Cream/Multi  Spot,21708,489465,2009-01-12 10:52:00,12,4.95,27,,,
13767,United Kingdom,"Folding Umbrella , Red/White Spot",21706,489465,2009-01-12 10:52:00,12,4.95,27,,,
13767,United Kingdom,Folding Umbrella  White/Red  Spot,21711,489465,2009-01-12 10:52:00,12,4.95,27,,,
13767,United Kingdom,Piccadilly Tea Set,20747,489465,2009-01-12 10:52:00,4,14.95,27,,,
13767,United Kingdom,Union Jack Hot Water Bottle ,22125,489465,2009-01-12 10:52:00,12,5.95,27,,,
13767,United Kingdom,White Hanging Heart T-Light Holder,85123A,489465,2009-01-12 10:52:00,27,2.55,27,,,
13767,United Kingdom,Red Hanging Heart T-Light Holder,21733,489465,2009-01-12 10:52:00,20,2.95,27,,,
13767,United Kingdom,Retro Blue Spotty Washing Up Gloves,20752,489465,2009-01-12 10:52:00,8,2.1,16.8,,,
13767,United Kingdom,Retro Pink Spot Washing Up Gloves,20753,489465,2009-01-12 10:52:00,8,2.1,16.8,,,
13767,United Kingdom,Retro Red Spotty Washing Up Gloves,20754,489465,2009-01-12 10:52:00,8,2.1,16.8,,,
13767,United Kingdom,Funky Washing Up Gloves Assorted,20751,489465,2009-01-12 10:52:00,12,2.1,25.2,,,
13767,United Kingdom,Door Mat Fairy Cake,48185,489465,2009-01-12 10:52:00,4,6.75,27,,,
13767,United Kingdom,Hot Water Bottle Tea And Sympathy,22114,489465,2009-01-12 10:52:00,12,3.95,27,,,
13767,United Kingdom,Fawn Blue Hot Water Bottle,21481,489465,2009-01-12 10:52:00,8,2.95,23.6,,,
13767,United Kingdom,Antique Lily Fairy Lights,85042,489465,2009-01-12 10:52:00,24,4.25,27,,,
13767,United Kingdom,Vintage Cream 3 Basket Cake Stand,72760B,489465,2009-01-12 10:52:00,4,9.95,27,,,
13767,United Kingdom,Assorted Colour Bird Ornament,84879,489465,2009-01-12 10:52:00,27,1.45,27,,,
17238,United Kingdom,Charlie Lola Blue Hot Water Bottle ,84031B,489488,2009-01-12 10:59:00,1,4.65,4.65,,,
17238,United Kingdom,Charlie+Lola Pink Hot Water Bottle,84032A,489488,2009-01-12 10:59:00,1,2.95,2.95,,,
17238,United Kingdom,Charlie + Lola Red Hot Water Bottle,84032B,489488,2009-01-12 10:59:00,1,2.95,2.95,,,
17238,United Kingdom,Union Jack Hot Water Bottle ,22125,489488,2009-01-12 10:59:00,2,5.95,11.9,,,
17238,United Kingdom,Mushroom Blue Hot Water Bottle,21482,489488,2009-01-12 10:59:00,2,2.95,5.9,,,
17238,United Kingdom,Chick Grey Hot Water Bottle,21484,489488,2009-01-12 10:59:00,3,3.45,10.35,,,
17238,United Kingdom,Grey Floral Feltcraft Shoulder Bag,20967,489488,2009-01-12 10:59:00,1,3.75,3.75,,,
17238,United Kingdom,Pink Floral Feltcraft Shoulder Bag,20970,489488,2009-01-12 10:59:00,2,3.75,7.5,,,
17238,United Kingdom,Charlie And Lola Charlotte Bag,21100,489488,2009-01-12 10:59:00,2,1.65,3.3,,,
17238,United Kingdom,Pink Crochet Cat With Scarf,84582,489488,2009-01-12 10:59:00,2,4.25,8.5,,,
17238,United Kingdom,Pink Cream Felt Craft Trinket Box ,20972,489488,2009-01-12 10:59:00,3,1.25,3.75,,,
17238,United Kingdom,Pink Blue Felt Craft Trinket Box,20971,489488,2009-01-12 10:59:00,1,1.25,1.25,,,
17238,United Kingdom,Pink Jumper Larry The Lamb,84327A,489488,2009-01-12 10:59:00,2,2.1,4.2,,,
17238,United Kingdom,Union Jack Hot Water Bottle ,22125,489488,2009-01-12 10:59:00,1,5.95,5.95,,,
17238,United Kingdom,Set Of Three 50'S Gift Wraps ,21490,489488,2009-01-12 10:59:00,3,1.95,5.85,,,
17238,United Kingdom,Party Invites Jazz Hearts,21063,489488,2009-01-12 10:59:00,4,0.85,3.4,,,
17238,United Kingdom,Party Invites Woodland,21058,489488,2009-01-12 10:59:00,3,0.85,2.55,,,
17238,United Kingdom,Paper Chain Kit 50'S Christmas ,22086,489488,2009-01-12 10:59:00,5,2.95,14.75,,,
17238,United Kingdom,Pink 3 Piece Mini Dots Cutlery Set,84997D,489488,2009-01-12 10:59:00,4,3.75,15,,,
17238,United Kingdom,Blue 3 Piece Mini Dots Cutlery Set,84997C,489488,2009-01-12 10:59:00,4,3.75,15,,,
17238,United Kingdom,Coffee Mug Cat + Bird Design,22301,489488,2009-01-12 10:59:00,2,2.55,5.1,,,
17238,United Kingdom,Coffee Mug Dog + Ball Design,22300,489488,2009-01-12 10:59:00,3,2.55,7.65,,,
17238,United Kingdom, Vintage Design Gift Tags,21493,489488,2009-01-12 10:59:00,6,0.85,5.1,,,
17238,United Kingdom,Sweetheart Ceramic Trinket Box,21231,489488,2009-01-12 10:59:00,4,1.25,5,,,
17238,United Kingdom,Opulent Velvet Candle In Box,20870,489488,2009-01-12 10:59:00,6,2.1,12.6,,,
17238,United Kingdom,Vintage Rose Bead Bracelet Blue,90121B,489488,2009-01-12 10:59:00,4,4.25,17,,,
17238,United Kingdom,White Glass Chunky Charm Bracelet,90175A,489488,2009-01-12 10:59:00,2,8.95,17.9,,,
17238,United Kingdom,Black Gemstone Bracelet,90195B,489488,2009-01-12 10:59:00,2,8.95,17.9,,,
17238,United Kingdom,Carnival Bracelet,90062,489488,2009-01-12 10:59:00,2,12.75,25.5,,,
17238,United Kingdom,Jumbo Storage Bag Skulls,21930,489488,2009-01-12 10:59:00,2,1.95,3.9,,,
15712,United Kingdom,Ladybird + Bee Raffia Food Cover,21472,489505,2009-01-12 11:17:00,6,3.75,22.5,,,
15712,United Kingdom,Jumbo Bag Red White Spotty ,85099B,489505,2009-01-12 11:17:00,10,1.95,19.5,,,
15712,United Kingdom,Door Mat Fairy Cake,48185,489505,2009-01-12 11:17:00,10,5.95,27,,,
15712,United Kingdom,Tea Time Party Bunting,47566B,489505,2009-01-12 11:17:00,5,4.65,23.25,,,
15712,United Kingdom,Jumbo Bag Pink Vintage Paisley,21929,489505,2009-01-12 11:17:00,10,1.95,19.5,,,
15712,United Kingdom,Retro Spot Tea Set Ceramic 11 Pc ,22139,489505,2009-01-12 11:17:00,6,4.95,27,,,
15712,United Kingdom,Paper Chain Kit 50'S Christmas ,22086,489505,2009-01-12 11:17:00,6,2.95,17.7,,,
15712,United Kingdom,Weekend Bag Vintage Rose Paisley,22275,489505,2009-01-12 11:17:00,4,8.5,27,,,
15712,United Kingdom,Baking Set 9 Piece Retrospot ,22138,489505,2009-01-12 11:17:00,3,4.95,14.85,,,
15712,United Kingdom,White Skull Hot Water Bottle ,21479,489505,2009-01-12 11:17:00,4,3.75,15,,,
15311,United Kingdom,Vintage Heads And Tails Card Game ,21791,489514,2009-01-12 11:21:00,27,1.06,27,,,
15311,United Kingdom,Charlie+Lola Pink Hot Water Bottle,84032A,489514,2009-01-12 11:21:00,27,2.55,27,,,
15311,United Kingdom,Antique Lily Fairy Lights,85042,489514,2009-01-12 11:21:00,24,4.25,27,,,
15311,United Kingdom,Colour Glass. Star T-Light Holder,71477,489514,2009-01-12 11:21:00,24,2.75,27,,,
15311,United Kingdom,Ceramic Cake Stand + Hanging Cakes,37449,489514,2009-01-12 11:21:00,8,8.5,27,,,
15311,United Kingdom,Mini Cake Stand With Hanging Cakes,37446,489514,2009-01-12 11:21:00,27,1.25,27,,,
15311,United Kingdom,Union Jack Guns & Roses  Doormat,21955,489514,2009-01-12 11:21:00,10,5.95,27,,,
15311,United Kingdom,Victorian Sewing Box Large,21258,489514,2009-01-12 11:21:00,8,10.95,27,,,
15311,United Kingdom,Set/3 Tall Glass Candle Holder Pink,20892,489514,2009-01-12 11:21:00,8,3.95,27,,,
15311,United Kingdom,Pink Fairy Cake Child'S Apron,47591D,489514,2009-01-12 11:21:00,27,1.65,27,,,
15311,United Kingdom,Pink Union Jack  Luggage Tag,21867,489514,2009-01-12 11:21:00,1,1.25,1.25,,,
15311,United Kingdom,Red Spotty Oven Glove Double,21041,489514,2009-01-12 11:21:00,5,2.95,14.75,,,
15311,United Kingdom,Laundry 15C Metal Sign,82551,489514,2009-01-12 11:21:00,2,1.25,2.5,,,
15311,United Kingdom,"Airline Lounge,Metal Sign",82567,489514,2009-01-12 11:21:00,1,2.1,2.1,,,
15311,United Kingdom,Keep Out Boys Door Hanger ,21161,489514,2009-01-12 11:21:00,3,1.45,4.35,,,
15311,United Kingdom,Metal Sign Cupcake Single Hook,82613D,489514,2009-01-12 11:21:00,2,1.25,2.5,,,
15311,United Kingdom,No Junk Mail Metal Sign,21179,489514,2009-01-12 11:21:00,2,1.25,2.5,,,
15311,United Kingdom,Pink Union Jack  Passport Cover ,21865,489514,2009-01-12 11:21:00,3,2.1,6.3,,,
15311,United Kingdom,Black Sil'T Squ Candle Plate ,72783,489514,2009-01-12 11:21:00,2,2.1,4.2,,,
15311,United Kingdom,Woodland Charlotte Bag,20719,489514,2009-01-12 11:21:00,3,0.85,2.55,,,
15311,United Kingdom,Potting Shed Coffee Mug,21869,489514,2009-01-12 11:21:00,2,1.25,2.5,,,
15311,United Kingdom,Pottering Mug,21876,489514,2009-01-12 11:21:00,2,1.25,2.5,,,
15311,United Kingdom,Retro Red Spotty Washing Up Gloves,20754,489514,2009-01-12 11:21:00,3,2.1,6.3,,,
15311,United Kingdom,Fairy Soap Soap Holder,84849B,489514,2009-01-12 11:21:00,2,1.69,3.38,,,
15311,United Kingdom,Union Jack Flag Passport Cover ,21864,489514,2009-01-12 11:21:00,5,2.1,10.5,,,
15311,United Kingdom,Flower Vine Raffia Food Cover,21470,489514,2009-01-12 11:21:00,2,3.75,7.5,,,
15311,United Kingdom,Vintage Notebook Paris Days,20897,489514,2009-01-12 11:21:00,2,2.95,5.9,,,
15311,United Kingdom,Square Mirror Curtain,44230,489514,2009-01-12 11:21:00,1,7.95,7.95,,,
15311,United Kingdom,English Rose Tea Set In Gift Box,37485,489514,2009-01-12 11:21:00,2,4.65,9.3,,,
15311,United Kingdom,Green 3 Piece Mini Dots Cutlery Set,84997A,489514,2009-01-12 11:21:00,3,3.75,11.25,,,
15311,United Kingdom,Green  Spotty Plate ,21245,489514,2009-01-12 11:21:00,3,1.69,5.07,,,
15311,United Kingdom,Green Spotty Cup,21241,489514,2009-01-12 11:21:00,3,0.85,2.55,,,
16329,United Kingdom,Bag 500G Swirly Marbles,21705,489517,2009-01-12 11:34:00,1,1.65,1.65,,,
16329,United Kingdom,Vintage Seaside Jigsaw Puzzles,21913,489517,2009-01-12 11:34:00,1,3.75,3.75,,,
16329,United Kingdom,Vintage Snakes & Ladders,21912,489517,2009-01-12 11:34:00,1,3.75,3.75,,,
16329,United Kingdom,Pink Strawberry Handbag ,16207A,489517,2009-01-12 11:34:00,2,2.95,5.9,,,
16329,United Kingdom,Glitter Star Garland With Bells ,21821,489517,2009-01-12 11:34:00,1,3.75,3.75,,,
16329,United Kingdom,White Hanging Heart T-Light Holder,85123A,489517,2009-01-12 11:34:00,1,2.95,2.95,,,
16329,United Kingdom,Hairclips Forties Fabric Assorted,22319,489517,2009-01-12 11:34:00,12,0.65,7.8,,,
16329,United Kingdom,Party Cone Christmas Decoration ,22130,489517,2009-01-12 11:34:00,6,0.85,5.1,,,
16329,United Kingdom,Retro Spot Small Tube Matches,21584,489517,2009-01-12 11:34:00,20,1.65,27,,,
16329,United Kingdom,Pink Cream Felt Craft Trinket Box ,20972,489517,2009-01-12 11:34:00,1,1.25,1.25,,,
16329,United Kingdom,Vintage Heads And Tails Card Game ,21791,489517,2009-01-12 11:34:00,6,1.25,7.5,,,
16329,United Kingdom,Vintage Snap Cards,21790,489517,2009-01-12 11:34:00,4,0.85,3.4,,,
16329,United Kingdom,Jumbo Storage Bag Suki,21931,489517,2009-01-12 11:34:00,1,1.95,1.95,,,
16329,United Kingdom,Jumbo Bag Toys ,20711,489517,2009-01-12 11:34:00,1,1.95,1.95,,,
16329,United Kingdom,Carousel Des Child'S Apron,47591A,489517,2009-01-12 11:34:00,1,1.65,1.65,,,
16329,United Kingdom,Red 3 Piece Mini Dots Cutlery Set,84997B,489517,2009-01-12 11:34:00,12,3.75,27,,,
16329,United Kingdom,Green 3 Piece Mini Dots Cutlery Set,84997A,489517,2009-01-12 11:34:00,12,3.75,27,,,
16329,United Kingdom,Set Of Three Vintage Gift Wraps,21491,489517,2009-01-12 11:34:00,1,1.95,1.95,,,
16329,United Kingdom,Set Of 2 Fancy Font Tea Towels,22122,489517,2009-01-12 11:34:00,12,2.95,27,,,
16329,United Kingdom,Pink Blue Felt Craft Trinket Box,20971,489517,2009-01-12 11:34:00,1,1.25,1.25,,,
16329,United Kingdom,Set Of Meadow  Flower Stickers,21252,489517,2009-01-12 11:34:00,1,2.95,2.95,,,
16329,United Kingdom,Cross Stitch Alphabet Cushion Cover,21837,489517,2009-01-12 11:34:00,2,5.95,11.9,,,
16329,United Kingdom,S/4 Pistachio Lovebird Coasters,84951A,489517,2009-01-12 11:34:00,1,2.55,2.55,,,
16329,United Kingdom,Heart Decoration Painted Zinc ,22335,489517,2009-01-12 11:34:00,1,0.65,0.65,,,
16329,United Kingdom,Vintage Heads And Tails Card Game ,21791,489517,2009-01-12 11:34:00,1,1.25,1.25,,,
16329,United Kingdom,Vintage Snap Cards,21790,489517,2009-01-12 11:34:00,1,0.85,0.85,,,
16329,United Kingdom,"White Pearl Beaded Heart, Small",85129A,489517,2009-01-12 11:34:00,1,1.25,1.25,,,
16329,United Kingdom,Gingham Heart Decoration,84791,489517,2009-01-12 11:34:00,1,2.95,2.95,,,
16329,United Kingdom,Blue  Spotty Plate ,21244,489517,2009-01-12 11:34:00,4,1.69,6.76,,,
16329,United Kingdom,Blue Spotty Bowl,20675,489517,2009-01-12 11:34:00,4,1.25,5,,,
17700,United Kingdom,Paper Chain Kit 50'S Christmas ,22086,489519,2009-01-12 11:37:00,12,2.95,27,,,
17700,United Kingdom,White Hanging Heart T-Light Holder,85123A,489519,2009-01-12 11:37:00,27,2.55,27,,,
17700,United Kingdom,Frappucino Scarf Knitting Kit,82616B,489519,2009-01-12 11:37:00,6,2.95,17.7,,,
17700,United Kingdom,Wash Bag Vintage Rose Paisley,22276,489519,2009-01-12 11:37:00,6,2.55,15.3,,,
17700,United Kingdom,Green Rose Washbag,84912B,489519,2009-01-12 11:37:00,4,3.75,15,,,
17700,United Kingdom,Blue/Brown Dots Ruffled Umbrella,85014C,489519,2009-01-12 11:37:00,3,5.95,17.85,,,
17700,United Kingdom,Black/Blue Dots Ruffled Umbrella,85014A,489519,2009-01-12 11:37:00,3,5.95,17.85,,,
17700,United Kingdom,Red/White Dots Ruffled Umbrella,85014B,489519,2009-01-12 11:37:00,3,5.95,17.85,,,
17700,United Kingdom,Pink/Brown Dots Ruffled Umbrella,85014D,489519,2009-01-12 11:37:00,3,5.95,17.85,,,
17700,United Kingdom,Aged Glass Silver T-Light Holder,21326,489519,2009-01-12 11:37:00,12,0.65,7.8,,,
17700,United Kingdom,Antique Silver Tea Glass Etched,84946,489519,2009-01-12 11:37:00,12,1.25,15,,,
17700,United Kingdom,Silver Hanging T-Light Holder,84949,489519,2009-01-12 11:37:00,6,1.65,9.9,,,
17700,United Kingdom,Set Of Three Vintage Gift Wraps,21491,489519,2009-01-12 11:37:00,6,1.95,11.7,,,
17700,United Kingdom,Chocolate This Way Metal Sign,21908,489519,2009-01-12 11:37:00,6,2.1,12.6,,,
17700,United Kingdom,Please One Person  Metal Sign,21181,489519,2009-01-12 11:37:00,6,2.1,12.6,,,
17700,United Kingdom,Wood 2 Drawer Cabinet White Finish,82483,489519,2009-01-12 11:37:00,3,5.95,17.85,,,
17700,United Kingdom, Silver Cherry Lights,79323S,489519,2009-01-12 11:37:00,4,6.75,27,,,
17700,United Kingdom,Mirrored Wall Art Poppies,21371,489519,2009-01-12 11:37:00,6,2.55,15.3,,,
17700,United Kingdom,Hand Over The Chocolate   Sign ,85152,489519,2009-01-12 11:37:00,6,2.1,12.6,,,
17700,United Kingdom,Painted Bird Assorted Christmas,21133,489519,2009-01-12 11:37:00,12,1.69,20.28,,,
17700,United Kingdom,12 Pencils Tall Tube Posy,20984,489519,2009-01-12 11:37:00,12,0.85,10.2,,,
17700,United Kingdom,12 Pencils Tall Tube Skulls,20982,489519,2009-01-12 11:37:00,12,0.85,10.2,,,
17700,United Kingdom,Large Heart Flowers Hook   ,84971L,489519,2009-01-12 11:37:00,12,1.25,15,,,
17700,United Kingdom,Vintage Snakes & Ladders,21912,489519,2009-01-12 11:37:00,8,3.75,27,,,
17700,United Kingdom,2 Daisies Hair Comb,90168,489519,2009-01-12 11:37:00,6,2.95,17.7,,,
17700,United Kingdom,Ant White Wire Heart Spiral,84884A,489519,2009-01-12 11:37:00,5,3.95,19.75,,,
17700,United Kingdom, White Cherry Lights,79323W,489519,2009-01-12 11:37:00,4,6.75,27,,,
17700,United Kingdom,Green Vintage Earrings ,90013C,489519,2009-01-12 11:37:00,4,3.75,15,,,
17700,United Kingdom,Filigree Diamante Earrings,90023,489519,2009-01-12 11:37:00,2,4.25,8.5,,,
17700,United Kingdom,Pink Vintage Victorian Earrings,90067A,489519,2009-01-12 11:37:00,6,2.95,17.7,,,
17700,United Kingdom,Brown Vintage Victorian Earrings,90067B,489519,2009-01-12 11:37:00,6,2.95,17.7,,,
17700,United Kingdom,Silver Hoop Earrings With Flower,90145,489519,2009-01-12 11:37:00,2,5.95,11.9,,,
17700,United Kingdom,Raspberry Ant Copper Flower Necklac,90000A,489519,2009-01-12 11:37:00,2,5.95,11.9,,,
17700,United Kingdom,New Baroque B'Fly Necklace Red,90024B,489519,2009-01-12 11:37:00,2,8.5,17,,,
17700,United Kingdom,"Flower Glass Garland Neckl.36""Black",90036D,489519,2009-01-12 11:37:00,3,7.95,23.85,,,
17700,United Kingdom,Old Rose Combo Bead Necklace,90134,489519,2009-01-12 11:37:00,6,2.95,17.7,,,
17700,United Kingdom,Pink/Amethyst/Gold Necklace,90131,489519,2009-01-12 11:37:00,2,6.95,13.9,,,
17700,United Kingdom,5 Strand Glass Necklace Crystal,90199C,489519,2009-01-12 11:37:00,2,6.35,12.7,,,
15998,United Kingdom,Set 12 Retro White Chalk Sticks,21916,489522,2009-01-12 11:45:00,3,0.42,1.26,,,
15998,United Kingdom,Vintage Cream 3 Basket Cake Stand,72760B,489522,2009-01-12 11:45:00,1,9.95,9.95,,,
15998,United Kingdom,Yellow Red Flower Piggy Bank,37492A,489522,2009-01-12 11:45:00,1,4.65,4.65,,,
15998,United Kingdom,White Skull Hot Water Bottle ,21479,489522,2009-01-12 11:45:00,2,3.75,7.5,,,
15998,United Kingdom,Colouring Pencils Brown Tube,10133,489522,2009-01-12 11:45:00,6,0.85,5.1,,,
15998,United Kingdom,Grey Heart Hot Water Bottle,22113,489522,2009-01-12 11:45:00,4,3.45,13.8,,,
15998,United Kingdom,Camouflage Ear Muff Headphones,20782,489522,2009-01-12 11:45:00,1,5.49,5.49,,,
15998,United Kingdom,Local Cafe Mug,22190,489522,2009-01-12 11:45:00,1,2.1,2.1,,,
15998,United Kingdom,Scottie Dog Hot Water Bottle,22111,489522,2009-01-12 11:45:00,2,4.95,9.9,,,
15998,United Kingdom,Knitted Union Flag Hot Water Bottle,84029G,489522,2009-01-12 11:45:00,1,3.75,3.75,,,
15998,United Kingdom,Hot Water Bottle Tea And Sympathy,22114,489522,2009-01-12 11:45:00,1,3.95,3.95,,,
15998,United Kingdom,Blue White Scarf Hot Water Bottle,21489,489522,2009-01-12 11:45:00,1,3.95,3.95,,,
15998,United Kingdom,Geisha Girl Chopsticks Set/5,20987,489522,2009-01-12 11:45:00,6,1.95,11.7,,,
15998,United Kingdom,Urban Chic Chopsticks Set/5,20989,489522,2009-01-12 11:45:00,2,1.95,3.9,,,
15998,United Kingdom,Potting Shed Tea Mug,21868,489522,2009-01-12 11:45:00,1,1.25,1.25,,,
15998,United Kingdom,Kings Choice Mug,21875,489522,2009-01-12 11:45:00,1,1.25,1.25,,,
15998,United Kingdom,Potting Shed Coffee Mug,21869,489522,2009-01-12 11:45:00,1,1.25,1.25,,,
15998,United Kingdom,Eight Piece Dinosaur Set,21826,489522,2009-01-12 11:45:00,3,1.25,3.75,,,
15998,United Kingdom,Eight Piece Creepy Crawlie Set,21827,489522,2009-01-12 11:45:00,3,1.25,3.75,,,
15998,United Kingdom,Eight Piece Snake  Set,21828,489522,2009-01-12 11:45:00,3,1.25,3.75,,,
15998,United Kingdom,Rattle Snake Eggs,16225,489522,2009-01-12 11:45:00,4,1.25,5,,,
15998,United Kingdom,Dinosaur Keyrings Assorted,21829,489522,2009-01-12 11:45:00,27,0.21,7.56,,,
15998,United Kingdom,Kings Choice Small Tube Matches,21582,489522,2009-01-12 11:45:00,2,1.65,3.3,,,
15998,United Kingdom,Retro Spot Small Tube Matches,21584,489522,2009-01-12 11:45:00,2,1.65,3.3,,,
15998,United Kingdom,Assorted Tutti Frutti Notebook,21638,489522,2009-01-12 11:45:00,6,2.1,12.6,,,
15998,United Kingdom,Wooden Box Advent Calendar ,35400,489522,2009-01-12 11:45:00,2,8.95,17.9,,,
15998,United Kingdom,Cake Stand Lace White,22218,489522,2009-01-12 11:45:00,1,4.25,4.25,,,
15998,United Kingdom,Cake Plate Lovebird White,22222,489522,2009-01-12 11:45:00,1,4.95,4.95,,,
15998,United Kingdom,Coffee Mug Dog + Ball Design,22300,489522,2009-01-12 11:45:00,3,2.55,7.65,,,
15998,United Kingdom,Coffee Mug Cat + Bird Design,22301,489522,2009-01-12 11:45:00,3,2.55,7.65,,,
15998,United Kingdom,Coffee Mug Pink Paisley Design,22305,489522,2009-01-12 11:45:00,3,2.55,7.65,,,
15998,United Kingdom,Coffee Mug Blue Paisley Design,22304,489522,2009-01-12 11:45:00,3,2.55,7.65,,,
15998,United Kingdom,Coffee Mug Pears  Design,22302,489522,2009-01-12 11:45:00,3,2.55,7.65,,,
15998,United Kingdom,Coffee Mug Apples Design,22303,489522,2009-01-12 11:45:00,3,2.55,7.65,,,
15998,United Kingdom,Party Cones Carnival Assorted,22127,489522,2009-01-12 11:45:00,6,1.25,7.5,,,
15998,United Kingdom,Party Cone Christmas Decoration ,22130,489522,2009-01-12 11:45:00,24,0.85,20.4,,,
15998,United Kingdom,Antique Glass Heart Decoration ,21143,489522,2009-01-12 11:45:00,7,1.95,13.65,,,
15998,United Kingdom,Assorted Tutti Frutti Keyring,21639,489522,2009-01-12 11:45:00,10,0.85,8.5,,,
15998,United Kingdom,Angel Decoration 3 Buttons ,22154,489522,2009-01-12 11:45:00,6,0.42,2.52,,,
15998,United Kingdom,Star Decoration Rustic,22155,489522,2009-01-12 11:45:00,6,0.42,2.52,,,
15998,United Kingdom,Heart Filigree Dove  Small,22294,489522,2009-01-12 11:45:00,6,1.25,7.5,,,
15998,United Kingdom,Painted Bird Assorted Christmas,21133,489522,2009-01-12 11:45:00,6,1.69,10.14,,,
15998,United Kingdom,Wooden Box Of Dominoes,21889,489522,2009-01-12 11:45:00,2,1.25,2.5,,,
15998,United Kingdom,Green Christmas Tree String 20Light,85045,489522,2009-01-12 11:45:00,2,4.95,9.9,,,
15998,United Kingdom,Red Reindeer String Of 20 Lights,85044,489522,2009-01-12 11:45:00,2,4.95,9.9,,,
15998,United Kingdom,Bingo Set,21888,489522,2009-01-12 11:45:00,3,3.75,11.25,,,
15998,United Kingdom,Cosy Hour Giant Tube Matches,21587,489522,2009-01-12 11:45:00,6,2.55,15.3,,,
15998,United Kingdom,Retro Spot Giant  Tube Matches,21588,489522,2009-01-12 11:45:00,2,2.55,5.1,,,
15998,United Kingdom,Kings Choice Giant Tube Matches,21586,489522,2009-01-12 11:45:00,4,2.55,10.2,,,
15998,United Kingdom,Glitter Christmas Heart ,21818,489522,2009-01-12 11:45:00,6,0.85,5.1,,,
15998,United Kingdom,Glitter Christmas Star ,21819,489522,2009-01-12 11:45:00,6,0.85,5.1,,,
15998,United Kingdom,Glitter Christmas Tree,21817,489522,2009-01-12 11:45:00,6,0.85,5.1,,,
15998,United Kingdom,Door Mat 3 Smiley Cats,48111,489522,2009-01-12 11:45:00,1,6.75,6.75,,,
15998,United Kingdom,Red Spotty Coir Doormat,20685,489522,2009-01-12 11:45:00,1,6.75,6.75,,,
15998,United Kingdom,Doormat Hearts,48194,489522,2009-01-12 11:45:00,1,6.75,6.75,,,
15998,United Kingdom,Skulls Wrap,21495,489522,2009-01-12 11:45:00,25,0.42,10.5,,,
15998,United Kingdom,Minature Coloured Gardening Set,47505,489522,2009-01-12 11:45:00,2,4.95,9.9,,,
15998,United Kingdom,Colouring Pencils Brown Tube,10135,489522,2009-01-12 11:45:00,6,1.25,7.5,,,
15998,United Kingdom,Union Jack Hot Water Bottle ,22125,489522,2009-01-12 11:45:00,4,5.95,23.8,,,
15998,United Kingdom,Green Blue Flower Piggy Bank,37492C,489522,2009-01-12 11:45:00,1,4.65,4.65,,,
15998,United Kingdom,Pink Spotty Bowl,20677,489522,2009-01-12 11:45:00,1,1.25,1.25,,,
15998,United Kingdom,Red Spotty Bowl,20676,489522,2009-01-12 11:45:00,1,1.25,1.25,,,
15998,United Kingdom,Blue Spotty Bowl,20675,489522,2009-01-12 11:45:00,1,1.25,1.25,,,
15998,United Kingdom,Set/6 Red Spotty Paper Cups,21086,489522,2009-01-12 11:45:00,8,0.65,5.2,,,
15998,United Kingdom,Set Of 6 Cake Chopsticks,21948,489522,2009-01-12 11:45:00,6,1.25,7.5,,,
15998,United Kingdom,Camouflage Led Torch,21833,489522,2009-01-12 11:45:00,12,1.69,20.28,,,
15998,United Kingdom,Chocolate Calculator,21832,489522,2009-01-12 11:45:00,5,1.65,8.25,,,
15998,United Kingdom,200 Red + White Bendy Straws,22315,489522,2009-01-12 11:45:00,1,1.25,1.25,,,
15998,United Kingdom,I Can Only Please One Person Mug,21870,489522,2009-01-12 11:45:00,1,1.25,1.25,,,
15998,United Kingdom,No Singing Metal Sign,82600,489522,2009-01-12 11:45:00,1,2.1,2.1,,,
15998,United Kingdom,Please One Person  Metal Sign,21181,489522,2009-01-12 11:45:00,2,2.1,4.2,,,
15998,United Kingdom,Metal Sign Empire Tea,22115,489522,2009-01-12 11:45:00,1,2.95,2.95,,,
15998,United Kingdom,Cook With Wine Metal Sign ,21166,489522,2009-01-12 11:45:00,2,1.95,3.9,,,
15998,United Kingdom,Gin + Tonic Diet Metal Sign,21175,489522,2009-01-12 11:45:00,2,2.1,4.2,,,
15998,United Kingdom,Pottering In The Shed Metal Sign,21174,489522,2009-01-12 11:45:00,1,1.95,1.95,,,
15998,United Kingdom,Chocolate This Way Metal Sign,21908,489522,2009-01-12 11:45:00,3,2.1,6.3,,,
15998,United Kingdom,Area Patrolled Metal Sign,82582,489522,2009-01-12 11:45:00,1,2.1,2.1,,,
15998,United Kingdom,Hand Over The Chocolate   Sign ,85152,489522,2009-01-12 11:45:00,2,2.1,4.2,,,
15998,United Kingdom,Ladies & Gentlemen Metal Sign,85150,489522,2009-01-12 11:45:00,1,2.55,2.55,,,
15998,United Kingdom,"Popcorn Holder , Small ",22197,489522,2009-01-12 11:45:00,10,0.85,8.5,,,
15998,United Kingdom,Set/6 Red Spotty Paper Plates,21094,489522,2009-01-12 11:45:00,4,0.85,3.4,,,
15998,United Kingdom,Set/6 Christmas Icicle T-Lights,72724,489522,2009-01-12 11:45:00,7,1.25,8.75,,,
15998,United Kingdom,Mirror Mosaic T-Light Holder Round,22103,489522,2009-01-12 11:45:00,6,1.65,9.9,,,
15998,United Kingdom,White With Black Cats Mug,37424,489522,2009-01-12 11:45:00,6,0.85,5.1,,,
15998,United Kingdom,Painted Metal Pears Assorted,21136,489522,2009-01-12 11:45:00,8,1.69,13.52,,,
15998,United Kingdom,Love Building Block Word,21755,489522,2009-01-12 11:45:00,1,5.95,5.95,,,
15998,United Kingdom,Assorted Colour Bird Ornament,84879,489522,2009-01-12 11:45:00,8,1.69,13.52,,,
15998,United Kingdom,Red 3 Piece Mini Dots Cutlery Set,84997B,489522,2009-01-12 11:45:00,1,3.75,3.75,,,
15998,United Kingdom,Pink 3 Piece Mini Dots Cutlery Set,84997D,489522,2009-01-12 11:45:00,1,3.75,3.75,,,
15998,United Kingdom,Blue 3 Piece Mini Dots Cutlery Set,84997C,489522,2009-01-12 11:45:00,1,3.75,3.75,,,
15998,United Kingdom,Red Spotty Cup,21238,489522,2009-01-12 11:45:00,4,0.85,3.4,,,
15998,United Kingdom,Blue  Spotty Cup,21240,489522,2009-01-12 11:45:00,4,0.85,3.4,,,
15998,United Kingdom,Pink  Spotty Cup,21239,489522,2009-01-12 11:45:00,4,0.85,3.4,,,
15998,United Kingdom,Magic Garden Mount Fuji,84007,489522,2009-01-12 11:45:00,4,2.55,10.2,,,
15998,United Kingdom,Magic Sheep Wool Growing From Paper,84012,489522,2009-01-12 11:45:00,4,2.55,10.2,,,
15998,United Kingdom,6 Ribbons Rustic Charm,22077,489522,2009-01-12 11:45:00,1,1.65,1.65,,,
15998,United Kingdom,Traditional Christmas Ribbons,85049A,489522,2009-01-12 11:45:00,2,1.25,2.5,,,
15998,United Kingdom,Scandinavian Reds Ribbons,85049E,489522,2009-01-12 11:45:00,2,1.25,2.5,,,
15998,United Kingdom,6 Ribbons Elegant Christmas ,22075,489522,2009-01-12 11:45:00,2,1.65,3.3,,,
15998,United Kingdom,6 Ribbons Empire  ,22076,489522,2009-01-12 11:45:00,1,1.65,1.65,,,
15998,United Kingdom, White Cherry Lights,79323W,489522,2009-01-12 11:45:00,1,6.75,6.75,,,
15998,United Kingdom,Light Pink Cherry Lights,79323LP,489522,2009-01-12 11:45:00,1,6.75,6.75,,,
15998,United Kingdom,Brown Flower Lights,79342B,489522,2009-01-12 11:45:00,1,6.75,6.75,,,
15998,United Kingdom,Willow Branch Lights.,79341,489522,2009-01-12 11:45:00,6,6.75,27,,,
12931,United Kingdom,Assorted Colour Bird Ornament,84879,489523,2009-01-12 11:46:00,27,1.45,27,,,
17984,United Kingdom,Cream Sweetheart Magazine Rack,85063,489529,2009-01-12 11:51:00,1,16.95,16.95,,,
17984,United Kingdom,Door Mat Topiary,48129,489529,2009-01-12 11:51:00,1,6.75,6.75,,,
17984,United Kingdom,Set Of Three Vintage Gift Wraps,21491,489529,2009-01-12 11:51:00,1,1.95,1.95,,,
17984,United Kingdom,Swallows Greeting Card,22030,489529,2009-01-12 11:51:00,1,0.42,0.42,,,
17984,United Kingdom,Set/20 Posies Paper Napkins,21081,489529,2009-01-12 11:51:00,1,0.85,0.85,,,
17984,United Kingdom,Blue Paisley Notebook,20773,489529,2009-01-12 11:51:00,1,1.65,1.65,,,
17984,United Kingdom,Blue Paisley Journal ,20767,489529,2009-01-12 11:51:00,1,2.55,2.55,,,
17984,United Kingdom,Penny Farthing Birthday Card,22028,489529,2009-01-12 11:51:00,12,0.42,5.04,,,
17984,United Kingdom,Vippassport Cover ,20622,489529,2009-01-12 11:51:00,1,2.1,2.1,,,
17984,United Kingdom,Set/10 Pink Spotty Party Candles,21122,489529,2009-01-12 11:51:00,1,1.25,1.25,,,
17984,United Kingdom,Set/10 Blue Spotty Party Candles,21124,489529,2009-01-12 11:51:00,1,1.25,1.25,,,
17984,United Kingdom,Tropical Luggage Tag,20657,489529,2009-01-12 11:51:00,1,1.25,1.25,,,
17984,United Kingdom,"Wrap, Friendship On Green",16156N,489529,2009-01-12 11:51:00,25,0.42,10.5,,,
17984,United Kingdom,Strawberries Print Bowl,20673,489529,2009-01-12 11:51:00,4,1.25,5,,,
17984,United Kingdom,Coffee Mug Dog + Ball Design,22300,489529,2009-01-12 11:51:00,6,2.55,15.3,,,
17984,United Kingdom,Pack 20 English Rose Paper Napkins,84520B,489529,2009-01-12 11:51:00,1,0.85,0.85,,,
17984,United Kingdom,Paper Chain Kit 50'S Christmas ,22086,489529,2009-01-12 11:51:00,1,2.95,2.95,,,
17984,United Kingdom,Tropical Passport Cover ,20619,489529,2009-01-12 11:51:00,1,2.1,2.1,,,
17984,United Kingdom,Union Jack Flag Passport Cover ,21864,489529,2009-01-12 11:51:00,1,2.1,2.1,,,
17984,United Kingdom,Union Jack Flag Luggage Tag,21866,489529,2009-01-12 11:51:00,1,1.25,1.25,,,
17984,United Kingdom,Vip Luggage Tag ,20660,489529,2009-01-12 11:51:00,1,1.25,1.25,,,
17984,United Kingdom,Blue White Scarf Hot Water Bottle,21489,489529,2009-01-12 11:51:00,1,3.95,3.95,,,
17984,United Kingdom,Pink Strawberry Handbag ,16207A,489529,2009-01-12 11:51:00,1,2.95,2.95,,,
17984,United Kingdom,Chrysanthemum Notebook,20777,489529,2009-01-12 11:51:00,1,1.65,1.65,,,
17984,United Kingdom,Green Fern Notebook,20774,489529,2009-01-12 11:51:00,2,1.65,3.3,,,
17984,United Kingdom,Space Boy Birthday Card,22029,489529,2009-01-12 11:51:00,12,0.42,5.04,,,
17984,United Kingdom,Swallows Greeting Card,22030,489529,2009-01-12 11:51:00,12,0.42,5.04,,,
17984,United Kingdom,Rainy Ladies Birthday Card,22024,489529,2009-01-12 11:51:00,12,0.42,5.04,,,
17984,United Kingdom,Robot Birthday Card,22037,489529,2009-01-12 11:51:00,12,0.42,5.04,,,
17984,United Kingdom,Dinosaur Birthday Card,22036,489529,2009-01-12 11:51:00,12,0.42,5.04,,,
17984,United Kingdom,Camouflage Led Torch,21833,489529,2009-01-12 11:51:00,2,1.69,3.38,,,
17984,United Kingdom,Multi Hearts  Stickers,21726,489529,2009-01-12 11:51:00,3,0.85,2.55,,,
17984,United Kingdom,Skulls  Water Transfer Tattoos ,21544,489529,2009-01-12 11:51:00,2,0.85,1.7,,,
17984,United Kingdom,Rose Du Sud Childs Apron,21004,489529,2009-01-12 11:51:00,1,4.25,4.25,,,
17984,United Kingdom,12 Pencils Tall Tube Posy,20984,489529,2009-01-12 11:51:00,1,0.85,0.85,,,
17984,United Kingdom,12 Pencils Tall Tube Skulls,20982,489529,2009-01-12 11:51:00,2,0.85,1.7,,,
17984,United Kingdom,Pink Dress Jewellery Stand ,84402D,489529,2009-01-12 11:51:00,1,2.95,2.95,,,
17984,United Kingdom,Black Stitched Wall Clock,84660B,489529,2009-01-12 11:51:00,1,3.75,3.75,,,
17984,United Kingdom,Red Gingham Rose Jewellery Box,21429,489529,2009-01-12 11:51:00,4,1.65,6.6,,,
17984,United Kingdom,F Fairy Potpourri Cushions Lavender,72754B,489529,2009-01-12 11:51:00,1,1.69,1.69,,,
17984,United Kingdom,Pink Spots  Wrap ,21500,489529,2009-01-12 11:51:00,25,0.42,10.5,,,
17984,United Kingdom,Green Gingham Flower Jewellery Box,21431,489529,2009-01-12 11:51:00,4,1.65,6.6,,,
17984,United Kingdom,Vintage Snakes & Ladders,21912,489529,2009-01-12 11:51:00,2,3.75,7.5,,,
17984,United Kingdom,Paper Chain Kit 50'S Christmas ,22086,489529,2009-01-12 11:51:00,3,2.95,8.85,,,
17984,United Kingdom,Kensington Coffee Set,20748,489529,2009-01-12 11:51:00,1,12.75,12.75,,,
17984,United Kingdom,Set Of Three 50'S Gift Wraps ,21490,489529,2009-01-12 11:51:00,2,1.95,3.9,,,
17984,United Kingdom,Ocean Scent Candle In Jewelled Box,72802B,489529,2009-01-12 11:51:00,3,4.25,12.75,,,
14871,United Kingdom,Glass Honeypot Wasp Catcher,79029,489531,2009-01-12 11:57:00,1,1.95,1.95,,,
14871,United Kingdom,Colour Glass. Star T-Light Holder,71477,489531,2009-01-12 11:57:00,12,3.25,27,,,
14871,United Kingdom,Antique Lily Fairy Lights,85042,489531,2009-01-12 11:57:00,4,4.95,19.8,,,
14871,United Kingdom,White Hanging Heart T-Light Holder,85123A,489531,2009-01-12 11:57:00,5,2.95,14.75,,,
14871,United Kingdom,Kings Choice Cigar Box Matches ,21590,489531,2009-01-12 11:57:00,4,1.25,5,,,
14871,United Kingdom,Cosy Hour Cigar Box Matches ,21591,489531,2009-01-12 11:57:00,7,1.25,8.75,,,
14871,United Kingdom,Kings Choice Small Tube Matches,21582,489531,2009-01-12 11:57:00,8,1.65,13.2,,,
14871,United Kingdom,Cosy Hour Giant Tube Matches,21587,489531,2009-01-12 11:57:00,6,2.55,15.3,,,
14871,United Kingdom,Wood S/3 Cabinet Ant White Finish,82486,489531,2009-01-12 11:57:00,1,7.95,7.95,,,
14871,United Kingdom,Wood 2 Drawer Cabinet White Finish,82483,489531,2009-01-12 11:57:00,1,5.95,5.95,,,
14871,United Kingdom,Chocolate Hot Water Bottle,22112,489531,2009-01-12 11:57:00,1,4.95,4.95,,,
14871,United Kingdom,Scottie Dog Hot Water Bottle,22111,489531,2009-01-12 11:57:00,1,4.95,4.95,,,
14871,United Kingdom,S/4 Festive Green Dinner Candles,72801E,489531,2009-01-12 11:57:00,2,1.25,2.5,,,
14871,United Kingdom,Rex Cash+Carry Jumbo Shopper,21034,489531,2009-01-12 11:57:00,1,0.95,0.95,,,
13394,United Kingdom,Bright Blues Ribbons ,85049D,489532,2009-01-12 11:58:00,12,1.25,15,,,
13394,United Kingdom,Pack Of 12 Hearts Design Tissues ,21985,489532,2009-01-12 11:58:00,27,0.29,13.92,,,
13394,United Kingdom,Pack Of 12 Red Spotty Tissues ,21980,489532,2009-01-12 11:58:00,27,0.29,13.92,,,
13394,United Kingdom,Recycled Pencil With Rabbit Eraser,16235,489532,2009-01-12 11:58:00,27,0.21,12.6,,,
13394,United Kingdom,Paper Chain Kit Retro Spot,22083,489532,2009-01-12 11:58:00,6,2.95,17.7,,,
13394,United Kingdom,Paper Chain Kit 50'S Christmas ,22086,489532,2009-01-12 11:58:00,6,2.95,17.7,,,
13394,United Kingdom,Scottie Dog Hot Water Bottle,22111,489532,2009-01-12 11:58:00,3,4.95,14.85,,,
13394,United Kingdom,Rotating Silver Angels T-Light Hldr,84347,489532,2009-01-12 11:58:00,6,2.55,15.3,,,
13394,United Kingdom,Red Spot Heart Hot Water Bottle,21485,489532,2009-01-12 11:58:00,3,4.95,14.85,,,
13394,United Kingdom,Pack Of 72 Retro Spot Cake Cases,21212,489532,2009-01-12 11:58:00,24,0.55,13.2,,,
13394,United Kingdom,60 Gold And Silver Fairy Cake Cases,84990,489532,2009-01-12 11:58:00,24,0.55,13.2,,,
13394,United Kingdom,Strawberry Scented Set/9 T-Lights,85231E,489532,2009-01-12 11:58:00,12,0.85,10.2,,,
13394,United Kingdom,Cinammon Set Of 9 T-Lights,85231B,489532,2009-01-12 11:58:00,24,0.85,20.4,,,
13394,United Kingdom,Frosted Box 9 White T-Light Candles,72008,489532,2009-01-12 11:58:00,12,0.42,5.04,,,
13394,United Kingdom,Small Retro Spot Mug In Box  White,22071,489532,2009-01-12 11:58:00,6,3.75,22.5,,,
13394,United Kingdom,Small Retro Spot Mug In Box  Red,22070,489532,2009-01-12 11:58:00,6,3.75,22.5,,,
13394,United Kingdom,6 Ribbons Rustic Charm,22077,489532,2009-01-12 11:58:00,9,1.65,14.85,,,
13394,United Kingdom,Set/3 Tall Glass Candle Holder Pink,20892,489532,2009-01-12 11:58:00,2,12.75,25.5,,,
13394,United Kingdom,Asstd Design Bubble Gum Ring,84270,489532,2009-01-12 11:58:00,27,0.21,6.3,,,
13394,United Kingdom,Romantic Pinks Ribbons ,85049C,489532,2009-01-12 11:58:00,12,1.25,15,,,
16011,United Kingdom,Silver Christmas Tree Bauble Stand ,84352,489533,2009-01-12 12:02:00,1,16.95,16.95,,,
16011,United Kingdom,Corona Mexican Tray,79067,489533,2009-01-12 12:02:00,1,3.75,3.75,,,
16011,United Kingdom,Milk Pan Red Retrospot,22203,489533,2009-01-12 12:02:00,1,3.75,3.75,,,
16011,United Kingdom,Silver Sleighbell  Wreath,21353,489533,2009-01-12 12:02:00,4,7.95,27,,,
16011,United Kingdom,Antique Silver Tea Glass Etched,84946,489533,2009-01-12 12:02:00,6,1.25,7.5,,,
16011,United Kingdom,Coffee Mug Dog + Ball Design,22300,489533,2009-01-12 12:02:00,6,2.55,15.3,,,
16011,United Kingdom,Retro Spot Small Milk Jug,21535,489533,2009-01-12 12:02:00,1,2.55,2.55,,,
16011,United Kingdom,Dairy Maid Ceramic Butter Dish,21540,489533,2009-01-12 12:02:00,2,4.25,8.5,,,
16011,United Kingdom,Dairy Maid  Pudding Bowl,21538,489533,2009-01-12 12:02:00,1,3.75,3.75,,,
16011,United Kingdom,Retro Spot Storage Jar,22073,489533,2009-01-12 12:02:00,1,3.75,3.75,,,
16011,United Kingdom,Dairy Maid Large Milk Jug,21534,489533,2009-01-12 12:02:00,1,4.95,4.95,,,
16011,United Kingdom,Retro Spot Large Milk Jug,21533,489533,2009-01-12 12:02:00,1,4.95,4.95,,,
16011,United Kingdom,Zinc Metal Heart Decoration,84836,489533,2009-01-12 12:02:00,12,1.25,15,,,
16011,United Kingdom,French Enamel Candleholder,85053,489533,2009-01-12 12:02:00,2,2.1,4.2,,,
16011,United Kingdom,Bath Building Block Word,21756,489533,2009-01-12 12:02:00,1,5.95,5.95,,,
16011,United Kingdom,Joy Wooden Block Letters,22118,489533,2009-01-12 12:02:00,1,4.95,4.95,,,
16011,United Kingdom,Home Building Block Word,21754,489533,2009-01-12 12:02:00,2,5.95,11.9,,,
16011,United Kingdom,Hanging Heart Zinc T-Light Holder,84970S,489533,2009-01-12 12:02:00,12,0.85,10.2,,,
16011,United Kingdom,Joy Wooden Block Letters,22118,489533,2009-01-12 12:02:00,2,4.95,9.9,,,
16011,United Kingdom,Love Building Block Word,21755,489533,2009-01-12 12:02:00,2,5.95,11.9,,,
16393,United Kingdom,Large Camphor Wood Field Mushroom ,21375,489536,2009-01-12 12:13:00,2,5.45,10.9,,,
16393,United Kingdom,Full English Breakfast Plate,22109,489536,2009-01-12 12:13:00,1,3.75,3.75,,,
16393,United Kingdom,Union Jack Flag Passport Cover ,21864,489536,2009-01-12 12:13:00,1,2.1,2.1,,,
16393,United Kingdom,Door Mat Topiary,48129,489536,2009-01-12 12:13:00,1,6.75,6.75,,,
16393,United Kingdom,Red Star Card Holder,22186,489536,2009-01-12 12:13:00,1,2.95,2.95,,,
16393,United Kingdom,English Rose Garden Secateurs,47504K,489536,2009-01-12 12:13:00,2,1.95,3.9,,,
16393,United Kingdom,English Rose Torch,47504F,489536,2009-01-12 12:13:00,2,1.65,3.3,,,
16393,United Kingdom,Christmas Hanging Tree With Bell,21809,489536,2009-01-12 12:13:00,1,1.25,1.25,,,
16393,United Kingdom,6 Ribbons Elegant Christmas ,22075,489536,2009-01-12 12:13:00,1,1.65,1.65,,,
16393,United Kingdom,White Dove Honeycomb Paper Garland,21186,489536,2009-01-12 12:13:00,2,1.65,3.3,,,
16393,United Kingdom,Paper Chain Kit 50'S Christmas ,22086,489536,2009-01-12 12:13:00,1,2.95,2.95,,,
16393,United Kingdom,Set Of 12 Lily Botanical T-Lights,21611,489536,2009-01-12 12:13:00,2,2.95,5.9,,,
16393,United Kingdom,Grey Heart Hot Water Bottle,22113,489536,2009-01-12 12:13:00,2,3.45,6.9,,,
16393,United Kingdom,Pink Stripe Hot Water Bottle,21480,489536,2009-01-12 12:13:00,1,2.95,2.95,,,
16393,United Kingdom,Heart Filigree Dove Large,22295,489536,2009-01-12 12:13:00,2,1.65,3.3,,,
16393,United Kingdom,Set/6 Ivory Bird T-Light Candles,85170A,489536,2009-01-12 12:13:00,1,2.1,2.1,,,
16393,United Kingdom,Set/6 Silver Reindeer T-Lights,85033S,489536,2009-01-12 12:13:00,1,1.95,1.95,,,
16393,United Kingdom,Set/6 Black Snowflake T-Lights ,35991,489536,2009-01-12 12:13:00,1,1.69,1.69,,,
16393,United Kingdom,Slate Tile Natural Hanging,22185,489536,2009-01-12 12:13:00,2,1.65,3.3,,,
16393,United Kingdom,Rain Hat With Red Spots,21786,489536,2009-01-12 12:13:00,1,0.42,0.42,,,
16393,United Kingdom,Retro Blue Spotty Washing Up Gloves,20752,489536,2009-01-12 12:13:00,1,2.1,2.1,,,
16393,United Kingdom,Retro Red Spotty Washing Up Gloves,20754,489536,2009-01-12 12:13:00,1,2.1,2.1,,,
16393,United Kingdom,Wise Man Star Shape Egg Pan,84388,489536,2009-01-12 12:13:00,1,1.65,1.65,,,
16393,United Kingdom,Pink Union Jack  Passport Cover ,21865,489536,2009-01-12 12:13:00,1,2.1,2.1,,,
16393,United Kingdom,Chocolate Calculator,21832,489536,2009-01-12 12:13:00,1,1.65,1.65,,,
16393,United Kingdom,Blue Charlie+Lola Personal Doorsign,85071A,489536,2009-01-12 12:13:00,1,2.95,2.95,,,
16393,United Kingdom,Red Charlie+Lola Personal Doorsign,85071B,489536,2009-01-12 12:13:00,1,2.95,2.95,,,
16393,United Kingdom,Set Of 6 Cake Chopsticks,21948,489536,2009-01-12 12:13:00,1,1.25,1.25,,,
16393,United Kingdom,Vintage Heads And Tails Card Game ,21791,489536,2009-01-12 12:13:00,2,1.25,2.5,,,
16393,United Kingdom,Set 12 Kids Colour  Chalk Sticks,21918,489536,2009-01-12 12:13:00,2,0.42,0.84,,,
16393,United Kingdom,Paper Chain Kit 50'S Christmas ,22086,489536,2009-01-12 12:13:00,2,2.95,5.9,,,
16393,United Kingdom, Vintage Design Gift Tags,21493,489536,2009-01-12 12:13:00,2,0.85,1.7,,,
16393,United Kingdom,Set Of Three Vintage Gift Wraps,21491,489536,2009-01-12 12:13:00,2,1.95,3.9,,,
16393,United Kingdom,"Feather Duster, Coal Black",51012C,489536,2009-01-12 12:13:00,1,1.25,1.25,,,
16393,United Kingdom,Rex Cash+Carry Jumbo Shopper,21034,489536,2009-01-12 12:13:00,1,0.95,0.95,,,
16393,United Kingdom,Crochet Bear With Blue Stripes,84671B,489536,2009-01-12 12:13:00,1,2.55,2.55,,,
16393,United Kingdom,Small Skull Windmill,21747,489536,2009-01-12 12:13:00,1,1.25,1.25,,,
16393,United Kingdom,"Popcorn Holder , Small ",22197,489536,2009-01-12 12:13:00,1,0.85,0.85,,,
16393,United Kingdom,Pizza Plate In Box,22107,489536,2009-01-12 12:13:00,1,3.75,3.75,,,
16393,United Kingdom,72 Round Pink Doilies,22330,489536,2009-01-12 12:13:00,1,1.45,1.45,,,
16393,United Kingdom,Retro Spot Tea Set Ceramic 11 Pc ,22139,489536,2009-01-12 12:13:00,1,4.95,4.95,,,
16393,United Kingdom,Set Of 20 Kids Cookie Cutters,84375,489536,2009-01-12 12:13:00,1,1.95,1.95,,,
16393,United Kingdom,Black Love Bird T-Light Holder,84952B,489536,2009-01-12 12:13:00,2,3.75,7.5,,,
16393,United Kingdom,Strawberry Bath Sponge ,20961,489536,2009-01-12 12:13:00,1,1.25,1.25,,,
16393,United Kingdom,Watermelon Bath Sponge,20960,489536,2009-01-12 12:13:00,1,1.25,1.25,,,
16393,United Kingdom,Sandwich Bath Sponge,20966,489536,2009-01-12 12:13:00,1,1.25,1.25,,,
16393,United Kingdom,Ass Col Small Sand Frog P'Weight,17164D,489536,2009-01-12 12:13:00,1,0.42,0.42,,,
16393,United Kingdom,Vintage Heads And Tails Card Game ,21791,489536,2009-01-12 12:13:00,6,1.25,7.5,,,
16393,United Kingdom,S/6 Wooden Skittles In Cotton Bag,21890,489536,2009-01-12 12:13:00,1,2.95,2.95,,,
16393,United Kingdom,Lunchbox With Cutlery Fairy Cakes ,22353,489536,2009-01-12 12:13:00,1,2.55,2.55,,,
16393,United Kingdom,Set/6 Pink Bird T-Light Candles,85170D,489536,2009-01-12 12:13:00,1,2.1,2.1,,,
16393,United Kingdom,Vanilla Incense In Tin,17091J,489536,2009-01-12 12:13:00,1,1.25,1.25,,,
16393,United Kingdom,Corona Mexican Tray,79067,489536,2009-01-12 12:13:00,1,3.75,3.75,,,
16393,United Kingdom,12 Pencils Small Tube Red Spotty,20975,489536,2009-01-12 12:13:00,7,0.65,4.55,,,
16393,United Kingdom,Pink Spotty Bowl,20677,489536,2009-01-12 12:13:00,1,1.25,1.25,,,
16393,United Kingdom,Blue Spotty Bowl,20675,489536,2009-01-12 12:13:00,1,1.25,1.25,,,
16393,United Kingdom,Red Spotty Bowl,20676,489536,2009-01-12 12:13:00,2,1.25,2.5,,,
16393,United Kingdom,12 Mini Toadstool Pegs,21440,489536,2009-01-12 12:13:00,1,1.25,1.25,,,
16393,United Kingdom,Photo Cube,22174,489536,2009-01-12 12:13:00,2,1.65,3.3,,,
16393,United Kingdom,Christmas Craft White Fairy ,22142,489536,2009-01-12 12:13:00,1,1.45,1.45,,,
16393,United Kingdom, 3 Stripey Mice Feltcraft,22150,489536,2009-01-12 12:13:00,2,1.95,3.9,,,
16393,United Kingdom,Feltcraft Butterfly Hearts,22147,489536,2009-01-12 12:13:00,2,1.45,2.9,,,
16393,United Kingdom,Toast Its - Fairy Flower,21356,489536,2009-01-12 12:13:00,1,1.25,1.25,,,
16393,United Kingdom,Toast Its - Dinosaur,21357,489536,2009-01-12 12:13:00,1,1.25,1.25,,,
16393,United Kingdom,Cook With Wine Metal Sign ,21166,489536,2009-01-12 12:13:00,1,1.95,1.95,,,
16393,United Kingdom,Lunch Bag Cars Blue,20728,489536,2009-01-12 12:13:00,4,1.65,6.6,,,
16393,United Kingdom,Hearts  Stickers,21677,489536,2009-01-12 12:13:00,6,0.85,5.1,,,
16393,United Kingdom,Woodland  Stickers,21680,489536,2009-01-12 12:13:00,6,0.85,5.1,,,
16393,United Kingdom,Glass Star Frosted T-Light Holder,21730,489536,2009-01-12 12:13:00,1,4.95,4.95,,,
16393,United Kingdom,Kids Rain Mac Blue,21788,489536,2009-01-12 12:13:00,1,0.85,0.85,,,
16393,United Kingdom,Kids Rain Mac Pink,21789,489536,2009-01-12 12:13:00,1,0.85,0.85,,,
16393,United Kingdom,Vip Luggage Tag ,20660,489536,2009-01-12 12:13:00,1,1.25,1.25,,,
16393,United Kingdom,Hi Tec Alpine Hand Warmer,70007,489536,2009-01-12 12:13:00,1,1.65,1.65,,,
16393,United Kingdom,Love Heart Pocket Warmer,70006,489536,2009-01-12 12:13:00,1,1.65,1.65,,,
16393,United Kingdom,Assorted Tutti Frutti Bracelet,21650,489536,2009-01-12 12:13:00,1,0.65,0.65,,,
16393,United Kingdom,Feltcraft Butterfly Hearts,22147,489536,2009-01-12 12:13:00,1,1.45,1.45,,,
16393,United Kingdom,Traditional Wooden Catch Cup Game ,21892,489536,2009-01-12 12:13:00,1,1.25,1.25,,,
16393,United Kingdom,Set/6 3D Kit Cards For Kids,85227,489536,2009-01-12 12:13:00,1,0.85,0.85,,,
16393,United Kingdom,Set/6 3D Kit Cards For Kids,85227,489536,2009-01-12 12:13:00,3,0.85,2.55,,,
16393,United Kingdom,Queen Of Skies Luggage Tag,20655,489536,2009-01-12 12:13:00,1,1.25,1.25,,,
16393,United Kingdom,Vintage Heads And Tails Card Game ,21791,489536,2009-01-12 12:13:00,1,1.25,1.25,,,
16393,United Kingdom,Modern Floral Stationery Set,21990,489536,2009-01-12 12:13:00,1,2.95,2.95,,,
16393,United Kingdom,Sweetheart Ceramic Trinket Box,21231,489536,2009-01-12 12:13:00,1,1.25,1.25,,,
16393,United Kingdom,Pink Doughnut Trinket Pot ,22064,489536,2009-01-12 12:13:00,4,1.65,6.6,,,
16393,United Kingdom,Skull Shoulder Bag,21934,489536,2009-01-12 12:13:00,1,1.65,1.65,,,
16393,United Kingdom,Woodland Design  Cotton Tote Bag,21578,489536,2009-01-12 12:13:00,1,2.25,2.25,,,
16393,United Kingdom,Lolita  Design  Cotton Tote Bag,21579,489536,2009-01-12 12:13:00,1,2.25,2.25,,,
16393,United Kingdom,Save The Planet Cotton Tote Bag,21577,489536,2009-01-12 12:13:00,2,2.25,4.5,,,
16393,United Kingdom,Jumbo Storage Bag Suki,21931,489536,2009-01-12 12:13:00,5,1.95,9.75,,,
16393,United Kingdom,Jumbo Bag Red White Spotty ,85099B,489536,2009-01-12 12:13:00,5,1.95,9.75,,,
16393,United Kingdom,Jumbo Bag Owls,20713,489536,2009-01-12 12:13:00,1,1.95,1.95,,,
16393,United Kingdom,Jumbo Bag Woodland Animals,20712,489536,2009-01-12 12:13:00,1,1.95,1.95,,,
16393,United Kingdom,Pop Art Pen Case & Pens,16047,489536,2009-01-12 12:13:00,1,0.85,0.85,,,
16393,United Kingdom,Dinosaur Lunchbox With Cutlery,21561,489536,2009-01-12 12:13:00,1,2.55,2.55,,,
16393,United Kingdom,Silver Finch Decoration,20814,489536,2009-01-12 12:13:00,1,1.25,1.25,,,
16393,United Kingdom,Set/10 Pink Spotty Party Candles,21122,489536,2009-01-12 12:13:00,1,1.25,1.25,,,
16393,United Kingdom,Strawberry Ceramic Trinket Box,21232,489536,2009-01-12 12:13:00,3,1.25,3.75,,,
16393,United Kingdom,Antique Silver Tea Glass Etched,84946,489536,2009-01-12 12:13:00,6,1.25,7.5,,,
16393,United Kingdom, Black Pirate Treasure Chest,22068,489536,2009-01-12 12:13:00,4,1.65,6.6,,,
16393,United Kingdom,Small Camphor Wood Field  Mushroom,21377,489536,2009-01-12 12:13:00,1,1.65,1.65,,,
16393,United Kingdom, Camphor Wood Portobello Mushroom,21379,489536,2009-01-12 12:13:00,1,1.25,1.25,,,
16393,United Kingdom,Porcelain T-Light Holders Assorted,20956,489536,2009-01-12 12:13:00,1,1.25,1.25,,,
16393,United Kingdom,Bird Box Christmas Tree Decoration,21018,489536,2009-01-12 12:13:00,1,0.85,0.85,,,
16393,United Kingdom,Set/6 Black Glitter Reindeer Candle,35995,489536,2009-01-12 12:13:00,1,2.1,2.1,,,
16393,United Kingdom,Woodland Design  Cotton Tote Bag,21578,489536,2009-01-12 12:13:00,2,2.25,4.5,,,
16393,United Kingdom,"Charlotte Bag , Suki Design",22355,489536,2009-01-12 12:13:00,9,0.85,7.65,,,
16393,United Kingdom,Skull Shoulder Bag,21934,489536,2009-01-12 12:13:00,2,1.65,3.3,,,
16393,United Kingdom,"Charlotte Bag , Pink/White Spots",22356,489536,2009-01-12 12:13:00,3,0.85,2.55,,,
16393,United Kingdom,Skulls  Design  Cotton Tote Bag,21581,489536,2009-01-12 12:13:00,4,2.25,9,,,
16393,United Kingdom,Porcelain T-Light Holders Assorted,20956,489536,2009-01-12 12:13:00,2,1.25,2.5,,,
16393,United Kingdom,Lunch Bag  Black Skull.,20727,489536,2009-01-12 12:13:00,3,1.65,4.95,,,
16393,United Kingdom,Vintage Billboard Drink Me Mug,21071,489536,2009-01-12 12:13:00,1,1.25,1.25,,,
16393,United Kingdom,Vintage Billboard Love/Hate Mug,21068,489536,2009-01-12 12:13:00,1,1.25,1.25,,,
16393,United Kingdom,Cream Heart Card Holder,22189,489536,2009-01-12 12:13:00,1,3.95,3.95,,,
16393,United Kingdom,Door Mat Sweet Home,48179,489536,2009-01-12 12:13:00,1,6.75,6.75,,,
14040,United Kingdom,Door Mat Topiary,48129,489537,2009-01-12 12:14:00,1,6.75,6.75,,,
14040,United Kingdom,Fancy Font Home Sweet Home Doormat,21523,489537,2009-01-12 12:14:00,1,6.75,6.75,,,
14040,United Kingdom,Door Mat Welcome Puppies,48188,489537,2009-01-12 12:14:00,2,6.75,13.5,,,
14040,United Kingdom,Door Mat 3 Smiley Cats,48111,489537,2009-01-12 12:14:00,2,6.75,13.5,,,
14040,United Kingdom,Doormat Hearts,48194,489537,2009-01-12 12:14:00,2,6.75,13.5,,,
14040,United Kingdom,Red Spotty Coir Doormat,20685,489537,2009-01-12 12:14:00,2,6.75,13.5,,,
14040,United Kingdom,Door Mat Green Paisley ,48195,489537,2009-01-12 12:14:00,2,6.75,13.5,,,
14040,United Kingdom,Door Mat English Rose ,48184,489537,2009-01-12 12:14:00,2,6.75,13.5,,,
14040,United Kingdom,Red Hanging Heart T-Light Holder,21733,489537,2009-01-12 12:14:00,10,2.95,27,,,
14040,United Kingdom,Recipe Box With Metal Heart,21777,489537,2009-01-12 12:14:00,4,7.95,27,,,
14040,United Kingdom,Red Floral Feltcraft Shoulder Bag,20969,489537,2009-01-12 12:14:00,4,3.75,15,,,
14040,United Kingdom,Pink Floral Feltcraft Shoulder Bag,20970,489537,2009-01-12 12:14:00,4,3.75,15,,,
14040,United Kingdom,Green Floral Feltcraft Shoulder Bag,20968,489537,2009-01-12 12:14:00,4,3.75,15,,,
14040,United Kingdom,Grey Floral Feltcraft Shoulder Bag,20967,489537,2009-01-12 12:14:00,2,3.75,7.5,,,
14040,United Kingdom,Set 3 Wicker Log Baskets,21737,489537,2009-01-12 12:14:00,1,19.95,19.95,,,
14040,United Kingdom,Yellow + Brown Bear Felt Purse Kit,84899E,489537,2009-01-12 12:14:00,2,1.25,2.5,,,
14040,United Kingdom,Yellow Purple Daisy Felt Purse Kit,84899F,489537,2009-01-12 12:14:00,3,1.25,3.75,,,
14040,United Kingdom,Yellow Flowers Felt Handbag Kit,84898F,489537,2009-01-12 12:14:00,5,2.1,10.5,,,
14040,United Kingdom,Pink Blue Felt Craft Trinket Box,20971,489537,2009-01-12 12:14:00,5,1.25,6.25,,,
14040,United Kingdom,Pink Cream Felt Craft Trinket Box ,20972,489537,2009-01-12 12:14:00,5,1.25,6.25,,,
14040,United Kingdom,Frying Pan Union Flag,22207,489537,2009-01-12 12:14:00,1,4.25,4.25,,,
14040,United Kingdom,Light Bird House Tree Decoration,21016,489537,2009-01-12 12:14:00,1,0.85,0.85,,,
14040,United Kingdom,Metal Sign Empire Tea,22115,489537,2009-01-12 12:14:00,1,2.95,2.95,,,
14040,United Kingdom,Feltcraft Doll Molly,22273,489537,2009-01-12 12:14:00,2,2.95,5.9,,,
14040,United Kingdom,Glitter Butterfly Clips,20828,489537,2009-01-12 12:14:00,6,2.55,15.3,,,
14040,United Kingdom,Glitter Hanging Butterfly String,20829,489537,2009-01-12 12:14:00,6,2.1,12.6,,,
14040,United Kingdom,Cinammon Set Of 9 T-Lights,85231B,489537,2009-01-12 12:14:00,5,0.85,4.25,,,
14040,United Kingdom,Orange Scented Set/9 T-Lights,85231G,489537,2009-01-12 12:14:00,5,0.85,4.25,,,
14040,United Kingdom,Brown Check Cat Doorstop ,21407,489537,2009-01-12 12:14:00,1,4.25,4.25,,,
14040,United Kingdom,Country Cottage  Doorstop Green,21410,489537,2009-01-12 12:14:00,2,4.25,8.5,,,
14040,United Kingdom,4 Ivory Dinner Candles Gold Flock,72800F,489537,2009-01-12 12:14:00,1,2.55,2.55,,,
14040,United Kingdom,Gingham Heart  Doorstop Red,21411,489537,2009-01-12 12:14:00,4,4.25,17,,,
14040,United Kingdom,Floral Folk Stationery Set,21993,489537,2009-01-12 12:14:00,3,2.95,8.85,,,
14040,United Kingdom,Charlie + Lola Red Hot Water Bottle,84032B,489537,2009-01-12 12:14:00,4,2.95,11.8,,,
14040,United Kingdom,Union Jack Hot Water Bottle ,22125,489537,2009-01-12 12:14:00,3,5.95,17.85,,,
14040,United Kingdom,Charlie+Lola Pink Hot Water Bottle,84032A,489537,2009-01-12 12:14:00,4,2.95,11.8,,,
14040,United Kingdom,Mushroom Blue Hot Water Bottle,21482,489537,2009-01-12 12:14:00,3,2.95,8.85,,,
14040,United Kingdom,White Skull Hot Water Bottle ,21479,489537,2009-01-12 12:14:00,2,3.75,7.5,,,
14040,United Kingdom,Pink Stripe Hot Water Bottle,21480,489537,2009-01-12 12:14:00,5,2.95,14.75,,,
14040,United Kingdom,Pink Heart Dots Hot Water Bottle,21486,489537,2009-01-12 12:14:00,2,3.75,7.5,,,
14040,United Kingdom,Fawn Blue Hot Water Bottle,21481,489537,2009-01-12 12:14:00,3,2.95,8.85,,,
14040,United Kingdom,Frosted Box 9 White T-Light Candles,72008,489537,2009-01-12 12:14:00,24,0.42,10.08,,,
14040,United Kingdom,Sweetheart Ceramic Trinket Box,21231,489537,2009-01-12 12:14:00,20,1.25,25,,,
14040,United Kingdom,Strawberry Ceramic Trinket Box,21232,489537,2009-01-12 12:14:00,20,1.25,25,,,
14040,United Kingdom,Garland With Stars And Bells,21813,489537,2009-01-12 12:14:00,1,4.95,4.95,,,
14040,United Kingdom,Garland With Hearts And Bells,21812,489537,2009-01-12 12:14:00,4,4.95,19.8,,,
14040,United Kingdom,Blue White Scarf Hot Water Bottle,21489,489537,2009-01-12 12:14:00,3,3.95,11.85,,,
14040,United Kingdom,Red White Scarf  Hot Water Bottle,21488,489537,2009-01-12 12:14:00,3,3.95,11.85,,,
14040,United Kingdom,Red Woolly Hottie White Heart.,84029E,489537,2009-01-12 12:14:00,1,3.75,3.75,,,
14040,United Kingdom,"String Of 8 Butterflies,Pink",75013B,489537,2009-01-12 12:14:00,3,1.65,4.95,,,
14040,United Kingdom,4 Ivory Dinner Candles Silver Flock,72800E,489537,2009-01-12 12:14:00,4,2.55,10.2,,,
14040,United Kingdom,4 Ivory Dinner Candles Gold Flock,72800F,489537,2009-01-12 12:14:00,3,2.55,7.65,,,
14040,United Kingdom,S/4 Burgundy Wine Dinner Candles,72801G,489537,2009-01-12 12:14:00,3,1.25,3.75,,,
14040,United Kingdom,S/4 Festive Red Dinner Candles,72801F,489537,2009-01-12 12:14:00,6,1.25,7.5,,,
14040,United Kingdom,S/4 Festive Green Dinner Candles,72801E,489537,2009-01-12 12:14:00,6,1.25,7.5,,,
14040,United Kingdom,Vintage Snap Cards,21790,489537,2009-01-12 12:14:00,11,0.85,9.35,,,
14040,United Kingdom,Vintage Heads And Tails Card Game ,21791,489537,2009-01-12 12:14:00,6,1.25,7.5,,,
14040,United Kingdom,Bingo Set,21888,489537,2009-01-12 12:14:00,3,3.75,11.25,,,
14040,United Kingdom,Cinammon & Orange Wreath,21351,489537,2009-01-12 12:14:00,2,6.75,13.5,,,
12913,United Kingdom,Red Hanging Metal Star Tlight Hldr,21732,489540,2009-01-12 12:18:00,24,3.39,27,,,
12913,United Kingdom,Home Building Block Word,21754,489540,2009-01-12 12:18:00,24,5.45,27,,,
12913,United Kingdom,Paper Chain Kit Retro Spot,22083,489540,2009-01-12 12:18:00,27,2.55,27,,,
12913,United Kingdom,Paper Chain Kit 50'S Christmas ,22086,489540,2009-01-12 12:18:00,27,2.55,27,,,
12913,United Kingdom,Antique Silver Tea Glass Etched,84946,489540,2009-01-12 12:18:00,24,1.25,27,,,
15061,United Kingdom,Paper Chain Kit 50'S Christmas ,22086,489539,2009-01-12 12:18:00,27,2.55,27,,,
15061,United Kingdom,Paper Chain Kit Retro Spot,22083,489539,2009-01-12 12:18:00,27,2.55,27,,,
15061,United Kingdom,Set/4 Pink Orchid Candles In Bowl,85041,489539,2009-01-12 12:18:00,27,1.45,27,,,
15061,United Kingdom,Set/4 Blue Flower Candles In Bowl,85040B,489539,2009-01-12 12:18:00,27,1.45,27,,,
15061,United Kingdom,Assorted Colour Bird Ornament,84879,489539,2009-01-12 12:18:00,27,1.69,27,,,
15061,United Kingdom,Pink Cherry Lights,79323P,489539,2009-01-12 12:18:00,24,5.45,27,,,
15061,United Kingdom,Door Mat English Rose ,48184,489539,2009-01-12 12:18:00,20,5.95,27,,,
15061,United Kingdom,Funky Monkey Mug,37461,489539,2009-01-12 12:18:00,27,0.85,27,,,
15061,United Kingdom,Retro Spot Tea Set Ceramic 11 Pc ,22139,489539,2009-01-12 12:18:00,27,4.25,27,,,
15061,United Kingdom,Big Doughnut Fridge Magnets,21700,489539,2009-01-12 12:18:00,27,0.85,27,,,
15061,United Kingdom,White Spot Blue Ceramic Drawer Knob,21673,489539,2009-01-12 12:18:00,27,1.06,27,,,
15061,United Kingdom,Red Spot Ceramic Drawer Knob,21671,489539,2009-01-12 12:18:00,27,1.06,27,,,
15061,United Kingdom,Blue Stripe Ceramic Drawer Knob,21669,489539,2009-01-12 12:18:00,27,1.06,27,,,
15061,United Kingdom,Pink Spots  Wrap ,21500,489539,2009-01-12 12:18:00,27,0.34,27,,,
15061,United Kingdom,Floral Elephant Soft Toy,20692,489539,2009-01-12 12:18:00,27,3.75,27,,,
15061,United Kingdom,Red Spotty Coir Doormat,20685,489539,2009-01-12 12:18:00,27,5.95,27,,,
15061,United Kingdom,Sleeping Cat Erasers,16237,489539,2009-01-12 12:18:00,27,0.21,27,,,
15061,United Kingdom,Black And White Paisley Flower Mug,37410,489542,2009-01-12 12:19:00,27,0.85,27,,,
15061,United Kingdom,Retro Spot Tea Set Ceramic 11 Pc ,22139,489542,2009-01-12 12:19:00,27,4.25,27,,,
14341,United Kingdom,Paper Chain Kit 50'S Christmas ,22086,489544,2009-01-12 12:20:00,18,2.95,27,,,
14341,United Kingdom,Rotating Silver Angels T-Light Hldr,84347,489544,2009-01-12 12:20:00,18,2.55,27,,,
14341,United Kingdom,Christmas Pudding Trinket Pot ,22065,489544,2009-01-12 12:20:00,12,1.45,17.4,,,
14341,United Kingdom,Garland With Stars And Bells,21813,489544,2009-01-12 12:20:00,6,4.95,27,,,
14341,United Kingdom,"Greeting Card, Rita",84251F,489544,2009-01-12 12:20:00,12,0.19,2.28,,,
14341,United Kingdom,12 Pencils Small Tube Red Spotty,20975,489544,2009-01-12 12:20:00,24,0.65,15.6,,,
14341,United Kingdom,Set/20 Red Spotty Paper Napkins ,21080,489544,2009-01-12 12:20:00,12,0.85,10.2,,,
14341,United Kingdom,Retro Spot Mug,21844,489544,2009-01-12 12:20:00,6,2.95,17.7,,,
14341,United Kingdom,Small Retro Spot Mug In Box  Red,22070,489544,2009-01-12 12:20:00,6,3.75,22.5,,,
14341,United Kingdom,Pack Of 12 Red Spotty Tissues ,21980,489544,2009-01-12 12:20:00,27,0.29,13.92,,,
14341,United Kingdom,Pack Of 12 Skull Tissues,21967,489544,2009-01-12 12:20:00,27,0.29,13.92,,,
14341,United Kingdom,Union Jack Hot Water Bottle ,22125,489544,2009-01-12 12:20:00,3,5.95,17.85,,,
14341,United Kingdom,Peace Small Wood Letters,21364,489544,2009-01-12 12:20:00,1,6.75,6.75,,,
14341,United Kingdom,Christmas Hanging Tree With Bell,21809,489544,2009-01-12 12:20:00,12,1.25,15,,,
17804,United Kingdom,Carnival Bracelet,90062,489545,2009-01-12 12:22:00,1,12.75,12.75,,,
17804,United Kingdom,Pink Stripe Hot Water Bottle,21480,489545,2009-01-12 12:22:00,2,2.95,5.9,,,
17804,United Kingdom,Bird House Hot Water Bottle,22110,489545,2009-01-12 12:22:00,1,3.45,3.45,,,
17804,United Kingdom,Grey Heart Hot Water Bottle,22113,489545,2009-01-12 12:22:00,1,3.45,3.45,,,
17804,United Kingdom,Chick Grey Hot Water Bottle,21484,489545,2009-01-12 12:22:00,2,3.45,6.9,,,
17804,United Kingdom,Set/5 Red Spotty Lid Glass Bowls,20914,489545,2009-01-12 12:22:00,1,2.95,2.95,,,
17804,United Kingdom,Wire Flower T-Light Holder,84977,489545,2009-01-12 12:22:00,6,1.25,7.5,,,
17804,United Kingdom,Potting Shed Tea Mug,21868,489545,2009-01-12 12:22:00,1,1.25,1.25,,,
17804,United Kingdom,Assorted Fragrance Bath Confetti,18010,489545,2009-01-12 12:22:00,6,0.42,2.52,,,
17804,United Kingdom,Toxic Area  Door Hanger ,21162,489545,2009-01-12 12:22:00,1,1.45,1.45,,,
17804,United Kingdom,Retro Coffee Mugs Assorted,37370,489545,2009-01-12 12:22:00,2,1.25,2.5,,,
17804,United Kingdom,Place Setting White Star,22152,489545,2009-01-12 12:22:00,15,0.42,6.3,,,
17804,United Kingdom,Premium Church Candle,72267,489545,2009-01-12 12:22:00,3,2.1,6.3,,,
17804,United Kingdom,Retro Spot Tea Set Ceramic 11 Pc ,22139,489545,2009-01-12 12:22:00,4,4.95,19.8,,,
17804,United Kingdom,Christmas Craft Heart Decorations,22143,489545,2009-01-12 12:22:00,1,2.1,2.1,,,
17804,United Kingdom,"Popcorn Holder , Small ",22197,489545,2009-01-12 12:22:00,3,0.85,2.55,,,
17804,United Kingdom,Ribbon Reel Flora + Fauna ,22081,489545,2009-01-12 12:22:00,1,1.65,1.65,,,
17804,United Kingdom,Ribbon Reel Hearts Design ,22079,489545,2009-01-12 12:22:00,1,1.65,1.65,,,
17804,United Kingdom,Feltcraft Doll Molly,22273,489545,2009-01-12 12:22:00,1,2.95,2.95,,,
17804,United Kingdom,Feltcraft Doll Maria,22272,489545,2009-01-12 12:22:00,1,2.95,2.95,,,
17804,United Kingdom,Feltcraft Doll Emily,22274,489545,2009-01-12 12:22:00,1,2.95,2.95,,,
17804,United Kingdom,Set/10 Blue Spotty Party Candles,21124,489545,2009-01-12 12:22:00,1,1.25,1.25,,,
17804,United Kingdom,Set/10 Pink Spotty Party Candles,21122,489545,2009-01-12 12:22:00,1,1.25,1.25,,,
17804,United Kingdom,Abstract Circles Pocket Book,20758,489545,2009-01-12 12:22:00,3,0.85,2.55,,,
17804,United Kingdom,Green Fern Pocket Book,20756,489545,2009-01-12 12:22:00,3,0.85,2.55,,,
17804,United Kingdom,Set Of 6 Girls Celebration Candles,21126,489545,2009-01-12 12:22:00,1,1.25,1.25,,,
17804,United Kingdom,Set 6 Football Celebration Candles,21125,489545,2009-01-12 12:22:00,1,1.25,1.25,,,
17804,United Kingdom,Angel Decoration 3 Buttons ,22154,489545,2009-01-12 12:22:00,8,0.42,3.36,,,
17804,United Kingdom,Mirror Mosaic T-Light Holder ,22102,489545,2009-01-12 12:22:00,3,1.65,4.95,,,
17804,United Kingdom,Small Folkart Christmas Tree Dec,35955,489545,2009-01-12 12:22:00,4,0.42,1.68,,,
17804,United Kingdom,Small Folkart Star Christmas Dec,35954,489545,2009-01-12 12:22:00,6,0.42,2.52,,,
17804,United Kingdom,Smallfolkart Bauble Christmas Dec,35957,489545,2009-01-12 12:22:00,6,0.42,2.52,,,
13599,United Kingdom,Paper Chain Kit 50'S Christmas ,22086,489547,2009-01-12 12:30:00,18,2.95,27,,,
13599,United Kingdom,Save The Planet Mug,21871,489547,2009-01-12 12:30:00,12,1.25,15,,,
13599,United Kingdom,Kings Choice Mug,21875,489547,2009-01-12 12:30:00,12,1.25,15,,,
13599,United Kingdom,Cosy Hour Giant Tube Matches,21587,489547,2009-01-12 12:30:00,12,2.55,27,,,
13599,United Kingdom,Swallow Cigar Box Matches ,21593,489547,2009-01-12 12:30:00,24,1.25,27,,,
13599,United Kingdom,Cosy Hour Cigar Box Matches ,21591,489547,2009-01-12 12:30:00,24,1.25,27,,,
13599,United Kingdom,Kings Choice Cigar Box Matches ,21590,489547,2009-01-12 12:30:00,24,1.25,27,,,
13599,United Kingdom,Paper Chain Kit Retro Spot,22083,489547,2009-01-12 12:30:00,6,2.95,17.7,,,
13599,United Kingdom,Paper Chain Kit Skulls ,22085,489547,2009-01-12 12:30:00,6,2.95,17.7,,,
13599,United Kingdom, Vintage Design Gift Tags,21493,489547,2009-01-12 12:30:00,12,0.85,10.2,,,
13599,United Kingdom,Baking Set 9 Piece Retrospot ,22138,489547,2009-01-12 12:30:00,3,4.95,14.85,,,
13599,United Kingdom,Jumbo Storage Bag Skulls,21930,489547,2009-01-12 12:30:00,10,1.95,19.5,,,
13599,United Kingdom,Jumbo Bag Red White Spotty ,85099B,489547,2009-01-12 12:30:00,10,1.95,19.5,,,
13599,United Kingdom,Jumbo  Bag Baroque Black White,85099C,489547,2009-01-12 12:30:00,10,1.95,19.5,,,
13599,United Kingdom,Woodland Charlotte Bag,20719,489547,2009-01-12 12:30:00,10,0.85,8.5,,,
13599,United Kingdom,"Charlotte Bag , Pink/White Spots",22356,489547,2009-01-12 12:30:00,27,0.72,27,,,
13599,United Kingdom,Red Spotty Charlotte Bag,20724,489547,2009-01-12 12:30:00,10,0.85,8.5,,,
13599,United Kingdom,Lunch Bag  Black Skull.,20727,489547,2009-01-12 12:30:00,10,1.65,16.5,,,
13599,United Kingdom,Lunch Bag Woodland,20726,489547,2009-01-12 12:30:00,10,1.65,16.5,,,
13599,United Kingdom,Lunch Bag Red Spotty,20725,489547,2009-01-12 12:30:00,20,1.65,27,,,
13599,United Kingdom,Tea Bag Plate Red Spotty ,22348,489547,2009-01-12 12:30:00,12,0.85,10.2,,,
13599,United Kingdom,White Jewelled Heart Decoration,85061W,489547,2009-01-12 12:30:00,27,0.64,27,,,
17063,United Kingdom,Wooden Box Advent Calendar ,35400,489552,2009-01-12 12:36:00,1,8.95,8.95,,,
17063,United Kingdom,"Key Fob , Back Door ",21901,489552,2009-01-12 12:36:00,10,0.65,6.5,,,
17063,United Kingdom,"Key Fob , Shed",21900,489552,2009-01-12 12:36:00,10,0.65,6.5,,,
17063,United Kingdom,"Key Fob , Front  Door ",21902,489552,2009-01-12 12:36:00,12,0.65,7.8,,,
17063,United Kingdom,Ribbon Reel Hearts Design ,22079,489552,2009-01-12 12:36:00,2,1.65,3.3,,,
17063,United Kingdom,Set/4 Badges Woodland Animal,21223,489552,2009-01-12 12:36:00,2,1.25,2.5,,,
17063,United Kingdom,Toxic Area  Door Hanger ,21162,489552,2009-01-12 12:36:00,4,1.45,5.8,,,
17063,United Kingdom,Bright Blues Ribbons ,85049D,489552,2009-01-12 12:36:00,2,1.25,2.5,,,
17063,United Kingdom,Urban Black Ribbons ,85049H,489552,2009-01-12 12:36:00,1,1.25,1.25,,,
17063,United Kingdom,Chocolate Box Ribbons ,85049G,489552,2009-01-12 12:36:00,3,1.25,3.75,,,
17063,United Kingdom,Paper Chain Kit 50'S Christmas ,22086,489552,2009-01-12 12:36:00,2,2.95,5.9,,,
17063,United Kingdom,Party Cone Christmas Decoration ,22130,489552,2009-01-12 12:36:00,18,0.85,15.3,,,
17063,United Kingdom,Fairy Cake Candles,72756,489552,2009-01-12 12:36:00,9,1.49,13.41,,,
17063,United Kingdom,Green 3 Piece Mini Dots Cutlery Set,84997A,489552,2009-01-12 12:36:00,6,3.75,22.5,,,
17063,United Kingdom,Pink 3 Piece Mini Dots Cutlery Set,84997D,489552,2009-01-12 12:36:00,6,3.75,22.5,,,
17063,United Kingdom,Red 3 Piece Mini Dots Cutlery Set,84997B,489552,2009-01-12 12:36:00,6,3.75,22.5,,,
17063,United Kingdom,Blue 3 Piece Mini Dots Cutlery Set,84997C,489552,2009-01-12 12:36:00,6,3.75,22.5,,,
17063,United Kingdom,Lets Go Shopping Cotton Tote Bag,21576,489552,2009-01-12 12:36:00,1,2.25,2.25,,,
17063,United Kingdom,Rabbit  Design  Cotton Tote Bag,21580,489552,2009-01-12 12:36:00,1,2.25,2.25,,,
17063,United Kingdom,Scottie Dog Hot Water Bottle,22111,489552,2009-01-12 12:36:00,8,4.95,27,,,
17063,United Kingdom,White Skull Hot Water Bottle ,21479,489552,2009-01-12 12:36:00,10,3.75,27,,,
17063,United Kingdom,Set Of Three 50'S Gift Wraps ,21490,489552,2009-01-12 12:36:00,3,1.95,5.85,,,
17063,United Kingdom,Feltcraft Doll Rosie,22271,489552,2009-01-12 12:36:00,2,2.95,5.9,,,
17063,United Kingdom,Feltcraft Doll Molly,22273,489552,2009-01-12 12:36:00,2,2.95,5.9,,,
17063,United Kingdom,Feltcraft Doll Maria,22272,489552,2009-01-12 12:36:00,2,2.95,5.9,,,
15719,United Kingdom,Blue Rose Fabric Mirror,20866,489556,2009-01-12 12:47:00,2,1.25,2.5,,,
15719,United Kingdom,Pink Rose Fabric Mirror,20867,489556,2009-01-12 12:47:00,2,1.25,2.5,,,
15719,United Kingdom,36 Pencils Tube Red Spotty,20979,489556,2009-01-12 12:47:00,4,1.25,5,,,
15719,United Kingdom,12 Pencils Tall Tube Red Spotty,20983,489556,2009-01-12 12:47:00,2,0.85,1.7,,,
15719,United Kingdom,12 Pencils Tall Tube Woodland,20981,489556,2009-01-12 12:47:00,1,0.85,0.85,,,
15719,United Kingdom,Colouring Pencils Brown Tube,10135,489556,2009-01-12 12:47:00,1,1.25,1.25,,,
15719,United Kingdom,12 Pencils Small Tube Red Spotty,20975,489556,2009-01-12 12:47:00,8,0.65,5.2,,,
15719,United Kingdom,36 Pencils Tube Woodland,20977,489556,2009-01-12 12:47:00,2,1.25,2.5,,,
15719,United Kingdom,12 Pencils Small Tube Skull,20974,489556,2009-01-12 12:47:00,3,0.65,1.95,,,
15719,United Kingdom,Lavender Scented Fabric Heart,21114,489556,2009-01-12 12:47:00,15,1.25,18.75,,,
15719,United Kingdom,White Hanging Heart T-Light Holder,85123A,489556,2009-01-12 12:47:00,3,2.95,8.85,,,
15719,United Kingdom,Vintage Cream 3 Basket Cake Stand,72760B,489556,2009-01-12 12:47:00,2,9.95,19.9,,,
15719,United Kingdom,Set/3 Polka Dot Stacking Tins,85232A,489556,2009-01-12 12:47:00,1,4.95,4.95,,,
15719,United Kingdom,Pottering Mug,21876,489556,2009-01-12 12:47:00,6,1.25,7.5,,,
15719,United Kingdom,Pack Of 72 Retro Spot Cake Cases,21212,489556,2009-01-12 12:47:00,24,0.55,13.2,,,
15719,United Kingdom,Cream Heart Card Holder,22189,489556,2009-01-12 12:47:00,2,3.95,7.9,,,
15719,United Kingdom,Red Spotty Round Cake Tins,21217,489556,2009-01-12 12:47:00,2,9.95,19.9,,,
15719,United Kingdom,Kings Choice Mug,21875,489556,2009-01-12 12:47:00,2,1.25,2.5,,,
15719,United Kingdom,Pink Cream Felt Craft Trinket Box ,20972,489556,2009-01-12 12:47:00,1,1.25,1.25,,,
15719,United Kingdom,Rose Folkart Heart Decorations,35971,489556,2009-01-12 12:47:00,2,1.25,2.5,,,
15719,United Kingdom,Baking Set 9 Piece Retrospot ,22138,489556,2009-01-12 12:47:00,1,4.95,4.95,,,
15719,United Kingdom,Christmas Craft Heart Decorations,22143,489556,2009-01-12 12:47:00,2,2.1,4.2,,,
15719,United Kingdom,Pink Heart Dots Hot Water Bottle,21486,489556,2009-01-12 12:47:00,1,3.75,3.75,,,
15719,United Kingdom,Red Spot Heart Hot Water Bottle,21485,489556,2009-01-12 12:47:00,1,4.95,4.95,,,
15719,United Kingdom,Union Jack Hot Water Bottle ,22125,489556,2009-01-12 12:47:00,1,5.95,5.95,,,
15719,United Kingdom,White Skull Hot Water Bottle ,21479,489556,2009-01-12 12:47:00,1,3.75,3.75,,,
15719,United Kingdom,Cosy Slipper Shoes Large Red,21740,489556,2009-01-12 12:47:00,2,2.95,5.9,,,
15719,United Kingdom,Ribbon Reel Stripes Design ,22082,489556,2009-01-12 12:47:00,5,1.65,8.25,,,
15719,United Kingdom,Large Heart Measuring Spoons,22195,489556,2009-01-12 12:47:00,2,1.65,3.3,,,
15719,United Kingdom,Vintage Union Jack Doorstop,21624,489556,2009-01-12 12:47:00,1,5.95,5.95,,,
15719,United Kingdom,Cosy Slipper Shoes Small  Red ,21738,489556,2009-01-12 12:47:00,2,2.95,5.9,,,
15719,United Kingdom,Pocket Bag Pink Paisely Brown Spot,22280,489556,2009-01-12 12:47:00,2,2.1,4.2,,,
15719,United Kingdom,Baby Mouse Red Gingham Dress,21841,489556,2009-01-12 12:47:00,2,4.25,8.5,,,
15719,United Kingdom,Pink Crochet Cat With Scarf,84582,489556,2009-01-12 12:47:00,1,4.25,4.25,,,
15719,United Kingdom,Vintage Union Jack Bunting,21621,489556,2009-01-12 12:47:00,1,8.5,8.5,,,
15719,United Kingdom,Vintage Union Jack Cushion Cover,21622,489556,2009-01-12 12:47:00,1,4.95,4.95,,,
15719,United Kingdom,Rose Du Sud Childs Apron,21004,489556,2009-01-12 12:47:00,2,4.25,8.5,,,
15719,United Kingdom,Red Spotty Shopper Bag,20718,489556,2009-01-12 12:47:00,3,1.25,3.75,,,
15719,United Kingdom,Set Of Meadow  Flower Stickers,21252,489556,2009-01-12 12:47:00,2,2.95,5.9,,,
15719,United Kingdom,Antique Silver Tea Glass Etched,84946,489556,2009-01-12 12:47:00,6,1.25,7.5,,,
15719,United Kingdom,Cinammon Set Of 9 T-Lights,85231B,489556,2009-01-12 12:47:00,2,0.85,1.7,,,
15719,United Kingdom,Lavender Scented Set/9 T-Lights,85231L,489556,2009-01-12 12:47:00,1,0.85,0.85,,,
15719,United Kingdom, Red/White Dot Mini Cases,20750,489556,2009-01-12 12:47:00,1,7.95,7.95,,,
15719,United Kingdom,Wooden Picture Frame White Finish,82482,489556,2009-01-12 12:47:00,4,2.55,10.2,,,
15719,United Kingdom,Hand Over The Chocolate   Sign ,85152,489556,2009-01-12 12:47:00,4,2.1,8.4,,,
15719,United Kingdom,Pottering In The Shed Metal Sign,21174,489556,2009-01-12 12:47:00,2,1.95,3.9,,,
15719,United Kingdom,Red Spotty Purse ,20665,489556,2009-01-12 12:47:00,1,2.95,2.95,,,
15719,United Kingdom,Wood S/3 Cabinet Ant White Finish,82486,489556,2009-01-12 12:47:00,2,7.95,15.9,,,
15719,United Kingdom,White Sweethearts Cabinet 4 Drawers,84837,489556,2009-01-12 12:47:00,1,12.75,12.75,,,
15719,United Kingdom,Red Spotty Coir Doormat,20685,489556,2009-01-12 12:47:00,2,6.75,13.5,,,
15719,United Kingdom,Door Mat New England,48187,489556,2009-01-12 12:47:00,1,6.75,6.75,,,
15719,United Kingdom,Set Of Three 50'S Gift Wraps ,21490,489556,2009-01-12 12:47:00,3,1.95,5.85,,,
15719,United Kingdom,Set Of Three Vintage Gift Wraps,21491,489556,2009-01-12 12:47:00,6,1.95,11.7,,,
15719,United Kingdom, Vintage Design Gift Tags,21493,489556,2009-01-12 12:47:00,2,0.85,1.7,,,
15719,United Kingdom,Pink Stripe Hot Water Bottle,21480,489556,2009-01-12 12:47:00,4,2.95,11.8,,,
15719,United Kingdom,Fawn Blue Hot Water Bottle,21481,489556,2009-01-12 12:47:00,2,2.95,5.9,,,
15719,United Kingdom, Vintage Design Gift Tags,21493,489556,2009-01-12 12:47:00,8,0.85,6.8,,,
15719,United Kingdom,Rose Folkart Heart Decorations,35971,489556,2009-01-12 12:47:00,4,1.25,5,,,
15793,United Kingdom,Antique Silver Tea Glass Etched,84946,489558,2009-01-12 12:54:00,27,1.06,27,,,
15793,United Kingdom,Bath Building Block Word,21756,489558,2009-01-12 12:54:00,6,5.95,27,,,
15793,United Kingdom,Home Building Block Word,21754,489558,2009-01-12 12:54:00,12,5.95,27,,,
15793,United Kingdom,Assorted Colour Bird Ornament,84879,489558,2009-01-12 12:54:00,27,1.69,27,,,
17056,United Kingdom,Scottie Dog Hot Water Bottle,22111,489559,2009-01-12 12:55:00,2,4.95,9.9,,,
17056,United Kingdom,Hot Water Bottle Tea And Sympathy,22114,489559,2009-01-12 12:55:00,1,3.95,3.95,,,
17056,United Kingdom,"Dog Bowl , Chasing Ball Design",22349,489559,2009-01-12 12:55:00,1,3.75,3.75,,,
17056,United Kingdom,S/6 Wooden Skittles In Cotton Bag,21890,489559,2009-01-12 12:55:00,1,2.95,2.95,,,
17056,United Kingdom,Traditional Wooden Skipping Rope,21891,489559,2009-01-12 12:55:00,1,1.25,1.25,,,
17056,United Kingdom,Christmas Toilet Roll,21098,489559,2009-01-12 12:55:00,6,1.25,7.5,,,
17056,United Kingdom,White Tissue Ream,22415,489559,2009-01-12 12:55:00,2,7.95,15.9,,,
17056,United Kingdom,15Cm Christmas Glass Ball 20 Lights,85048,489559,2009-01-12 12:55:00,12,6.95,27,,,
13526,United Kingdom,Ass Col Small Sand Frog P'Weight,17164D,489560,2009-01-12 12:56:00,27,0.37,27,,,
13526,United Kingdom,Ass Col Large Sand Frog P'Weight,17165D,489560,2009-01-12 12:56:00,27,0.85,27,,,
13526,United Kingdom,Ass Col Large Sand Gecko P'Weight,17165B,489560,2009-01-12 12:56:00,27,0.85,27,,,
13526,United Kingdom,Small Folkart Christmas Tree Dec,35955,489560,2009-01-12 12:56:00,27,0.42,13.86,,,
13526,United Kingdom,Set/12 Funky Felt Flower Peg In Bag,85208,489560,2009-01-12 12:56:00,1,2.1,2.1,,,
13526,United Kingdom,Pink Crystal Heart Phone Charm,90090,489560,2009-01-12 12:56:00,12,0.85,10.2,,,
13526,United Kingdom,Blue Crystal Boot Phone Charm,90092,489560,2009-01-12 12:56:00,3,0.85,2.55,,,
13526,United Kingdom,Wrap Speed Demons ,16161C,489560,2009-01-12 12:56:00,27,0.1,10,,,
13526,United Kingdom,Star Decoration Rustic,22155,489560,2009-01-12 12:56:00,12,0.42,5.04,,,
13526,United Kingdom,Buddha Incense Holder Assorted,35160,489560,2009-01-12 12:56:00,8,0.85,6.8,,,
13526,United Kingdom,Flower Fairy Summer Bouquet Sachet,17108D,489560,2009-01-12 12:56:00,12,0.42,5.04,,,
13526,United Kingdom,White Christmas Tree Decoration ,21805,489560,2009-01-12 12:56:00,27,0.42,15.12,,,
13526,United Kingdom,Pink Bertie Glass Bead Bag Charm,90125A,489560,2009-01-12 12:56:00,12,2.1,25.2,,,
13526,United Kingdom,Elephant Toy With Blue T-Shirt,84578,489560,2009-01-12 12:56:00,1,3.75,3.75,,,
13526,United Kingdom,Black Face Lamb With Pants,84901,489560,2009-01-12 12:56:00,1,3.75,3.75,,,
13526,United Kingdom,Pink Jumper Larry The Lamb,84327A,489560,2009-01-12 12:56:00,3,2.1,6.3,,,
13526,United Kingdom,Asstd Design Bubble Gum Ring,84270,489560,2009-01-12 12:56:00,27,0.21,18.9,,,
13526,United Kingdom,Rex Cash+Carry Jumbo Shopper,21034,489560,2009-01-12 12:56:00,3,0.95,2.85,,,
13526,United Kingdom,Pink Star Christmas Decoration,35931,489560,2009-01-12 12:56:00,27,0.38,18.24,,,
13526,United Kingdom,Pink Stocking Christmas Decoration,35933,489560,2009-01-12 12:56:00,27,0.38,18.24,,,
13526,United Kingdom,Crystal Sea Horse Phone Charm,90087,489560,2009-01-12 12:56:00,27,0.85,27,,,
13526,United Kingdom,Blue Crystal Boot Phone Charm,90092,489560,2009-01-12 12:56:00,24,0.85,20.4,,,
13526,United Kingdom,Crystal Stiletto Phone Charm,90085,489560,2009-01-12 12:56:00,27,0.85,27,,,
13526,United Kingdom,Clear Crystal Star Phone Charm,90093,489560,2009-01-12 12:56:00,24,0.85,20.4,,,
13526,United Kingdom,Pink Crystal Guitar Phone Charm,90084,489560,2009-01-12 12:56:00,12,0.85,10.2,,,
13526,United Kingdom,Pink Crystal Heart Phone Charm,90090,489560,2009-01-12 12:56:00,24,0.85,20.4,,,
13526,United Kingdom,Crystal Key+Lock Phone Charm,90088,489560,2009-01-12 12:56:00,24,0.85,20.4,,,
13526,United Kingdom,Rex Cash+Carry Jumbo Shopper,21034,489560,2009-01-12 12:56:00,1,0.95,0.95,,,
13526,United Kingdom,Small Folkart Christmas Tree Dec,35955,489560,2009-01-12 12:56:00,27,0.19,18.24,,,
13526,United Kingdom,Smallfolkart Bauble Christmas Dec,35957,489560,2009-01-12 12:56:00,27,0.19,27,,,
14654,United Kingdom,Wrap Winter Forest,16169D,489561,2009-01-12 12:57:00,25,0.42,10.5,,,
14654,United Kingdom,White Christmas Tree Decoration ,21805,489561,2009-01-12 12:57:00,6,0.42,2.52,,,
14654,United Kingdom,White Christmas Star Decoration,21807,489561,2009-01-12 12:57:00,6,0.42,2.52,,,
14654,United Kingdom,White Christmas Heart Decoration,21806,489561,2009-01-12 12:57:00,6,0.42,2.52,,,
14654,United Kingdom,Heart Filigree Dove  Small,22294,489561,2009-01-12 12:57:00,6,1.25,7.5,,,
14654,United Kingdom, Star  T-Light Holder ,21815,489561,2009-01-12 12:57:00,6,1.45,8.7,,,
14654,United Kingdom,Christmas Tree T-Light Holder,21816,489561,2009-01-12 12:57:00,6,1.45,8.7,,,
14654,United Kingdom,Pink Beaded Cone Christmas,35051B,489561,2009-01-12 12:57:00,6,0.42,2.52,,,
14654,United Kingdom,Angel Decoration Stars On Dress,22153,489561,2009-01-12 12:57:00,27,0.42,20.16,,,
14654,United Kingdom,Set/6 Gingerbread Star T-Lights,20943,489561,2009-01-12 12:57:00,6,1.25,7.5,,,
14654,United Kingdom,Set/3 Christmas Decoupage Candles,72816,489561,2009-01-12 12:57:00,6,1.25,7.5,,,
14654,United Kingdom,6 Chocolate Love Heart T-Lights,85038,489561,2009-01-12 12:57:00,6,2.1,12.6,,,
14654,United Kingdom,36 Pencils Tube Red Spotty,20979,489561,2009-01-12 12:57:00,16,1.25,20,,,
14654,United Kingdom,36 Pencils Tube Skulls,20978,489561,2009-01-12 12:57:00,16,1.25,20,,,
14654,United Kingdom,Set/6 Gingerbread Tree T-Lights,20942,489561,2009-01-12 12:57:00,1,1.25,1.25,,,
14654,United Kingdom,3D Sheet Of Dog Stickers,84559A,489561,2009-01-12 12:57:00,6,0.85,5.1,,,
14654,United Kingdom,Top Secret Pen Set,84466,489561,2009-01-12 12:57:00,6,1.25,7.5,,,
14654,United Kingdom,Jazz Hearts Spiral Notepad,20994,489561,2009-01-12 12:57:00,3,0.85,2.55,,,
14654,United Kingdom,Jazz Hearts Purse Notebook,20992,489561,2009-01-12 12:57:00,3,0.85,2.55,,,
14654,United Kingdom,Love Heart Pocket Warmer,70006,489561,2009-01-12 12:57:00,6,1.65,9.9,,,
14654,United Kingdom,Hi Tec Alpine Hand Warmer,70007,489561,2009-01-12 12:57:00,6,1.65,9.9,,,
14654,United Kingdom,Japanese Crocheted Animal,84670,489561,2009-01-12 12:57:00,12,0.42,5.04,,,
14654,United Kingdom,World War 2 Gliders Asstd Designs,84077,489561,2009-01-12 12:57:00,27,0.21,10.08,,,
14654,United Kingdom,Brown Furry Hot Water Bottle,84029C,489561,2009-01-12 12:57:00,7,3.75,26.25,,,
14654,United Kingdom,Scottie Dog Hot Water Bottle,22111,489561,2009-01-12 12:57:00,1,4.95,4.95,,,
14654,United Kingdom,Grey Heart Hot Water Bottle,22113,489561,2009-01-12 12:57:00,8,3.45,27,,,
14654,United Kingdom,Rex Cash+Carry Jumbo Shopper,21034,489561,2009-01-12 12:57:00,1,0.95,0.95,,,
17998,United Kingdom,Dove Decoration Painted Zinc ,22336,489562,2009-01-12 13:07:00,1,0.65,0.65,,,
17998,United Kingdom,Glitter Christmas Tree,21817,489562,2009-01-12 13:07:00,1,0.85,0.85,,,
17998,United Kingdom,Heart Decoration With Pearls ,22156,489562,2009-01-12 13:07:00,1,0.85,0.85,,,
17998,United Kingdom,Star Decoration Painted Zinc ,22338,489562,2009-01-12 13:07:00,1,0.65,0.65,,,
17998,United Kingdom,Painted Metal Tree With Holly Bells,21825,489562,2009-01-12 13:07:00,1,1.45,1.45,,,
17998,United Kingdom,Glitter Christmas Tree With Bells,21822,489562,2009-01-12 13:07:00,1,1.95,1.95,,,
17998,United Kingdom,Wash Bag Vintage Rose Paisley,22276,489562,2009-01-12 13:07:00,1,2.55,2.55,,,
17998,United Kingdom,Cosmetic Bag Vintage Rose Paisley,22277,489562,2009-01-12 13:07:00,1,2.1,2.1,,,
17998,United Kingdom,Six String Scandinavian Heart Decs,35979,489562,2009-01-12 13:07:00,1,2.95,2.95,,,
17998,United Kingdom,Family Album White Picture Frame,22169,489562,2009-01-12 13:07:00,1,8.5,8.5,,,
17998,United Kingdom,Big Doughnut Fridge Magnets,21700,489562,2009-01-12 13:07:00,12,0.85,10.2,,,
17998,United Kingdom,Assorted Santa Christmas Decoration,35071,489562,2009-01-12 13:07:00,1,0.85,0.85,,,
17998,United Kingdom,Asstd Design Bubble Gum Ring,84270,489562,2009-01-12 13:07:00,27,0.21,6.3,,,
17998,United Kingdom,S/6 Wooden Skittles In Cotton Bag,21890,489562,2009-01-12 13:07:00,2,2.95,5.9,,,
17998,United Kingdom,Traditional Wooden Skipping Rope,21891,489562,2009-01-12 13:07:00,2,1.25,2.5,,,
17998,United Kingdom,Party Bunting,47566,489562,2009-01-12 13:07:00,1,4.65,4.65,,,
17998,United Kingdom,Moroccan Beaten Metal Dish,21344,489562,2009-01-12 13:07:00,1,9.95,9.95,,,
17998,United Kingdom,Love Building Block Word,21755,489562,2009-01-12 13:07:00,1,5.95,5.95,,,
17998,United Kingdom,String Of 20 Rose Lights,21477,489562,2009-01-12 13:07:00,1,12.75,12.75,,,
17998,United Kingdom,Christmas Craft Heart Decorations,22143,489562,2009-01-12 13:07:00,1,2.1,2.1,,,
17998,United Kingdom,Christmas Craft White Fairy ,22142,489562,2009-01-12 13:07:00,1,1.45,1.45,,,
17998,United Kingdom,White Beaded Garland String 20Light,85047,489562,2009-01-12 13:07:00,1,6.35,6.35,,,
17998,United Kingdom,Jumbo Bag Red White Spotty ,85099B,489562,2009-01-12 13:07:00,2,1.95,3.9,,,
17998,United Kingdom,Jumbo Bag Pink Vintage Paisley,21929,489562,2009-01-12 13:07:00,2,1.95,3.9,,,
17998,United Kingdom,Retro Spot Tea Set Ceramic 11 Pc ,22139,489562,2009-01-12 13:07:00,1,4.95,4.95,,,
17998,United Kingdom,Pink Spotty Childs Umbrella,20681,489562,2009-01-12 13:07:00,1,3.25,3.25,,,
17998,United Kingdom,Pink/Brown Dots Ruffled Umbrella,85014D,489562,2009-01-12 13:07:00,1,5.95,5.95,,,
17998,United Kingdom,White Sweethearts Cabinet 4 Drawers,84837,489562,2009-01-12 13:07:00,1,12.75,12.75,,,
17998,United Kingdom,Ant White Wire Heart Spiral,84884A,489562,2009-01-12 13:07:00,1,3.95,3.95,,,
17998,United Kingdom,New Baroque Wall Mirror,84648,489562,2009-01-12 13:07:00,1,12.75,12.75,,,
17998,United Kingdom,Pink And Lilac Quilted Throw ,84472,489562,2009-01-12 13:07:00,1,45.95,27,,,
17998,United Kingdom,Pink Paisley Cushion Cover ,84910A,489562,2009-01-12 13:07:00,1,5.95,5.95,,,
17998,United Kingdom,White Rose C/Cover,84656,489562,2009-01-12 13:07:00,1,5.95,5.95,,,
17998,United Kingdom,Mouse Toy With Pink T-Shirt,84580,489562,2009-01-12 13:07:00,1,3.75,3.75,,,
17998,United Kingdom,Pink Gingham Rose Cushion Cover,84622,489562,2009-01-12 13:07:00,2,5.95,11.9,,,
17998,United Kingdom,Place Setting White Heart,22151,489562,2009-01-12 13:07:00,24,0.42,10.08,,,
17998,United Kingdom,Smallfolkart Bauble Christmas Dec,35957,489562,2009-01-12 13:07:00,1,0.42,0.42,,,
17998,United Kingdom,12 Ass Zinc Christmas Decorations,35962,489562,2009-01-12 13:07:00,1,2.1,2.1,,,
17998,United Kingdom,Angel Decoration Painted Zinc ,22337,489562,2009-01-12 13:07:00,1,0.65,0.65,,,
13526,United Kingdom,Pink Crystal Heart Phone Charm,90090,489564,2009-01-12 13:13:00,27,0.85,27,,,
13526,United Kingdom,Turquoise Bertie Glass Bead Charm,90125C,489564,2009-01-12 13:13:00,12,2.1,25.2,,,
13526,United Kingdom,Purple Bertie Glass Bead Bag Charm,90125D,489564,2009-01-12 13:13:00,12,2.1,25.2,,,
13526,United Kingdom,"Letter ""H"" Bling Key Ring",90214H,489564,2009-01-12 13:13:00,2,1.25,2.5,,,
13526,United Kingdom,Pink Bertie Glass Bead Bag Charm,90125A,489564,2009-01-12 13:13:00,12,2.1,25.2,,,
13526,United Kingdom,Crystal Stiletto Phone Charm,90085,489564,2009-01-12 13:13:00,27,0.85,27,,,
13526,United Kingdom,Blue Crystal Boot Phone Charm,90092,489564,2009-01-12 13:13:00,24,0.85,20.4,,,
13526,United Kingdom,Crystal Sea Horse Phone Charm,90087,489564,2009-01-12 13:13:00,27,0.85,27,,,
13526,United Kingdom,Blue Crystal Boot Phone Charm,90092,489564,2009-01-12 13:13:00,3,0.85,2.55,,,
13526,United Kingdom,Pink Crystal Heart Phone Charm,90090,489564,2009-01-12 13:13:00,12,0.85,10.2,,,
13526,United Kingdom,Crystal Key+Lock Phone Charm,90088,489564,2009-01-12 13:13:00,24,0.85,20.4,,,
13526,United Kingdom,Pink Crystal Heart Phone Charm,90090,489564,2009-01-12 13:13:00,24,0.85,20.4,,,
13526,United Kingdom,Pink Crystal Guitar Phone Charm,90084,489564,2009-01-12 13:13:00,12,0.85,10.2,,,
13526,United Kingdom,Clear Crystal Star Phone Charm,90093,489564,2009-01-12 13:13:00,24,0.85,20.4,,,
17742,United Kingdom,Vintage Keepsake Box Pink Flower,20901,489566,2009-01-12 13:16:00,6,6.35,27,,,
17742,United Kingdom,Wood 2 Drawer Cabinet White Finish,82483,489566,2009-01-12 13:16:00,3,5.95,17.85,,,
17742,United Kingdom,Metal Shelf With Rail ,22172,489566,2009-01-12 13:16:00,2,8.5,17,,,
17742,United Kingdom,12 Egg House Painted Wood,22282,489566,2009-01-12 13:16:00,4,12.75,27,,,
17742,United Kingdom,Cream Sweetheart Wall Cabinet,85067,489566,2009-01-12 13:16:00,2,18.95,27,,,
17742,United Kingdom,Edwardian Toilet Roll Unit ,21299,489566,2009-01-12 13:16:00,2,12.75,25.5,,,
17742,United Kingdom,Red Spotty Childs Apron,21156,489566,2009-01-12 13:16:00,8,1.95,15.6,,,
17742,United Kingdom,Pink Fairy Cake Child'S Apron,47591D,489566,2009-01-12 13:16:00,8,1.95,15.6,,,
15326,United Kingdom,Silver Christmas Tree Bauble Stand ,84352,489567,2009-01-12 13:19:00,2,16.95,27,,,
15326,United Kingdom,Grey Heart Hot Water Bottle,22113,489567,2009-01-12 13:19:00,4,3.45,13.8,,,
15326,United Kingdom,Ladies & Gentlemen Metal Sign,85150,489567,2009-01-12 13:19:00,6,2.55,15.3,,,
15326,United Kingdom,Chocolate This Way Metal Sign,21908,489567,2009-01-12 13:19:00,6,2.1,12.6,,,
15326,United Kingdom,Pink Stripe Hot Water Bottle,21480,489567,2009-01-12 13:19:00,6,2.95,17.7,,,
15326,United Kingdom,Red Woolly Hottie White Heart.,84029E,489567,2009-01-12 13:19:00,4,3.75,15,,,
15326,United Kingdom,Party Metal Sign ,21172,489567,2009-01-12 13:19:00,12,1.45,17.4,,,
15326,United Kingdom,Columbian Candle Round ,72127,489567,2009-01-12 13:19:00,6,1.25,7.5,,,
15326,United Kingdom,Door Mat Green Paisley ,48195,489567,2009-01-12 13:19:00,2,6.75,13.5,,,
15326,United Kingdom,Pack Of 60 Mushroom Cake Cases,21976,489567,2009-01-12 13:19:00,24,0.55,13.2,,,
15326,United Kingdom,72 Sweetheart Fairy Cake Cases,84992,489567,2009-01-12 13:19:00,24,0.55,13.2,,,
15326,United Kingdom,Asstd Fruit+Flowers Fridge Magnets,84929,489567,2009-01-12 13:19:00,24,0.55,13.2,,,
15326,United Kingdom,Assorted Cakes Fridge Magnets,85216,489567,2009-01-12 13:19:00,12,0.65,7.8,,,
15326,United Kingdom,Assorted Tutti Frutti Photo Frame,21649,489567,2009-01-12 13:19:00,6,2.95,17.7,,,
15326,United Kingdom,Antique Lily Fairy Lights,85042,489567,2009-01-12 13:19:00,4,4.95,19.8,,,
15326,United Kingdom,Mirrored Disco Ball ,21463,489567,2009-01-12 13:19:00,2,5.95,11.9,,,
15326,United Kingdom,Silver Retrodisc Lampshade,85162A,489567,2009-01-12 13:19:00,1,9.95,9.95,,,
15326,United Kingdom,Wood And Glass Medicine Cabinet,21761,489567,2009-01-12 13:19:00,1,29.95,27,,,
15326,United Kingdom,Sweetheart Key Cabinet,84839,489567,2009-01-12 13:19:00,2,6.75,13.5,,,
15326,United Kingdom,Cream Sweetheart Letter Rack,85064,489567,2009-01-12 13:19:00,2,5.45,10.9,,,
14478,United Kingdom,White Tissue Ream,22415,489569,2009-01-12 13:20:00,1,7.95,7.95,,,
14478,United Kingdom,S/4 Festive Red Dinner Candles,72801F,489569,2009-01-12 13:20:00,6,1.25,7.5,,,
14478,United Kingdom,Pink Flock Table Clock ,84706C,489569,2009-01-12 13:20:00,1,8.95,8.95,,,
14478,United Kingdom,Heart Filigree Dove  Small,22294,489569,2009-01-12 13:20:00,24,1.25,27,,,
14478,United Kingdom,Paper Chain Kit 50'S Christmas ,22086,489569,2009-01-12 13:20:00,5,2.95,14.75,,,
14478,United Kingdom,Heart Decoration With Pearls ,22156,489569,2009-01-12 13:20:00,27,0.85,27,,,
14478,United Kingdom,Victorian Glass Hanging T-Light,22178,489569,2009-01-12 13:20:00,12,1.25,15,,,
14478,United Kingdom,Vintage Cream 3 Basket Cake Stand,72760B,489569,2009-01-12 13:20:00,1,9.95,9.95,,,
14478,United Kingdom,White Christmas Star Decoration,21807,489569,2009-01-12 13:20:00,27,0.42,15.12,,,
14478,United Kingdom,Angel Decoration 3 Buttons ,22154,489569,2009-01-12 13:20:00,27,0.42,20.16,,,
14478,United Kingdom,White Christmas Tree Decoration ,21805,489569,2009-01-12 13:20:00,27,0.42,15.12,,,
14478,United Kingdom,Star Decoration Rustic,22155,489569,2009-01-12 13:20:00,27,0.42,20.16,,,
14478,United Kingdom,Sweetheart Key Cabinet,84839,489569,2009-01-12 13:20:00,2,6.75,13.5,,,
14478,United Kingdom,Potting Shed Tea Mug,21868,489569,2009-01-12 13:20:00,6,1.25,7.5,,,
14478,United Kingdom,White Christmas Heart Decoration,21806,489569,2009-01-12 13:20:00,27,0.42,15.12,,,
14478,United Kingdom,White Christmas Garland Stars Trees,21804,489569,2009-01-12 13:20:00,12,3.75,27,,,
14478,United Kingdom,"Folding Umbrella , Black/Blue  Spot",21707,489569,2009-01-12 13:20:00,1,4.95,4.95,,,
14478,United Kingdom,Rex Cash+Carry Jumbo Shopper,21034,489569,2009-01-12 13:20:00,1,0.95,0.95,,,
15967,United Kingdom,Cream Heart Card Holder,22189,489571,2009-01-12 13:29:00,2,3.95,7.9,,,
15967,United Kingdom,Rose 1 Wick Morris Boxed Candle,85036C,489571,2009-01-12 13:29:00,1,4.25,4.25,,,
15967,United Kingdom,Grey Floral Feltcraft Shoulder Bag,20967,489571,2009-01-12 13:29:00,1,3.75,3.75,,,
15967,United Kingdom,12 Pencils Small Tube Red Spotty,20975,489571,2009-01-12 13:29:00,1,0.65,0.65,,,
15967,United Kingdom, White Cherry Lights,79323W,489571,2009-01-12 13:29:00,1,6.75,6.75,,,
15967,United Kingdom,Jumbo  Bag Baroque Black White,85099C,489571,2009-01-12 13:29:00,2,1.95,3.9,,,
15967,United Kingdom,Heart Garland Rustic Padded,22162,489571,2009-01-12 13:29:00,5,2.95,14.75,,,
15967,United Kingdom,Heart Ivory Trellis Large,22296,489571,2009-01-12 13:29:00,4,1.65,6.6,,,
15967,United Kingdom,Heart Ivory Trellis Small,22297,489571,2009-01-12 13:29:00,8,1.25,10,,,
15967,United Kingdom,Sleeping Cat Erasers,16237,489571,2009-01-12 13:29:00,1,0.21,0.21,,,
15967,United Kingdom,Zinc Metal Heart Decoration,84836,489571,2009-01-12 13:29:00,2,1.25,2.5,,,
15967,United Kingdom,Silver Glass T-Light Set,85104,489571,2009-01-12 13:29:00,1,2.95,2.95,,,
15967,United Kingdom,Set Of 4 Diamond Napkin Rings,84813,489571,2009-01-12 13:29:00,2,12.75,25.5,,,
15967,United Kingdom,Feltcraft Doll Molly,22273,489571,2009-01-12 13:29:00,1,2.95,2.95,,,
15967,United Kingdom,Feltcraft Doll Maria,22272,489571,2009-01-12 13:29:00,1,2.95,2.95,,,
15967,United Kingdom,Feltcraft Doll Rosie,22271,489571,2009-01-12 13:29:00,1,2.95,2.95,,,
15967,United Kingdom,Please One Person  Metal Sign,21181,489571,2009-01-12 13:29:00,1,2.1,2.1,,,
15967,United Kingdom,Chick Grey Hot Water Bottle,21484,489571,2009-01-12 13:29:00,1,3.45,3.45,,,
15967,United Kingdom,White Skull Hot Water Bottle ,21479,489571,2009-01-12 13:29:00,1,3.75,3.75,,,
15967,United Kingdom,Vintage Union Jack Bunting,21621,489571,2009-01-12 13:29:00,2,8.5,17,,,
15967,United Kingdom,Kings Choice Cigar Box Matches ,21590,489571,2009-01-12 13:29:00,1,1.25,1.25,,,
15967,United Kingdom,Cosy Hour Giant Tube Matches,21587,489571,2009-01-12 13:29:00,1,2.55,2.55,,,
15967,United Kingdom,Glass Star Frosted T-Light Holder,21730,489571,2009-01-12 13:29:00,1,4.95,4.95,,,
15967,United Kingdom,Baking Set 9 Piece Retrospot ,22138,489571,2009-01-12 13:29:00,1,4.95,4.95,,,
15967,United Kingdom,Hanging Bauble T-Light Holder Large,20894,489571,2009-01-12 13:29:00,1,2.95,2.95,,,
15967,United Kingdom,Blue Pillar Candle Silver Flock,72799D,489571,2009-01-12 13:29:00,2,2.95,5.9,,,
15967,United Kingdom,Cosy Slipper Shoes Large Green,21741,489571,2009-01-12 13:29:00,1,2.95,2.95,,,
15967,United Kingdom,Cosy Slipper Shoes Large Red,21740,489571,2009-01-12 13:29:00,1,2.95,2.95,,,
15967,United Kingdom,Charlie+Lola My Room Door Sign,85071D,489571,2009-01-12 13:29:00,1,2.55,2.55,,,
15967,United Kingdom,Panda And Bunnies Sticker Sheet,21724,489571,2009-01-12 13:29:00,1,0.85,0.85,,,
17611,United Kingdom,Ribbon Reel Flora + Fauna ,22081,489572,2009-01-12 13:29:00,5,1.65,8.25,,,
17611,United Kingdom,White Tissue Ream,22415,489572,2009-01-12 13:29:00,1,7.95,7.95,,,
17611,United Kingdom,Door Mat New England,48187,489572,2009-01-12 13:29:00,2,6.75,13.5,,,
17611,United Kingdom,Red Spotty Coir Doormat,20685,489572,2009-01-12 13:29:00,2,6.75,13.5,,,
17611,United Kingdom,Door Mat Black Flock ,48173C,489572,2009-01-12 13:29:00,2,6.75,13.5,,,
17611,United Kingdom,Spotty  Home Sweet Home Doormat,21524,489572,2009-01-12 13:29:00,1,6.75,6.75,,,
17611,United Kingdom,Door Mat Bird On The Wire,48197,489572,2009-01-12 13:29:00,1,6.75,6.75,,,
17611,United Kingdom,Beach Hut Photo Frame,84684,489572,2009-01-12 13:29:00,2,2.55,5.1,,,
17611,United Kingdom,Embossed Flower Trellis Photo Frame,20812,489572,2009-01-12 13:29:00,2,2.55,5.1,,,
17611,United Kingdom,Wooden Frame Antique White ,82494L,489572,2009-01-12 13:29:00,2,2.95,5.9,,,
17611,United Kingdom,Vintage Caravan Greeting Card ,22035,489572,2009-01-12 13:29:00,12,0.42,5.04,,,
17611,United Kingdom,Vintage Kid Dolly Card ,21508,489572,2009-01-12 13:29:00,12,0.42,5.04,,,
17611,United Kingdom,Space Boy Birthday Card,22029,489572,2009-01-12 13:29:00,12,0.42,5.04,,,
17611,United Kingdom,Tea Party Birthday Card,22027,489572,2009-01-12 13:29:00,12,0.42,5.04,,,
17611,United Kingdom,Wooden Picture Frame White Finish,82482,489572,2009-01-12 13:29:00,2,2.55,5.1,,,
17611,United Kingdom,Classic White Frame,21333,489572,2009-01-12 13:29:00,2,2.95,5.9,,,
17611,United Kingdom,Heart Ivory Trellis Small,22297,489572,2009-01-12 13:29:00,5,1.25,6.25,,,
17611,United Kingdom,French Enamel Water Basin,85059,489572,2009-01-12 13:29:00,2,3.75,7.5,,,
17611,United Kingdom,Jumbo Bag Scandinavian Paisley,21928,489572,2009-01-12 13:29:00,2,1.95,3.9,,,
17611,United Kingdom,Jumbo  Bag Baroque Black White,85099C,489572,2009-01-12 13:29:00,2,1.95,3.9,,,
17611,United Kingdom,"Popcorn Holder , Small ",22197,489572,2009-01-12 13:29:00,2,0.85,1.7,,,
17611,United Kingdom,Pink Flower Crochet Food Cover,21465,489572,2009-01-12 13:29:00,1,3.75,3.75,,,
17611,United Kingdom,Red Flower Crochet Food Cover,21466,489572,2009-01-12 13:29:00,1,3.75,3.75,,,
17611,United Kingdom,Cherry Crochet Food Cover,21467,489572,2009-01-12 13:29:00,1,3.75,3.75,,,
17611,United Kingdom,Flower Vine Raffia Food Cover,21470,489572,2009-01-12 13:29:00,1,3.75,3.75,,,
17611,United Kingdom,Ladybird + Bee Raffia Food Cover,21472,489572,2009-01-12 13:29:00,1,3.75,3.75,,,
17611,United Kingdom,Strawberry Raffia Food Cover,21471,489572,2009-01-12 13:29:00,1,3.75,3.75,,,
17611,United Kingdom,Red/White Dots Ruffled Umbrella,85014B,489572,2009-01-12 13:29:00,1,5.95,5.95,,,
17611,United Kingdom,Blue/Brown Dots Ruffled Umbrella,85014C,489572,2009-01-12 13:29:00,1,5.95,5.95,,,
17611,United Kingdom,Black/Blue Dots Ruffled Umbrella,85014A,489572,2009-01-12 13:29:00,1,5.95,5.95,,,
17611,United Kingdom,Pink/Brown Dots Ruffled Umbrella,85014D,489572,2009-01-12 13:29:00,1,5.95,5.95,,,
17611,United Kingdom,Coffee Mug Dog + Ball Design,22300,489572,2009-01-12 13:29:00,6,2.55,15.3,,,
17611,United Kingdom,Antique Silver Tea Glass Etched,84946,489572,2009-01-12 13:29:00,6,1.25,7.5,,,
17611,United Kingdom,Wire Flower T-Light Holder,84977,489572,2009-01-12 13:29:00,6,1.25,7.5,,,
17611,United Kingdom,Rex Cash+Carry Jumbo Shopper,21034,489572,2009-01-12 13:29:00,1,0.95,0.95,,,
17611,United Kingdom,Victorian Glass Hanging T-Light,22178,489572,2009-01-12 13:29:00,6,1.25,7.5,,,
17611,United Kingdom,Small Glass Heart Trinket Pot,21314,489572,2009-01-12 13:29:00,4,2.1,8.4,,,
17611,United Kingdom,Heart Shaped Mirror,84975,489572,2009-01-12 13:29:00,6,1.69,10.14,,,
17611,United Kingdom,Set Of 6 Strawberry Chopsticks,21949,489572,2009-01-12 13:29:00,1,1.25,1.25,,,
17611,United Kingdom,Set Of 6 Cake Chopsticks,21948,489572,2009-01-12 13:29:00,5,1.25,6.25,,,
17611,United Kingdom,Set Of 6 Heart Chopsticks,21947,489572,2009-01-12 13:29:00,3,1.25,3.75,,,
17611,United Kingdom,Ribbon Reel Hearts Design ,22079,489572,2009-01-12 13:29:00,5,1.65,8.25,,,
17611,United Kingdom,Ribbon Reel Spots Design ,22080,489572,2009-01-12 13:29:00,5,1.65,8.25,,,
17611,United Kingdom,Ribbon Reel Stripes Design ,22082,489572,2009-01-12 13:29:00,5,1.65,8.25,,,
17611,United Kingdom,Dairy Maid  Pudding Bowl,21538,489572,2009-01-12 13:29:00,2,3.75,7.5,,,
17611,United Kingdom,Dairy Maid Large Milk Jug,21534,489572,2009-01-12 13:29:00,2,4.95,9.9,,,
17611,United Kingdom,Dairy Maid Traditional Teapot ,21528,489572,2009-01-12 13:29:00,2,6.95,13.9,,,
17611,United Kingdom,Ceramic Birdhouse Finch Blue Roof,21548,489572,2009-01-12 13:29:00,1,2.95,2.95,,,
17611,United Kingdom,Small Medina Stamped Metal Bowl ,21684,489572,2009-01-12 13:29:00,12,0.85,10.2,,,
17611,United Kingdom,Ceramic Birdhouse Red Roof Small,21549,489572,2009-01-12 13:29:00,1,2.95,2.95,,,
17611,United Kingdom,Ceramic Birdhouse Butterfly Small,21545,489572,2009-01-12 13:29:00,1,2.95,2.95,,,
17611,United Kingdom,Ceramic Birdhouse Crested Tit Small,21547,489572,2009-01-12 13:29:00,1,2.95,2.95,,,
17611,United Kingdom,Dairy Maid Ceramic Butter Dish,21540,489572,2009-01-12 13:29:00,2,4.25,8.5,,,
17611,United Kingdom,French Enamel Pot W Lid,85054,489572,2009-01-12 13:29:00,2,2.95,5.9,,,
17611,United Kingdom,French Enamel Candleholder,85053,489572,2009-01-12 13:29:00,2,2.1,4.2,,,
17611,United Kingdom,Dairy Maid Sugar Jam Bowl,21532,489572,2009-01-12 13:29:00,2,2.1,4.2,,,
17611,United Kingdom,Dairy Maid Ceramic Toastrack,21530,489572,2009-01-12 13:29:00,2,2.95,5.9,,,
17611,United Kingdom,Yellow Breakfast Cup And Saucer,37444A,489572,2009-01-12 13:29:00,2,2.95,5.9,,,
17611,United Kingdom,Blue Breakfast Cup And Saucer ,37444B,489572,2009-01-12 13:29:00,2,2.95,5.9,,,
15051,United Kingdom,Union Jack Guns & Roses  Doormat,21955,489573,2009-01-12 13:29:00,3,6.75,20.25,,,
15051,United Kingdom,Heart Filigree Dove  Small,22294,489573,2009-01-12 13:29:00,24,1.25,27,,,
15051,United Kingdom,Christmas Card Singing Angel,22042,489573,2009-01-12 13:29:00,12,0.42,5.04,,,
15051,United Kingdom,Pack/12 Blue Reindeer Card,84247C,489573,2009-01-12 13:29:00,1,2.95,2.95,,,
15051,United Kingdom,Robin Christmas Card,22034,489573,2009-01-12 13:29:00,12,0.42,5.04,,,
15051,United Kingdom,S/15 Silver Glass Baubles In Bag,84754,489573,2009-01-12 13:29:00,12,1.25,15,,,
15051,United Kingdom,Silver Hanging T-Light Holder,84949,489573,2009-01-12 13:29:00,6,1.65,9.9,,,
15051,United Kingdom,Heart Filigree Dove Large,22295,489573,2009-01-12 13:29:00,24,1.65,27,,,
15051,United Kingdom,Vintage Snakes & Ladders,21912,489573,2009-01-12 13:29:00,3,3.75,11.25,,,
15051,United Kingdom,Bingo Set,21888,489573,2009-01-12 13:29:00,4,3.75,15,,,
15051,United Kingdom,Home Building Block Word,21754,489573,2009-01-12 13:29:00,5,5.95,27,,,
15051,United Kingdom,Glass Heart T-Light Holder ,21313,489573,2009-01-12 13:29:00,12,0.85,10.2,,,
15051,United Kingdom,English Rose Placemats,84509A,489573,2009-01-12 13:29:00,1,3.75,3.75,,,
15051,United Kingdom,Antique Silver Tea Glass Etched,84946,489573,2009-01-12 13:29:00,27,1.25,27,,,
15051,United Kingdom,Set Of 4 English Rose Coasters,84510A,489573,2009-01-12 13:29:00,1,1.25,1.25,,,
15051,United Kingdom,Cosy Hour Giant Tube Matches,21587,489573,2009-01-12 13:29:00,12,2.55,27,,,
15051,United Kingdom,Frosted Box 9 White T-Light Candles,72008,489573,2009-01-12 13:29:00,12,0.42,5.04,,,
15051,United Kingdom,Small Retro Spot Mug In Box  White,22071,489573,2009-01-12 13:29:00,4,3.75,15,,,
15051,United Kingdom,Large Fibre Optic Christmas Tree,84340,489573,2009-01-12 13:29:00,1,2.55,2.55,,,
15051,United Kingdom,Small Retro Spot Mug In Box  Red,22070,489573,2009-01-12 13:29:00,4,3.75,15,,,
15051,United Kingdom,Red 3 Piece Mini Dots Cutlery Set,84997B,489573,2009-01-12 13:29:00,4,3.75,15,,,
15051,United Kingdom,Blue 3 Piece Mini Dots Cutlery Set,84997C,489573,2009-01-12 13:29:00,4,3.75,15,,,
15051,United Kingdom,Red Star Card Holder,22186,489573,2009-01-12 13:29:00,11,2.95,27,,,
15051,United Kingdom,Retro Spot Tea Set Ceramic 11 Pc ,22139,489573,2009-01-12 13:29:00,3,4.95,14.85,,,
15051,United Kingdom,Vintage Union Jack Apron,21625,489573,2009-01-12 13:29:00,7,6.95,27,,,
15051,United Kingdom,Aged Glass Silver T-Light Holder,21326,489573,2009-01-12 13:29:00,27,0.65,27,,,
15051,United Kingdom,White Round Porcelain Tlight Holder,18096C,489573,2009-01-12 13:29:00,6,2.55,15.3,,,
15051,United Kingdom,White Tall Porcelain T-Light Holder,18097C,489573,2009-01-12 13:29:00,6,2.55,15.3,,,
15051,United Kingdom,Grey Heart Hot Water Bottle,22113,489573,2009-01-12 13:29:00,12,3.45,27,,,
15051,United Kingdom,Jardin Etched Glass Candlehldr Long,85147,489573,2009-01-12 13:29:00,4,4.95,19.8,,,
15051,United Kingdom,Potting Shed Tea Mug,21868,489573,2009-01-12 13:29:00,3,1.25,3.75,,,
15051,United Kingdom,Baking Set 9 Piece Retrospot ,22138,489573,2009-01-12 13:29:00,3,4.95,14.85,,,
17611,United Kingdom,Pink Breakfast Cup And Saucer ,37444C,489572,2009-01-12 13:29:00,2,2.95,5.9,,,
17611,United Kingdom,French Enamel Utensil Holder,85055,489572,2009-01-12 13:29:00,2,3.75,7.5,,,
17611,United Kingdom,French Chateau Large Fruit Bowl ,85028L,489572,2009-01-12 13:29:00,2,7.95,15.9,,,
17611,United Kingdom,French Chateau Small Fruitbowl,85028S,489572,2009-01-12 13:29:00,2,4.95,9.9,,,
17611,United Kingdom,Christmas Craft Heart Stocking ,22145,489572,2009-01-12 13:29:00,2,2.1,4.2,,,
17611,United Kingdom,Christmas Craft White Fairy ,22142,489572,2009-01-12 13:29:00,2,1.45,2.9,,,
17611,United Kingdom,Set Of Three Vintage Gift Wraps,21491,489572,2009-01-12 13:29:00,1,1.95,1.95,,,
17611,United Kingdom,Set Of Three 50'S Gift Wraps ,21490,489572,2009-01-12 13:29:00,2,1.95,3.9,,,
17611,United Kingdom,Set Of 72 Ivory Paper Doilies,21214,489572,2009-01-12 13:29:00,2,1.45,2.9,,,
17611,United Kingdom,Set Of 72 Black Paper Doilies ,84985B,489572,2009-01-12 13:29:00,2,1.45,2.9,,,
17611,United Kingdom,Set Of 72 Green Paper Doilies,84985A,489572,2009-01-12 13:29:00,2,1.45,2.9,,,
17611,United Kingdom,Geisha Girl Chopsticks Set/5,20987,489572,2009-01-12 13:29:00,2,1.95,3.9,,,
17611,United Kingdom,Urban Chic Chopsticks Set/5,20989,489572,2009-01-12 13:29:00,2,1.95,3.9,,,
17611,United Kingdom,Set/6 Bead Coasters Gauze Bag Gold,47021G,489572,2009-01-12 13:29:00,4,1.25,5,,,
17611,United Kingdom,Garden Metal Sign ,21911,489572,2009-01-12 13:29:00,4,1.65,6.6,,,
17611,United Kingdom,Vintage Billboard Mug ,21070,489572,2009-01-12 13:29:00,2,1.25,2.5,,,
17611,United Kingdom,Vintage Red Mug,21066,489572,2009-01-12 13:29:00,2,1.25,2.5,,,
17611,United Kingdom,Vintage Red Teatime Mug,21067,489572,2009-01-12 13:29:00,2,1.25,2.5,,,
17611,United Kingdom,Vintage Billboard Tea Mug,21069,489572,2009-01-12 13:29:00,2,1.25,2.5,,,
17611,United Kingdom,Pack Of 12 Pink Spot Tissues ,21986,489572,2009-01-12 13:29:00,12,0.29,3.48,,,
17611,United Kingdom,Pack Of 12 Hearts Design Tissues ,21985,489572,2009-01-12 13:29:00,12,0.29,3.48,,,
17611,United Kingdom,Pack Of 12 Red Spotty Tissues ,21980,489572,2009-01-12 13:29:00,12,0.29,3.48,,,
17611,United Kingdom,Mobile Vintage Hearts ,22325,489572,2009-01-12 13:29:00,3,4.95,14.85,,,
17611,United Kingdom,Birds Mobile Vintage Design,22320,489572,2009-01-12 13:29:00,3,5.95,17.85,,,
13097,United Kingdom,Spotty  Home Sweet Home Doormat,21524,489574,2009-01-12 13:31:00,2,6.75,13.5,,,
13097,United Kingdom,Door Mat New England,48187,489574,2009-01-12 13:31:00,1,6.75,6.75,,,
13097,United Kingdom,Door Mat Fairy Cake,48185,489574,2009-01-12 13:31:00,1,6.75,6.75,,,
13097,United Kingdom,Set/6 Garden Gnome T-Light Candles,20940,489574,2009-01-12 13:31:00,1,2.95,2.95,,,
13097,United Kingdom,Set/4 Garden Rose Dinner Candle,72798C,489574,2009-01-12 13:31:00,1,1.65,1.65,,,
13097,United Kingdom,Cherry Design Paperlanterns,40018F,489574,2009-01-12 13:31:00,10,1.95,19.5,,,
13097,United Kingdom,Tea Time Paper Lanterns,40018E,489574,2009-01-12 13:31:00,10,1.95,19.5,,,
13097,United Kingdom,Red/White Dots Ruffled Umbrella,85014B,489574,2009-01-12 13:31:00,2,5.95,11.9,,,
13097,United Kingdom,Pink/Brown Dots Ruffled Umbrella,85014D,489574,2009-01-12 13:31:00,2,5.95,11.9,,,
13097,United Kingdom,Blue/Brown Dots Ruffled Umbrella,85014C,489574,2009-01-12 13:31:00,2,5.95,11.9,,,
13097,United Kingdom,Black/Blue Dots Ruffled Umbrella,85014A,489574,2009-01-12 13:31:00,2,5.95,11.9,,,
13097,United Kingdom,Victorian Sewing Kit,85178,489574,2009-01-12 13:31:00,10,1.25,12.5,,,
13097,United Kingdom,Sewing Susan 21 Needle Set,85176,489574,2009-01-12 13:31:00,12,0.85,10.2,,,
13097,United Kingdom,Vintage Caravan Greeting Card ,22035,489574,2009-01-12 13:31:00,24,0.42,10.08,,,
13097,United Kingdom,Robot Birthday Card,22037,489574,2009-01-12 13:31:00,24,0.42,10.08,,,
13097,United Kingdom,Potting Shed Seed Tin,21893,489574,2009-01-12 13:31:00,3,4.25,12.75,,,
13097,United Kingdom,Gaolers Keys Decorative Garden ,21745,489574,2009-01-12 13:31:00,4,3.75,15,,,
13097,United Kingdom,Love Potion Masala Incense,17084J,489574,2009-01-12 13:31:00,2,0.21,0.42,,,
13097,United Kingdom,Pink Glass Candleholder,71279,489574,2009-01-12 13:31:00,2,2.95,5.9,,,
13097,United Kingdom,Cockle Shell Dish,21417,489574,2009-01-12 13:31:00,2,2.1,4.2,,,
13097,United Kingdom,Paper Chain Kit Retro Spot,22083,489574,2009-01-12 13:31:00,5,2.95,14.75,,,
13097,United Kingdom,Union Jack Hot Water Bottle ,22125,489574,2009-01-12 13:31:00,2,5.95,11.9,,,
13097,United Kingdom,Paper Bunting Coloured Lace,22088,489574,2009-01-12 13:31:00,1,2.95,2.95,,,
13097,United Kingdom,Motoring Tissue Box,22093,489574,2009-01-12 13:31:00,3,1.25,3.75,,,
13097,United Kingdom,Set/2 Blue  Noodle Baskets,84288B,489574,2009-01-12 13:31:00,1,1.95,1.95,,,
13097,United Kingdom,Cosy Slipper Shoes Large Green,21741,489574,2009-01-12 13:31:00,3,2.95,8.85,,,
13097,United Kingdom,Cosy Slipper Shoes Large Red,21740,489574,2009-01-12 13:31:00,3,2.95,8.85,,,
13097,United Kingdom,Hanging Fairy Cake Decoration,35924,489574,2009-01-12 13:31:00,3,2.1,6.3,,,
13097,United Kingdom,Frog Candle,20941,489574,2009-01-12 13:31:00,4,1.25,5,,,
13097,United Kingdom,Baking Set 9 Piece Retrospot ,22138,489574,2009-01-12 13:31:00,4,4.95,19.8,,,
13097,United Kingdom,Potting Shed Tea Mug,21868,489574,2009-01-12 13:31:00,6,1.25,7.5,,,
13097,United Kingdom,"Airline Lounge,Metal Sign",82567,489574,2009-01-12 13:31:00,2,2.1,4.2,,,
13097,United Kingdom,Paper Bunting Coloured Lace,22088,489574,2009-01-12 13:31:00,2,2.95,5.9,,,
13097,United Kingdom,Cake Plate Lovebird White,22222,489574,2009-01-12 13:31:00,2,4.95,9.9,,,
13097,United Kingdom,Set/3 Polka Dot Stacking Tins,85232A,489574,2009-01-12 13:31:00,1,4.95,4.95,,,
13097,United Kingdom,Ceramic Birdhouse Finch Blue Roof,21548,489574,2009-01-12 13:31:00,1,2.95,2.95,,,
13097,United Kingdom,Ceramic Birdhouse Crested Tit Small,21547,489574,2009-01-12 13:31:00,1,2.95,2.95,,,
13097,United Kingdom,Dairy Maid Large Milk Jug,21534,489574,2009-01-12 13:31:00,3,4.95,14.85,,,
13097,United Kingdom,Ceramic Birdhouse Finch Blue  Large,21553,489574,2009-01-12 13:31:00,1,5.95,5.95,,,
13097,United Kingdom,Ceramic Birdhouse Red Roof Large,21554,489574,2009-01-12 13:31:00,1,5.95,5.95,,,
13097,United Kingdom,Fawn Blue Hot Water Bottle,21481,489574,2009-01-12 13:31:00,2,2.95,5.9,,,
13097,United Kingdom,Mushroom Blue Hot Water Bottle,21482,489574,2009-01-12 13:31:00,3,2.95,8.85,,,
13097,United Kingdom,Set/3 Decoupage Stacking Tins,85232D,489574,2009-01-12 13:31:00,2,4.95,9.9,,,
13097,United Kingdom,Wrap Blue Reindeer,16169C,489574,2009-01-12 13:31:00,25,0.42,10.5,,,
13097,United Kingdom,Cake Stand White Two Tier Lace,22215,489574,2009-01-12 13:31:00,2,8.5,17,,,
13097,United Kingdom,Glass Chicken Butter Dish,20804,489574,2009-01-12 13:31:00,4,1.65,6.6,,,
13097,United Kingdom,First Aid Tin,21260,489574,2009-01-12 13:31:00,6,3.25,19.5,,,
13097,United Kingdom,Kings Choice Mug,21875,489574,2009-01-12 13:31:00,6,1.25,7.5,,,
13097,United Kingdom,Light Bird House Tree Decoration,21016,489574,2009-01-12 13:31:00,4,0.85,3.4,,,
13097,United Kingdom,Dark Bird House Tree Decoration,21015,489574,2009-01-12 13:31:00,4,0.85,3.4,,,
13097,United Kingdom,Swiss Chalet Tree Decoration ,21014,489574,2009-01-12 13:31:00,4,0.85,3.4,,,
13097,United Kingdom,Set 12 Kids  White Chalk Sticks,21917,489574,2009-01-12 13:31:00,10,0.42,4.2,,,
13097,United Kingdom,Set 12 Retro White Chalk Sticks,21916,489574,2009-01-12 13:31:00,10,0.42,4.2,,,
13097,United Kingdom,Set 12 Kids Colour  Chalk Sticks,21918,489574,2009-01-12 13:31:00,10,0.42,4.2,,,
13097,United Kingdom,Vintage Heads And Tails Card Game ,21791,489574,2009-01-12 13:31:00,10,1.25,12.5,,,
13097,United Kingdom,Wooden Box Of Dominoes,21889,489574,2009-01-12 13:31:00,12,1.25,15,,,
13097,United Kingdom,Christmas Toilet Roll,21098,489574,2009-01-12 13:31:00,3,1.25,3.75,,,
13097,United Kingdom,Sweetheart Ceramic Trinket Box,21231,489574,2009-01-12 13:31:00,1,1.25,1.25,,,
13097,United Kingdom,Strawberry Ceramic Trinket Box,21232,489574,2009-01-12 13:31:00,4,1.25,5,,,
13097,United Kingdom,Colouring Pencils Brown Tube,10135,489574,2009-01-12 13:31:00,10,1.25,12.5,,,
13097,United Kingdom,Set Of Three Vintage Gift Wraps,21491,489574,2009-01-12 13:31:00,2,1.95,3.9,,,
13097,United Kingdom,Bingo Set,21888,489574,2009-01-12 13:31:00,3,3.75,11.25,,,
13097,United Kingdom,Vintage Seaside Jigsaw Puzzles,21913,489574,2009-01-12 13:31:00,3,3.75,11.25,,,
13097,United Kingdom,Vintage Snakes & Ladders,21912,489574,2009-01-12 13:31:00,3,3.75,11.25,,,
13590,United Kingdom,Smallfolkart Bauble Christmas Dec,35957,489575,2009-01-12 13:37:00,27,0.19,18.24,,,
13590,United Kingdom,Baking Set 9 Piece Retrospot ,22138,489575,2009-01-12 13:37:00,3,4.95,14.85,,,
13590,United Kingdom,Ladies & Gentlemen Metal Sign,85150,489575,2009-01-12 13:37:00,6,2.55,15.3,,,
13590,United Kingdom,Strawberry Ceramic Trinket Box,21232,489575,2009-01-12 13:37:00,12,1.25,15,,,
13590,United Kingdom, Brown  Pirate Treasure Chest ,22069,489575,2009-01-12 13:37:00,12,1.65,19.8,,,
13590,United Kingdom,Green 3 Piece Mini Dots Cutlery Set,84997A,489575,2009-01-12 13:37:00,6,3.75,22.5,,,
13590,United Kingdom,Red 3 Piece Mini Dots Cutlery Set,84997B,489575,2009-01-12 13:37:00,6,3.75,22.5,,,
13590,United Kingdom,Pink Fairy Cake Child'S Apron,47591D,489575,2009-01-12 13:37:00,8,1.95,15.6,,,
13590,United Kingdom,Blue Fairy Cake Child'S Apron,47591C,489575,2009-01-12 13:37:00,8,1.95,15.6,,,
13590,United Kingdom,Gin + Tonic Diet Metal Sign,21175,489575,2009-01-12 13:37:00,6,2.1,12.6,,,
13590,United Kingdom,Christmas Toilet Roll,21098,489575,2009-01-12 13:37:00,12,1.25,15,,,
13590,United Kingdom,Pink Doughnut Trinket Pot ,22064,489575,2009-01-12 13:37:00,12,1.65,19.8,,,
13590,United Kingdom,White Tissue Ream,22415,489575,2009-01-12 13:37:00,1,7.95,7.95,,,
13590,United Kingdom,Door Mat 3 Smiley Cats,48111,489575,2009-01-12 13:37:00,2,6.75,13.5,,,
13590,United Kingdom,Cake Stand White Two Tier Lace,22215,489575,2009-01-12 13:37:00,2,8.5,17,,,
13590,United Kingdom,Folkart Bauble Christmas Decoration,35951,489575,2009-01-12 13:37:00,27,0.38,18.24,,,
13590,United Kingdom,Red Toadstool Led Night Light,21731,489575,2009-01-12 13:37:00,12,1.65,19.8,,,
13590,United Kingdom,60 Teatime Fairy Cake Cases,84991,489575,2009-01-12 13:37:00,24,0.55,13.2,,,
13590,United Kingdom,Star Portable Table Light ,21743,489575,2009-01-12 13:37:00,6,2.95,17.7,,,
13590,United Kingdom,Snowflake Portable Table Light ,21744,489575,2009-01-12 13:37:00,6,2.95,17.7,,,
13590,United Kingdom,Mushroom Blue Hot Water Bottle,21482,489575,2009-01-12 13:37:00,6,2.95,17.7,,,
13590,United Kingdom,Fawn Blue Hot Water Bottle,21481,489575,2009-01-12 13:37:00,6,2.95,17.7,,,
15984,United Kingdom,Scandinavian Reds Ribbons,85049E,489576,2009-01-12 13:38:00,5,1.25,6.25,,,
15984,United Kingdom,Traditional Christmas Ribbons,85049A,489576,2009-01-12 13:38:00,17,1.25,21.25,,,
15984,United Kingdom,Silver Christmas Tree Bauble Stand ,84352,489576,2009-01-12 13:38:00,1,16.95,16.95,,,
15984,United Kingdom,Pink Heart Candy Button Calculator,21842,489576,2009-01-12 13:38:00,8,2.55,20.4,,,
15984,United Kingdom,Place Setting White Star,22152,489576,2009-01-12 13:38:00,24,0.42,10.08,,,
15984,United Kingdom,Zinc Metal Heart Decoration,84836,489576,2009-01-12 13:38:00,12,1.25,15,,,
15984,United Kingdom,15Cm Christmas Glass Ball 20 Lights,85048,489576,2009-01-12 13:38:00,5,7.95,27,,,
15984,United Kingdom,Ivory Hanging Decoration  Heart,21385,489576,2009-01-12 13:38:00,24,0.85,20.4,,,
15984,United Kingdom,Paper Chain Kit 50'S Christmas ,22086,489576,2009-01-12 13:38:00,10,2.95,27,,,
15984,United Kingdom,Heart Ivory Trellis Large,22296,489576,2009-01-12 13:38:00,12,1.65,19.8,,,
15984,United Kingdom,Place Setting White Heart,22151,489576,2009-01-12 13:38:00,24,0.42,10.08,,,
15984,United Kingdom,Jumbo Bag Pink Vintage Paisley,21929,489576,2009-01-12 13:38:00,3,1.95,5.85,,,
15984,United Kingdom,Jumbo Bag Strawberry,85099F,489576,2009-01-12 13:38:00,3,1.95,5.85,,,
15984,United Kingdom,Jumbo Bag Scandinavian Paisley,21928,489576,2009-01-12 13:38:00,5,1.95,9.75,,,
15984,United Kingdom,White Hanging Heart T-Light Holder,85123A,489576,2009-01-12 13:38:00,6,2.95,17.7,,,
15984,United Kingdom,Grey Heart Hot Water Bottle,22113,489576,2009-01-12 13:38:00,18,3.45,27,,,
15984,United Kingdom,Wooden Box Advent Calendar ,35400,489576,2009-01-12 13:38:00,1,8.95,8.95,,,
16887,United Kingdom,Hand Open Shape Gold,35001G,489579,2009-01-12 13:41:00,2,4.25,8.5,,,
16887,United Kingdom,Blokey Silver Tool Set,84855,489579,2009-01-12 13:41:00,1,4.95,4.95,,,
16887,United Kingdom,Girly Pink Tool Set,84854,489579,2009-01-12 13:41:00,1,4.95,4.95,,,
16887,United Kingdom,Fairy Cake Candles,72756,489579,2009-01-12 13:41:00,9,1.49,13.41,,,
16887,United Kingdom,Grand Chocolatecandle,72741,489579,2009-01-12 13:41:00,9,1.45,13.05,,,
16887,United Kingdom,"Set 3 Red Spot Tin Tea,Coffee,Sugar",21216,489579,2009-01-12 13:41:00,1,4.95,4.95,,,
16887,United Kingdom,200 Red + White Bendy Straws,22315,489579,2009-01-12 13:41:00,2,1.25,2.5,,,
16887,United Kingdom,Blue  Spotty Plate ,21244,489579,2009-01-12 13:41:00,4,1.69,6.76,,,
16887,United Kingdom,Pink  Spotty Plate ,21243,489579,2009-01-12 13:41:00,4,1.69,6.76,,,
16887,United Kingdom,Red Spotty Oven Glove Double,21041,489579,2009-01-12 13:41:00,4,2.95,11.8,,,
16887,United Kingdom,Red Spotty Peg Bag,21155,489579,2009-01-12 13:41:00,4,2.1,8.4,,,
16887,United Kingdom,Set/6 Black Snowflake T-Lights ,35991,489579,2009-01-12 13:41:00,3,1.69,5.07,,,
16887,United Kingdom,Vintage Gold Tinsel Reel,21412,489579,2009-01-12 13:41:00,2,2.1,4.2,,,
16887,United Kingdom,Ivory Pillar Candle Gold Flock,72799F,489579,2009-01-12 13:41:00,3,2.95,8.85,,,
16887,United Kingdom,Ivory Pillar Candle Silver Flock,72799E,489579,2009-01-12 13:41:00,3,2.95,8.85,,,
16887,United Kingdom,Pink Pillar Candle Silver Flock,72799C,489579,2009-01-12 13:41:00,2,2.95,5.9,,,
16887,United Kingdom,Pink Spots  Wrap ,21500,489579,2009-01-12 13:41:00,25,0.42,10.5,,,
16887,United Kingdom,Blue Spots  Wrap,21499,489579,2009-01-12 13:41:00,25,0.42,10.5,,,
16887,United Kingdom,Red Spots  Wrap ,21498,489579,2009-01-12 13:41:00,25,0.42,10.5,,,
16887,United Kingdom,Red Spotty Big Bowl,21246,489579,2009-01-12 13:41:00,1,4.95,4.95,,,
16887,United Kingdom,Set Of Red Salad Servers ,21247,489579,2009-01-12 13:41:00,1,1.49,1.49,,,
16887,United Kingdom,Set/10 Blue Spotty Party Candles,21124,489579,2009-01-12 13:41:00,4,1.25,5,,,
16887,United Kingdom,Set/10 Pink Spotty Party Candles,21122,489579,2009-01-12 13:41:00,4,1.25,5,,,
16887,United Kingdom,Red Shark Helicopter,85136C,489579,2009-01-12 13:41:00,1,7.95,7.95,,,
16887,United Kingdom,Premium Church Candle,72267,489579,2009-01-12 13:41:00,4,2.1,8.4,,,
16887,United Kingdom,Red Spotty Round Cake Tins,21217,489579,2009-01-12 13:41:00,1,9.95,9.95,,,
16887,United Kingdom,Red Spotty Biscuit Tin,21218,489579,2009-01-12 13:41:00,1,3.75,3.75,,,
16887,United Kingdom,Blue  Spotty Cup,21240,489579,2009-01-12 13:41:00,4,0.85,3.4,,,
16887,United Kingdom,Red Spotty Cup,21238,489579,2009-01-12 13:41:00,2,0.85,1.7,,,
16887,United Kingdom,Pink  Spotty Cup,21239,489579,2009-01-12 13:41:00,4,0.85,3.4,,,
16887,United Kingdom,Pink Spotty Bowl,20677,489579,2009-01-12 13:41:00,4,1.25,5,,,
16887,United Kingdom,Blue Spotty Bowl,20675,489579,2009-01-12 13:41:00,4,1.25,5,,,
16887,United Kingdom,Pack Of 12 Pink Spot Tissues ,21986,489579,2009-01-12 13:41:00,12,0.29,3.48,,,
16887,United Kingdom,Rex Cash+Carry Jumbo Shopper,21034,489579,2009-01-12 13:41:00,1,0.95,0.95,,,
12921,United Kingdom,Strawberry Ceramic Trinket Box,21232,489580,2009-01-12 13:43:00,24,1.25,27,,,
12921,United Kingdom,Sweetheart Ceramic Trinket Box,21231,489580,2009-01-12 13:43:00,24,1.25,27,,,
12921,United Kingdom,Pack Of 60 Dinosaur Cake Cases,21975,489580,2009-01-12 13:43:00,24,0.55,13.2,,,
12921,United Kingdom,Pack Of 72 Skull Cake Cases,21213,489580,2009-01-12 13:43:00,24,0.55,13.2,,,
12921,United Kingdom,Pack Of 60 Pink Paisley Cake Cases,21977,489580,2009-01-12 13:43:00,24,0.55,13.2,,,
12921,United Kingdom,Pack Of 72 Retro Spot Cake Cases,21212,489580,2009-01-12 13:43:00,24,0.55,13.2,,,
12921,United Kingdom,60 Teatime Fairy Cake Cases,84991,489580,2009-01-12 13:43:00,24,0.55,13.2,,,
12921,United Kingdom,Fairy Cake Candles,72756,489580,2009-01-12 13:43:00,27,1.25,27,,,
14543,United Kingdom,Purple Pillar Candle Black Flock,72799B,489582,2009-01-12 13:47:00,10,2.95,27,,,
14543,United Kingdom,Wooden Box Advent Calendar ,35400,489582,2009-01-12 13:47:00,2,8.95,17.9,,,
14543,United Kingdom,Single Heart Zinc T-Light Holder,84970L,489582,2009-01-12 13:47:00,27,0.95,27,,,
14543,United Kingdom,Wall Mounted Vintage Organiser,21768,489582,2009-01-12 13:47:00,1,14.95,14.95,,,
14543,United Kingdom,String Of 20 Rose Lights,21477,489582,2009-01-12 13:47:00,2,12.75,25.5,,,
14543,United Kingdom,15Cm Christmas Glass Ball 20 Lights,85048,489582,2009-01-12 13:47:00,2,7.95,15.9,,,
14543,United Kingdom,Oriental Red C/Cover ,84984D,489582,2009-01-12 13:47:00,12,4.25,27,,,
14543,United Kingdom,Red Rose And Lace C/Cover,84773,489582,2009-01-12 13:47:00,18,2.95,27,,,
14543,United Kingdom,New Baroque Ivory Cushion Cover ,84601A,489582,2009-01-12 13:47:00,6,2.95,17.7,,,
15945,United Kingdom,S/4 Cacti Candles,85174,489581,2009-01-12 13:47:00,1,4.95,4.95,,,
15945,United Kingdom,Silver Blue Egg T-Light Holder,71028B,489581,2009-01-12 13:47:00,1,1.65,1.65,,,
15945,United Kingdom,Colour Glass T-Light Holder Hanging,84755,489581,2009-01-12 13:47:00,8,0.65,5.2,,,
15945,United Kingdom,Hot Water Bottle Tea And Sympathy,22114,489581,2009-01-12 13:47:00,1,3.95,3.95,,,
15945,United Kingdom,Premium Church Candle,72267,489581,2009-01-12 13:47:00,1,2.1,2.1,,,
15945,United Kingdom,Happy Anniversary Candle Letters,72140F,489581,2009-01-12 13:47:00,1,0.42,0.42,,,
15945,United Kingdom,Assorted Colour T-Light Holder,84950,489581,2009-01-12 13:47:00,12,0.85,10.2,,,
15945,United Kingdom,Cacti T-Light Candles,85175,489581,2009-01-12 13:47:00,27,0.42,26.88,,,
15945,United Kingdom,Roses White Round Candle,72487,489581,2009-01-12 13:47:00,27,0.38,13.68,,,
15945,United Kingdom,Table Lamp White Shade Wood Base,84360,489581,2009-01-12 13:47:00,12,4.65,27,,,
18037,United Kingdom,Library Lamp,21335,489584,2009-01-12 13:48:00,1,21.95,21.95,,,
15662,United Kingdom,Zinc Willie Winkie  Candle Stick,84832,489585,2009-01-12 13:49:00,24,0.85,20.4,,,
15662,United Kingdom,Painted Bird Assorted Christmas,21133,489585,2009-01-12 13:49:00,24,1.69,27,,,
15662,United Kingdom,Assorted Colour Bird Ornament,84879,489585,2009-01-12 13:49:00,16,1.69,27,,,
15662,United Kingdom,Love Building Block Word,21755,489585,2009-01-12 13:49:00,3,5.95,17.85,,,
15380,United Kingdom,Hand Open Shape Deco.White,35001W,489586,2009-01-12 13:50:00,27,2.95,27,,,
15380,United Kingdom,6 Hook Jewellery Stand Black Dress,84396,489586,2009-01-12 13:50:00,24,1.95,27,,,
15380,United Kingdom,Hand Open Shape Gold,35001G,489586,2009-01-12 13:50:00,18,3.39,27,,,
15380,United Kingdom,S/3 Flwr Fairy Lilly Candles,72753A,489586,2009-01-12 13:50:00,8,2.1,16.8,,,
15380,United Kingdom,"F.Fairy S/3 Candle/Glass, Rose",72750C,489586,2009-01-12 13:50:00,8,1.95,15.6,,,
15380,United Kingdom,Potting Shed Sow 'N' Grow Set,21895,489586,2009-01-12 13:50:00,4,4.25,17,,,
13110,United Kingdom,Red Hanging Heart T-Light Holder,21733,489590,2009-01-12 14:14:00,12,2.95,27,,,
13110,United Kingdom,White Hanging Heart T-Light Holder,85123A,489590,2009-01-12 14:14:00,6,2.95,17.7,,,
13110,United Kingdom,Grey Heart Hot Water Bottle,22113,489590,2009-01-12 14:14:00,7,3.45,24.15,,,
13110,United Kingdom,S/4 Groovy Cat Magnets,85211,489590,2009-01-12 14:14:00,1,1.65,1.65,,,
13110,United Kingdom,Paper Chain Kit 50'S Christmas ,22086,489590,2009-01-12 14:14:00,2,2.95,5.9,,,
13110,United Kingdom,Small Pink Magic Christmas Tree,84341B,489590,2009-01-12 14:14:00,2,0.85,1.7,,,
13110,United Kingdom,Wood Stamp Set Flowers,22211,489590,2009-01-12 14:14:00,1,1.65,1.65,,,
13110,United Kingdom,Weekend Bag Vintage Rose Paisley,22275,489590,2009-01-12 14:14:00,1,8.5,8.5,,,
13110,United Kingdom,6 Egg House Painted Wood,22283,489590,2009-01-12 14:14:00,2,7.95,15.9,,,
13110,United Kingdom,Red Star Card Holder,22186,489590,2009-01-12 14:14:00,2,2.95,5.9,,,
13110,United Kingdom,Green Christmas Tree Card Holder,22187,489590,2009-01-12 14:14:00,2,4.25,8.5,,,
13110,United Kingdom,Hand Open Shape Gold,35001G,489590,2009-01-12 14:14:00,2,4.25,8.5,,,
13110,United Kingdom,Hand Open Shape Deco.White,35001W,489590,2009-01-12 14:14:00,2,3.49,6.98,,,
13110,United Kingdom,Wooden Box Advent Calendar ,35400,489590,2009-01-12 14:14:00,2,8.95,17.9,,,
13110,United Kingdom,White Christmas Garland Stars Trees,21804,489590,2009-01-12 14:14:00,12,3.75,27,,,
13110,United Kingdom,Two Door Curio Cabinet,21735,489590,2009-01-12 14:14:00,2,12.75,25.5,,,
13110,United Kingdom,Heart Filigree Dove Large,22295,489590,2009-01-12 14:14:00,12,1.65,19.8,,,
13110,United Kingdom,Love Building Block Word,21755,489590,2009-01-12 14:14:00,6,5.95,27,,,
13110,United Kingdom,Mobile Vintage Hearts ,22325,489590,2009-01-12 14:14:00,1,4.95,4.95,,,
13110,United Kingdom,Birds Mobile Vintage Design,22320,489590,2009-01-12 14:14:00,1,5.95,5.95,,,
13110,United Kingdom,Bath Building Block Word,21756,489590,2009-01-12 14:14:00,2,5.95,11.9,,,
13110,United Kingdom,Welcome  Wooden Block Letters,22120,489590,2009-01-12 14:14:00,2,9.95,19.9,,,
13110,United Kingdom,Red Spotty Coir Doormat,20685,489590,2009-01-12 14:14:00,1,6.75,6.75,,,
13110,United Kingdom,Doormat Hearts,48194,489590,2009-01-12 14:14:00,1,6.75,6.75,,,
13110,United Kingdom,Door Mat Black Flock ,48173C,489590,2009-01-12 14:14:00,1,6.75,6.75,,,
13110,United Kingdom,Door Mat Friendship ,48189,489590,2009-01-12 14:14:00,1,6.75,6.75,,,
13110,United Kingdom,Door Mat Multicolour Stripe,48116,489590,2009-01-12 14:14:00,1,6.75,6.75,,,
12836,United Kingdom,Doormat Hearts,48194,489593,2009-01-12 14:19:00,3,6.75,20.25,,,
12836,United Kingdom,Please One Person  Metal Sign,21181,489593,2009-01-12 14:19:00,12,2.1,25.2,,,
12836,United Kingdom,Wood And Glass Medicine Cabinet,21761,489593,2009-01-12 14:19:00,1,29.95,27,,,
12836,United Kingdom,Assorted Colour Bird Ornament,84879,489593,2009-01-12 14:19:00,8,1.69,13.52,,,
12836,United Kingdom,Cream Sweetheart Wall Cabinet,85067,489593,2009-01-12 14:19:00,1,18.95,18.95,,,
12836,United Kingdom,Grey Heart Hot Water Bottle,22113,489593,2009-01-12 14:19:00,3,3.45,10.35,,,
12836,United Kingdom,Chocolate Hot Water Bottle,22112,489593,2009-01-12 14:19:00,2,4.95,9.9,,,
12836,United Kingdom,Pink Stripe Hot Water Bottle,21480,489593,2009-01-12 14:19:00,2,2.95,5.9,,,
12836,United Kingdom, Silver Cherry Lights,79323S,489593,2009-01-12 14:19:00,4,6.75,27,,,
12836,United Kingdom, White Cherry Lights,79323W,489593,2009-01-12 14:19:00,6,6.75,27,,,
12836,United Kingdom,Tea Time Cake Stand In Gift Box,37503,489593,2009-01-12 14:19:00,4,10.75,27,,,
12836,United Kingdom,Paper Chain Kit 50'S Christmas ,22086,489593,2009-01-12 14:19:00,4,2.95,11.8,,,
12836,United Kingdom,Light Bird House Tree Decoration,21016,489593,2009-01-12 14:19:00,1,0.85,0.85,,,
12836,United Kingdom,Victorian Sewing Box Medium,21257,489593,2009-01-12 14:19:00,2,7.95,15.9,,,
12836,United Kingdom,French Style Wire Door Cabinet ,21767,489593,2009-01-12 14:19:00,1,29.95,27,,,
12836,United Kingdom,Cream Sweetheart Shelf + Hooks,85068,489593,2009-01-12 14:19:00,1,7.95,7.95,,,
12836,United Kingdom,Wall Mounted Vintage Organiser,21768,489593,2009-01-12 14:19:00,1,14.95,14.95,,,
12836,United Kingdom,3 Hook Photo Shelf Antique White,22171,489593,2009-01-12 14:19:00,2,8.5,17,,,
12836,United Kingdom,Set Of Three 50'S Gift Wraps ,21490,489593,2009-01-12 14:19:00,4,1.95,7.8,,,
12836,United Kingdom,Set Of Three Vintage Gift Wraps,21491,489593,2009-01-12 14:19:00,4,1.95,7.8,,,
12836,United Kingdom,Feltcraft Doll Molly,22273,489593,2009-01-12 14:19:00,2,2.95,5.9,,,
12836,United Kingdom,Feltcraft Doll Maria,22272,489593,2009-01-12 14:19:00,2,2.95,5.9,,,
12836,United Kingdom,"Dog Bowl , Chasing Ball Design",22349,489593,2009-01-12 14:19:00,3,3.75,11.25,,,
12836,United Kingdom,Vintage Snap Cards,21790,489593,2009-01-12 14:19:00,6,0.85,5.1,,,
12836,United Kingdom,Vintage Heads And Tails Card Game ,21791,489593,2009-01-12 14:19:00,3,1.25,3.75,,,
12836,United Kingdom,Cosy Hour Cigar Box Matches ,21591,489593,2009-01-12 14:19:00,2,1.25,2.5,,,
12836,United Kingdom, 3 Stripey Mice Feltcraft,22150,489593,2009-01-12 14:19:00,3,1.95,5.85,,,
12836,United Kingdom, Vintage Design Gift Tags,21493,489593,2009-01-12 14:19:00,5,0.85,4.25,,,
12836,United Kingdom,Blokey Silver Tool Set,84855,489593,2009-01-12 14:19:00,1,4.95,4.95,,,
15005,United Kingdom,Green Christmas Tree String 20Light,85045,489594,2009-01-12 14:19:00,1,4.95,4.95,,,
15005,United Kingdom,Antique Lily Fairy Lights,85042,489594,2009-01-12 14:19:00,1,4.95,4.95,,,
15005,United Kingdom,Set/6 Purple Butterfly T-Lights,72349B,489594,2009-01-12 14:19:00,4,2.1,8.4,,,
15005,United Kingdom,Jelly Babies Yellow Small Bowl,84596K,489594,2009-01-12 14:19:00,7,1.25,8.75,,,
15005,United Kingdom,36 Pencils Tube Woodland,20977,489594,2009-01-12 14:19:00,3,1.25,3.75,,,
15005,United Kingdom,Red Spotty Bowl,20676,489594,2009-01-12 14:19:00,6,1.25,7.5,,,
15005,United Kingdom,Blue Spotty Bowl,20675,489594,2009-01-12 14:19:00,4,1.25,5,,,
15005,United Kingdom,Small Licorice Des Pink Bowl,84596E,489594,2009-01-12 14:19:00,5,1.25,6.25,,,
15005,United Kingdom,Small Chocolates Pink Bowl,84596G,489594,2009-01-12 14:19:00,5,1.25,6.25,,,
15005,United Kingdom,12 Pencils Small Tube Red Spotty,20975,489594,2009-01-12 14:19:00,4,0.65,2.6,,,
15005,United Kingdom,Jumbo Storage Bag Suki,21931,489594,2009-01-12 14:19:00,2,1.95,3.9,,,
15005,United Kingdom,Jumbo  Bag Baroque Black White,85099C,489594,2009-01-12 14:19:00,2,1.95,3.9,,,
15005,United Kingdom,Jumbo Bag Pink Vintage Paisley,21929,489594,2009-01-12 14:19:00,2,1.95,3.9,,,
15005,United Kingdom,Ceramic Cake Design Spotted Mug,37448,489594,2009-01-12 14:19:00,3,1.49,4.47,,,
15005,United Kingdom,Food Container Set 3 Love Heart ,22131,489594,2009-01-12 14:19:00,3,1.95,5.85,,,
15005,United Kingdom,Ceramic Cake Design Spotted Plate,37447,489594,2009-01-12 14:19:00,2,1.49,2.98,,,
15005,United Kingdom,Mini Cake Stand  Hanging Strawbery,22055,489594,2009-01-12 14:19:00,2,1.65,3.3,,,
15005,United Kingdom,Ceramic Bowl With Love Heart Design,22062,489594,2009-01-12 14:19:00,1,2.95,2.95,,,
15005,United Kingdom,Small Dolly Mix Design Orange Bowl,84596B,489594,2009-01-12 14:19:00,8,1.25,10,,,
15005,United Kingdom,Strawberry Ceramic Trinket Box,21232,489594,2009-01-12 14:19:00,12,1.25,15,,,
15005,United Kingdom,Mini Cake Stand  Hanging Strawbery,22055,489594,2009-01-12 14:19:00,1,1.65,1.65,,,
15005,United Kingdom,Ceramic Cake Design Spotted Mug,37448,489594,2009-01-12 14:19:00,2,1.49,2.98,,,
15005,United Kingdom,Pizza Slice Dish,22347,489594,2009-01-12 14:19:00,6,1.25,7.5,,,
15005,United Kingdom,Ceramic Cake Design Spotted Mug,37448,489594,2009-01-12 14:19:00,1,1.49,1.49,,,
15005,United Kingdom,Cat Bowl ,22350,489594,2009-01-12 14:19:00,2,2.55,5.1,,,
15005,United Kingdom,Vintage Heads And Tails Card Game ,21791,489594,2009-01-12 14:19:00,4,1.25,5,,,
15005,United Kingdom,Blue Circles Design Monkey Doll,84507C,489594,2009-01-12 14:19:00,1,2.55,2.55,,,
15005,United Kingdom,Stripes Design Monkey Doll,84507B,489594,2009-01-12 14:19:00,1,2.55,2.55,,,
15005,United Kingdom,Camoflage Design Teddy,84508A,489594,2009-01-12 14:19:00,2,2.55,5.1,,,
15005,United Kingdom,Ceramic Cake Bowl + Hanging Cakes,37450,489594,2009-01-12 14:19:00,3,2.95,8.85,,,
15005,United Kingdom,Christmas Pudding Trinket Pot ,22065,489594,2009-01-12 14:19:00,6,1.45,8.7,,,
15005,United Kingdom,"Art Lights,Funk Monkey",79302M,489594,2009-01-12 14:19:00,1,2.95,2.95,,,
15005,United Kingdom,Rex Cash+Carry Jumbo Shopper,21034,489594,2009-01-12 14:19:00,3,0.95,2.85,,,
15005,United Kingdom,Tea Time Mug In Gift Box,37502,489594,2009-01-12 14:19:00,8,2.95,23.6,,,
15005,United Kingdom,Tea Time Cake Stand In Gift Box,37503,489594,2009-01-12 14:19:00,1,10.75,10.75,,,
15005,United Kingdom,Ceramic Cake Stand + Hanging Cakes,37449,489594,2009-01-12 14:19:00,2,9.95,19.9,,,
15005,United Kingdom,Fairy Cake Notebook A5 Size,84534B,489594,2009-01-12 14:19:00,4,0.85,3.4,,,
15005,United Kingdom,Fairy Cakes Notebook A6 Size,84535B,489594,2009-01-12 14:19:00,8,0.65,5.2,,,
15005,United Kingdom,Fairy Cakes Notebook A7 Size,84536B,489594,2009-01-12 14:19:00,8,0.42,3.36,,,
15005,United Kingdom,Kings Choice Mug,21875,489594,2009-01-12 14:19:00,2,1.25,2.5,,,
15005,United Kingdom,Ceramic Cake Bowl + Hanging Cakes,37450,489594,2009-01-12 14:19:00,1,2.95,2.95,,,
15005,United Kingdom, Black Pirate Treasure Chest,22068,489594,2009-01-12 14:19:00,2,1.65,3.3,,,
15005,United Kingdom,Pink Doughnut Trinket Pot ,22064,489594,2009-01-12 14:19:00,4,1.65,6.6,,,
15005,United Kingdom,Lunch Bag Woodland,20726,489594,2009-01-12 14:19:00,4,1.65,6.6,,,
15005,United Kingdom,Lunch Bag Red Spotty,20725,489594,2009-01-12 14:19:00,3,1.65,4.95,,,
15005,United Kingdom,"Set 3 Red Spot Tin Tea,Coffee,Sugar",21216,489594,2009-01-12 14:19:00,1,4.95,4.95,,,
15005,United Kingdom,Hot Water Bottle Tea And Sympathy,22114,489594,2009-01-12 14:19:00,3,3.95,11.85,,,
15005,United Kingdom,Green Christmas Tree Card Holder,22187,489594,2009-01-12 14:19:00,2,4.25,8.5,,,
15005,United Kingdom,Wooden Picture Frame White Finish,82482,489594,2009-01-12 14:19:00,6,2.55,15.3,,,
15005,United Kingdom,Sweetheart Ceramic Trinket Box,21231,489594,2009-01-12 14:19:00,11,1.25,13.75,,,
16620,United Kingdom,Red Spotty Coir Doormat,20685,489598,2009-01-12 14:35:00,2,6.75,13.5,,,
16620,United Kingdom,Retro Spot Lamp,22180,489598,2009-01-12 14:35:00,1,9.95,9.95,,,
16620,United Kingdom,Candy Spot Apron,85090,489598,2009-01-12 14:35:00,3,4.65,13.95,,,
16620,United Kingdom,Blue Spot Ceramic Drawer Knob,21670,489598,2009-01-12 14:35:00,12,1.25,15,,,
16620,United Kingdom,Red Spot Ceramic Drawer Knob,21671,489598,2009-01-12 14:35:00,12,1.25,15,,,
16620,United Kingdom,Set/10 Red Spotty Party Candles,21121,489598,2009-01-12 14:35:00,24,1.25,27,,,
16620,United Kingdom,Set/10 Pink Spotty Party Candles,21122,489598,2009-01-12 14:35:00,24,1.25,27,,,
16620,United Kingdom,Set/10 Blue Spotty Party Candles,21124,489598,2009-01-12 14:35:00,24,1.25,27,,,
16620,United Kingdom,Cake Stand Lace White,22218,489598,2009-01-12 14:35:00,3,4.25,12.75,,,
16620,United Kingdom,Red Spotty Plate ,21242,489598,2009-01-12 14:35:00,8,1.69,13.52,,,
16620,United Kingdom,Red Spotty Cup,21238,489598,2009-01-12 14:35:00,8,0.85,6.8,,,
16620,United Kingdom,Wooden Picture Frame White Finish,82482,489598,2009-01-12 14:35:00,6,2.55,15.3,,,
16620,United Kingdom,Cream Heart Card Holder,22189,489598,2009-01-12 14:35:00,4,3.95,15.8,,,
16620,United Kingdom,Assorted Tutti Frutti Bracelet,21650,489598,2009-01-12 14:35:00,24,0.65,15.6,,,
16620,United Kingdom,12 Pencils Tall Tube Red Spotty,20983,489598,2009-01-12 14:35:00,12,0.85,10.2,,,
16620,United Kingdom,Toast Its - Fairy Flower,21356,489598,2009-01-12 14:35:00,12,1.25,15,,,
16620,United Kingdom,Toast Its - Dinosaur,21357,489598,2009-01-12 14:35:00,12,1.25,15,,,
16620,United Kingdom,Pocket Bag Pink Paisely Brown Spot,22280,489598,2009-01-12 14:35:00,6,2.1,12.6,,,
16620,United Kingdom,12 Pencils Tall Tube Skulls,20982,489598,2009-01-12 14:35:00,12,0.85,10.2,,,
16620,United Kingdom,Jumbo Bag Red White Spotty ,85099B,489598,2009-01-12 14:35:00,10,1.95,19.5,,,
16620,United Kingdom,Jumbo Bag Pink Vintage Paisley,21929,489598,2009-01-12 14:35:00,10,1.95,19.5,,,
16620,United Kingdom,Beaded Love Heart Jewellery Set,90167,489598,2009-01-12 14:35:00,12,0.85,10.2,,,
16620,United Kingdom,Skulls  Water Transfer Tattoos ,21544,489598,2009-01-12 14:35:00,12,0.85,10.2,,,
16620,United Kingdom,Butterfly Water Transfer Tattoos ,21543,489598,2009-01-12 14:35:00,12,0.85,10.2,,,
16620,United Kingdom,Camouflage Led Torch,21833,489598,2009-01-12 14:35:00,12,1.69,20.28,,,
16620,United Kingdom,Dinosaur Keyrings Assorted,21829,489598,2009-01-12 14:35:00,27,0.21,7.56,,,
16620,United Kingdom,Pink Fairy Cake Child'S Apron,47591D,489598,2009-01-12 14:35:00,8,1.95,15.6,,,
16620,United Kingdom,Charlie And Lola Charlotte Bag,21100,489598,2009-01-12 14:35:00,10,1.65,16.5,,,
16620,United Kingdom,Assorted Tutti Frutti Pen,21642,489598,2009-01-12 14:35:00,24,0.85,20.4,,,
16620,United Kingdom,Assorted Tutti Frutti Keyring,21639,489598,2009-01-12 14:35:00,24,0.85,20.4,,,
16620,United Kingdom,Red Organic Candle In Glass,72023F,489598,2009-01-12 14:35:00,12,1.25,15,,,
16620,United Kingdom,Ribbon Reel Stripes Design ,22082,489598,2009-01-12 14:35:00,20,1.65,27,,,
16620,United Kingdom,Box Of 9 Pebble Candles,20886,489598,2009-01-12 14:35:00,12,1.95,23.4,,,
16620,United Kingdom,Hyacinth Bulb T-Light Candles,85172,489598,2009-01-12 14:35:00,16,0.42,6.72,,,
16620,United Kingdom,Frosted Box 9 White T-Light Candles,72008,489598,2009-01-12 14:35:00,12,0.42,5.04,,,
16620,United Kingdom,Hanging Heart Zinc T-Light Holder,84970S,489598,2009-01-12 14:35:00,12,0.85,10.2,,,
16620,United Kingdom,Strawberry Raffia Food Cover,21471,489598,2009-01-12 14:35:00,6,3.75,22.5,,,
16620,United Kingdom,Polka Dot Raffia Food Cover,21469,489598,2009-01-12 14:35:00,6,3.75,22.5,,,
16620,United Kingdom,Retro Pink Spot Washing Up Gloves,20753,489598,2009-01-12 14:35:00,6,2.1,12.6,,,
16620,United Kingdom,Potting Shed Tea Mug,21868,489598,2009-01-12 14:35:00,12,1.25,15,,,
16620,United Kingdom,Potting Shed Coffee Mug,21869,489598,2009-01-12 14:35:00,12,1.25,15,,,
16620,United Kingdom,Slate Tile Natural Hanging,22185,489598,2009-01-12 14:35:00,12,1.65,19.8,,,
16620,United Kingdom,Potting Shed Candle Citronella,21897,489598,2009-01-12 14:35:00,6,2.95,17.7,,,
16620,United Kingdom,Potting Shed Rose Candle,21898,489598,2009-01-12 14:35:00,6,2.95,17.7,,,
16620,United Kingdom,Pink Spotty Childs Umbrella,20681,489598,2009-01-12 14:35:00,6,3.25,19.5,,,
16620,United Kingdom,Jumbo Bag Strawberry,85099F,489598,2009-01-12 14:35:00,20,1.95,27,,,
16620,United Kingdom,Chrysanthemum  Journal,20771,489598,2009-01-12 14:35:00,6,2.55,15.3,,,
16620,United Kingdom,Chrysanthemum Notebook,20777,489598,2009-01-12 14:35:00,6,1.65,9.9,,,
16620,United Kingdom,3 Wick Christmas Briar Candle ,72815,489598,2009-01-12 14:35:00,4,3.75,15,,,
16620,United Kingdom,Green Christmas Tree Card Holder,22187,489598,2009-01-12 14:35:00,4,4.25,17,,,
17961,United Kingdom,Retro Pink Spot Washing Up Gloves,20753,489606,2009-01-12 14:48:00,1,2.1,2.1,,,
15601,United Kingdom,Ceramic Birdhouse Red Roof Small,21549,489611,2009-01-12 14:53:00,1,2.95,2.95,,,
13585,United Kingdom,"Diamante Heart Shaped Wall Mirror, ",22165,489613,2009-01-12 14:56:00,1,12.75,12.75,,,
13442,United Kingdom,Polyester Filler Pad 65Cmx65Cm,46000P,489617,2009-01-12 14:59:00,2,4.25,8.5,,,
13442,United Kingdom,Polyester Filler Pad 45X45Cm,46000M,489617,2009-01-12 14:59:00,4,1.55,6.2,,,
13442,United Kingdom,Medina Stamped Metal Tray ,21685,489617,2009-01-12 14:59:00,2,14.95,27,,,
13442,United Kingdom,Pink And Lilac Quilted Throw ,84472,489617,2009-01-12 14:59:00,1,45.95,27,,,
13442,United Kingdom,White Stitched Cushion Cover,84658,489617,2009-01-12 14:59:00,2,6.95,13.9,,,
13442,United Kingdom,Vintage Union Jack Cushion Cover,21622,489617,2009-01-12 14:59:00,4,4.95,19.8,,,
13442,United Kingdom,Box Of 6 Pebble Candles,20887,489617,2009-01-12 14:59:00,1,3.45,3.45,,,
13442,United Kingdom,Box Of 9 Pebble Candles,20886,489617,2009-01-12 14:59:00,1,1.95,1.95,,,
13442,United Kingdom,Silver Lattice Vanilla Candle Pot,21692,489617,2009-01-12 14:59:00,1,3.75,3.75,,,
13442,United Kingdom,Silver Vanilla Flower Candle Pot,21691,489617,2009-01-12 14:59:00,3,3.75,11.25,,,
13442,United Kingdom,Hot Water Bottle Tea And Sympathy,22114,489617,2009-01-12 14:59:00,4,3.95,15.8,,,
13442,United Kingdom,Union Jack Hot Water Bottle ,22125,489617,2009-01-12 14:59:00,2,5.95,11.9,,,
13442,United Kingdom,Bath Building Block Word,21756,489617,2009-01-12 14:59:00,1,5.95,5.95,,,
13442,United Kingdom,Love Building Block Word,21755,489617,2009-01-12 14:59:00,1,5.95,5.95,,,
13442,United Kingdom,Home Building Block Word,21754,489617,2009-01-12 14:59:00,1,5.95,5.95,,,
13442,United Kingdom,Aged Glass Silver T-Light Holder,21326,489617,2009-01-12 14:59:00,12,0.65,7.8,,,
13381,United Kingdom,Heart T-Light Holder ,21814,489634,2009-01-12 15:19:00,12,1.45,17.4,,,
16763,United Kingdom,Party Bunting,47566,489635,2009-01-12 15:26:00,5,4.65,23.25,,,
16763,United Kingdom,Tea Time Table Cloth,47570B,489635,2009-01-12 15:26:00,2,10.65,21.3,,,
16763,United Kingdom,Eight Piece Dinosaur Set,21826,489635,2009-01-12 15:26:00,12,1.25,15,,,
16763,United Kingdom,Charlie + Lola Red Hot Water Bottle,84032B,489635,2009-01-12 15:26:00,6,2.95,17.7,,,
16763,United Kingdom,Dinosaurs Water Transfer Tattoos ,21541,489635,2009-01-12 15:26:00,12,0.85,10.2,,,
16763,United Kingdom,Red Spotty Childs Umbrella,20682,489635,2009-01-12 15:26:00,6,3.25,19.5,,,
16763,United Kingdom,Feltcraft Doll Molly,22273,489635,2009-01-12 15:26:00,6,2.95,17.7,,,
16763,United Kingdom,"Feather Pen,Coal Black",51014C,489635,2009-01-12 15:26:00,12,0.85,10.2,,,
16763,United Kingdom,Economy Luggage Tag,20659,489635,2009-01-12 15:26:00,12,1.25,15,,,
16763,United Kingdom,Red Spotty Luggage Tag,20658,489635,2009-01-12 15:26:00,12,1.25,15,,,
16763,United Kingdom,Sweetheart Ceramic Trinket Box,21231,489635,2009-01-12 15:26:00,12,1.25,15,,,
16763,United Kingdom,Strawberry Ceramic Trinket Box,21232,489635,2009-01-12 15:26:00,12,1.25,15,,,
16763,United Kingdom,Retro Spot Mug,21844,489635,2009-01-12 15:26:00,6,2.95,17.7,,,
16763,United Kingdom,Tea Cup And Saucer Retro Spot,22072,489635,2009-01-12 15:26:00,4,3.75,15,,,
16763,United Kingdom,Retro Spot Traditional Teapot ,21527,489635,2009-01-12 15:26:00,2,7.95,15.9,,,
16763,United Kingdom,Red Spotty Childs Apron,21156,489635,2009-01-12 15:26:00,8,1.95,15.6,,,
16763,United Kingdom, Red/White Dot Mini Cases,20750,489635,2009-01-12 15:26:00,4,7.95,27,,,
16763,United Kingdom,Toast Its - I Love You ,21355,489635,2009-01-12 15:26:00,12,1.25,15,,,
16763,United Kingdom,Set Of 3 Heart Cookie Cutters,84378,489635,2009-01-12 15:26:00,12,1.25,15,,,
16763,United Kingdom,Set Of 3 Butterfly Cookie Cutters,84380,489635,2009-01-12 15:26:00,12,1.25,15,,,
16763,United Kingdom,Set/3 Ocean Scent Candle Jewel Box,72807B,489635,2009-01-12 15:26:00,4,4.25,17,,,
17243,United Kingdom,3 Wick Christmas Briar Candle ,72815,489637,2009-01-12 15:36:00,12,3.75,27,,,
17243,United Kingdom,4 Ivory Dinner Candles Silver Flock,72800E,489637,2009-01-12 15:36:00,12,2.55,27,,,
17243,United Kingdom,Set/3 Christmas Briar Candles,72814,489637,2009-01-12 15:36:00,12,3.75,27,,,
17243,United Kingdom,Pack Of 72 Skull Cake Cases,21213,489637,2009-01-12 15:36:00,12,0.55,6.6,,,
17243,United Kingdom,Frosted Box 9 White T-Light Candles,72008,489637,2009-01-12 15:36:00,9,0.42,3.78,,,
17243,United Kingdom,Lavender Scented Set/9 T-Lights,85231L,489637,2009-01-12 15:36:00,9,0.85,7.65,,,
17243,United Kingdom,Strawberry Scented Set/9 T-Lights,85231E,489637,2009-01-12 15:36:00,9,0.85,7.65,,,
17243,United Kingdom,S/4 Festive Red Dinner Candles,72801F,489637,2009-01-12 15:36:00,7,1.25,8.75,,,
17243,United Kingdom,Small Round Cut Glass Candlestick,85125,489637,2009-01-12 15:36:00,6,4.95,27,,,
17243,United Kingdom,Large Round Cutglass Candlestick,85126,489637,2009-01-12 15:36:00,6,6.75,27,,,
17243,United Kingdom,Premium Church Candle,72267,489637,2009-01-12 15:36:00,6,2.1,12.6,,,
17243,United Kingdom,White Advent Candle,72529W,489637,2009-01-12 15:36:00,16,2.12,27,,,
17243,United Kingdom,Set Of 3 Blue Stripe Basket,21795,489637,2009-01-12 15:36:00,3,12.75,27,,,
17243,United Kingdom,Set Of 3 Red Stripe Baskets,21796,489637,2009-01-12 15:36:00,3,12.75,27,,,
17243,United Kingdom,Knitted Union Flag Hot Water Bottle,84029G,489637,2009-01-12 15:36:00,9,3.75,27,,,
17243,United Kingdom,Chocolate Hot Water Bottle,22112,489637,2009-01-12 15:36:00,6,4.95,27,,,
17243,United Kingdom,Scottie Dog Hot Water Bottle,22111,489637,2009-01-12 15:36:00,6,4.95,27,,,
17243,United Kingdom,Door Mat Multicolour Stripe,48116,489637,2009-01-12 15:36:00,6,6.75,27,,,
17243,United Kingdom,Door Mat 3 Smiley Cats,48111,489637,2009-01-12 15:36:00,4,6.75,27,,,
17243,United Kingdom,Door Mat Welcome Puppies,48188,489637,2009-01-12 15:36:00,4,6.75,27,,,
14865,United Kingdom,Assorted Colours Silk Fan,15036,489639,2009-01-12 16:05:00,27,0.65,27,,,
17345,United Kingdom,Metal Shelf With Rail ,22172,489640,2009-01-12 16:17:00,1,8.5,8.5,,,
17345,United Kingdom,Large Round Wicker Platter ,21742,489640,2009-01-12 16:17:00,1,5.95,5.95,,,
17345,United Kingdom,Gaolers Keys Decorative Garden ,21745,489640,2009-01-12 16:17:00,1,3.75,3.75,,,
17345,United Kingdom,Scottie Dog Hot Water Bottle,22111,489640,2009-01-12 16:17:00,3,4.95,14.85,,,
17345,United Kingdom,Set/4 Badges Woodland Animal,21223,489640,2009-01-12 16:17:00,10,1.25,12.5,,,
17345,United Kingdom,Set/4 Badges Cute Creatures,21221,489640,2009-01-12 16:17:00,10,1.25,12.5,,,
17345,United Kingdom,3D Sheet Of Cat Stickers,84559B,489640,2009-01-12 16:17:00,13,0.85,11.05,,,
17345,United Kingdom,3D Sheet Of Sea World Stickers,84559D,489640,2009-01-12 16:17:00,15,0.85,12.75,,,
17345,United Kingdom,3D Sheet Of Dog Stickers,84559A,489640,2009-01-12 16:17:00,21,0.85,17.85,,,
17345,United Kingdom,Edwardian Parasol Pink,15056P,489640,2009-01-12 16:17:00,1,5.95,5.95,,,
17345,United Kingdom,Glow In Dark Dolphins,84199,489640,2009-01-12 16:17:00,27,0.21,6.3,,,
17345,United Kingdom,Ass Col Large Sand Gecko P'Weight,17165B,489640,2009-01-12 16:17:00,4,1.05,4.2,,,
17345,United Kingdom,Ass Col Large Sand Frog P'Weight,17165D,489640,2009-01-12 16:17:00,8,1.05,8.4,,,
17345,United Kingdom,Assorted Tutti Frutti Pen,21642,489640,2009-01-12 16:17:00,24,0.85,20.4,,,
17345,United Kingdom,Brocade Ring Purse ,17003,489640,2009-01-12 16:17:00,27,0.21,27,,,
17345,United Kingdom,Paper Pocket Traveling Fan ,15034,489640,2009-01-12 16:17:00,2,0.14,0.28,,,
17345,United Kingdom,Party Time Pencil Erasers,16238,489640,2009-01-12 16:17:00,27,0.21,5.88,,,
17345,United Kingdom,Sleeping Cat Erasers,16237,489640,2009-01-12 16:17:00,27,0.21,6.3,,,
17345,United Kingdom,Ivory Rose Lampshade ,35085E,489640,2009-01-12 16:17:00,1,1.25,1.25,,,
17345,United Kingdom,Cross Stitch Alphabet Cushion Cover,21837,489640,2009-01-12 16:17:00,1,5.95,5.95,,,
17345,United Kingdom,Jumbo Bag Red White Spotty ,85099B,489640,2009-01-12 16:17:00,2,1.95,3.9,,,
17345,United Kingdom,Doggy Rubber,10120,489640,2009-01-12 16:17:00,27,0.21,12.6,,,
17345,United Kingdom,Glitter Butterfly Clips,20828,489640,2009-01-12 16:17:00,1,2.55,2.55,,,
17345,United Kingdom,Ass Col Large Sand Gecko P'Weight,17165B,489640,2009-01-12 16:17:00,9,1.05,9.45,,,
17345,United Kingdom,Ass Col Small Sand Frog P'Weight,17164D,489640,2009-01-12 16:17:00,27,0.42,15.12,,,
17345,United Kingdom,Ass Col Small Sand Gecko P'Weight,17164B,489640,2009-01-12 16:17:00,27,0.42,27,,,
17345,United Kingdom,Magic Tree -Paper Flowers,84006,489640,2009-01-12 16:17:00,27,0.85,27,,,
13819,United Kingdom,Red Spotty Charlotte Bag,20724,489641,2009-01-12 16:18:00,27,0.85,25.5,,,
13819,United Kingdom,Jumbo Bag Red White Spotty ,85099B,489641,2009-01-12 16:18:00,20,1.95,27,,,
13819,United Kingdom,Lunch Bag Red Spotty,20725,489641,2009-01-12 16:18:00,27,1.65,27,,,
13819,United Kingdom, White Cherry Lights,79323W,489641,2009-01-12 16:18:00,4,6.75,27,,,
13819,United Kingdom,Tea Time Cake Stand In Gift Box,37503,489641,2009-01-12 16:18:00,2,10.75,21.5,,,
13819,United Kingdom,Red Spotty Childs Apron,21156,489641,2009-01-12 16:18:00,8,1.95,15.6,,,
13819,United Kingdom,Strawberry Charlotte Bag,20723,489641,2009-01-12 16:18:00,10,0.85,8.5,,,
13819,United Kingdom,Woodland Charlotte Bag,20719,489641,2009-01-12 16:18:00,10,0.85,8.5,,,
13819,United Kingdom,White Hanging Heart T-Light Holder,85123A,489641,2009-01-12 16:18:00,6,2.95,17.7,,,
13819,United Kingdom,Jumbo Bag Woodland Animals,20712,489641,2009-01-12 16:18:00,10,1.95,19.5,,,
13819,United Kingdom,Set Of 3 Butterfly Cookie Cutters,84380,489641,2009-01-12 16:18:00,12,1.25,15,,,
13819,United Kingdom,Colour Glass. Star T-Light Holder,71477,489641,2009-01-12 16:18:00,8,3.25,26,,,
13819,United Kingdom,Set/20 Red Spotty Paper Napkins ,21080,489641,2009-01-12 16:18:00,12,0.85,10.2,,,
13819,United Kingdom,Sweetheart Ceramic Trinket Box,21231,489641,2009-01-12 16:18:00,12,1.25,15,,,
13819,United Kingdom,Red Toadstool Led Night Light,21731,489641,2009-01-12 16:18:00,12,1.65,19.8,,,
13819,United Kingdom,Red Spotty Oven Glove Double,21041,489641,2009-01-12 16:18:00,6,2.95,17.7,,,
13819,United Kingdom,60 Teatime Fairy Cake Cases,84991,489641,2009-01-12 16:18:00,24,0.55,13.2,,,
13819,United Kingdom,Mini Cake Stand With Hanging Cakes,37446,489641,2009-01-12 16:18:00,8,1.45,11.6,,,
13819,United Kingdom,Baking Set 9 Piece Retrospot ,22138,489641,2009-01-12 16:18:00,6,4.95,27,,,
13819,United Kingdom,Strawberry Ceramic Trinket Box,21232,489641,2009-01-12 16:18:00,12,1.25,15,,,
13819,United Kingdom,Lunch Bag  Black Skull.,20727,489641,2009-01-12 16:18:00,10,1.65,16.5,,,
13819,United Kingdom,Lunch Bag Woodland,20726,489641,2009-01-12 16:18:00,10,1.65,16.5,,,
13819,United Kingdom,Red Woolly Hottie White Heart.,84029E,489641,2009-01-12 16:18:00,8,3.75,27,,,
13819,United Kingdom,Brown Furry Hot Water Bottle,84029C,489641,2009-01-12 16:18:00,4,3.75,15,,,
13819,United Kingdom,White Skull Hot Water Bottle ,21479,489641,2009-01-12 16:18:00,8,3.75,27,,,
13819,United Kingdom,Small Chocolates Pink Bowl,84596G,489641,2009-01-12 16:18:00,8,1.25,10,,,
13819,United Kingdom,Pink Spotty Bowl,20677,489641,2009-01-12 16:18:00,8,1.25,10,,,
13819,United Kingdom,72 Sweetheart Fairy Cake Cases,84992,489641,2009-01-12 16:18:00,24,0.55,13.2,,,
13819,United Kingdom,Pack Of 72 Retro Spot Cake Cases,21212,489641,2009-01-12 16:18:00,27,0.42,27,,,
13819,United Kingdom,Red Spotty Shopper Bag,20718,489641,2009-01-12 16:18:00,20,1.25,25,,,
15808,United Kingdom,Red Spotty Biscuit Tin,21218,489644,2009-01-12 16:30:00,1,3.75,3.75,,,
15808,United Kingdom,Set/20 Red Spotty Paper Napkins ,21080,489644,2009-01-12 16:30:00,1,0.85,0.85,,,
15808,United Kingdom,Scottie Dog Hot Water Bottle,22111,489644,2009-01-12 16:30:00,12,4.95,27,,,
15808,United Kingdom,Tea Time Mug In Gift Box,37502,489644,2009-01-12 16:30:00,3,2.95,8.85,,,
15808,United Kingdom,Chick Grey Hot Water Bottle,21484,489644,2009-01-12 16:30:00,18,3.45,27,,,
15808,United Kingdom,Grey Heart Hot Water Bottle,22113,489644,2009-01-12 16:30:00,18,3.45,27,,,
15808,United Kingdom,White Skull Hot Water Bottle ,21479,489644,2009-01-12 16:30:00,8,3.75,27,,,
15808,United Kingdom,Hot Water Bottle Tea And Sympathy,22114,489644,2009-01-12 16:30:00,6,3.95,23.7,,,
15808,United Kingdom,Fawn Blue Hot Water Bottle,21481,489644,2009-01-12 16:30:00,6,2.95,17.7,,,
15808,United Kingdom,Set/20 Red Spotty Paper Napkins ,21080,489644,2009-01-12 16:30:00,9,0.85,7.65,,,
15808,United Kingdom,Red Spotty Coir Doormat,20685,489644,2009-01-12 16:30:00,3,6.75,20.25,,,
15808,United Kingdom,Door Mat Fairy Cake,48185,489644,2009-01-12 16:30:00,6,6.75,27,,,
15808,United Kingdom,Tea Time Tea Towels ,47556B,489644,2009-01-12 16:30:00,10,2.95,27,,,
15808,United Kingdom,Edwardian Parasol Natural,15056N,489644,2009-01-12 16:30:00,12,5.95,27,,,
15808,United Kingdom,Vintage Union Jack Bunting,21621,489644,2009-01-12 16:30:00,7,8.5,27,,,
15808,United Kingdom,Brown Check Cat Doorstop ,21407,489644,2009-01-12 16:30:00,5,4.25,21.25,,,
15808,United Kingdom,Cream Heart Card Holder,22189,489644,2009-01-12 16:30:00,27,3.39,27,,,
15808,United Kingdom,Wooden Frame Antique White ,82494L,489644,2009-01-12 16:30:00,12,2.95,27,,,
15808,United Kingdom,Wooden Picture Frame White Finish,82482,489644,2009-01-12 16:30:00,12,2.55,27,,,
15808,United Kingdom,Jumbo Bag Red White Spotty ,85099B,489644,2009-01-12 16:30:00,27,1.95,27,,,
15808,United Kingdom,Jumbo  Bag Baroque Black White,85099C,489644,2009-01-12 16:30:00,20,1.95,27,,,
15808,United Kingdom,"Charlotte Bag , Pink/White Spots",22356,489644,2009-01-12 16:30:00,20,0.85,17,,,
15808,United Kingdom,Red Spotty Charlotte Bag,20724,489644,2009-01-12 16:30:00,20,0.85,17,,,
15808,United Kingdom,Strawberry Charlotte Bag,20723,489644,2009-01-12 16:30:00,20,0.85,17,,,
15808,United Kingdom,Cosy Hour Cigar Box Matches ,21591,489644,2009-01-12 16:30:00,2,1.25,2.5,,,
17191,United Kingdom,Red Spotty Coir Doormat,20685,489645,2009-01-12 16:34:00,2,6.75,13.5,,,
17191,United Kingdom,Spotty  Home Sweet Home Doormat,21524,489645,2009-01-12 16:34:00,2,6.75,13.5,,,
17191,United Kingdom,Union Jack Guns & Roses  Doormat,21955,489645,2009-01-12 16:34:00,2,6.75,13.5,,,
17191,United Kingdom,Door Mat English Rose ,48184,489645,2009-01-12 16:34:00,2,6.75,13.5,,,
17191,United Kingdom,Door Mat New England,48187,489645,2009-01-12 16:34:00,1,6.75,6.75,,,
17191,United Kingdom,Door Mat Welcome Puppies,48188,489645,2009-01-12 16:34:00,3,6.75,20.25,,,
17191,United Kingdom,Frying Pan Union Flag,22207,489645,2009-01-12 16:34:00,3,4.25,12.75,,,
17191,United Kingdom,Pink Small Glass Cake Stand,84750A,489645,2009-01-12 16:34:00,4,1.95,7.8,,,
17191,United Kingdom,Set Of 36 Teatime Paper Doilies,84987,489645,2009-01-12 16:34:00,3,1.45,4.35,,,
17191,United Kingdom,Tea Time Tea Towels ,47556B,489645,2009-01-12 16:34:00,3,2.95,8.85,,,
17191,United Kingdom,Fairy Cake Candles,72756,489645,2009-01-12 16:34:00,9,1.49,13.41,,,
17191,United Kingdom,Vintage Union Jack Bunting,21621,489645,2009-01-12 16:34:00,1,8.5,8.5,,,
17191,United Kingdom,Set Of 3 Coney Island Oval Boxes,85008,489645,2009-01-12 16:34:00,2,4.95,9.9,,,
17191,United Kingdom,S/4 Valentine Decoupage Heart Box,85184C,489645,2009-01-12 16:34:00,1,2.95,2.95,,,
17191,United Kingdom,Pink Oval Jewelled Mirror,84709B,489645,2009-01-12 16:34:00,3,5.95,17.85,,,
17191,United Kingdom,Blue Victorian Fabric Oval Box,35095A,489645,2009-01-12 16:34:00,12,0.42,5.04,,,
17191,United Kingdom,Hot Baths Metal Sign,82583,489645,2009-01-12 16:34:00,2,2.1,4.2,,,
17191,United Kingdom,Bathroom Metal Sign,82580,489645,2009-01-12 16:34:00,1,0.55,0.55,,,
17191,United Kingdom,Kitchen Metal Sign,82578,489645,2009-01-12 16:34:00,1,0.55,0.55,,,
17191,United Kingdom,Toilet Metal Sign,82581,489645,2009-01-12 16:34:00,1,0.55,0.55,,,
17191,United Kingdom,Silver Photo Frame,20830,489645,2009-01-12 16:34:00,3,2.1,6.3,,,
17191,United Kingdom,Red Victorian Fabric Oval Box,35095B,489645,2009-01-12 16:34:00,12,0.42,5.04,,,
17191,United Kingdom,Gold Photo Frame,20831,489645,2009-01-12 16:34:00,3,2.1,6.3,,,
17191,United Kingdom,Corona Mexican Tray,79067,489645,2009-01-12 16:34:00,3,3.75,11.25,,,
17191,United Kingdom,Fairy Cakes Round Nesting Boxes,84533B,489645,2009-01-12 16:34:00,2,5.95,11.9,,,
17191,United Kingdom,Metal 4 Hook Hanger French Chateau,22173,489645,2009-01-12 16:34:00,4,2.95,11.8,,,
17191,United Kingdom,Enchanted Bird Coathanger 5 Hook,84792,489645,2009-01-12 16:34:00,1,4.65,4.65,,,
17191,United Kingdom,White Hanging Heart T-Light Holder,85123A,489645,2009-01-12 16:34:00,2,2.95,5.9,,,
17191,United Kingdom,Salle De Bain Hook,21272,489645,2009-01-12 16:34:00,2,1.25,2.5,,,
17191,United Kingdom,Home Sweet Home Metal Sign ,21164,489645,2009-01-12 16:34:00,3,2.95,8.85,,,
17191,United Kingdom,Laundry 15C Metal Sign,82551,489645,2009-01-12 16:34:00,2,1.25,2.5,,,
17191,United Kingdom,Cream Cupid Hearts Coat Hanger,84406B,489645,2009-01-12 16:34:00,2,3.25,6.5,,,
13748,United Kingdom,Set Of Three 50'S Gift Wraps ,21490,489650,2009-01-12 16:44:00,20,1.95,27,,,
13748,United Kingdom,Paper Chain Kit 50'S Christmas ,22086,489650,2009-01-12 16:44:00,12,2.95,27,,,
13748,United Kingdom,Heart Filigree Dove  Small,22294,489650,2009-01-12 16:44:00,24,1.25,27,,,
13748,United Kingdom,Four Hook  White Lovebirds,22212,489650,2009-01-12 16:44:00,6,2.1,12.6,,,
13748,United Kingdom,Heart Filigree Dove Large,22295,489650,2009-01-12 16:44:00,12,1.65,19.8,,,
13748,United Kingdom,Candle Plate Lace White,22214,489650,2009-01-12 16:44:00,6,2.55,15.3,,,
13748,United Kingdom,Hand Over The Chocolate   Sign ,85152,489650,2009-01-12 16:44:00,10,2.1,21,,,
15265,United Kingdom,Red Star Card Holder,22186,489652,2009-01-12 17:08:00,6,2.95,17.7,,,
15265,United Kingdom,Ivy Heart Wreath,21349,489652,2009-01-12 17:08:00,2,6.75,13.5,,,
15265,United Kingdom,S/4 Valentine Decoupage Heart Box,85184C,489652,2009-01-12 17:08:00,6,2.95,17.7,,,
15265,United Kingdom,Fairy Cake Flannel Assorted Colour,21108,489652,2009-01-12 17:08:00,9,2.55,22.95,,,
15265,United Kingdom,Ceramic Strawberry Money Box,21556,489652,2009-01-12 17:08:00,6,2.55,15.3,,,
15265,United Kingdom,Christmas Pudding Trinket Pot ,22065,489652,2009-01-12 17:08:00,12,1.45,17.4,,,
15265,United Kingdom,Retro Spot Tea Set Ceramic 11 Pc ,22139,489652,2009-01-12 17:08:00,3,4.95,14.85,,,
15265,United Kingdom,"Swiss Roll Towel, Pink  Spots",21112,489652,2009-01-12 17:08:00,6,2.95,17.7,,,
15265,United Kingdom,"Swiss Roll Towel, Chocolate  Spots",21111,489652,2009-01-12 17:08:00,6,2.95,17.7,,,
15265,United Kingdom,Tea Time Mug In Gift Box,37502,489652,2009-01-12 17:08:00,6,2.95,17.7,,,
15265,United Kingdom,Set/4 Pink Orchid Candles In Bowl,85041,489652,2009-01-12 17:08:00,12,1.65,19.8,,,
15265,United Kingdom,3 Gardenia Morris Boxed Candles,85034A,489652,2009-01-12 17:08:00,4,4.25,17,,,
15265,United Kingdom,Set/3 Rose Candle In Jewelled Box,72807A,489652,2009-01-12 17:08:00,4,4.25,17,,,
15265,United Kingdom,Assorted Tutti Frutti  Fob Notebook,21640,489652,2009-01-12 17:08:00,24,0.85,20.4,,,
15265,United Kingdom,Assorted Tutti Frutti Pen,21642,489652,2009-01-12 17:08:00,24,0.85,20.4,,,
15265,United Kingdom,Painted Metal Pears Assorted,21136,489652,2009-01-12 17:08:00,8,1.69,13.52,,,
15265,United Kingdom,Assorted Colour Bird Ornament,84879,489652,2009-01-12 17:08:00,8,1.69,13.52,,,
15750,United Kingdom,Jumbo Bag Owls,20713,489654,2009-01-12 17:19:00,3,1.95,5.85,,,
15750,United Kingdom,Jumbo Storage Bag Suki,21931,489654,2009-01-12 17:19:00,3,1.95,5.85,,,
15750,United Kingdom,Jumbo Bag Strawberry,85099F,489654,2009-01-12 17:19:00,3,1.95,5.85,,,
15750,United Kingdom,Party Food Shopper Bag,20716,489654,2009-01-12 17:19:00,3,1.25,3.75,,,
15750,United Kingdom,Strawberry Candy Bag,20730,489654,2009-01-12 17:19:00,3,1.25,3.75,,,
15750,United Kingdom,Red Spotty Candy Bag,20729,489654,2009-01-12 17:19:00,3,1.25,3.75,,,
15750,United Kingdom,Please One Person  Metal Sign,21181,489654,2009-01-12 17:19:00,7,2.1,14.7,,,
15750,United Kingdom,"Diamante Heart Shaped Wall Mirror, ",22165,489654,2009-01-12 17:19:00,1,12.75,12.75,,,
15750,United Kingdom,"Wall Mirror , Diamante Oval Shape",22167,489654,2009-01-12 17:19:00,1,9.95,9.95,,,
15750,United Kingdom,Spots Design Mug W Pink Inside,37343,489654,2009-01-12 17:19:00,12,1.65,19.8,,,
15750,United Kingdom,Retro Spot Small Milk Jug,21535,489654,2009-01-12 17:19:00,2,2.55,5.1,,,
15750,United Kingdom,Retro Spot Traditional Teapot ,21527,489654,2009-01-12 17:19:00,2,7.95,15.9,,,
15750,United Kingdom,Pack Of 12 Pink Spot Tissues ,21986,489654,2009-01-12 17:19:00,6,0.29,1.74,,,
15750,United Kingdom,Pack Of 12 Red Spotty Tissues ,21980,489654,2009-01-12 17:19:00,6,0.29,1.74,,,
15750,United Kingdom,Full English Breakfast Plate,22109,489654,2009-01-12 17:19:00,2,3.75,7.5,,,
15750,United Kingdom,Wooden Frame Antique White ,82494L,489654,2009-01-12 17:19:00,6,2.95,17.7,,,
15750,United Kingdom,Sweetheart Key Cabinet,84839,489654,2009-01-12 17:19:00,1,6.75,6.75,,,
15750,United Kingdom,Camoflage Design Teddy,84508A,489654,2009-01-12 17:19:00,2,2.55,5.1,,,
15750,United Kingdom,Japanese Crocheted Animal,84670,489654,2009-01-12 17:19:00,12,0.42,5.04,,,
15750,United Kingdom,Retro Spot Tea Set Ceramic 11 Pc ,22139,489654,2009-01-12 17:19:00,2,4.95,9.9,,,
15750,United Kingdom,Pack Of 72 Retro Spot Cake Cases,21212,489654,2009-01-12 17:19:00,6,0.55,3.3,,,
15750,United Kingdom,Jigsaw Tree With Birdhouse,22231,489654,2009-01-12 17:19:00,4,1.45,5.8,,,
15750,United Kingdom,Mini Funky Design Tapes,10125,489654,2009-01-12 17:19:00,4,0.85,3.4,,,
15750,United Kingdom,Space Frog,21025,489654,2009-01-12 17:19:00,2,1.25,2.5,,,
15750,United Kingdom,Space Cadet Black,21031,489654,2009-01-12 17:19:00,4,1.25,5,,,
15750,United Kingdom,Hi Tec Alpine Hand Warmer,70007,489654,2009-01-12 17:19:00,4,1.65,6.6,,,
15750,United Kingdom,Union Jack Hot Water Bottle ,22125,489654,2009-01-12 17:19:00,2,5.95,11.9,,,
15750,United Kingdom,Box Of 9 Pebble Candles,20886,489654,2009-01-12 17:19:00,3,1.95,5.85,,,
15750,United Kingdom,Kings Choice Giant Tube Matches,21586,489654,2009-01-12 17:19:00,3,2.55,7.65,,,
15750,United Kingdom,Swallow Giant Tube Matches,21589,489654,2009-01-12 17:19:00,3,2.55,7.65,,,
17428,United Kingdom,Abstract Circle Journal ,20770,489656,2009-01-12 17:28:00,18,2.55,27,,,
17428,United Kingdom,Frying Pan Red Polkadot ,22199,489656,2009-01-12 17:28:00,8,4.25,27,,,
17428,United Kingdom,Empire Birthday Card,22023,489656,2009-01-12 17:28:00,12,0.42,5.04,,,
17428,United Kingdom,Colour Glass. Star T-Light Holder,71477,489656,2009-01-12 17:28:00,24,2.75,27,,,
17428,United Kingdom,"Dog Bowl , Chasing Ball Design",22349,489657,2009-01-12 17:28:00,4,3.75,15,,,
17428,United Kingdom,Cat Bowl ,22350,489657,2009-01-12 17:28:00,4,2.55,10.2,,,
17428,United Kingdom,Heart Filigree Dove  Small,22294,489657,2009-01-12 17:28:00,24,1.25,27,,,
17428,United Kingdom,Wrap Winter Forest,16169D,489656,2009-01-12 17:28:00,25,0.42,10.5,,,
17428,United Kingdom,15Cm Christmas Glass Ball 20 Lights,85048,489656,2009-01-12 17:28:00,12,6.95,27,,,
17428,United Kingdom,Red Hanging Metal Star Tlight Hldr,21732,489656,2009-01-12 17:28:00,16,3.39,27,,,
17428,United Kingdom,White Hanging Heart T-Light Holder,85123A,489656,2009-01-12 17:28:00,27,2.55,27,,,
17428,United Kingdom,Painted Metal Pears Assorted,21136,489656,2009-01-12 17:28:00,24,1.69,27,,,
17428,United Kingdom,Assorted Colour Bird Ornament,84879,489656,2009-01-12 17:28:00,24,1.69,27,,,
17428,United Kingdom,Pink Cherry Lights,79323P,489656,2009-01-12 17:28:00,27,5.45,27,,,
17428,United Kingdom, White Cherry Lights,79323W,489656,2009-01-12 17:28:00,27,5.45,27,,,
17428,United Kingdom,Charlie And Lola Charlotte Bag,21100,489656,2009-01-12 17:28:00,20,1.65,27,,,
17428,United Kingdom,Mummy Mouse Red Gingham Ribbon,21839,489656,2009-01-12 17:28:00,6,5.45,27,,,
17428,United Kingdom,Baby Mouse Red Gingham Dress,21841,489656,2009-01-12 17:28:00,6,4.25,25.5,,,
17428,United Kingdom,Chrysanthemum Notebook,20777,489656,2009-01-12 17:28:00,12,1.65,19.8,,,
17428,United Kingdom,Chrysanthemum  Journal,20771,489656,2009-01-12 17:28:00,12,2.55,27,,,
17428,United Kingdom,Blue Paisley Journal ,20767,489656,2009-01-12 17:28:00,6,2.55,15.3,,,
17428,United Kingdom,Blue Paisley Notebook,20773,489656,2009-01-12 17:28:00,6,1.65,9.9,,,
17428,United Kingdom,Green Fern Notebook,20774,489656,2009-01-12 17:28:00,12,1.65,19.8,,,
17428,United Kingdom,Abstract Circles Notebook,20776,489656,2009-01-12 17:28:00,12,1.65,19.8,,,
17428,United Kingdom,Green Fern Journal ,20768,489656,2009-01-12 17:28:00,18,2.55,27,,,
15485,United Kingdom,Blue Spots  Wrap,21499,489658,2009-01-12 17:31:00,25,0.42,10.5,,,
15485,United Kingdom,Red Spots  Wrap ,21498,489658,2009-01-12 17:31:00,27,0.42,21,,,
15485,United Kingdom,Edwardian Parasol Black,15056BL,489658,2009-01-12 17:31:00,12,5.95,27,,,
15485,United Kingdom,Edwardian Parasol Red,20679,489658,2009-01-12 17:31:00,12,5.95,27,,,
15485,United Kingdom,Edwardian Parasol Natural,15056N,489658,2009-01-12 17:31:00,12,5.95,27,,,
15485,United Kingdom,Frosted Box 9 White T-Light Candles,72008,489658,2009-01-12 17:31:00,12,0.42,5.04,,,
15485,United Kingdom,Box Of 9 Pebble Candles,20886,489658,2009-01-12 17:31:00,24,1.95,27,,,
15485,United Kingdom,Red Diner Wall Clock,22193,489658,2009-01-12 17:31:00,4,8.5,27,,,
15485,United Kingdom,Eau De Nil Diner Wall Clock,22191,489658,2009-01-12 17:31:00,3,8.5,25.5,,,
15485,United Kingdom,Wooden Frame Antique White ,82494L,489658,2009-01-12 17:31:00,6,2.95,17.7,,,
15485,United Kingdom,Blue Diner Wall Clock,22192,489658,2009-01-12 17:31:00,2,8.5,17,,,
15485,United Kingdom,Metal Sign Empire Tea,22115,489658,2009-01-12 17:31:00,12,2.95,27,,,
15485,United Kingdom,Bombs Away Metal Sign,82597,489658,2009-01-12 17:31:00,12,2.1,25.2,,,
15485,United Kingdom,Vintage Snakes & Ladders,21912,489658,2009-01-12 17:31:00,9,3.75,27,,,
15485,United Kingdom,Bingo Set,21888,489658,2009-01-12 17:31:00,9,3.75,27,,,
15485,United Kingdom,Pink Cherry Lights,79323P,489658,2009-01-12 17:31:00,6,6.75,27,,,
15485,United Kingdom, White Cherry Lights,79323W,489658,2009-01-12 17:31:00,6,6.75,27,,,
15485,United Kingdom, Silver Cherry Lights,79323S,489658,2009-01-12 17:31:00,6,6.75,27,,,
15485,United Kingdom,Light Pink Cherry Lights,79323LP,489658,2009-01-12 17:31:00,6,6.75,27,,,
15485,United Kingdom,White Beaded Garland String 20Light,85047,489658,2009-01-12 17:31:00,15,6.35,27,,,
15485,United Kingdom,Black Diner Wall Clock,22194,489658,2009-01-12 17:31:00,6,8.5,27,,,
17246,United Kingdom,Chinese Dragon Paper Lanterns,40016,489661,2009-01-12 17:45:00,24,0.42,10.08,,,
17246,United Kingdom,Blue Paper Parasol ,15044B,489661,2009-01-12 17:45:00,1,2.95,2.95,,,
17246,United Kingdom,Red Paper Parasol,15044D,489661,2009-01-12 17:45:00,2,2.95,5.9,,,
17246,United Kingdom,Assorted Colours Silk Fan,15036,489661,2009-01-12 17:45:00,7,0.65,4.55,,,
15485,United Kingdom,Paper Chain Kit 50'S Christmas ,22086,489662,2009-01-12 17:50:00,25,2.95,27,,,
14061,United Kingdom,Set 3 Wicker Log Baskets,21737,489664,2009-01-12 18:03:00,1,19.95,19.95,,,
14061,United Kingdom,Rhombus Crystal Perfume Bottle,84814B,489664,2009-01-12 18:03:00,4,1.95,7.8,,,
14061,United Kingdom,Pink Cherry Lights,79323P,489664,2009-01-12 18:03:00,5,6.75,27,,,
14061,United Kingdom,Willow Branch Lights.,79341,489664,2009-01-12 18:03:00,5,6.75,27,,,
14061,United Kingdom,Green Cherry Lights,79323GR,489664,2009-01-12 18:03:00,2,6.75,13.5,,,
14061,United Kingdom, White Cherry Lights,79323W,489664,2009-01-12 18:03:00,2,6.75,13.5,,,
14061,United Kingdom,Black Cherry Lights,79323B,489664,2009-01-12 18:03:00,4,6.75,27,,,
14061,United Kingdom,Gold  Cherry Lights,79323G,489664,2009-01-12 18:03:00,5,6.75,27,,,
14061,United Kingdom, Silver Cherry Lights,79323S,489664,2009-01-12 18:03:00,5,6.75,27,,,
14061,United Kingdom,Table Lamp White Shade Wood Base,84360,489664,2009-01-12 18:03:00,12,4.65,27,,,
14061,United Kingdom,Floor Lamp Shade Wood Base,84358,489664,2009-01-12 18:03:00,12,8.49,27,,,
14108,United Kingdom,Mirror Mosaic Votive Holder,22101,489665,2009-01-12 18:07:00,27,1.85,27,,,
14108,United Kingdom,Christmas Pudding Trinket Pot ,22065,489665,2009-01-12 18:07:00,12,1.45,17.4,,,
14108,United Kingdom,"Dog Bowl , Chasing Ball Design",22349,489665,2009-01-12 18:07:00,6,3.75,22.5,,,
14108,United Kingdom,Cat Bowl ,22350,489665,2009-01-12 18:07:00,6,2.55,15.3,,,
14108,United Kingdom,Opulent Velvet Candle In Box,20870,489665,2009-01-12 18:07:00,18,1.25,22.5,,,
14108,United Kingdom,Red Charlie+Lola Personal Doorsign,85071B,489665,2009-01-12 18:07:00,6,2.95,17.7,,,
14108,United Kingdom,Blue Charlie+Lola Personal Doorsign,85071A,489665,2009-01-12 18:07:00,6,2.95,17.7,,,
14108,United Kingdom,Christmas Craft White Fairy ,22142,489665,2009-01-12 18:07:00,12,1.45,17.4,,,
14108,United Kingdom,White Hanging Heart T-Light Holder,85123A,489665,2009-01-12 18:07:00,12,2.95,27,,,
14108,United Kingdom,S/4 Cacti Candles,85174,489665,2009-01-12 18:07:00,4,4.95,19.8,,,
13648,United Kingdom,Angel Decoration Painted Zinc ,22337,489666,2009-01-12 18:13:00,24,0.65,15.6,,,
13648,United Kingdom,Pink Flower Fabric Pony,84920,489666,2009-01-12 18:13:00,4,3.75,15,,,
13648,United Kingdom,Red Spotty Purse ,20665,489666,2009-01-12 18:13:00,6,2.95,17.7,,,
13648,United Kingdom,Eight Piece Dinosaur Set,21826,489666,2009-01-12 18:13:00,12,1.25,15,,,
13648,United Kingdom,Christmas Hanging Heart With Bell,21811,489666,2009-01-12 18:13:00,12,1.25,15,,,
13648,United Kingdom,White Christmas Tree Decoration ,21805,489666,2009-01-12 18:13:00,27,0.42,15.12,,,
13648,United Kingdom,White Christmas Heart Decoration,21806,489666,2009-01-12 18:13:00,27,0.42,15.12,,,
13648,United Kingdom,Gingham Heart  Doorstop Red,21411,489666,2009-01-12 18:13:00,3,4.25,12.75,,,
13648,United Kingdom,Zinc Willie Winkie  Candle Stick,84832,489666,2009-01-12 18:13:00,12,0.85,10.2,,,
13648,United Kingdom,Hot Water Bottle Tea And Sympathy,22114,489666,2009-01-12 18:13:00,4,3.95,15.8,,,
13648,United Kingdom,Small Retro Spot Mug In Box  White,22071,489666,2009-01-12 18:13:00,6,3.75,22.5,,,
13648,United Kingdom,Red Spotty Shopping Bag,21039,489666,2009-01-12 18:13:00,6,2.55,15.3,,,
13648,United Kingdom,Retro Red Spotty Washing Up Gloves,20754,489666,2009-01-12 18:13:00,6,2.1,12.6,,,
13648,United Kingdom,Heart Ivory Trellis Small,22297,489666,2009-01-12 18:13:00,24,1.25,27,,,
13648,United Kingdom,White Hanging Heart T-Light Holder,85123A,489666,2009-01-12 18:13:00,12,2.95,27,,,
16563,United Kingdom,Painted Bird Assorted Christmas,21133,489667,2009-01-12 18:35:00,12,1.69,20.28,,,
16563,United Kingdom,Assorted Colour Bird Ornament,84879,489667,2009-01-12 18:35:00,24,1.69,27,,,
16563,United Kingdom,Wrap Pink Fairy Cakes ,16156S,489667,2009-01-12 18:35:00,25,0.42,10.5,,,
16563,United Kingdom,Chrysanthemum Sketchbook ,20765,489667,2009-01-12 18:35:00,27,2.95,27,,,
16563,United Kingdom,Vinyl Record Frame Silver,82001S,489667,2009-01-12 18:35:00,24,3.39,27,,,
16563,United Kingdom,Black Record Cover Frame,21137,489667,2009-01-12 18:35:00,24,3.39,27,,,
16563,United Kingdom,"Garland, Magic Garden 1.8M",22246,489667,2009-01-12 18:35:00,12,1.95,23.4,,,
16563,United Kingdom,Green Christmas Tree Card Holder,22187,489667,2009-01-12 18:35:00,24,3.75,27,,,
16563,United Kingdom,White Hanging Heart T-Light Holder,85123A,489667,2009-01-12 18:35:00,27,2.55,27,,,
16563,United Kingdom,Antique Silver Tea Glass Etched,84946,489667,2009-01-12 18:35:00,12,1.25,15,,,
16701,United Kingdom, Vintage Design Gift Tags,21493,489668,2009-01-12 19:19:00,24,0.85,20.4,,,
16701,United Kingdom, Red/White Dot Mini Cases,20750,489668,2009-01-12 19:19:00,12,6.35,27,,,
16701,United Kingdom,Potting Shed Tea Mug,21868,489668,2009-01-12 19:19:00,24,1.25,27,,,
16701,United Kingdom,Blue Diner Wall Clock,22192,489668,2009-01-12 19:19:00,2,8.5,17,,,
16701,United Kingdom,Red Diner Wall Clock,22193,489668,2009-01-12 19:19:00,4,8.5,27,,,
16701,United Kingdom,White Skull Hot Water Bottle ,21479,489668,2009-01-12 19:19:00,12,3.75,27,,,
16701,United Kingdom,Set Of Three 50'S Gift Wraps ,21490,489668,2009-01-12 19:19:00,27,1.65,27,,,
16701,United Kingdom,Home Sweet Home Mug,21877,489668,2009-01-12 19:19:00,27,1.06,27,,,
12842,United Kingdom,Red Hanging Heart T-Light Holder,21733,489669,2009-02-12 08:15:00,24,2.95,27,,,
12842,United Kingdom,Hanging Heart Zinc T-Light Holder,84970S,489669,2009-02-12 08:15:00,24,0.85,20.4,,,
12842,United Kingdom,Paper Chain Kit 50'S Christmas ,22086,489669,2009-02-12 08:15:00,27,2.55,27,,,
14302,United Kingdom,Retro Spot Traditional Teapot ,21527,489670,2009-02-12 08:16:00,4,7.95,27,,,
14302,United Kingdom,Hot Water Bottle Tea And Sympathy,22114,489670,2009-02-12 08:16:00,24,3.45,27,,,
14135,United Kingdom,Afghan Slipper Sock Pair,51008,489671,2009-02-12 08:58:00,27,3.45,27,,,
14135,United Kingdom,Chick Grey Hot Water Bottle,21484,489671,2009-02-12 08:58:00,27,2.95,27,,,
14135,United Kingdom,Pack Of 72 Retro Spot Cake Cases,21212,489671,2009-02-12 08:58:00,27,0.42,27,,,
14135,United Kingdom,Pack Of 60 Dinosaur Cake Cases,21975,489671,2009-02-12 08:58:00,27,0.42,27,,,
14135,United Kingdom,Pack Of 60 Pink Paisley Cake Cases,21977,489671,2009-02-12 08:58:00,27,0.42,27,,,
14135,United Kingdom,72 Sweetheart Fairy Cake Cases,84992,489671,2009-02-12 08:58:00,27,0.42,27,,,
14135,United Kingdom,Butterfly Water Transfer Tattoos ,21543,489671,2009-02-12 08:58:00,27,0.65,27,,,
14135,United Kingdom,Dinosaurs Water Transfer Tattoos ,21541,489671,2009-02-12 08:58:00,27,0.65,27,,,
14831,United Kingdom,Red Spotty Bowl,20676,489672,2009-02-12 09:21:00,16,1.25,20,,,
14831,United Kingdom,Green Spotty Cup,21241,489672,2009-02-12 09:21:00,16,0.85,13.6,,,
14831,United Kingdom,Red Spotty Cup,21238,489672,2009-02-12 09:21:00,16,0.85,13.6,,,
14831,United Kingdom,Red Spot Heart Hot Water Bottle,21485,489672,2009-02-12 09:21:00,6,4.95,27,,,
14831,United Kingdom,Red 3 Piece Mini Dots Cutlery Set,84997B,489672,2009-02-12 09:21:00,6,3.75,22.5,,,
14831,United Kingdom,Green 3 Piece Mini Dots Cutlery Set,84997A,489672,2009-02-12 09:21:00,6,3.75,22.5,,,
14831,United Kingdom,Pack Of 60 Dinosaur Cake Cases,21975,489672,2009-02-12 09:21:00,24,0.55,13.2,,,
14831,United Kingdom,Baking Set 9 Piece Retrospot ,22138,489672,2009-02-12 09:21:00,3,4.95,14.85,,,
14831,United Kingdom,Red Spotty Egg Cup ,21396,489672,2009-02-12 09:21:00,12,1.25,15,,,
14831,United Kingdom,Set/6 Red Spotty Paper Cups,21086,489672,2009-02-12 09:21:00,12,0.65,7.8,,,
14831,United Kingdom,Set/6 Red Spotty Paper Plates,21094,489672,2009-02-12 09:21:00,12,0.85,10.2,,,
14831,United Kingdom,Retro Spot Cake Stand,21843,489672,2009-02-12 09:21:00,6,10.95,27,,,
14831,United Kingdom,Retro Spots Butter Dish,21539,489672,2009-02-12 09:21:00,3,4.95,14.85,,,
14831,United Kingdom,Retro Spot Small Milk Jug,21535,489672,2009-02-12 09:21:00,6,2.55,15.3,,,
14831,United Kingdom,Retro Spot Traditional Teapot ,21527,489672,2009-02-12 09:21:00,4,7.95,27,,,
14831,United Kingdom,Red Spotty Biscuit Tin,21218,489672,2009-02-12 09:21:00,6,3.75,22.5,,,
14831,United Kingdom,Red Spotty Round Cake Tins,21217,489672,2009-02-12 09:21:00,4,9.95,27,,,
14831,United Kingdom,"Set 3 Red Spot Tin Tea,Coffee,Sugar",21216,489672,2009-02-12 09:21:00,4,4.95,19.8,,,
14831,United Kingdom,Pack Of 72 Retro Spot Cake Cases,21212,489672,2009-02-12 09:21:00,27,0.55,26.4,,,
14831,United Kingdom,Set/5 Blue Spotty Lid Glass Bowls,20913,489672,2009-02-12 09:21:00,6,2.95,17.7,,,
14831,United Kingdom,Set/5 Red Spotty Lid Glass Bowls,20914,489672,2009-02-12 09:21:00,6,2.95,17.7,,,
14831,United Kingdom,Pink Fairy Cake Child'S Apron,47591D,489672,2009-02-12 09:21:00,8,1.95,15.6,,,
14831,United Kingdom,72 Sweetheart Fairy Cake Cases,84992,489672,2009-02-12 09:21:00,24,0.55,13.2,,,
14831,United Kingdom,Pack Of 60 Pink Paisley Cake Cases,21977,489672,2009-02-12 09:21:00,24,0.55,13.2,,,
14831,United Kingdom,Cream Slice Flannel Pink Spot ,21107,489672,2009-02-12 09:21:00,12,2.95,27,,,
14831,United Kingdom,Teatime Cake Tin With Handle,79072,489672,2009-02-12 09:21:00,4,9.95,27,,,
14831,United Kingdom,Set Of 4 Fairy Cakes Coasters ,84510B,489672,2009-02-12 09:21:00,10,1.25,12.5,,,
14831,United Kingdom,Fairy Cake Placemats,84509B,489672,2009-02-12 09:21:00,4,3.75,15,,,
14831,United Kingdom,60 Teatime Fairy Cake Cases,84991,489672,2009-02-12 09:21:00,27,0.55,27,,,
14831,United Kingdom,Set Of 36 Teatime Paper Doilies,84987,489672,2009-02-12 09:21:00,24,1.45,27,,,
14831,United Kingdom,Tea Time Cake Stand In Gift Box,37503,489672,2009-02-12 09:21:00,8,10.75,27,,,
14831,United Kingdom,Grand Chocolatecandle,72741,489672,2009-02-12 09:21:00,9,1.45,13.05,,,
14831,United Kingdom,Heart Measuring Spoons Large,22195,489673,2009-02-12 09:23:00,12,1.65,19.8,,,
14831,United Kingdom,Glass  Beurre Dish,21658,489673,2009-02-12 09:23:00,4,3.95,15.8,,,
14831,United Kingdom,"Popcorn Holder , Small ",22197,489673,2009-02-12 09:23:00,12,0.85,10.2,,,
14831,United Kingdom,Retro Spot Sugar Jam Bowl,21531,489673,2009-02-12 09:23:00,6,2.55,15.3,,,
15602,United Kingdom,Dove Decoration Painted Zinc ,22336,489674,2009-02-12 09:35:00,24,0.65,15.6,,,
15602,United Kingdom,Christmas Tree Painted Zinc ,22339,489674,2009-02-12 09:35:00,24,0.65,15.6,,,
15602,United Kingdom,Star Decoration Painted Zinc ,22338,489674,2009-02-12 09:35:00,24,0.65,15.6,,,
15602,United Kingdom,Heart Decoration Painted Zinc ,22335,489674,2009-02-12 09:35:00,24,0.65,15.6,,,
15602,United Kingdom,Christmas Hanging Heart With Bell,21811,489674,2009-02-12 09:35:00,12,1.25,15,,,
15602,United Kingdom,Christmas Hanging Tree With Bell,21809,489674,2009-02-12 09:35:00,12,1.25,15,,,
15602,United Kingdom,Christmas Hanging Star With Bell,21810,489674,2009-02-12 09:35:00,12,1.25,15,,,
15602,United Kingdom,Cinammon & Orange Wreath,21351,489674,2009-02-12 09:35:00,6,6.75,27,,,
15602,United Kingdom,Ivy Heart Wreath,21349,489674,2009-02-12 09:35:00,2,6.75,13.5,,,
15602,United Kingdom,Angel Decoration Stars On Dress,22153,489674,2009-02-12 09:35:00,27,0.42,20.16,,,
15602,United Kingdom,S/3 Tear Drop Cut Glass Decoration,85112,489674,2009-02-12 09:35:00,12,1.25,15,,,
15602,United Kingdom,Zinc Willie Winkie  Candle Stick,84832,489674,2009-02-12 09:35:00,12,0.85,10.2,,,
15602,United Kingdom,Hanging Heart Zinc T-Light Holder,84970S,489674,2009-02-12 09:35:00,12,0.85,10.2,,,
15602,United Kingdom,White Hanging Heart T-Light Holder,85123A,489674,2009-02-12 09:35:00,6,2.95,17.7,,,
15602,United Kingdom,Victorian Glass Hanging T-Light,22178,489674,2009-02-12 09:35:00,12,1.25,15,,,
15602,United Kingdom,Multicolour Glass Plate,79534,489674,2009-02-12 09:35:00,12,0.55,6.6,,,
15602,United Kingdom,Wooden Christmas Tree 3 Hanging,35594,489674,2009-02-12 09:35:00,12,0.42,5.04,,,
13777,United Kingdom,Pink Heart Candy Button Calculator,21842,489675,2009-02-12 09:47:00,27,2.1,27,,,
13777,United Kingdom,Edwardian Parasol Black,15056BL,489675,2009-02-12 09:47:00,27,4.6,27,,,
13777,United Kingdom,Union Jack Flag Passport Cover ,21864,489675,2009-02-12 09:47:00,27,1.69,27,,,
13777,United Kingdom,Pink Heart Shape Egg Frying Pan,84050,489675,2009-02-12 09:47:00,27,1.25,27,,,
13777,United Kingdom,Red Woolly Hottie White Heart.,84029E,489675,2009-02-12 09:47:00,27,2.95,27,,,
13777,United Kingdom,Pink Blue Felt Craft Trinket Box,20971,489675,2009-02-12 09:47:00,27,1.06,27,,,
13777,United Kingdom,Pink Marshmallow Scarf Knitting Kit,82615,489675,2009-02-12 09:47:00,27,2.55,27,,,
13777,United Kingdom,Edwardian Parasol Red,20679,489675,2009-02-12 09:47:00,27,4.6,27,,,
13777,United Kingdom,Toast Its - Best Mum,21354,489675,2009-02-12 09:47:00,12,1.05,12.6,,,
13777,United Kingdom,Lads Only Tissue Box,22095,489675,2009-02-12 09:47:00,27,1.25,27,,,
13777,United Kingdom,Red Organic Candle In Glass,72023F,489675,2009-02-12 09:47:00,27,0.85,27,,,
13777,United Kingdom,6 Chocolate Love Heart T-Lights,85038,489675,2009-02-12 09:47:00,27,1.69,27,,,
13777,United Kingdom,Set/3 Pot Plant Candles,20934,489675,2009-02-12 09:47:00,16,4.95,27,,,
13777,United Kingdom,Cream Slice Flannel Pink Spot ,21107,489675,2009-02-12 09:47:00,27,2.55,27,,,
13777,United Kingdom,Jumbo Bag Red White Spotty ,85099B,489675,2009-02-12 09:47:00,27,1.65,27,,,
13777,United Kingdom,White Hanging Heart T-Light Holder,85123A,489675,2009-02-12 09:47:00,27,2.55,27,,,
13777,United Kingdom,Lunch Bag  Black Skull.,20727,489675,2009-02-12 09:47:00,27,1.45,27,,,
13777,United Kingdom,"Record Frame 7"" Single Size ",22041,489675,2009-02-12 09:47:00,27,2.1,27,,,
13777,United Kingdom,Set 12 Pear Botanical T-Lights,21610,489675,2009-02-12 09:47:00,27,2.55,27,,,
13777,United Kingdom,S/4 Cacti Candles,85174,489675,2009-02-12 09:47:00,27,4.25,27,,,
13777,United Kingdom,Rose Scent Candle In Jewelled Box,72802A,489675,2009-02-12 09:47:00,27,3.81,27,,,
13777,United Kingdom,Set Of 3 Coloured  Flying Ducks,35004C,489675,2009-02-12 09:47:00,27,4.65,27,,,
13777,United Kingdom,Lads Only Tissue Box,22095,489676,2009-02-12 09:49:00,27,1.25,27,,,
13777,United Kingdom,Red Organic Candle In Glass,72023F,489676,2009-02-12 09:49:00,27,0.85,27,,,
13777,United Kingdom,Union Jack Flag Passport Cover ,21864,489676,2009-02-12 09:49:00,27,1.69,27,,,
13777,United Kingdom,Cream Slice Flannel Pink Spot ,21107,489676,2009-02-12 09:49:00,27,2.55,27,,,
13777,United Kingdom,Small Fairy Cake Fridge Magnets,85220,489676,2009-02-12 09:49:00,27,1.45,27,,,
14000,United Kingdom,Kasbah Lantern With Glass ,21341,489677,2009-02-12 09:50:00,24,4.25,27,,,
14000,United Kingdom,Hanging Medina Lantern Large,21323,489677,2009-02-12 09:50:00,24,3.75,27,,,
16823,United Kingdom,Empire Birthday Card,22023,489678,2009-02-12 09:57:00,1,0.42,0.42,,,
16823,United Kingdom,Swallows Greeting Card,22030,489678,2009-02-12 09:57:00,12,0.42,5.04,,,
16823,United Kingdom,Skulls Greeting Card,21504,489678,2009-02-12 09:57:00,12,0.42,5.04,,,
16823,United Kingdom,Classic Metal Birdcage Plant Holder,21340,489678,2009-02-12 09:57:00,1,12.75,12.75,,,
16823,United Kingdom,Gothic Carriage Lantern,21347,489678,2009-02-12 09:57:00,4,5.95,23.8,,,
16823,United Kingdom,6 Ribbons Empire  ,22076,489678,2009-02-12 09:57:00,3,1.65,4.95,,,
16823,United Kingdom,Scandinavian Reds Ribbons,85049E,489678,2009-02-12 09:57:00,5,1.25,6.25,,,
16823,United Kingdom, Vintage Design Gift Tags,21493,489678,2009-02-12 09:57:00,8,0.85,6.8,,,
16823,United Kingdom,Ribbon Reel Stripes Design ,22082,489678,2009-02-12 09:57:00,2,1.65,3.3,,,
16823,United Kingdom,Rotating Silver Angels T-Light Hldr,84347,489678,2009-02-12 09:57:00,19,2.55,27,,,
16823,United Kingdom,Set/10 Pink Spotty Party Candles,21122,489678,2009-02-12 09:57:00,1,1.25,1.25,,,
16823,United Kingdom,Set Of 6 Girls Celebration Candles,21126,489678,2009-02-12 09:57:00,1,1.25,1.25,,,
16823,United Kingdom,"Dog Bowl , Chasing Ball Design",22349,489678,2009-02-12 09:57:00,1,3.75,3.75,,,
16823,United Kingdom,Ribbon Reel Hearts Design ,22079,489678,2009-02-12 09:57:00,4,1.65,6.6,,,
16823,United Kingdom,Set Of Three 50'S Gift Wraps ,21490,489678,2009-02-12 09:57:00,3,1.95,5.85,,,
16823,United Kingdom,Coffee Mug Apples Design,22303,489678,2009-02-12 09:57:00,6,2.55,15.3,,,
16823,United Kingdom,Joy Wooden Block Letters,22118,489678,2009-02-12 09:57:00,2,4.95,9.9,,,
16823,United Kingdom,Antique Silver Tea Glass Engraved,84947,489678,2009-02-12 09:57:00,6,1.25,7.5,,,
16823,United Kingdom,Antique Silver Tea Glass Etched,84946,489678,2009-02-12 09:57:00,6,1.25,7.5,,,
16823,United Kingdom,Light Bird House Tree Decoration,21016,489678,2009-02-12 09:57:00,16,0.85,13.6,,,
16163,United Kingdom,Retro Spot Traditional Teapot ,21527,489679,2009-02-12 10:00:00,2,7.95,15.9,,,
16163,United Kingdom,Red Hanging Heart T-Light Holder,21733,489679,2009-02-12 10:00:00,6,2.95,17.7,,,
16163,United Kingdom,Retro Spot Cake Stand,21843,489679,2009-02-12 10:00:00,1,10.95,10.95,,,
16163,United Kingdom,Floral Elephant Soft Toy,20692,489679,2009-02-12 10:00:00,3,4.25,12.75,,,
16163,United Kingdom,Cake Stand Victorian Filigree Large,22184,489679,2009-02-12 10:00:00,2,8.5,17,,,
16163,United Kingdom,Cream Slice Flannel Pink Spot ,21107,489679,2009-02-12 10:00:00,18,2.95,27,,,
16163,United Kingdom,Set/3 Russian Doll Stacking Tins,85232B,489679,2009-02-12 10:00:00,6,4.95,27,,,
16163,United Kingdom,Lunchbox With Cutlery Fairy Cakes ,22353,489679,2009-02-12 10:00:00,6,2.55,15.3,,,
16163,United Kingdom,Paper Chain Kit 50'S Christmas ,22086,489679,2009-02-12 10:00:00,6,2.95,17.7,,,
16163,United Kingdom,Family Album White Picture Frame,22169,489679,2009-02-12 10:00:00,2,8.5,17,,,
16163,United Kingdom,Retro Spots Pudding Bowl,21537,489679,2009-02-12 10:00:00,4,4.25,17,,,
16163,United Kingdom,Hanging Jam Jar T-Light Holder,71459,489679,2009-02-12 10:00:00,12,0.85,10.2,,,
16163,United Kingdom,Edwardian Toilet Roll Unit ,21299,489679,2009-02-12 10:00:00,1,12.75,12.75,,,
16163,United Kingdom,Woodland Design  Cotton Tote Bag,21578,489679,2009-02-12 10:00:00,12,2.25,27,,,
16163,United Kingdom,Big Pink Poodle,84371,489679,2009-02-12 10:00:00,1,19.95,19.95,,,
16163,United Kingdom,Set/20 Red Spotty Paper Napkins ,21080,489679,2009-02-12 10:00:00,12,0.85,10.2,,,
16163,United Kingdom,Small Marakesh Lantern On Stick,21734,489679,2009-02-12 10:00:00,4,3.75,15,,,
16163,United Kingdom,Assorted Colour Bird Ornament,84879,489679,2009-02-12 10:00:00,8,1.69,13.52,,,
16163,United Kingdom,Red Spotty Coir Doormat,20685,489679,2009-02-12 10:00:00,6,6.75,27,,,
16163,United Kingdom,Baking Set 9 Piece Retrospot ,22138,489679,2009-02-12 10:00:00,3,4.95,14.85,,,
16163,United Kingdom,Wood 2 Drawer Cabinet White Finish,82483,489679,2009-02-12 10:00:00,3,5.95,17.85,,,
16163,United Kingdom,Snowstorm Photo Frame Fridge Magnet,22181,489679,2009-02-12 10:00:00,12,0.85,10.2,,,
16163,United Kingdom,Retro Spot Tea Set Ceramic 11 Pc ,22139,489679,2009-02-12 10:00:00,12,4.95,27,,,
16163,United Kingdom,Ladle Love Heart Red ,22134,489679,2009-02-12 10:00:00,24,0.42,10.08,,,
16163,United Kingdom,Six String Scandinavian Heart Decs,35979,489679,2009-02-12 10:00:00,12,2.95,27,,,
16163,United Kingdom,Home Building Block Word,21754,489679,2009-02-12 10:00:00,3,5.95,17.85,,,
16163,United Kingdom,12 Daisy Pegs In Wood Box,21448,489679,2009-02-12 10:00:00,12,1.65,19.8,,,
16163,United Kingdom,Bird Decoration Green  Spot,22322,489679,2009-02-12 10:00:00,12,0.85,10.2,,,
16163,United Kingdom,15Cm Christmas Glass Ball 20 Lights,85048,489679,2009-02-12 10:00:00,6,7.95,27,,,
16163,United Kingdom,Bird Decoration Red Spot,22321,489679,2009-02-12 10:00:00,12,0.85,10.2,,,
16163,United Kingdom,Swallows Greeting Card,22030,489679,2009-02-12 10:00:00,12,0.42,5.04,,,
16163,United Kingdom,Tea Party Birthday Card,22027,489679,2009-02-12 10:00:00,12,0.42,5.04,,,
16163,United Kingdom,12 Mini Toadstool Pegs,21440,489679,2009-02-12 10:00:00,12,1.25,15,,,
16163,United Kingdom,Ocean Stripe Hammock ,84795C,489679,2009-02-12 10:00:00,2,7.95,15.9,,,
16163,United Kingdom,Arched Grey Mirror,21304,489679,2009-02-12 10:00:00,1,12.75,12.75,,,
16163,United Kingdom,White Hanging Heart T-Light Holder,85123A,489679,2009-02-12 10:00:00,6,2.95,17.7,,,
16163,United Kingdom,Victorian Sewing Box Small ,21259,489679,2009-02-12 10:00:00,2,5.95,11.9,,,
16163,United Kingdom,Victorian Sewing Box Large,21258,489679,2009-02-12 10:00:00,1,12.75,12.75,,,
16163,United Kingdom,Red Spot Heart Hot Water Bottle,21485,489679,2009-02-12 10:00:00,3,4.95,14.85,,,
16163,United Kingdom,Red/White Dots Ruffled Umbrella,85014B,489679,2009-02-12 10:00:00,3,5.95,17.85,,,
16163,United Kingdom,Two Door Curio Cabinet,21735,489679,2009-02-12 10:00:00,2,12.75,25.5,,,
16163,United Kingdom,Glass Cake Stand Mirrored Base,21752,489679,2009-02-12 10:00:00,1,14.95,14.95,,,
17998,United Kingdom,Vintage Bead Cosmetic Bag ,35649,489681,2009-02-12 10:02:00,2,3.35,6.7,,,
17998,United Kingdom,Vintage Bead Pink Evening Bag,35646,489681,2009-02-12 10:02:00,2,4.25,8.5,,,
17998,United Kingdom,Vintage Bead Pink Scarf ,35651,489681,2009-02-12 10:02:00,1,7.95,7.95,,,
17998,United Kingdom,Vintage Bead Pink Purse ,35648,489681,2009-02-12 10:02:00,1,2.95,2.95,,,
17998,United Kingdom,Japanese Crocheted Animal,84670,489681,2009-02-12 10:02:00,27,0.42,15.12,,,
17998,United Kingdom,Dinosaur Keyrings Assorted,21829,489681,2009-02-12 10:02:00,27,0.21,15.12,,,
17998,United Kingdom,Asstd Design Bubble Gum Ring,84270,489681,2009-02-12 10:02:00,27,0.21,6.3,,,
17998,United Kingdom,Set/6 3D Kit Cards For Kids,85227,489681,2009-02-12 10:02:00,12,0.85,10.2,,,
17998,United Kingdom,Blue Pull Back Racing Car,85226C,489681,2009-02-12 10:02:00,11,0.55,6.05,,,
17998,United Kingdom,Funky Girlz Asst Magnetic Memo Pad,16212,489681,2009-02-12 10:02:00,15,0.65,9.75,,,
17998,United Kingdom,Rex Cash+Carry Jumbo Shopper,21034,489681,2009-02-12 10:02:00,1,0.95,0.95,,,
17193,United Kingdom,Wooden Box Of Dominoes,21889,489680,2009-02-12 10:02:00,27,1.25,27,,,
15759,United Kingdom,Noel Wooden Block Letters ,22121,489682,2009-02-12 10:08:00,3,5.95,17.85,,,
15759,United Kingdom,Baking Set 9 Piece Retrospot ,22138,489682,2009-02-12 10:08:00,6,4.95,27,,,
15759,United Kingdom,Feltcraft Doll Molly,22273,489682,2009-02-12 10:08:00,6,2.95,17.7,,,
15759,United Kingdom,Girls Alphabet Iron On Patches ,84568,489682,2009-02-12 10:08:00,27,0.21,27,,,
16131,United Kingdom,Door Mat Multicolour Stripe,48116,489683,2009-02-12 10:09:00,2,6.75,13.5,,,
16131,United Kingdom,Red Victorian Fabric Oval Box,35095B,489683,2009-02-12 10:09:00,24,0.42,10.08,,,
16131,United Kingdom,Blue Victorian Fabric Heart Box,35096A,489683,2009-02-12 10:09:00,24,0.42,10.08,,,
16131,United Kingdom,Area Patrolled Metal Sign,82582,489683,2009-02-12 10:09:00,27,1.69,27,,,
16131,United Kingdom,Pack 20 English Rose Paper Napkins,84520B,489683,2009-02-12 10:09:00,12,0.85,10.2,,,
16131,United Kingdom,English Rose Notebook A7 Size,84536A,489683,2009-02-12 10:09:00,16,0.42,6.72,,,
16131,United Kingdom, White Cherry Lights,79323W,489683,2009-02-12 10:09:00,24,5.45,27,,,
16131,United Kingdom,Door Mat English Rose ,48184,489683,2009-02-12 10:09:00,2,6.75,13.5,,,
16131,United Kingdom,Vintage Bead Pink Evening Bag,35646,489683,2009-02-12 10:09:00,4,4.25,17,,,
16131,United Kingdom,Assorted Floral Secateurs,47503K,489683,2009-02-12 10:09:00,24,1.95,27,,,
16131,United Kingdom,Pack 20 Dolly Pegs,84691,489683,2009-02-12 10:09:00,24,0.85,20.4,,,
16131,United Kingdom,Assorted Colour Bird Ornament,84879,489683,2009-02-12 10:09:00,24,1.69,27,,,
16131,United Kingdom,Door Mat Friendship ,48189,489683,2009-02-12 10:09:00,2,6.75,13.5,,,
16131,United Kingdom,Single Heart Zinc T-Light Holder,84970L,489683,2009-02-12 10:09:00,24,0.95,22.8,,,
16131,United Kingdom,60 Gold And Silver Fairy Cake Cases,84990,489683,2009-02-12 10:09:00,24,0.55,13.2,,,
16131,United Kingdom,3 Gardenia Morris Boxed Candles,85034A,489683,2009-02-12 10:09:00,24,3.81,27,,,
16131,United Kingdom,Romantic Pinks Ribbons ,85049C,489683,2009-02-12 10:09:00,12,1.25,15,,,
16131,United Kingdom,Doormat Hearts,48194,489683,2009-02-12 10:09:00,2,6.75,13.5,,,
16131,United Kingdom,White Hanging Heart T-Light Holder,85123A,489683,2009-02-12 10:09:00,12,2.95,27,,,
16131,United Kingdom,Assorted Colour Silk Cosmetic Purse,85222,489683,2009-02-12 10:09:00,12,2.1,25.2,,,
16131,United Kingdom,Jasmine Votive Candle,85230F,489683,2009-02-12 10:09:00,24,0.29,6.96,,,
16131,United Kingdom,Retro Red Spotty Washing Up Gloves,20754,489683,2009-02-12 10:09:00,6,2.1,12.6,,,
16131,United Kingdom,Set/5 Blue Spotty Lid Glass Bowls,20913,489683,2009-02-12 10:09:00,6,2.95,17.7,,,
16131,United Kingdom,Set/5 Red Spotty Lid Glass Bowls,20914,489683,2009-02-12 10:09:00,12,2.95,27,,,
16131,United Kingdom,Red Spotty Oven Glove Double,21041,489683,2009-02-12 10:09:00,6,2.95,17.7,,,
16131,United Kingdom,Red Spotty Apron ,21042,489683,2009-02-12 10:09:00,6,5.95,27,,,
16131,United Kingdom,Set/20 Red Spotty Paper Napkins ,21080,489683,2009-02-12 10:09:00,24,0.85,20.4,,,
16131,United Kingdom,Painted Metal Pears Assorted,21136,489683,2009-02-12 10:09:00,24,1.69,27,,,
16131,United Kingdom,Red Spotty Oven Glove ,21154,489683,2009-02-12 10:09:00,10,1.25,12.5,,,
16131,United Kingdom,Red Spotty Peg Bag,21155,489683,2009-02-12 10:09:00,12,2.1,25.2,,,
16131,United Kingdom,Home Sweet Home Metal Sign ,21164,489683,2009-02-12 10:09:00,6,2.95,17.7,,,
16131,United Kingdom,Party Metal Sign ,21172,489683,2009-02-12 10:09:00,12,1.45,17.4,,,
16131,United Kingdom,Please One Person  Metal Sign,21181,489683,2009-02-12 10:09:00,12,2.1,25.2,,,
16131,United Kingdom,Pack Of 72 Retro Spot Cake Cases,21212,489683,2009-02-12 10:09:00,24,0.55,13.2,,,
16131,United Kingdom,Red Spotty Cup,21238,489683,2009-02-12 10:09:00,8,0.85,6.8,,,
16131,United Kingdom,"French Bottle , Lavender",21255,489683,2009-02-12 10:09:00,12,1.65,19.8,,,
16131,United Kingdom,First Aid Tin,21260,489683,2009-02-12 10:09:00,6,3.25,19.5,,,
16131,United Kingdom,Retro Spot Candle  Large,21286,489683,2009-02-12 10:09:00,12,2.55,27,,,
16131,United Kingdom,Glass Heart T-Light Holder ,21313,489683,2009-02-12 10:09:00,24,0.85,20.4,,,
16131,United Kingdom,Relax Large Wood Letters,21359,489683,2009-02-12 10:09:00,2,15.95,27,,,
16131,United Kingdom,Red  Spotty Coffee  Mug,21398,489683,2009-02-12 10:09:00,27,1.75,27,,,
16131,United Kingdom,Retro Spot Ceramic Toastrack,21529,489683,2009-02-12 10:09:00,6,3.45,20.7,,,
16131,United Kingdom,Dairy Maid Large Milk Jug,21534,489683,2009-02-12 10:09:00,3,4.95,14.85,,,
16131,United Kingdom,Red Hanging Metal Star Tlight Hldr,21732,489683,2009-02-12 10:09:00,16,3.39,27,,,
16131,United Kingdom,Small Heart Measuring Spoons,22196,489683,2009-02-12 10:09:00,24,0.85,20.4,,,
16131,United Kingdom,Four Hook  White Lovebirds,22212,489683,2009-02-12 10:09:00,12,2.1,25.2,,,
14560,United Kingdom,60 Gold And Silver Fairy Cake Cases,84990,489684,2009-02-12 10:15:00,27,0.55,26.4,,,
14560,United Kingdom,Red Spotty Round Cake Tins,21217,489684,2009-02-12 10:15:00,5,9.95,27,,,
14560,United Kingdom,Pack 20 English Rose Paper Napkins,84520B,489684,2009-02-12 10:15:00,12,0.85,10.2,,,
14560,United Kingdom,Set/20 Red Spotty Paper Napkins ,21080,489684,2009-02-12 10:15:00,12,0.85,10.2,,,
14560,United Kingdom,Set Of 72 Retro Spot Paper  Doilies,21210,489684,2009-02-12 10:15:00,24,1.45,27,,,
14560,United Kingdom,Ceramic Cake Stand + Hanging Cakes,37449,489684,2009-02-12 10:15:00,4,9.95,27,,,
14560,United Kingdom,Retro Spot Cake Stand,21843,489684,2009-02-12 10:15:00,6,10.95,27,,,
14560,United Kingdom,Cake Stand Lace White,22218,489684,2009-02-12 10:15:00,3,4.25,12.75,,,
14560,United Kingdom,Cake Stand White Two Tier Lace,22215,489684,2009-02-12 10:15:00,2,8.5,17,,,
17087,United Kingdom,Cross Stitch Alphabet Cushion Cover,21837,489687,2009-02-12 10:41:00,3,5.95,17.85,,,
17087,United Kingdom,Blue Spotty Bowl,20675,489687,2009-02-12 10:41:00,8,1.25,10,,,
17087,United Kingdom,Paper Chain Kit 50'S Christmas ,22086,489687,2009-02-12 10:41:00,6,2.95,17.7,,,
17087,United Kingdom,Scottie Dog Hot Water Bottle,22111,489687,2009-02-12 10:41:00,3,4.95,14.85,,,
17087,United Kingdom,Chocolate Hot Water Bottle,22112,489687,2009-02-12 10:41:00,3,4.95,14.85,,,
17087,United Kingdom,Silver Vanilla Flower Candle Pot,21691,489687,2009-02-12 10:41:00,4,3.75,15,,,
17087,United Kingdom,Painted Bird Assorted Christmas,21133,489687,2009-02-12 10:41:00,12,1.69,20.28,,,
17087,United Kingdom,Cosy Hour Cigar Box Matches ,21591,489687,2009-02-12 10:41:00,24,1.25,27,,,
17087,United Kingdom,Retro Spot Small Tube Matches,21584,489687,2009-02-12 10:41:00,20,1.65,27,,,
17087,United Kingdom,Brown Check Cat Doorstop ,21407,489687,2009-02-12 10:41:00,3,4.25,12.75,,,
17087,United Kingdom,Minature Coloured Gardening Set,47505,489687,2009-02-12 10:41:00,3,4.95,14.85,,,
17087,United Kingdom,Assorted Tutti Frutti  Fob Notebook,21640,489687,2009-02-12 10:41:00,24,0.85,20.4,,,
14894,United Kingdom,White Beaded Garland String 20Light,85047,489688,2009-02-12 10:42:00,6,6.35,27,,,
14894,United Kingdom,Light Pink Cherry Lights,79323LP,489688,2009-02-12 10:42:00,24,5.45,27,,,
14894,United Kingdom, White Cherry Lights,79323W,489688,2009-02-12 10:42:00,24,5.45,27,,,
16202,United Kingdom,White Tissue Ream,22415,489695,2009-02-12 10:48:00,1,7.95,7.95,,,
16202,United Kingdom,Noel Wooden Block Letters ,22121,489695,2009-02-12 10:48:00,3,5.95,17.85,,,
16202,United Kingdom,Heart Filigree Dove Large,22295,489695,2009-02-12 10:48:00,12,1.65,19.8,,,
16202,United Kingdom,Red Spot Heart Hot Water Bottle,21485,489695,2009-02-12 10:48:00,3,4.95,14.85,,,
16202,United Kingdom,Pink/Brown Dots Ruffled Umbrella,85014D,489695,2009-02-12 10:48:00,3,5.95,17.85,,,
16202,United Kingdom,Red/White Dots Ruffled Umbrella,85014B,489695,2009-02-12 10:48:00,3,5.95,17.85,,,
16202,United Kingdom,Vintage Cream 3 Basket Cake Stand,72760B,489695,2009-02-12 10:48:00,4,9.95,27,,,
16202,United Kingdom,Antique Lily Fairy Lights,85042,489695,2009-02-12 10:48:00,8,4.95,27,,,
16202,United Kingdom,Vintage Snap Cards,21790,489695,2009-02-12 10:48:00,12,0.85,10.2,,,
16202,United Kingdom,Wooden Box Of Dominoes,21889,489695,2009-02-12 10:48:00,12,1.25,15,,,
16202,United Kingdom,Vintage Snakes & Ladders,21912,489695,2009-02-12 10:48:00,4,3.75,15,,,
16202,United Kingdom,Blossom Images Scrap Book Set,85031B,489695,2009-02-12 10:48:00,24,1.25,27,,,
16202,United Kingdom,White Hanging Heart T-Light Holder,85123A,489695,2009-02-12 10:48:00,6,2.95,17.7,,,
16202,United Kingdom,Union Jack Guns & Roses  Doormat,21955,489695,2009-02-12 10:48:00,2,6.75,13.5,,,
16202,United Kingdom,White Spot Red Ceramic Drawer Knob,21672,489695,2009-02-12 10:48:00,24,1.25,27,,,
16700,United Kingdom,Jumbo  Bag Baroque Black White,85099C,489699,2009-02-12 10:51:00,20,1.95,27,,,
16700,United Kingdom,Jumbo Storage Bag Suki,21931,489699,2009-02-12 10:51:00,10,1.95,19.5,,,
16700,United Kingdom,Jumbo Storage Bag Skulls,21930,489699,2009-02-12 10:51:00,10,1.95,19.5,,,
16700,United Kingdom,Pack Of 72 Retro Spot Cake Cases,21212,489699,2009-02-12 10:51:00,24,0.55,13.2,,,
16700,United Kingdom,Camouflage Led Torch,21833,489699,2009-02-12 10:51:00,12,1.69,20.28,,,
16700,United Kingdom,Food Container Set 3 Love Heart ,22131,489699,2009-02-12 10:51:00,6,1.95,11.7,,,
16700,United Kingdom,Scottie Dog Hot Water Bottle,22111,489699,2009-02-12 10:51:00,3,4.95,14.85,,,
16700,United Kingdom,T-Light Holder White Lace,22216,489699,2009-02-12 10:51:00,12,0.85,10.2,,,
16700,United Kingdom,White Lovebird Lantern,22224,489699,2009-02-12 10:51:00,6,2.95,17.7,,,
16700,United Kingdom,Paper Chain Kit Retro Spot,22083,489699,2009-02-12 10:51:00,6,2.95,17.7,,,
16700,United Kingdom,Paper Chain Kit 50'S Christmas ,22086,489699,2009-02-12 10:51:00,6,2.95,17.7,,,
16700,United Kingdom,Tea Bag Plate Red Spotty ,22348,489699,2009-02-12 10:51:00,12,0.85,10.2,,,
16700,United Kingdom,"Charlotte Bag , Suki Design",22355,489699,2009-02-12 10:51:00,20,0.85,17,,,
16700,United Kingdom,"Charlotte Bag , Pink/White Spots",22356,489699,2009-02-12 10:51:00,10,0.85,8.5,,,
16700,United Kingdom,Assorted Colour Bird Ornament,84879,489699,2009-02-12 10:51:00,8,1.69,13.52,,,
16700,United Kingdom,Charlie And Lola Figures Tins,85132C,489699,2009-02-12 10:51:00,1,9.95,9.95,,,
16700,United Kingdom,Charlie And Lola Charlotte Bag,21100,489699,2009-02-12 10:51:00,10,1.65,16.5,,,
16700,United Kingdom,Jumbo Bag Red White Spotty ,85099B,489699,2009-02-12 10:51:00,10,1.95,19.5,,,
16700,United Kingdom,Small Red Spot  Windmill,21746,489699,2009-02-12 10:51:00,12,1.25,15,,,
16700,United Kingdom,Set Of 72 Retro Spot Paper  Doilies,21210,489699,2009-02-12 10:51:00,12,1.45,17.4,,,
16700,United Kingdom,Pink Spotty Childs Umbrella,20681,489699,2009-02-12 10:51:00,6,3.25,19.5,,,
16700,United Kingdom,Red Spotty Cup,21238,489699,2009-02-12 10:51:00,8,0.85,6.8,,,
16700,United Kingdom,Retro Spot Traditional Teapot ,21527,489699,2009-02-12 10:51:00,2,7.95,15.9,,,
16700,United Kingdom,Retro Spot Sugar Jam Bowl,21531,489699,2009-02-12 10:51:00,6,2.55,15.3,,,
16700,United Kingdom,Retro Spot Small Milk Jug,21535,489699,2009-02-12 10:51:00,6,2.55,15.3,,,
16700,United Kingdom,Frying Pan Union Flag,22207,489705,2009-02-12 10:52:00,4,4.25,17,,,
17511,United Kingdom,Paper Chain Kit 50'S Christmas ,22086,489702,2009-02-12 10:52:00,27,2.55,27,,,
17511,United Kingdom,White Hanging Heart T-Light Holder,85123A,489702,2009-02-12 10:52:00,27,2.55,27,,,
17511,United Kingdom,Cream Sweetheart Trays,85065,489702,2009-02-12 10:52:00,10,9.95,27,,,
17511,United Kingdom,Red Spotty Coir Doormat,20685,489702,2009-02-12 10:52:00,10,5.95,27,,,
17511,United Kingdom,Strawberry Bath Sponge ,20961,489702,2009-02-12 10:52:00,10,1.25,12.5,,,
17511,United Kingdom,Apple Bath Sponge,20963,489702,2009-02-12 10:52:00,10,1.25,12.5,,,
17511,United Kingdom,Sandwich Bath Sponge,20966,489702,2009-02-12 10:52:00,10,1.25,12.5,,,
17511,United Kingdom,Watermelon Bath Sponge,20960,489702,2009-02-12 10:52:00,10,1.25,12.5,,,
17511,United Kingdom,"Popcorn Holder , Small ",22197,489702,2009-02-12 10:52:00,27,0.72,27,,,
17511,United Kingdom,Red Spotty Cup,21238,489702,2009-02-12 10:52:00,27,0.72,27,,,
17511,United Kingdom,Green Spotty Cup,21241,489702,2009-02-12 10:52:00,27,0.72,27,,,
17511,United Kingdom,Pink Spotty Bowl,20677,489702,2009-02-12 10:52:00,27,1.06,27,,,
17511,United Kingdom,Blue Spotty Bowl,20675,489702,2009-02-12 10:52:00,27,1.06,27,,,
17511,United Kingdom,Green Spotty Bowl,20674,489702,2009-02-12 10:52:00,27,1.06,27,,,
17511,United Kingdom,Pack Of 72 Retro Spot Cake Cases,21212,489702,2009-02-12 10:52:00,27,0.42,27,,,
17511,United Kingdom,Set/6 Red Spotty Paper Plates,21094,489702,2009-02-12 10:52:00,27,0.64,27,,,
17511,United Kingdom,Set/6 Red Spotty Paper Cups,21086,489702,2009-02-12 10:52:00,27,0.65,27,,,
17511,United Kingdom,36 Pencils Tube Red Spotty,20979,489702,2009-02-12 10:52:00,27,1.06,27,,,
17511,United Kingdom,Full English Breakfast Plate,22109,489702,2009-02-12 10:52:00,16,3.39,27,,,
17511,United Kingdom,Red Spotty Round Cake Tins,21217,489702,2009-02-12 10:52:00,12,8.95,27,,,
17511,United Kingdom,Vintage Heads And Tails Card Game ,21791,489702,2009-02-12 10:52:00,27,1.06,27,,,
17511,United Kingdom,Bag 125G Swirly Marbles,21703,489702,2009-02-12 10:52:00,27,0.36,27,,,
17511,United Kingdom,Bingo Set,21888,489702,2009-02-12 10:52:00,8,3.75,27,,,
17511,United Kingdom,Multicolour 3D Balls Garland,21205,489702,2009-02-12 10:52:00,27,2.1,27,,,
17511,United Kingdom,Box Of 24 Cocktail Parasols,84692,489702,2009-02-12 10:52:00,27,0.42,27,,,
17511,United Kingdom,String Of 20 Rose Lights,21477,489702,2009-02-12 10:52:00,20,10.95,27,,,
17511,United Kingdom, White Cherry Lights,79323W,489702,2009-02-12 10:52:00,24,5.45,27,,,
17511,United Kingdom,Jumbo Bag Red White Spotty ,85099B,489702,2009-02-12 10:52:00,27,1.65,27,,,
17511,United Kingdom,Jumbo Storage Bag Suki,21931,489702,2009-02-12 10:52:00,27,1.65,27,,,
17511,United Kingdom,Jumbo Bag Strawberry,85099F,489702,2009-02-12 10:52:00,27,1.65,27,,,
14299,United Kingdom,White Tissue Ream,22415,489723,2009-02-12 10:58:00,2,7.95,15.9,,,
14299,United Kingdom,Hot Water Bottle Tea And Sympathy,22114,489723,2009-02-12 10:58:00,24,3.45,27,,,
14299,United Kingdom,Christmas Craft Heart Stocking ,22145,489723,2009-02-12 10:58:00,27,1.85,27,,,
14299,United Kingdom,Red Spot Heart Hot Water Bottle,21485,489723,2009-02-12 10:58:00,24,4.25,27,,,
14299,United Kingdom,World War 2 Gliders Asstd Designs,84077,489723,2009-02-12 10:58:00,27,0.18,27,,,
14299,United Kingdom,Red Woolly Hottie White Heart.,84029E,489723,2009-02-12 10:58:00,27,2.95,27,,,
14299,United Kingdom,Scottie Dog Hot Water Bottle,22111,489723,2009-02-12 10:58:00,27,4.25,27,,,
14299,United Kingdom,Fairy Cake Candles,72756,489723,2009-02-12 10:58:00,27,1.25,27,,,
14299,United Kingdom,Door Mat English Rose ,48184,489723,2009-02-12 10:58:00,10,5.95,27,,,
14299,United Kingdom,Door Mat Black Flock ,48173C,489723,2009-02-12 10:58:00,10,5.95,27,,,
14299,United Kingdom,Red/White Dots Ruffled Umbrella,85014B,489723,2009-02-12 10:58:00,12,5.95,27,,,
14299,United Kingdom,Strawberry Scented Set/9 T-Lights,85231E,489723,2009-02-12 10:58:00,27,0.85,27,,,
14299,United Kingdom,Cinammon Set Of 9 T-Lights,85231B,489723,2009-02-12 10:58:00,27,0.85,27,,,
14299,United Kingdom,Set/20 Red Spotty Paper Napkins ,21080,489723,2009-02-12 10:58:00,24,0.85,20.4,,,
14299,United Kingdom,Christmas Toilet Roll,21098,489723,2009-02-12 10:58:00,27,1.06,27,,,
14299,United Kingdom,Set Of 6 Girls Celebration Candles,21126,489723,2009-02-12 10:58:00,12,1.25,15,,,
14299,United Kingdom,Pack Of 72 Retro Spot Cake Cases,21212,489723,2009-02-12 10:58:00,27,0.42,27,,,
14299,United Kingdom,Sweetheart Ceramic Trinket Box,21231,489723,2009-02-12 10:58:00,27,1.06,27,,,
14299,United Kingdom,Strawberry Ceramic Trinket Box,21232,489723,2009-02-12 10:58:00,27,1.06,27,,,
14299,United Kingdom,Red Gingham Rose Jewellery Box,21429,489723,2009-02-12 10:58:00,8,1.65,13.2,,,
14299,United Kingdom,Wrap Christmas Screen Print,22049,489723,2009-02-12 10:58:00,25,0.42,10.5,,,
14299,United Kingdom,Chocolate Calculator,21832,489723,2009-02-12 10:58:00,27,1.65,27,,,
14299,United Kingdom,Pink Doughnut Trinket Pot ,22064,489723,2009-02-12 10:58:00,27,1.45,27,,,
14299,United Kingdom,Cream Heart Card Holder,22189,489723,2009-02-12 10:58:00,27,3.39,27,,,
14299,United Kingdom,Large Heart Measuring Spoons,22195,489723,2009-02-12 10:58:00,27,1.45,27,,,
14299,United Kingdom,Chocolate Hot Water Bottle,22112,489723,2009-02-12 10:58:00,27,4.25,27,,,
17949,United Kingdom,Set3 Book Box Green Gingham Flower ,21428,489726,2009-02-12 11:07:00,27,3.75,27,,,
17949,United Kingdom,"Popcorn Holder , Small ",22197,489725,2009-02-12 11:07:00,27,0.72,27,,,
17949,United Kingdom,Paper Chain Kit 50'S Christmas ,22086,489727,2009-02-12 11:09:00,27,2,27,,,
14799,United Kingdom,Door Mat Black Flock ,48173C,489728,2009-02-12 11:18:00,4,6.75,27,,,
14799,United Kingdom,Fancy Font Home Sweet Home Doormat,21523,489728,2009-02-12 11:18:00,2,6.75,13.5,,,
14799,United Kingdom,Scotts Roses Tile Coaster,84926B,489728,2009-02-12 11:18:00,24,1.25,27,,,
14799,United Kingdom,Disco Ball Rotator Battery Operated,21464,489728,2009-02-12 11:18:00,2,4.25,8.5,,,
14799,United Kingdom,Mirrored Disco Ball ,21463,489728,2009-02-12 11:18:00,2,5.95,11.9,,,
14799,United Kingdom,Disco Ball Christmas Decoration,20668,489728,2009-02-12 11:18:00,27,0.1,27,,,
14799,United Kingdom,Noel Garland Painted Zinc ,22340,489728,2009-02-12 11:18:00,12,1.65,19.8,,,
14799,United Kingdom,Garland With Hearts And Bells,21812,489728,2009-02-12 11:18:00,6,4.95,27,,,
14799,United Kingdom,S/4 Burgundy Wine Dinner Candles,72801G,489728,2009-02-12 11:18:00,3,1.25,3.75,,,
14799,United Kingdom,Etched Glass Star Tree Decoration,21009,489728,2009-02-12 11:18:00,6,1.25,7.5,,,
15311,United Kingdom,Colour Glass. Star T-Light Holder,71477,489733,2009-02-12 11:20:00,24,2.75,27,,,
15311,United Kingdom,"Set 3 Red Spot Tin Tea,Coffee,Sugar",21216,489733,2009-02-12 11:20:00,24,4.25,27,,,
16550,United Kingdom,Blue/White Ribbed Melamine Jug,84562B,489743,2009-02-12 11:24:00,2,7.95,15.9,,,
16550,United Kingdom,60 Gold And Silver Fairy Cake Cases,84990,489743,2009-02-12 11:24:00,24,0.55,13.2,,,
16550,United Kingdom,Pack Of 72 Retro Spot Cake Cases,21212,489743,2009-02-12 11:24:00,24,0.55,13.2,,,
16550,United Kingdom,Pack Of 72 Skull Cake Cases,21213,489743,2009-02-12 11:24:00,24,0.55,13.2,,,
16550,United Kingdom,Pack Of 60 Pink Paisley Cake Cases,21977,489743,2009-02-12 11:24:00,24,0.55,13.2,,,
16550,United Kingdom,Toast Its - Dinosaur,21357,489743,2009-02-12 11:24:00,10,1.25,12.5,,,
16550,United Kingdom,Toast Its - Fairy Flower,21356,489743,2009-02-12 11:24:00,10,1.25,12.5,,,
16550,United Kingdom,Toast Its - I Love You ,21355,489743,2009-02-12 11:24:00,8,1.25,10,,,
16550,United Kingdom,Silver Hanging T-Light Holder Dome,84948,489743,2009-02-12 11:24:00,12,1.65,19.8,,,
16550,United Kingdom,Blue  Spotty Cup,21240,489743,2009-02-12 11:24:00,8,0.85,6.8,,,
16550,United Kingdom,Blue  Spotty Plate ,21244,489743,2009-02-12 11:24:00,8,1.69,13.52,,,
16550,United Kingdom,"Popcorn Holder , Large",22198,489743,2009-02-12 11:24:00,25,1.65,27,,,
16550,United Kingdom,Pink Heart Shape Egg Frying Pan,84050,489743,2009-02-12 11:24:00,3,1.65,4.95,,,
16550,United Kingdom,Skull Lunchbox With Cutlery ,21558,489743,2009-02-12 11:24:00,4,2.55,10.2,,,
16550,United Kingdom,Lunchbox With Cutlery Fairy Cakes ,22353,489743,2009-02-12 11:24:00,4,2.55,10.2,,,
16550,United Kingdom,Red 3 Piece Mini Dots Cutlery Set,84997B,489743,2009-02-12 11:24:00,12,3.75,27,,,
16550,United Kingdom,Green 3 Piece Mini Dots Cutlery Set,84997A,489743,2009-02-12 11:24:00,6,3.75,22.5,,,
16550,United Kingdom,Blue 3 Piece Mini Dots Cutlery Set,84997C,489743,2009-02-12 11:24:00,12,3.75,27,,,
16550,United Kingdom,Pink 3 Piece Mini Dots Cutlery Set,84997D,489743,2009-02-12 11:24:00,18,3.75,27,,,
16550,United Kingdom,Large Circular Mirror Mobile,75049L,489743,2009-02-12 11:24:00,24,1.25,27,,,
16550,United Kingdom,Glitter Christmas Tree With Bells,21822,489743,2009-02-12 11:24:00,6,1.95,11.7,,,
16550,United Kingdom,Glitter Star Garland With Bells ,21821,489743,2009-02-12 11:24:00,6,3.75,22.5,,,
16550,United Kingdom,Pizza Slice Dish,22347,489743,2009-02-12 11:24:00,6,1.25,7.5,,,
16550,United Kingdom,Set/5 Blue Spotty Lid Glass Bowls,20913,489743,2009-02-12 11:24:00,1,2.95,2.95,,,
16550,United Kingdom,Blue Spotty Bowl,20675,489743,2009-02-12 11:24:00,8,1.25,10,,,
16550,United Kingdom,White Bell Honeycomb Paper ,21192,489743,2009-02-12 11:24:00,6,1.65,9.9,,,
16550,United Kingdom,Christmas Craft White Fairy ,22142,489743,2009-02-12 11:24:00,3,1.45,4.35,,,
16550,United Kingdom,Gaolers Keys Decorative Garden ,21745,489743,2009-02-12 11:24:00,3,3.75,11.25,,,
16550,United Kingdom,Wooden Box Of Dominoes,21889,489743,2009-02-12 11:24:00,6,1.25,7.5,,,
16550,United Kingdom, 3 Stripey Mice Feltcraft,22150,489743,2009-02-12 11:24:00,4,1.95,7.8,,,
16550,United Kingdom,Easter Craft 4 Chicks ,22148,489743,2009-02-12 11:24:00,4,1.95,7.8,,,
16550,United Kingdom,Christmas Craft Little Friends,22144,489743,2009-02-12 11:24:00,1,2.1,2.1,,,
16550,United Kingdom,Red Spotty Childs Umbrella,20682,489743,2009-02-12 11:24:00,4,3.25,13,,,
12980,United Kingdom,Set/4 White Retro Storage Cubes ,84078A,489748,2009-02-12 11:26:00,12,34.95,27,,,
12980,United Kingdom,Black Ear Muff Headphones,20780,489748,2009-02-12 11:26:00,27,4.65,27,,,
12980,United Kingdom,Set Of 3 Coloured  Flying Ducks,35004C,489748,2009-02-12 11:26:00,27,4.65,27,,,
14425,United Kingdom,Garden Path Journal,20772,489764,2009-02-12 11:31:00,6,2.55,15.3,,,
14425,United Kingdom,Abstract Circle Journal ,20770,489764,2009-02-12 11:31:00,6,2.55,15.3,,,
14425,United Kingdom,Red Spot Heart Hot Water Bottle,21485,489764,2009-02-12 11:31:00,3,4.95,14.85,,,
14425,United Kingdom,Red White Scarf  Hot Water Bottle,21488,489764,2009-02-12 11:31:00,4,3.95,15.8,,,
14425,United Kingdom,Red/White Dots Ruffled Umbrella,85014B,489764,2009-02-12 11:31:00,3,5.95,17.85,,,
14425,United Kingdom,Black/Blue Dots Ruffled Umbrella,85014A,489764,2009-02-12 11:31:00,3,5.95,17.85,,,
14425,United Kingdom,Folding Umbrella  Choc/White  Spot,21709,489764,2009-02-12 11:31:00,4,4.95,19.8,,,
14425,United Kingdom,Folding Umbrella  Cream/Multi  Spot,21708,489764,2009-02-12 11:31:00,4,4.95,19.8,,,
14425,United Kingdom,Overnight Bag Vintage Rose Paisley,22278,489764,2009-02-12 11:31:00,3,4.95,14.85,,,
14425,United Kingdom,Red Gingham Rose Jewellery Box,21429,489764,2009-02-12 11:31:00,8,1.65,13.2,,,
14425,United Kingdom,Green Gingham Flower Jewellery Box,21431,489764,2009-02-12 11:31:00,8,1.65,13.2,,,
14425,United Kingdom,Green Fern Journal ,20768,489764,2009-02-12 11:31:00,6,2.55,15.3,,,
14425,United Kingdom,Pink Rose Fabric Mirror,20867,489764,2009-02-12 11:31:00,12,1.25,15,,,
14425,United Kingdom,Blue Rose Fabric Mirror,20866,489764,2009-02-12 11:31:00,12,1.25,15,,,
15353,United Kingdom,Retro Spot Cake Stand,21843,489765,2009-02-12 11:33:00,2,10.95,21.9,,,
15353,United Kingdom,"Wall Mirror , Diamante Oval Shape",22167,489765,2009-02-12 11:33:00,2,9.95,19.9,,,
15353,United Kingdom,Metal Shelf With Rail ,22172,489765,2009-02-12 11:33:00,1,8.5,8.5,,,
15353,United Kingdom,Cream Heart Card Holder,22189,489765,2009-02-12 11:33:00,3,3.95,11.85,,,
15353,United Kingdom,Retro Spot Traditional Teapot ,21527,489765,2009-02-12 11:33:00,1,7.95,7.95,,,
15353,United Kingdom,Eau De Nil Diner Wall Clock,22191,489765,2009-02-12 11:33:00,1,8.5,8.5,,,
15353,United Kingdom,Blue Diner Wall Clock,22192,489765,2009-02-12 11:33:00,1,8.5,8.5,,,
15353,United Kingdom,Grand Chocolatecandle,72741,489765,2009-02-12 11:33:00,9,1.45,13.05,,,
15353,United Kingdom,Camouflage Led Torch,21833,489765,2009-02-12 11:33:00,6,1.69,10.14,,,
15353,United Kingdom,Victorian Sewing Box Small ,21259,489765,2009-02-12 11:33:00,1,5.95,5.95,,,
15353,United Kingdom,Girly Pink Tool Set,84854,489765,2009-02-12 11:33:00,1,4.95,4.95,,,
15353,United Kingdom,Feltcraft Doll Rosie,22271,489765,2009-02-12 11:33:00,1,2.95,2.95,,,
15353,United Kingdom,Flowers Wall Thermometer,84925E,489765,2009-02-12 11:33:00,1,2.55,2.55,,,
15353,United Kingdom,Wake Up Cockerel Wall Thermometer,84925A,489765,2009-02-12 11:33:00,1,2.55,2.55,,,
15353,United Kingdom,Feltcraft Doll Emily,22274,489765,2009-02-12 11:33:00,2,2.95,5.9,,,
15353,United Kingdom, 3 Stripey Mice Feltcraft,22150,489765,2009-02-12 11:33:00,2,1.95,3.9,,,
15353,United Kingdom,Cosy Slipper Shoes Large Green,21741,489765,2009-02-12 11:33:00,2,2.95,5.9,,,
15353,United Kingdom,Cosy Slipper Shoes Small  Red ,21738,489765,2009-02-12 11:33:00,2,2.95,5.9,,,
15353,United Kingdom,Cosy Slipper Shoes Large Red,21740,489765,2009-02-12 11:33:00,2,2.95,5.9,,,
15353,United Kingdom,Cosy Slipper Shoes Small Green,21739,489765,2009-02-12 11:33:00,2,2.95,5.9,,,
15353,United Kingdom,Chocolate Hot Water Bottle,22112,489765,2009-02-12 11:33:00,2,4.95,9.9,,,
15353,United Kingdom,12 Pencils Tall Tube Skulls,20982,489765,2009-02-12 11:33:00,3,0.85,2.55,,,
15353,United Kingdom,12 Pencils Tall Tube Red Spotty,20983,489765,2009-02-12 11:33:00,3,0.85,2.55,,,
15353,United Kingdom,12 Pencils Tall Tube Woodland,20981,489765,2009-02-12 11:33:00,3,0.85,2.55,,,
15353,United Kingdom,200 Red + White Bendy Straws,22315,489765,2009-02-12 11:33:00,1,1.25,1.25,,,
15353,United Kingdom,Scottie Dog Hot Water Bottle,22111,489765,2009-02-12 11:33:00,2,4.95,9.9,,,
15353,United Kingdom,Red Spotty Apron ,21042,489765,2009-02-12 11:33:00,2,5.95,11.9,,,
15353,United Kingdom,Hot Water Bottle Tea And Sympathy,22114,489765,2009-02-12 11:33:00,1,3.95,3.95,,,
15353,United Kingdom,Dinosaurs  Writing Set ,21329,489765,2009-02-12 11:33:00,2,1.65,3.3,,,
15353,United Kingdom,Balloons  Writing Set ,21328,489765,2009-02-12 11:33:00,2,1.65,3.3,,,
15353,United Kingdom,Chocolate Calculator,21832,489765,2009-02-12 11:33:00,4,1.65,6.6,,,
15353,United Kingdom,Red Stripe Ceramic Drawer Knob,21668,489765,2009-02-12 11:33:00,1,1.25,1.25,,,
15353,United Kingdom,Red Spot Ceramic Drawer Knob,21671,489765,2009-02-12 11:33:00,1,1.25,1.25,,,
15353,United Kingdom,Ass Floral Print Torch,47503F,489765,2009-02-12 11:33:00,12,1.65,19.8,,,
15353,United Kingdom,Pink Floral Feltcraft Shoulder Bag,20970,489765,2009-02-12 11:33:00,2,3.75,7.5,,,
15353,United Kingdom,Pink Heart Candy Button Calculator,21842,489765,2009-02-12 11:33:00,2,2.55,5.1,,,
15353,United Kingdom,Victorian Sewing Box Medium,21257,489765,2009-02-12 11:33:00,1,7.95,7.95,,,
15353,United Kingdom,Weekend Bag Vintage Rose Paisley,22275,489765,2009-02-12 11:33:00,1,8.5,8.5,,,
17818,United Kingdom,Freshwater Pearl Bracelet Pink,90042B,489766,2009-02-12 11:34:00,2,2.55,5.1,,,
17818,United Kingdom,Freshwater Pearl Bracelet Gold,90042A,489766,2009-02-12 11:34:00,1,2.55,2.55,,,
17818,United Kingdom,Antique Lily Fairy Lights,85042,489766,2009-02-12 11:34:00,1,4.95,4.95,,,
17818,United Kingdom,Pack Of 60 Dinosaur Cake Cases,21975,489766,2009-02-12 11:34:00,1,0.55,0.55,,,
17818,United Kingdom,75 Green Fairy Cake Cases,84989A,489766,2009-02-12 11:34:00,1,0.55,0.55,,,
17818,United Kingdom,72 Sweetheart Fairy Cake Cases,84992,489766,2009-02-12 11:34:00,1,0.55,0.55,,,
17818,United Kingdom,Pack Of 60 Pink Paisley Cake Cases,21977,489766,2009-02-12 11:34:00,2,0.55,1.1,,,
17818,United Kingdom,Geisha Girl Chopsticks Set/5,20987,489766,2009-02-12 11:34:00,2,1.95,3.9,,,
17818,United Kingdom,Baking Set 9 Piece Retrospot ,22138,489766,2009-02-12 11:34:00,1,4.95,4.95,,,
17818,United Kingdom,Feltcraft Doll Rosie,22271,489766,2009-02-12 11:34:00,1,2.95,2.95,,,
17818,United Kingdom,Cherry Blossom Decorative Flask,84279B,489766,2009-02-12 11:34:00,1,3.75,3.75,,,
17818,United Kingdom,Wrap Winter Forest,16169D,489766,2009-02-12 11:34:00,25,0.42,10.5,,,
17818,United Kingdom,Jumbo Bag Charlie And Lola Toys,21033,489766,2009-02-12 11:34:00,1,2.95,2.95,,,
17818,United Kingdom,Jumbo Storage Bag Suki,21931,489766,2009-02-12 11:34:00,1,1.95,1.95,,,
17818,United Kingdom,Patchwork Pencil Case Butterfly ,20865,489766,2009-02-12 11:34:00,2,2.1,4.2,,,
17818,United Kingdom,Funky Washing Up Gloves Assorted,20751,489766,2009-02-12 11:34:00,1,2.1,2.1,,,
17818,United Kingdom,Polka Dot Pistachio Pail,85113,489766,2009-02-12 11:34:00,1,2.1,2.1,,,
17818,United Kingdom,Set/10 Pink Spotty Party Candles,21122,489766,2009-02-12 11:34:00,1,1.25,1.25,,,
17818,United Kingdom,Balloons  Writing Set ,21328,489766,2009-02-12 11:34:00,2,1.65,3.3,,,
17818,United Kingdom,Set Of 6 Heart Chopsticks,21947,489766,2009-02-12 11:34:00,1,1.25,1.25,,,
17818,United Kingdom,Cut Glass T-Light Holder Octagon,85107,489766,2009-02-12 11:34:00,4,2.55,10.2,,,
17818,United Kingdom,English Rose Scissors,47504E,489766,2009-02-12 11:34:00,2,1.25,2.5,,,
17818,United Kingdom,Jazz Hearts Spiral Notepad,20994,489766,2009-02-12 11:34:00,1,0.85,0.85,,,
17818,United Kingdom,Blue Rose Fabric Mirror,20866,489766,2009-02-12 11:34:00,1,1.25,1.25,,,
17818,United Kingdom,English Rose Torch,47504F,489766,2009-02-12 11:34:00,2,1.65,3.3,,,
17818,United Kingdom,12 Pencils Small Tube Posy,20976,489766,2009-02-12 11:34:00,1,0.65,0.65,,,
17818,United Kingdom,Orange Scented Set/9 T-Lights,85231G,489766,2009-02-12 11:34:00,2,0.85,1.7,,,
17818,United Kingdom,36 Pencils Tube Woodland,20977,489766,2009-02-12 11:34:00,2,1.25,2.5,,,
17818,United Kingdom,Baby Boom Ribbons ,85049F,489766,2009-02-12 11:34:00,2,1.25,2.5,,,
17818,United Kingdom,Bright Blues Ribbons ,85049D,489766,2009-02-12 11:34:00,1,1.25,1.25,,,
17818,United Kingdom,Blue  Spotty Plate ,21244,489766,2009-02-12 11:34:00,2,1.69,3.38,,,
17818,United Kingdom,Jazz Hearts Magnetic Memo Pad,20991,489766,2009-02-12 11:34:00,1,0.65,0.65,,,
17818,United Kingdom,Blue Paisley Sketchbook,20761,489766,2009-02-12 11:34:00,1,3.75,3.75,,,
17818,United Kingdom,Set/6 Pink Bird T-Light Candles,85170D,489766,2009-02-12 11:34:00,1,2.1,2.1,,,
17818,United Kingdom,Set/6 Eau De Nil Bird T-Lights,85170C,489766,2009-02-12 11:34:00,2,2.1,4.2,,,
17818,United Kingdom,S/4 Ivory Mini Rose Candle In Bowl,85039B,489766,2009-02-12 11:34:00,2,1.65,3.3,,,
17818,United Kingdom,Set/20 Strawberry Paper Napkins ,21078,489766,2009-02-12 11:34:00,1,0.85,0.85,,,
17818,United Kingdom,Dinosaur Lunchbox With Cutlery,21561,489766,2009-02-12 11:34:00,1,2.55,2.55,,,
17818,United Kingdom,Hanging Jam Jar T-Light Holder,71459,489766,2009-02-12 11:34:00,4,0.85,3.4,,,
17818,United Kingdom,Set/5 Blue Spotty Lid Glass Bowls,20913,489766,2009-02-12 11:34:00,2,2.95,5.9,,,
17818,United Kingdom,Lunchbox With Cutlery Fairy Cakes ,22353,489766,2009-02-12 11:34:00,1,2.55,2.55,,,
17818,United Kingdom,Set/3 Russian Doll Stacking Tins,85232B,489766,2009-02-12 11:34:00,1,4.95,4.95,,,
13654,United Kingdom,Paper Chain Kit Retro Spot,22083,489780,2009-02-12 11:43:00,12,2.95,27,,,
13654,United Kingdom,Paper Chain Kit 50'S Christmas ,22086,489780,2009-02-12 11:43:00,12,2.95,27,,,
13654,United Kingdom,Red Spotty Plate ,21242,489780,2009-02-12 11:43:00,8,1.69,13.52,,,
13654,United Kingdom,Pink  Spotty Plate ,21243,489780,2009-02-12 11:43:00,8,1.69,13.52,,,
13654,United Kingdom,Green  Spotty Plate ,21245,489780,2009-02-12 11:43:00,8,1.69,13.52,,,
13654,United Kingdom,Blue  Spotty Plate ,21244,489780,2009-02-12 11:43:00,8,1.69,13.52,,,
13654,United Kingdom,Jumbo Storage Bag Skulls,21930,489780,2009-02-12 11:43:00,10,1.95,19.5,,,
13654,United Kingdom,12 Pencils Small Tube Posy,20976,489780,2009-02-12 11:43:00,24,0.65,15.6,,,
17189,United Kingdom,"Charlotte Bag , Pink/White Spots",22356,489782,2009-02-12 11:45:00,5,0.85,4.25,,,
17189,United Kingdom,Lunch Bag Cars Blue,20728,489782,2009-02-12 11:45:00,2,1.65,3.3,,,
17189,United Kingdom,Red Spotty Charlotte Bag,20724,489782,2009-02-12 11:45:00,6,0.85,5.1,,,
17189,United Kingdom,Pack Of 12 Woodland Tissues ,21981,489782,2009-02-12 11:45:00,12,0.29,3.48,,,
17189,United Kingdom,Pack Of 12 Pink Spot Tissues ,21986,489782,2009-02-12 11:45:00,12,0.29,3.48,,,
17189,United Kingdom,Frog Candle,20941,489782,2009-02-12 11:45:00,12,1.25,15,,,
17189,United Kingdom,Assorted Tutti Frutti Large Purse,21647,489782,2009-02-12 11:45:00,12,2.1,25.2,,,
17189,United Kingdom,Premium Church Candle,72267,489782,2009-02-12 11:45:00,8,2.1,16.8,,,
17189,United Kingdom,Set/6 Garden Gnome T-Light Candles,20940,489782,2009-02-12 11:45:00,6,2.95,17.7,,,
17189,United Kingdom,Magic Garden Mount Fuji,84007,489782,2009-02-12 11:45:00,10,2.55,25.5,,,
17189,United Kingdom,Flower Fairy Incense Lily,17109A,489782,2009-02-12 11:45:00,4,1.69,6.76,,,
17189,United Kingdom,Flower Fairy Incense Rose,17109C,489782,2009-02-12 11:45:00,4,1.69,6.76,,,
17189,United Kingdom,200 Red + White Bendy Straws,22315,489782,2009-02-12 11:45:00,2,1.25,2.5,,,
17189,United Kingdom,Fairy Cake Candles,72756,489782,2009-02-12 11:45:00,27,1.49,27,,,
17189,United Kingdom,Rose Du Sud Oven Glove,20998,489782,2009-02-12 11:45:00,4,2.95,11.8,,,
17189,United Kingdom,Assorted Tutti Frutti Round Box,21645,489782,2009-02-12 11:45:00,11,1.65,18.15,,,
17189,United Kingdom,Funky Washing Up Gloves Assorted,20751,489782,2009-02-12 11:45:00,1,2.1,2.1,,,
17189,United Kingdom,Retro Blue Spotty Washing Up Gloves,20752,489782,2009-02-12 11:45:00,3,2.1,6.3,,,
17189,United Kingdom,Retro Red Spotty Washing Up Gloves,20754,489782,2009-02-12 11:45:00,1,2.1,2.1,,,
17189,United Kingdom,Retro Pink Spot Washing Up Gloves,20753,489782,2009-02-12 11:45:00,2,2.1,4.2,,,
17189,United Kingdom,Ceramic Strawberry Money Box,21556,489782,2009-02-12 11:45:00,3,2.55,7.65,,,
13269,United Kingdom,Space Frog,21025,489783,2009-02-12 11:47:00,10,1.25,12.5,,,
13269,United Kingdom,Space Owl,21026,489783,2009-02-12 11:47:00,20,1.25,25,,,
13269,United Kingdom,Watermelon Bath Sponge,20960,489783,2009-02-12 11:47:00,10,1.25,12.5,,,
13269,United Kingdom,Sandwich Bath Sponge,20966,489783,2009-02-12 11:47:00,10,1.25,12.5,,,
13269,United Kingdom,Set Of Three 50'S Gift Wraps ,21490,489783,2009-02-12 11:47:00,6,1.95,11.7,,,
13269,United Kingdom,"Popcorn Holder , Large",22198,489783,2009-02-12 11:47:00,27,1.45,27,,,
13269,United Kingdom,Blue Flock Glass Candleholder,79328,489783,2009-02-12 11:47:00,27,0.38,18.24,,,
13269,United Kingdom,Party Pizza Dish Pink+White Spot ,22344,489784,2009-02-12 11:48:00,12,0.85,10.2,,,
13269,United Kingdom,Party Pizza Dish Green+White Spot ,22346,489784,2009-02-12 11:48:00,12,0.85,10.2,,,
13269,United Kingdom,Party Pizza Dish Blue+White Spot ,22345,489784,2009-02-12 11:48:00,12,0.85,10.2,,,
13269,United Kingdom,Party Pizza Dish Red White Spot ,22343,489784,2009-02-12 11:48:00,12,0.85,10.2,,,
14653,United Kingdom,Assorted Incense Pack,17084R,489785,2009-02-12 11:51:00,27,0.21,15.12,,,
14653,United Kingdom,Pack Of 12 Woodland Tissues ,21981,489785,2009-02-12 11:51:00,2,0.29,0.58,,,
14653,United Kingdom,Grand Chocolatecandle,72741,489785,2009-02-12 11:51:00,9,1.45,13.05,,,
14653,United Kingdom,Fairy Cake Candles,72756,489785,2009-02-12 11:51:00,9,1.49,13.41,,,
14653,United Kingdom,Japanese Crocheted Animal,84670,489785,2009-02-12 11:51:00,24,0.42,10.08,,,
14653,United Kingdom,Rotating Silver Angels T-Light Hldr,84347,489785,2009-02-12 11:51:00,27,2.55,27,,,
14653,United Kingdom,Mummy Mouse Red Gingham Ribbon,21839,489785,2009-02-12 11:51:00,1,5.45,5.45,,,
14653,United Kingdom,Daddy Mouse Red Gingham Bow Tie,21838,489785,2009-02-12 11:51:00,1,5.45,5.45,,,
14653,United Kingdom,Gingham Heart  Doorstop Red,21411,489785,2009-02-12 11:51:00,2,4.25,8.5,,,
14653,United Kingdom,White Advent Candle,72529W,489785,2009-02-12 11:51:00,1,2.12,2.12,,,
14653,United Kingdom,Pack Of 12 Blue Paisley Tissues ,21983,489785,2009-02-12 11:51:00,6,0.29,1.74,,,
14653,United Kingdom,Pack Of 12 Pink Spot Tissues ,21986,489785,2009-02-12 11:51:00,6,0.29,1.74,,,
14653,United Kingdom,Glitter Christmas Tree With Bells,21822,489785,2009-02-12 11:51:00,12,1.95,23.4,,,
14653,United Kingdom,Glitter Christmas Heart ,21818,489785,2009-02-12 11:51:00,27,0.85,27,,,
14653,United Kingdom,Cream Sweetheart Mini Chest,85066,489785,2009-02-12 11:51:00,2,12.75,25.5,,,
14653,United Kingdom,Open Closed Metal Sign,21770,489785,2009-02-12 11:51:00,1,4.95,4.95,,,
14653,United Kingdom,Yellow Dragonfly Helicopter,85135A,489785,2009-02-12 11:51:00,1,7.95,7.95,,,
14653,United Kingdom,Blue Dragonfly Helicopter,85135B,489785,2009-02-12 11:51:00,1,7.95,7.95,,,
14653,United Kingdom,Lads Only Tissue Box,22095,489785,2009-02-12 11:51:00,2,1.25,2.5,,,
17019,United Kingdom,Potting Shed Rose Candle,21898,489786,2009-02-12 11:52:00,1,2.95,2.95,,,
17019,United Kingdom,Retro Sport Party Bag + Sticker Set,22333,489786,2009-02-12 11:52:00,4,1.65,6.6,,,
17019,United Kingdom,200 Red + White Bendy Straws,22315,489786,2009-02-12 11:52:00,1,1.25,1.25,,,
17019,United Kingdom,Set/6 Red Spotty Paper Plates,21094,489786,2009-02-12 11:52:00,1,0.85,0.85,,,
17019,United Kingdom,12 Pencils Small Tube Skull,20974,489786,2009-02-12 11:52:00,3,0.65,1.95,,,
17019,United Kingdom,Vintage Heads And Tails Card Game ,21791,489786,2009-02-12 11:52:00,6,1.25,7.5,,,
17019,United Kingdom,12 Mini Toadstool Pegs,21440,489786,2009-02-12 11:52:00,3,1.25,3.75,,,
17019,United Kingdom,Pack Of 72 Retro Spot Cake Cases,21212,489786,2009-02-12 11:52:00,1,0.55,0.55,,,
17019,United Kingdom,Set/6 Red Spotty Paper Cups,21086,489786,2009-02-12 11:52:00,5,0.65,3.25,,,
17019,United Kingdom,12 Pencils Small Tube Red Spotty,20975,489786,2009-02-12 11:52:00,27,0.65,27,,,
17019,United Kingdom,Vintage Snap Cards,21790,489786,2009-02-12 11:52:00,27,0.85,27,,,
17019,United Kingdom,Coffee Mug Apples Design,22303,489786,2009-02-12 11:52:00,3,2.55,7.65,,,
17019,United Kingdom,Coffee Mug Pears  Design,22302,489786,2009-02-12 11:52:00,3,2.55,7.65,,,
17019,United Kingdom,Retro Plastic Elephant Tray,79191C,489786,2009-02-12 11:52:00,12,0.85,10.2,,,
17019,United Kingdom,Paper Chain Kit 50'S Christmas ,22086,489786,2009-02-12 11:52:00,6,2.95,17.7,,,
17019,United Kingdom,Floral Folk Stationery Set,21993,489786,2009-02-12 11:52:00,1,2.95,2.95,,,
17019,United Kingdom,Modern Floral Stationery Set,21990,489786,2009-02-12 11:52:00,1,2.95,2.95,,,
17019,United Kingdom,S/3 English Lavender Squ Candle,72796A,489786,2009-02-12 11:52:00,3,1.65,4.95,,,
17019,United Kingdom,S/3 French Vanilla Squ Candle,72796B,489786,2009-02-12 11:52:00,2,1.65,3.3,,,
17019,United Kingdom,Rose 3 Wick Morris Box Candle,85035C,489786,2009-02-12 11:52:00,2,4.25,8.5,,,
17019,United Kingdom,Gardenia 3 Wick Morris Boxed Candle,85035A,489786,2009-02-12 11:52:00,2,4.25,8.5,,,
17019,United Kingdom,Knitted Union Flag Hot Water Bottle,84029G,489786,2009-02-12 11:52:00,1,3.75,3.75,,,
17019,United Kingdom,Retro Plastic Elephant Tray,79191C,489786,2009-02-12 11:52:00,3,0.85,2.55,,,
17019,United Kingdom,Pink Rose Fabric Mirror,20867,489786,2009-02-12 11:52:00,1,1.25,1.25,,,
17019,United Kingdom,Gold Fabric Mirror,20869,489786,2009-02-12 11:52:00,1,1.25,1.25,,,
17019,United Kingdom,Retro Plastic Polka Tray,79190B,489786,2009-02-12 11:52:00,3,0.42,1.26,,,
17019,United Kingdom,"Letter ""S"" Bling Key Ring",90214S,489786,2009-02-12 11:52:00,1,1.25,1.25,,,
17019,United Kingdom,"Letter ""J"" Bling Key Ring",90214J,489786,2009-02-12 11:52:00,1,1.25,1.25,,,
17019,United Kingdom,English Rose Tape Measure,47504G,489786,2009-02-12 11:52:00,1,1.25,1.25,,,
17019,United Kingdom,12 Pencils Small Tube Red Spotty,20975,489786,2009-02-12 11:52:00,2,0.65,1.3,,,
17019,United Kingdom,Daisy Erasers In Bag,16258B,489786,2009-02-12 11:52:00,2,0.42,0.84,,,
17019,United Kingdom,60 Teatime Fairy Cake Cases,84991,489786,2009-02-12 11:52:00,1,0.55,0.55,,,
17019,United Kingdom,Pack Of 60 Dinosaur Cake Cases,21975,489786,2009-02-12 11:52:00,1,0.55,0.55,,,
17019,United Kingdom,Apple Bath Sponge,20963,489786,2009-02-12 11:52:00,1,1.25,1.25,,,
17019,United Kingdom,Strawberry Bath Sponge ,20961,489786,2009-02-12 11:52:00,1,1.25,1.25,,,
17019,United Kingdom,Blue Calculator Ruler,20986,489786,2009-02-12 11:52:00,1,1.25,1.25,,,
17019,United Kingdom,Heart Calculator,20985,489786,2009-02-12 11:52:00,1,1.25,1.25,,,
17019,United Kingdom,S/3 English Lavender Squ Candle,72796A,489786,2009-02-12 11:52:00,2,1.65,3.3,,,
17019,United Kingdom,Brocade Ring Purse ,17003,489786,2009-02-12 11:52:00,2,0.21,0.42,,,
17019,United Kingdom,Woodland Storage Box Large ,21424,489786,2009-02-12 11:52:00,1,2.95,2.95,,,
17019,United Kingdom,Space Boy Birthday Card,22029,489786,2009-02-12 11:52:00,12,0.42,5.04,,,
17019,United Kingdom,Jumbo Bag Red White Spotty ,85099B,489786,2009-02-12 11:52:00,2,1.95,3.9,,,
15542,United Kingdom,Set Of 4 Pastel Stacking Mugs,37348,489787,2009-02-12 11:53:00,1,2.55,2.55,,,
15542,United Kingdom,Pack Of 12 Hearts Design Tissues ,21985,489787,2009-02-12 11:53:00,1,0.29,0.29,,,
15542,United Kingdom,Retro Spot Small Milk Jug,21535,489787,2009-02-12 11:53:00,1,2.55,2.55,,,
15542,United Kingdom,Retro Spot Large Milk Jug,21533,489787,2009-02-12 11:53:00,1,4.95,4.95,,,
15542,United Kingdom,Set/2 Christmas Decoupage Candles,72817,489787,2009-02-12 11:53:00,1,1.25,1.25,,,
15542,United Kingdom,Pocket Bag Blue Paisley Red Spot,22279,489787,2009-02-12 11:53:00,2,2.1,4.2,,,
15542,United Kingdom,Set Of 3 Cases Woodland Design,21432,489787,2009-02-12 11:53:00,1,5.95,5.95,,,
15542,United Kingdom,Lads Only Tissue Box,22095,489787,2009-02-12 11:53:00,1,1.25,1.25,,,
15542,United Kingdom,Retro Spot Cake Stand,21843,489787,2009-02-12 11:53:00,1,10.95,10.95,,,
15542,United Kingdom,Set Of 6 Funky Beakers,21557,489787,2009-02-12 11:53:00,1,2.95,2.95,,,
15542,United Kingdom,Vintage Paisley Stationery Set,21992,489787,2009-02-12 11:53:00,1,2.95,2.95,,,
15542,United Kingdom,Modern Floral Stationery Set,21990,489787,2009-02-12 11:53:00,1,2.95,2.95,,,
15542,United Kingdom,Floral Folk Stationery Set,21993,489787,2009-02-12 11:53:00,1,2.95,2.95,,,
15542,United Kingdom,Blue Tall Porcelain T-Light Holder,18097B,489787,2009-02-12 11:53:00,1,2.55,2.55,,,
15542,United Kingdom, 3 Stripey Mice Feltcraft,22150,489787,2009-02-12 11:53:00,2,1.95,3.9,,,
15542,United Kingdom,Green 3 Piece Mini Dots Cutlery Set,84997A,489787,2009-02-12 11:53:00,1,3.75,3.75,,,
15542,United Kingdom,Pink 3 Piece Mini Dots Cutlery Set,84997D,489787,2009-02-12 11:53:00,2,3.75,7.5,,,
15542,United Kingdom,Pack Of 12 Woodland Tissues ,21981,489787,2009-02-12 11:53:00,2,0.29,0.58,,,
15542,United Kingdom,Assorted Colour Silk Coin Purse,85221,489787,2009-02-12 11:53:00,12,1.25,15,,,
15542,United Kingdom,Pack Of 12 Hearts Design Tissues ,21985,489787,2009-02-12 11:53:00,2,0.29,0.58,,,
15542,United Kingdom,Retro Spots Pudding Bowl,21537,489787,2009-02-12 11:53:00,1,4.25,4.25,,,
15542,United Kingdom,Pack Of 12 Woodland Tissues ,21981,489787,2009-02-12 11:53:00,1,0.29,0.29,,,
15542,United Kingdom,Dairy Maid Sugar Jam Bowl,21532,489787,2009-02-12 11:53:00,1,2.1,2.1,,,
15542,United Kingdom,Large Heart Measuring Spoons,22195,489787,2009-02-12 11:53:00,1,1.65,1.65,,,
15542,United Kingdom,Blue/White Ribbed Melamine Jug,84562B,489787,2009-02-12 11:53:00,1,7.95,7.95,,,
15542,United Kingdom,Love Heart Pocket Warmer,70006,489787,2009-02-12 11:53:00,1,1.65,1.65,,,
15542,United Kingdom,Giant Black Sunglasses,84526,489787,2009-02-12 11:53:00,2,1.95,3.9,,,
15542,United Kingdom,Camouflage Led Torch,21833,489787,2009-02-12 11:53:00,6,1.69,10.14,,,
15542,United Kingdom,Pink Paisley Square Tissue Box ,22096,489787,2009-02-12 11:53:00,1,1.25,1.25,,,
15542,United Kingdom,Full English Breakfast Plate,22109,489787,2009-02-12 11:53:00,1,3.75,3.75,,,
15542,United Kingdom,Lunch Bag Cars Blue,20728,489787,2009-02-12 11:53:00,1,1.65,1.65,,,
15542,United Kingdom,Cook With Wine Metal Sign ,21166,489787,2009-02-12 11:53:00,1,1.95,1.95,,,
15542,United Kingdom,Lolita  Design  Cotton Tote Bag,21579,489787,2009-02-12 11:53:00,1,2.25,2.25,,,
15542,United Kingdom,Door Mat 3 Smiley Cats,48111,489787,2009-02-12 11:53:00,1,6.75,6.75,,,
15542,United Kingdom,Jumbo  Bag Baroque Black White,85099C,489787,2009-02-12 11:53:00,2,1.95,3.9,,,
15542,United Kingdom,Candy Spot Hand Bag,85088,489787,2009-02-12 11:53:00,2,2.1,4.2,,,
15542,United Kingdom,Rabbit  Design  Cotton Tote Bag,21580,489787,2009-02-12 11:53:00,1,2.25,2.25,,,
15542,United Kingdom,Elephant Toy With Blue T-Shirt,84578,489787,2009-02-12 11:53:00,1,3.75,3.75,,,
15542,United Kingdom,Set/4 2 Tone Egg Shape Mixing Bowls,37474,489787,2009-02-12 11:53:00,1,9.95,9.95,,,
15542,United Kingdom,Fairy Cake Candles,72756,489787,2009-02-12 11:53:00,9,1.49,13.41,,,
15542,United Kingdom,Flower Vine Raffia Food Cover,21470,489787,2009-02-12 11:53:00,1,3.75,3.75,,,
15542,United Kingdom,Charlie And Lola Charlotte Bag,21100,489787,2009-02-12 11:53:00,2,1.65,3.3,,,
15542,United Kingdom,Pink Vintage Paisley Picnic Bag,21933,489787,2009-02-12 11:53:00,1,2.95,2.95,,,
15542,United Kingdom,Scandinavian Paisley Picnic Bag,21932,489787,2009-02-12 11:53:00,1,2.95,2.95,,,
15542,United Kingdom,Beach Hut Photo Frame,84684,489787,2009-02-12 11:53:00,1,2.55,2.55,,,
15542,United Kingdom,Magic Garden Mount Fuji,84007,489787,2009-02-12 11:53:00,2,2.55,5.1,,,
15542,United Kingdom,"Popcorn Holder , Small ",22197,489787,2009-02-12 11:53:00,3,0.85,2.55,,,
15542,United Kingdom,Red/White Dots Ruffled Umbrella,85014B,489787,2009-02-12 11:53:00,1,5.95,5.95,,,
15542,United Kingdom,Fairy Cakes Rectangluar Boxes,84532B,489787,2009-02-12 11:53:00,1,5.95,5.95,,,
15542,United Kingdom,Kensington Coffee Set,20748,489787,2009-02-12 11:53:00,1,12.75,12.75,,,
15542,United Kingdom,Piccadilly Tea Set,20747,489787,2009-02-12 11:53:00,2,14.95,27,,,
15542,United Kingdom,Set/5 Red Spotty Lid Glass Bowls,20914,489787,2009-02-12 11:53:00,1,2.95,2.95,,,
15542,United Kingdom,Woodland  Height Chart Stickers ,21249,489787,2009-02-12 11:53:00,1,2.95,2.95,,,
15542,United Kingdom,Set Of Meadow  Flower Stickers,21252,489787,2009-02-12 11:53:00,1,2.95,2.95,,,
15542,United Kingdom,Strawberry Charlotte Bag,20723,489787,2009-02-12 11:53:00,2,0.85,1.7,,,
15542,United Kingdom,Lunch Bag Woodland,20726,489787,2009-02-12 11:53:00,4,1.65,6.6,,,
15542,United Kingdom,"Charlotte Bag , Suki Design",22355,489787,2009-02-12 11:53:00,2,0.85,1.7,,,
15542,United Kingdom,Jumbo Bag Owls,20713,489787,2009-02-12 11:53:00,2,1.95,3.9,,,
15542,United Kingdom,Jumbo Bag Woodland Animals,20712,489787,2009-02-12 11:53:00,3,1.95,5.85,,,
15542,United Kingdom,Jumbo Bag Strawberry,85099F,489787,2009-02-12 11:53:00,2,1.95,3.9,,,
15542,United Kingdom,Jumbo Bag Pink Vintage Paisley,21929,489787,2009-02-12 11:53:00,2,1.95,3.9,,,
15542,United Kingdom,Suki  Shoulder Bag,21935,489787,2009-02-12 11:53:00,1,1.65,1.65,,,
15542,United Kingdom,Charlie & Lola Wastepaper Bin Blue,85183A,489787,2009-02-12 11:53:00,1,3.75,3.75,,,
15542,United Kingdom,Hi Tec Alpine Hand Warmer,70007,489787,2009-02-12 11:53:00,2,1.65,3.3,,,
15542,United Kingdom,Rex Cash+Carry Jumbo Shopper,21034,489787,2009-02-12 11:53:00,4,0.95,3.8,,,
13564,United Kingdom,Door Mat 3 Smiley Cats,48111,489788,2009-02-12 11:55:00,2,6.75,13.5,,,
13564,United Kingdom,Jumbo Bag Owls,20713,489788,2009-02-12 11:55:00,1,1.95,1.95,,,
13564,United Kingdom,Do Not Touch My Stuff Door Hanger ,21163,489788,2009-02-12 11:55:00,1,1.45,1.45,,,
13564,United Kingdom,200 Red + White Bendy Straws,22315,489788,2009-02-12 11:55:00,1,1.25,1.25,,,
13564,United Kingdom,Swallow Giant Tube Matches,21589,489788,2009-02-12 11:55:00,2,2.55,5.1,,,
13564,United Kingdom,Cook With Wine Metal Sign ,21166,489788,2009-02-12 11:55:00,1,1.95,1.95,,,
13564,United Kingdom,Gin + Tonic Diet Metal Sign,21175,489788,2009-02-12 11:55:00,2,2.1,4.2,,,
13564,United Kingdom,Vintage Glass Sugar Caddy,21663,489788,2009-02-12 11:55:00,1,5.95,5.95,,,
13564,United Kingdom,Red Woolly Hottie White Heart.,84029E,489788,2009-02-12 11:55:00,2,3.75,7.5,,,
13564,United Kingdom,Hot Water Bottle Tea And Sympathy,22114,489788,2009-02-12 11:55:00,2,3.95,7.9,,,
13564,United Kingdom,Chocolate Hot Water Bottle,22112,489788,2009-02-12 11:55:00,2,4.95,9.9,,,
13564,United Kingdom,Union Jack Hot Water Bottle ,22125,489788,2009-02-12 11:55:00,2,5.95,11.9,,,
13564,United Kingdom,Knitted Union Flag Hot Water Bottle,84029G,489788,2009-02-12 11:55:00,3,3.75,11.25,,,
13564,United Kingdom,Small Zinc/Glass Candleholder,72811,489788,2009-02-12 11:55:00,4,1.49,5.96,,,
13564,United Kingdom,Box Of 9 Pebble Candles,20886,489788,2009-02-12 11:55:00,6,1.95,11.7,,,
13564,United Kingdom,Pink Owl Soft Toy,22175,489788,2009-02-12 11:55:00,3,2.95,8.85,,,
13564,United Kingdom,Blue Owl Soft Toy,22176,489788,2009-02-12 11:55:00,3,2.95,8.85,,,
16467,United Kingdom,Pink Jumper Larry The Lamb,84327A,489790,2009-02-12 11:59:00,27,1.69,27,,,
16467,United Kingdom,Feltcraft Butterfly Hearts,22147,489790,2009-02-12 11:59:00,27,1.25,27,,,
15833,United Kingdom,Red Spotty Childs Umbrella,20682,489789,2009-02-12 11:59:00,6,3.25,19.5,,,
15833,United Kingdom,Edwardian Parasol Black,15056BL,489789,2009-02-12 11:59:00,3,5.95,17.85,,,
15833,United Kingdom,Edwardian Parasol Natural,15056N,489789,2009-02-12 11:59:00,3,5.95,17.85,,,
15833,United Kingdom,English Rose Design Peg Bag,47568,489789,2009-02-12 11:59:00,6,2.1,12.6,,,
15833,United Kingdom,Please One Person  Metal Sign,21181,489789,2009-02-12 11:59:00,6,2.1,12.6,,,
15542,United Kingdom,Purple Anemone Artificial Flower,84802B,489791,2009-02-12 12:06:00,3,1.69,5.07,,,
15542,United Kingdom,Retro Pink Ball Ashtray ,84597C,489791,2009-02-12 12:06:00,1,1.25,1.25,,,
15542,United Kingdom,Hot Water Bottle Tea And Sympathy,22114,489791,2009-02-12 12:06:00,1,3.95,3.95,,,
15542,United Kingdom,Pack Of 20 Fairy Cake Paper Napkins,84520D,489791,2009-02-12 12:06:00,2,0.85,1.7,,,
15542,United Kingdom,Open Closed Metal Sign,21770,489791,2009-02-12 12:06:00,1,4.95,4.95,,,
15542,United Kingdom,English Rose Scissors,47504E,489791,2009-02-12 12:06:00,1,1.25,1.25,,,
15542,United Kingdom,Fairy Cakes  Wall Thermometer,84925C,489791,2009-02-12 12:06:00,1,2.55,2.55,,,
15542,United Kingdom,Washroom Metal Sign,82552,489791,2009-02-12 12:06:00,1,1.25,1.25,,,
15542,United Kingdom,Set 12 Lavender  Botanical T-Lights,21609,489791,2009-02-12 12:06:00,1,2.95,2.95,,,
15542,United Kingdom,"Candle In Jar Collage , Vanilla",21102,489791,2009-02-12 12:06:00,1,2.55,2.55,,,
15542,United Kingdom,Economy Passport Cover ,20621,489791,2009-02-12 12:06:00,1,2.1,2.1,,,
15542,United Kingdom,4 Lavender Botanical Dinner Candles,21615,489791,2009-02-12 12:06:00,1,3.75,3.75,,,
15542,United Kingdom,Kings Choice Small Tube Matches,21582,489791,2009-02-12 12:06:00,1,1.65,1.65,,,
15542,United Kingdom,Cosy Hour Cigar Box Matches ,21591,489791,2009-02-12 12:06:00,1,1.25,1.25,,,
15542,United Kingdom,Fairy Cake Placemats,84509B,489791,2009-02-12 12:06:00,1,3.75,3.75,,,
15542,United Kingdom,Tea Time Tea Towels ,47556B,489791,2009-02-12 12:06:00,1,2.95,2.95,,,
15542,United Kingdom,Pack 20 English Rose Paper Napkins,84520B,489791,2009-02-12 12:06:00,1,0.85,0.85,,,
15542,United Kingdom,Kings Choice Cigar Box Matches ,21590,489791,2009-02-12 12:06:00,1,1.25,1.25,,,
15542,United Kingdom,Flower Vine Raffia Food Cover,21470,489791,2009-02-12 12:06:00,2,3.75,7.5,,,
15542,United Kingdom,Motoring Tissue Box,22093,489791,2009-02-12 12:06:00,1,1.25,1.25,,,
15542,United Kingdom,Knitted Union Flag Hot Water Bottle,84029G,489791,2009-02-12 12:06:00,1,3.75,3.75,,,
15542,United Kingdom,Large Chunky Glass Roman Bowl,21312,489791,2009-02-12 12:06:00,1,6.75,6.75,,,
15542,United Kingdom,Posy Shopper Bag,20714,489791,2009-02-12 12:06:00,1,1.25,1.25,,,
15542,United Kingdom,Set Of Three 50'S Gift Wraps ,21490,489791,2009-02-12 12:06:00,3,1.95,5.85,,,
15542,United Kingdom,First Aid Tin,21260,489791,2009-02-12 12:06:00,1,3.25,3.25,,,
15542,United Kingdom,Empire Tissue Box,22091,489791,2009-02-12 12:06:00,2,1.25,2.5,,,
15542,United Kingdom,Scotts Roses Tile Coaster,84926B,489791,2009-02-12 12:06:00,4,1.25,5,,,
15542,United Kingdom,Fairy Cakes Tile Coaster,84926C,489791,2009-02-12 12:06:00,4,1.25,5,,,
15542,United Kingdom,4 Lily  Botanical Dinner Candles,21617,489791,2009-02-12 12:06:00,1,3.75,3.75,,,
15542,United Kingdom,Kensington Coffee Set,20748,489791,2009-02-12 12:06:00,2,12.75,25.5,,,
15542,United Kingdom,Ping Microwave Apron,22123,489791,2009-02-12 12:06:00,1,5.95,5.95,,,
15542,United Kingdom,Cut Glass T-Light Holder Octagon,85107,489791,2009-02-12 12:06:00,2,2.55,5.1,,,
15542,United Kingdom,Strawberry Ceramic Trinket Box,21232,489791,2009-02-12 12:06:00,1,1.25,1.25,,,
15542,United Kingdom,Wooden Box Of Dominoes,21889,489791,2009-02-12 12:06:00,1,1.25,1.25,,,
15542,United Kingdom,Office Mug Warmer Pink,22313,489791,2009-02-12 12:06:00,1,4.95,4.95,,,
15542,United Kingdom,Small Pink Magic Christmas Tree,84341B,489791,2009-02-12 12:06:00,2,0.85,1.7,,,
15542,United Kingdom,"Popcorn Holder , Large",22198,489791,2009-02-12 12:06:00,4,1.65,6.6,,,
15542,United Kingdom,Lads Only Tissue Box,22095,489791,2009-02-12 12:06:00,1,1.25,1.25,,,
15542,United Kingdom,Cherry Crochet Food Cover,21467,489791,2009-02-12 12:06:00,1,3.75,3.75,,,
15542,United Kingdom,Ladybird + Bee Raffia Food Cover,21472,489791,2009-02-12 12:06:00,1,3.75,3.75,,,
15542,United Kingdom,Strawberry Raffia Food Cover,21471,489791,2009-02-12 12:06:00,1,3.75,3.75,,,
15542,United Kingdom,Jumbo Storage Bag Suki,21931,489791,2009-02-12 12:06:00,2,1.95,3.9,,,
15542,United Kingdom,Jumbo Bag Owls,20713,489791,2009-02-12 12:06:00,1,1.95,1.95,,,
15542,United Kingdom,Fancy Font Home Sweet Home Doormat,21523,489791,2009-02-12 12:06:00,1,6.75,6.75,,,
15542,United Kingdom,Set 12 Retro White Chalk Sticks,21916,489791,2009-02-12 12:06:00,1,0.42,0.42,,,
15542,United Kingdom,Union Jack Flag Luggage Tag,21866,489791,2009-02-12 12:06:00,1,1.25,1.25,,,
15542,United Kingdom,Union Jack Flag Passport Cover ,21864,489791,2009-02-12 12:06:00,1,2.1,2.1,,,
15542,United Kingdom,Midnight Glamour Scarf Knitting Kit,82616C,489791,2009-02-12 12:06:00,1,2.95,2.95,,,
15542,United Kingdom,Dolly Mixture Children'S Umbrella,20686,489791,2009-02-12 12:06:00,1,3.25,3.25,,,
15542,United Kingdom,Box Of 9 Pebble Candles,20886,489791,2009-02-12 12:06:00,1,1.95,1.95,,,
15542,United Kingdom,Gin + Tonic Diet Metal Sign,21175,489791,2009-02-12 12:06:00,1,2.1,2.1,,,
15542,United Kingdom,Top Secret Pen Set,84466,489791,2009-02-12 12:06:00,1,1.25,1.25,,,
15542,United Kingdom,Silver Glass T-Light Set,85104,489791,2009-02-12 12:06:00,1,2.95,2.95,,,
15542,United Kingdom,Set Of Picture Frame  Stickers,21253,489791,2009-02-12 12:06:00,1,2.95,2.95,,,
15542,United Kingdom,Aged Glass Silver T-Light Holder,21326,489791,2009-02-12 12:06:00,4,0.65,2.6,,,
15542,United Kingdom,Toxic Area  Door Hanger ,21162,489791,2009-02-12 12:06:00,1,1.45,1.45,,,
15542,United Kingdom,Moody Boy  Door Hanger ,21159,489791,2009-02-12 12:06:00,1,1.45,1.45,,,
15542,United Kingdom,Full English Breakfast Plate,22109,489791,2009-02-12 12:06:00,1,3.75,3.75,,,
15542,United Kingdom,Pizza Plate In Box,22107,489791,2009-02-12 12:06:00,2,3.75,7.5,,,
15542,United Kingdom,Ocean Scent Candle In Jewelled Box,72802B,489791,2009-02-12 12:06:00,1,4.25,4.25,,,
15542,United Kingdom,Rose Scent Candle Jewelled Drawer,72803A,489791,2009-02-12 12:06:00,1,4.25,4.25,,,
15542,United Kingdom,Rex Cash+Carry Jumbo Shopper,21034,489791,2009-02-12 12:06:00,2,0.95,1.9,,,
14527,United Kingdom,Red Spotty Big Bowl,21246,489792,2009-02-12 12:06:00,2,4.95,9.9,,,
14527,United Kingdom,Red Spotty Apron ,21042,489792,2009-02-12 12:06:00,6,5.95,27,,,
14527,United Kingdom,Red Spotty Oven Glove Double,21041,489792,2009-02-12 12:06:00,5,2.95,14.75,,,
14527,United Kingdom,Set/2 Red Spotty Tea Towels ,21035,489792,2009-02-12 12:06:00,5,2.95,14.75,,,
14527,United Kingdom,Tea Time Des Tea Cosy,47580,489792,2009-02-12 12:06:00,3,2.55,7.65,,,
14527,United Kingdom,Brown Furry Hot Water Bottle,84029C,489792,2009-02-12 12:06:00,3,3.75,11.25,,,
14527,United Kingdom,Union Jack Hot Water Bottle ,22125,489792,2009-02-12 12:06:00,2,5.95,11.9,,,
14527,United Kingdom,Pink Heart Dots Hot Water Bottle,21486,489792,2009-02-12 12:06:00,1,3.75,3.75,,,
14527,United Kingdom,Fawn Blue Hot Water Bottle,21481,489792,2009-02-12 12:06:00,2,2.95,5.9,,,
14527,United Kingdom,Mushroom Blue Hot Water Bottle,21482,489792,2009-02-12 12:06:00,1,2.95,2.95,,,
14527,United Kingdom,Chick Grey Hot Water Bottle,21484,489792,2009-02-12 12:06:00,1,3.45,3.45,,,
14527,United Kingdom,Chocolate Hot Water Bottle,22112,489792,2009-02-12 12:06:00,2,4.95,9.9,,,
14527,United Kingdom,Red Woolly Hottie White Heart.,84029E,489792,2009-02-12 12:06:00,6,3.75,22.5,,,
14527,United Kingdom,Noel Wooden Block Letters ,22121,489792,2009-02-12 12:06:00,2,5.95,11.9,,,
14527,United Kingdom,Black Christmas Tree 120Cm,35599B,489792,2009-02-12 12:06:00,1,8.49,8.49,,,
14527,United Kingdom,Pizza Plate In Box,22107,489792,2009-02-12 12:06:00,2,3.75,7.5,,,
14527,United Kingdom,Set/3 Russian Doll Stacking Tins,85232B,489792,2009-02-12 12:06:00,2,4.95,9.9,,,
14527,United Kingdom,White Skull Hot Water Bottle ,21479,489792,2009-02-12 12:06:00,6,3.75,22.5,,,
14527,United Kingdom,English Rose Tea Set In Gift Box,37485,489792,2009-02-12 12:06:00,1,4.65,4.65,,,
14527,United Kingdom,Tea Time Tea Set In Gift Box,37501,489792,2009-02-12 12:06:00,2,6.95,13.9,,,
14527,United Kingdom,Blue 3 Piece Mini Dots Cutlery Set,84997C,489792,2009-02-12 12:06:00,2,3.75,7.5,,,
14527,United Kingdom,S/16 Vintage Black Cutlery,84968E,489792,2009-02-12 12:06:00,1,12.75,12.75,,,
14527,United Kingdom,S/16 Vintage Ivory Cutlery,84968B,489792,2009-02-12 12:06:00,2,12.75,25.5,,,
14527,United Kingdom,Relax Large Wood Letters,21359,489792,2009-02-12 12:06:00,1,15.95,15.95,,,
14527,United Kingdom,Pack 20 Dolly Pegs,84691,489792,2009-02-12 12:06:00,8,0.85,6.8,,,
14527,United Kingdom,Retro Spots Butter Dish,21539,489792,2009-02-12 12:06:00,2,4.95,9.9,,,
14527,United Kingdom,Pink Stitched Wall Clock,84660C,489792,2009-02-12 12:06:00,1,3.75,3.75,,,
14527,United Kingdom,Peace Small Wood Letters,21364,489792,2009-02-12 12:06:00,1,6.75,6.75,,,
14527,United Kingdom,Dairy Maid Traditional Teapot ,21528,489792,2009-02-12 12:06:00,1,6.95,6.95,,,
14527,United Kingdom,Retro Spot Storage Jar,22073,489792,2009-02-12 12:06:00,2,3.75,7.5,,,
14527,United Kingdom,Teatime Round Cake Tins ,79065A,489792,2009-02-12 12:06:00,4,9.95,27,,,
14527,United Kingdom,Condiment Tray 4 Bowls And 4 Spoons,37476,489792,2009-02-12 12:06:00,1,9.95,9.95,,,
14527,United Kingdom,White Hanging Heart T-Light Holder,85123A,489792,2009-02-12 12:06:00,8,2.95,23.6,,,
14527,United Kingdom,Red Spotty Round Cake Tins,21217,489792,2009-02-12 12:06:00,4,9.95,27,,,
14527,United Kingdom,White Metal Lantern,71053,489792,2009-02-12 12:06:00,2,3.75,7.5,,,
14527,United Kingdom,Retro Spot Cake Stand,21843,489792,2009-02-12 12:06:00,1,10.95,10.95,,,
14527,United Kingdom,Brown Check Cat Doorstop ,21407,489792,2009-02-12 12:06:00,2,4.25,8.5,,,
14527,United Kingdom,Recipe Box With Metal Heart,21777,489792,2009-02-12 12:06:00,2,7.95,15.9,,,
14527,United Kingdom,Victorian Sewing Box Medium,21257,489792,2009-02-12 12:06:00,2,7.95,15.9,,,
14527,United Kingdom,Red Diner Wall Clock,22193,489792,2009-02-12 12:06:00,2,8.5,17,,,
14527,United Kingdom,Retro Spot Padded Seat Cushion,22354,489792,2009-02-12 12:06:00,2,3.75,7.5,,,
14527,United Kingdom,Pink Gingham Rose Floor Cushion,84623,489792,2009-02-12 12:06:00,3,7.95,23.85,,,
14527,United Kingdom,Victorian Sewing Box Large,21258,489792,2009-02-12 12:06:00,8,10.95,27,,,
14527,United Kingdom,Retro Spot Traditional Teapot ,21527,489792,2009-02-12 12:06:00,12,6.95,27,,,
14527,United Kingdom,Pink Cherry Lights,79323P,489792,2009-02-12 12:06:00,2,6.75,13.5,,,
14527,United Kingdom,Light Pink Cherry Lights,79323LP,489792,2009-02-12 12:06:00,2,6.75,13.5,,,
14527,United Kingdom, White Cherry Lights,79323W,489792,2009-02-12 12:06:00,2,6.75,13.5,,,
14527,United Kingdom,Blue Gingham Rose Quilt ,84619,489792,2009-02-12 12:06:00,1,45.95,27,,,
14527,United Kingdom,Triangular Pouffe Vintage ,21628,489792,2009-02-12 12:06:00,1,14.95,14.95,,,
14527,United Kingdom,Vintage Union Jack Apron,21625,489792,2009-02-12 12:06:00,4,6.95,27,,,
14527,United Kingdom,Set Of 3 Coloured  Flying Ducks,35004C,489792,2009-02-12 12:06:00,2,5.45,10.9,,,
14527,United Kingdom,Chilli Lights,79321,489792,2009-02-12 12:06:00,1,4.95,4.95,,,
14527,United Kingdom,Jumbo Storage Bag Suki,21931,489792,2009-02-12 12:06:00,1,1.95,1.95,,,
14527,United Kingdom,Jumbo Storage Bag Skulls,21930,489792,2009-02-12 12:06:00,3,1.95,5.85,,,
14527,United Kingdom,Set Of 3 Cases Woodland Design,21432,489792,2009-02-12 12:06:00,1,5.95,5.95,,,
14527,United Kingdom,"Folding Umbrella , Red/White Spot",21706,489792,2009-02-12 12:06:00,1,4.95,4.95,,,
14527,United Kingdom, Flamingo Lights,79320,489792,2009-02-12 12:06:00,1,4.95,4.95,,,
14527,United Kingdom,Red Spotty Childs Apron,21156,489792,2009-02-12 12:06:00,14,1.95,27,,,
17476,United Kingdom,White Jewelled Heart Decoration,85061W,489793,2009-02-12 12:09:00,24,0.85,20.4,,,
17476,United Kingdom,Wire Flower T-Light Holder,84977,489793,2009-02-12 12:09:00,6,1.25,7.5,,,
17476,United Kingdom,15Cm Christmas Glass Ball 20 Lights,85048,489793,2009-02-12 12:09:00,2,7.95,15.9,,,
17476,United Kingdom,Fairy Cake Candles,72756,489793,2009-02-12 12:09:00,9,1.49,13.41,,,
17476,United Kingdom,White Hanging Heart T-Light Holder,85123A,489793,2009-02-12 12:09:00,6,2.95,17.7,,,
17476,United Kingdom,Red Hanging Heart T-Light Holder,21733,489793,2009-02-12 12:09:00,6,2.95,17.7,,,
17476,United Kingdom,"Decoration, Hanging Heart+Mirror ",22227,489793,2009-02-12 12:09:00,24,0.65,15.6,,,
17476,United Kingdom,S/3 Pink Col Metal Basket W Handle,84405A,489793,2009-02-12 12:09:00,1,12.75,12.75,,,
17476,United Kingdom,Wooden Box Advent Calendar ,35400,489793,2009-02-12 12:09:00,2,8.95,17.9,,,
17476,United Kingdom,White Lovebird Lantern,22224,489793,2009-02-12 12:09:00,6,2.95,17.7,,,
17476,United Kingdom,Christmas Hanging Heart With Bell,21811,489793,2009-02-12 12:09:00,12,1.25,15,,,
17476,United Kingdom,Cream Sweetheart Mini Chest,85066,489793,2009-02-12 12:09:00,2,12.75,25.5,,,
17476,United Kingdom,Small Marakesh Metal  Lantern ,21729,489793,2009-02-12 12:09:00,6,3.25,19.5,,,
17476,United Kingdom,Jardin De Femme Scented Candle,20889,489793,2009-02-12 12:09:00,4,2.95,11.8,,,
17476,United Kingdom,Metal Shelf With Rail ,22172,489793,2009-02-12 12:09:00,2,8.5,17,,,
17476,United Kingdom,S/3 Tear Drop Cut Glass Decoration,85112,489793,2009-02-12 12:09:00,12,1.25,15,,,
15287,United Kingdom,12 Pencils Tall Tube Skulls,20982,489794,2009-02-12 12:13:00,12,0.85,10.2,,,
15287,United Kingdom,Skulls Writing Set ,21327,489794,2009-02-12 12:13:00,12,1.65,19.8,,,
15287,United Kingdom,Skulls Storage Box Large,21425,489794,2009-02-12 12:13:00,6,2.95,17.7,,,
15287,United Kingdom,Skulls Wrap,21495,489794,2009-02-12 12:13:00,25,0.42,10.5,,,
14440,United Kingdom,Grand Chocolatecandle,72741,489795,2009-02-12 12:13:00,18,1.45,26.1,,,
14440,United Kingdom,Home Building Block Word,21754,489795,2009-02-12 12:13:00,27,5.45,27,,,
14440,United Kingdom,Set Of 12 Rose Botanical T-Lights,21614,489795,2009-02-12 12:13:00,8,2.95,23.6,,,
14440,United Kingdom,Fairy Cake Candles,72756,489795,2009-02-12 12:13:00,18,1.49,26.82,,,
14440,United Kingdom,Cream Heart Card Holder,22189,489795,2009-02-12 12:13:00,12,3.95,27,,,
14440,United Kingdom,Wood S/3 Cabinet Ant White Finish,82486,489795,2009-02-12 12:13:00,8,7.95,27,,,
14440,United Kingdom,Love Building Block Word,21755,489795,2009-02-12 12:13:00,27,5.45,27,,,
14440,United Kingdom,Victorian  Metal Postcard Spring,21135,489795,2009-02-12 12:13:00,16,1.69,27,,,
14440,United Kingdom,Wooden Frame Antique White ,82494L,489795,2009-02-12 12:13:00,24,2.55,27,,,
14440,United Kingdom,Wooden Picture Frame White Finish,82482,489795,2009-02-12 12:13:00,27,2.1,27,,,
14440,United Kingdom,Cream Slice Flannel Pink Spot ,21107,489795,2009-02-12 12:13:00,24,2.55,27,,,
14440,United Kingdom,Cream Slice Flannel Chocolate Spot ,21106,489795,2009-02-12 12:13:00,24,2.55,27,,,
14440,United Kingdom,Fairy Cake Flannel Assorted Colour,21108,489795,2009-02-12 12:13:00,27,2.55,27,,,
15680,United Kingdom,Disco Ball Christmas Decoration,20668,489796,2009-02-12 12:15:00,24,0.12,2.88,,,
15680,United Kingdom,Porcelain T-Light Holders Assorted,20956,489796,2009-02-12 12:15:00,12,1.25,15,,,
15680,United Kingdom,Etched Glass Droplet Decoration,21007,489796,2009-02-12 12:15:00,12,1.45,17.4,,,
15680,United Kingdom,S/3 Tear Drop Cut Glass Decoration,85112,489796,2009-02-12 12:15:00,12,1.25,15,,,
15680,United Kingdom,Party Cone Christmas Decoration ,22130,489796,2009-02-12 12:15:00,12,0.85,10.2,,,
15680,United Kingdom,Set Of Three 50'S Gift Wraps ,21490,489796,2009-02-12 12:15:00,6,1.95,11.7,,,
15680,United Kingdom,Christmas Hanging Heart With Bell,21811,489796,2009-02-12 12:15:00,12,1.25,15,,,
15680,United Kingdom,Heart Decoration Painted Zinc ,22335,489796,2009-02-12 12:15:00,24,0.65,15.6,,,
15680,United Kingdom,Heart Filigree Dove  Small,22294,489796,2009-02-12 12:15:00,24,1.25,27,,,
15680,United Kingdom,Heart Filigree Dove Large,22295,489796,2009-02-12 12:15:00,12,1.65,19.8,,,
15680,United Kingdom,Lovebird Hanging Decoration White ,22219,489796,2009-02-12 12:15:00,12,0.85,10.2,,,
15680,United Kingdom,White Lovebird Lantern,22224,489796,2009-02-12 12:15:00,6,2.95,17.7,,,
15680,United Kingdom,White Hanging Heart T-Light Holder,85123A,489796,2009-02-12 12:15:00,12,2.95,27,,,
15680,United Kingdom,Red Hanging Heart T-Light Holder,21733,489796,2009-02-12 12:15:00,6,2.95,17.7,,,
15680,United Kingdom,Assorted Colour Bird Ornament,84879,489796,2009-02-12 12:15:00,16,1.69,27,,,
15680,United Kingdom,Silver Finch Decoration,20814,489796,2009-02-12 12:15:00,12,1.25,15,,,
15680,United Kingdom,Four Hook  White Lovebirds,22212,489796,2009-02-12 12:15:00,6,2.1,12.6,,,
15680,United Kingdom,Small Hanging Ivory/Red Wood Bird,85199S,489796,2009-02-12 12:15:00,24,0.42,10.08,,,
15680,United Kingdom,Pack Of 72 Retro Spot Cake Cases,21212,489796,2009-02-12 12:15:00,24,0.55,13.2,,,
15581,United Kingdom,Wash Bag Vintage Rose Paisley,22276,489797,2009-02-12 12:19:00,1,2.55,2.55,,,
15581,United Kingdom,Set/3 Rose Candle In Jewelled Box,72807A,489797,2009-02-12 12:19:00,5,4.25,21.25,,,
15581,United Kingdom,Lunch Bag Red Spotty,20725,489797,2009-02-12 12:19:00,1,1.65,1.65,,,
15581,United Kingdom,Tea Time Party Bunting,47566B,489797,2009-02-12 12:19:00,2,4.65,9.3,,,
15581,United Kingdom,Pink Flock Glass Candleholder,79329,489797,2009-02-12 12:19:00,4,1.65,6.6,,,
15581,United Kingdom,Chrysanthemum Sketchbook ,20765,489797,2009-02-12 12:19:00,1,3.75,3.75,,,
15581,United Kingdom,Party Cone Christmas Decoration ,22130,489797,2009-02-12 12:19:00,12,0.85,10.2,,,
15581,United Kingdom,Hot Water Bottle Tea And Sympathy,22114,489797,2009-02-12 12:19:00,1,3.95,3.95,,,
15581,United Kingdom,Set/6 Purple Butterfly T-Lights,72349B,489797,2009-02-12 12:19:00,1,2.1,2.1,,,
15581,United Kingdom,Cosy Slipper Shoes Large Red,21740,489797,2009-02-12 12:19:00,1,2.95,2.95,,,
15581,United Kingdom,3 Wick Christmas Briar Candle ,72815,489797,2009-02-12 12:19:00,1,3.75,3.75,,,
15581,United Kingdom,Lavender Scented Fabric Heart,21114,489797,2009-02-12 12:19:00,5,1.25,6.25,,,
15581,United Kingdom,Wood Stamp Set Thank You,22208,489797,2009-02-12 12:19:00,2,1.65,3.3,,,
15581,United Kingdom,Pink Star Christmas Decoration,35931,489797,2009-02-12 12:19:00,12,1.95,23.4,,,
15581,United Kingdom,Disco Ball Christmas Decoration,20668,489797,2009-02-12 12:19:00,24,0.12,2.88,,,
15581,United Kingdom,Glitter Hanging Butterfly String,20829,489797,2009-02-12 12:19:00,1,2.1,2.1,,,
15581,United Kingdom,Weekend Bag Vintage Rose Paisley,22275,489797,2009-02-12 12:19:00,1,8.5,8.5,,,
15581,United Kingdom,Pink Spots  Wrap ,21500,489797,2009-02-12 12:19:00,27,0.42,21,,,
15581,United Kingdom,Jumbo Bag Red White Spotty ,85099B,489797,2009-02-12 12:19:00,4,1.95,7.8,,,
15581,United Kingdom,36 Pencils Tube Red Spotty,20979,489797,2009-02-12 12:19:00,2,1.25,2.5,,,
15581,United Kingdom, Silver T-Light Setting,85103,489797,2009-02-12 12:19:00,3,6.75,20.25,,,
15581,United Kingdom,Kensington Coffee Set,20748,489797,2009-02-12 12:19:00,1,12.75,12.75,,,
15581,United Kingdom,Charlie+Lola Red Hot Water Bottle ,84031A,489797,2009-02-12 12:19:00,2,4.65,9.3,,,
15581,United Kingdom,Charlie+Lola Pink Hot Water Bottle,84032A,489797,2009-02-12 12:19:00,1,2.95,2.95,,,
15581,United Kingdom,Pink Fairy Cake Child'S Apron,47591D,489797,2009-02-12 12:19:00,3,1.95,5.85,,,
13740,United Kingdom,Hot Water Bottle Tea And Sympathy,22114,489798,2009-02-12 12:22:00,4,3.95,15.8,,,
13740,United Kingdom,Frying Pan Union Flag,22207,489798,2009-02-12 12:22:00,4,4.25,17,,,
13740,United Kingdom,Frying Pan Blue Polkadot ,22201,489798,2009-02-12 12:22:00,4,4.25,17,,,
13740,United Kingdom,Cake Stand White Two Tier Lace,22215,489798,2009-02-12 12:22:00,2,8.5,17,,,
13740,United Kingdom,Heart Ivory Trellis Large,22296,489798,2009-02-12 12:22:00,12,1.65,19.8,,,
13740,United Kingdom,Pink Fairy Cake Child'S Apron,47591D,489798,2009-02-12 12:22:00,8,1.95,15.6,,,
13740,United Kingdom,Union Jack Hot Water Bottle ,22125,489798,2009-02-12 12:22:00,3,5.95,17.85,,,
13740,United Kingdom,Vintage Union Jack Cushion Cover,21622,489798,2009-02-12 12:22:00,4,4.95,19.8,,,
13740,United Kingdom,Vintage Union Jack Doorstop,21624,489798,2009-02-12 12:22:00,3,5.95,17.85,,,
13740,United Kingdom,Sweetheart Ceramic Trinket Box,21231,489798,2009-02-12 12:22:00,12,1.25,15,,,
13740,United Kingdom,Retro Spot Storage Jar,22073,489798,2009-02-12 12:22:00,4,3.75,15,,,
13740,United Kingdom,Retro Spot Traditional Teapot ,21527,489798,2009-02-12 12:22:00,2,7.95,15.9,,,
13740,United Kingdom,Dairy Maid Traditional Teapot ,21528,489798,2009-02-12 12:22:00,2,6.95,13.9,,,
13740,United Kingdom,Frying Pan Red Polkadot ,22199,489798,2009-02-12 12:22:00,4,4.25,17,,,
13740,United Kingdom,Red Spotty Coir Doormat,20685,489798,2009-02-12 12:22:00,2,6.75,13.5,,,
13740,United Kingdom,Ladle Love Heart Pink,22135,489798,2009-02-12 12:22:00,12,0.42,5.04,,,
13740,United Kingdom,Rose Caravan Doorstop,21115,489798,2009-02-12 12:22:00,2,6.75,13.5,,,
13740,United Kingdom,Retro Spot Large Milk Jug,21533,489798,2009-02-12 12:22:00,3,4.95,14.85,,,
13740,United Kingdom,Retro Spot Small Milk Jug,21535,489798,2009-02-12 12:22:00,6,2.55,15.3,,,
17768,United Kingdom,Blue Spots  Wrap,21499,489800,2009-02-12 12:26:00,25,0.42,10.5,,,
17768,United Kingdom,Fairy Cake Candles,72756,489800,2009-02-12 12:26:00,9,1.49,13.41,,,
17768,United Kingdom,Pink Marshmallow Scarf Knitting Kit,82615,489800,2009-02-12 12:26:00,4,2.95,11.8,,,
17768,United Kingdom,Bubble Gum Scarf Knitting Kit,82616A,489800,2009-02-12 12:26:00,2,2.95,5.9,,,
17768,United Kingdom,Multi Hearts  Stickers,21726,489800,2009-02-12 12:26:00,27,0.85,27,,,
17768,United Kingdom,"Wrap,Suki And Friends",16161U,489800,2009-02-12 12:26:00,25,0.42,10.5,,,
17768,United Kingdom,Fancy Fonts Birthday Wrap,21497,489800,2009-02-12 12:26:00,25,0.42,10.5,,,
17768,United Kingdom,Food/Drink Spunge Stickers,16012,489800,2009-02-12 12:26:00,27,0.21,12.81,,,
17768,United Kingdom,3D Sheet Of Cat Stickers,84559B,489800,2009-02-12 12:26:00,8,0.85,6.8,,,
17768,United Kingdom,3D Sheet Of Dog Stickers,84559A,489800,2009-02-12 12:26:00,4,0.85,3.4,,,
17768,United Kingdom,Fairy Cake Greetings Card,84249D,489800,2009-02-12 12:26:00,12,0.42,5.04,,,
17768,United Kingdom,Christmas Toilet Roll,21098,489800,2009-02-12 12:26:00,2,1.25,2.5,,,
17768,United Kingdom,Wash Bag Vintage Rose Paisley,22276,489800,2009-02-12 12:26:00,10,2.55,25.5,,,
17768,United Kingdom,Asstd Design Bubble Gum Ring,84270,489800,2009-02-12 12:26:00,27,0.21,18.9,,,
17768,United Kingdom,Big Doughnut Fridge Magnets,21700,489800,2009-02-12 12:26:00,27,0.85,25.5,,,
17768,United Kingdom,Charlie And Lola Charlotte Bag,21100,489800,2009-02-12 12:26:00,20,1.65,27,,,
17768,United Kingdom,Frying Pan Pink Polkadot ,22200,489800,2009-02-12 12:26:00,1,4.25,4.25,,,
17768,United Kingdom,Milk Pan Pink Retrospot,22202,489800,2009-02-12 12:26:00,1,3.75,3.75,,,
17768,United Kingdom,Pink Heart Shape Egg Frying Pan,84050,489800,2009-02-12 12:26:00,6,1.65,9.9,,,
17768,United Kingdom,Small Heart Measuring Spoons,22196,489800,2009-02-12 12:26:00,2,0.85,1.7,,,
17768,United Kingdom,Large Heart Measuring Spoons,22195,489800,2009-02-12 12:26:00,6,1.65,9.9,,,
17768,United Kingdom,Brocade Ring Purse ,17003,489800,2009-02-12 12:26:00,27,0.21,7.56,,,
17768,United Kingdom,Set Of 4 Diamond Napkin Rings,84813,489800,2009-02-12 12:26:00,1,12.75,12.75,,,
17768,United Kingdom,Pink Doughnut Trinket Pot ,22064,489800,2009-02-12 12:26:00,12,1.65,19.8,,,
17768,United Kingdom,Pizza Slice Dish,22347,489800,2009-02-12 12:26:00,12,1.25,15,,,
17768,United Kingdom,Strawberry Ceramic Trinket Box,21232,489800,2009-02-12 12:26:00,12,1.25,15,,,
17768,United Kingdom,Sweetheart Ceramic Trinket Box,21231,489800,2009-02-12 12:26:00,12,1.25,15,,,
17768,United Kingdom,Red Spotty Shopper Bag,20718,489800,2009-02-12 12:26:00,6,1.25,7.5,,,
17768,United Kingdom,Jumbo Bag Red White Spotty ,85099B,489800,2009-02-12 12:26:00,6,1.95,11.7,,,
17768,United Kingdom,Red Spotty Charlotte Bag,20724,489800,2009-02-12 12:26:00,10,0.85,8.5,,,
17768,United Kingdom,"Charlotte Bag , Pink/White Spots",22356,489800,2009-02-12 12:26:00,2,0.85,1.7,,,
12948,United Kingdom,Red Charlie+Lola Personal Doorsign,85071B,489801,2009-02-12 12:28:00,27,0.38,27,,,
12948,United Kingdom,Strawberry Candy Bag,20730,489801,2009-02-12 12:28:00,10,1.25,12.5,,,
12948,United Kingdom,Suki  Shoulder Bag,21935,489801,2009-02-12 12:28:00,10,1.65,16.5,,,
12948,United Kingdom,Afghan Slipper Sock Pair,51008,489801,2009-02-12 12:28:00,10,3.45,27,,,
12948,United Kingdom,Save The Planet Mug,21871,489801,2009-02-12 12:28:00,12,1.25,15,,,
12948,United Kingdom,Save The Planet Cotton Tote Bag,21577,489801,2009-02-12 12:28:00,6,2.25,13.5,,,
15581,United Kingdom,Ribbon Reel Flora + Fauna ,22081,489802,2009-02-12 12:32:00,5,1.65,8.25,,,
15581,United Kingdom,Wise Man Star Shape Egg Pan,84388,489802,2009-02-12 12:32:00,1,1.65,1.65,,,
15581,United Kingdom,Asstd Design Racing Car Pen,11001,489802,2009-02-12 12:32:00,2,1.69,3.38,,,
15581,United Kingdom,Magic Tree -Paper Flowers,84006,489802,2009-02-12 12:32:00,1,0.85,0.85,,,
15581,United Kingdom,World War 2 Gliders Asstd Designs,84077,489802,2009-02-12 12:32:00,3,0.21,0.63,,,
15581,United Kingdom,Funky Washing Up Gloves Assorted,20751,489802,2009-02-12 12:32:00,1,2.1,2.1,,,
15581,United Kingdom,Small Heart Measuring Spoons,22196,489802,2009-02-12 12:32:00,1,0.85,0.85,,,
15581,United Kingdom,12 Pencils Tall Tube Woodland,20981,489802,2009-02-12 12:32:00,1,0.85,0.85,,,
15581,United Kingdom,12 Pencils Tall Tube Skulls,20982,489802,2009-02-12 12:32:00,1,0.85,0.85,,,
15581,United Kingdom,Silver Glass T-Light Set,85104,489802,2009-02-12 12:32:00,4,2.95,11.8,,,
15581,United Kingdom,S/3 Tear Drop Cut Glass Decoration,85112,489802,2009-02-12 12:32:00,3,1.25,3.75,,,
15581,United Kingdom,Silver Sleighbell  Wreath,21353,489802,2009-02-12 12:32:00,1,7.95,7.95,,,
15581,United Kingdom,Rex Cash+Carry Jumbo Shopper,21034,489802,2009-02-12 12:32:00,1,0.95,0.95,,,
15581,United Kingdom,Vintage Kid Dolly Card ,21508,489802,2009-02-12 12:32:00,12,0.42,5.04,,,
15581,United Kingdom,Penny Farthing Birthday Card,22028,489802,2009-02-12 12:32:00,12,0.42,5.04,,,
15581,United Kingdom,Retro Plastic 70'S Tray,79192A,489802,2009-02-12 12:32:00,1,1.25,1.25,,,
15581,United Kingdom,Assorted Colour Silk Cosmetic Purse,85222,489802,2009-02-12 12:32:00,3,2.1,6.3,,,
15581,United Kingdom,Tea Party  Wrapping Paper ,22046,489802,2009-02-12 12:32:00,25,0.42,10.5,,,
15581,United Kingdom,"Wrap,Suki And Friends",16161U,489802,2009-02-12 12:32:00,25,0.42,10.5,,,
15581,United Kingdom,"Brocade Purse,Small Arch Button",17033,489802,2009-02-12 12:32:00,4,0.29,1.16,,,
15581,United Kingdom,Assorted Colour Silk Cosmetic Purse,85222,489802,2009-02-12 12:32:00,4,2.1,8.4,,,
15581,United Kingdom,Silver Lattice Vanilla Candle Pot,21692,489802,2009-02-12 12:32:00,2,3.75,7.5,,,
15581,United Kingdom,Jumbo Storage Bag Suki,21931,489802,2009-02-12 12:32:00,1,1.95,1.95,,,
15581,United Kingdom,Stars Gift Tape ,21883,489802,2009-02-12 12:32:00,1,0.65,0.65,,,
15581,United Kingdom,Skulls Tape,21882,489802,2009-02-12 12:32:00,1,0.65,0.65,,,
15581,United Kingdom,Cakes And Bows Gift  Tape,21884,489802,2009-02-12 12:32:00,1,0.65,0.65,,,
15581,United Kingdom,Cute Cats Tape,21881,489802,2009-02-12 12:32:00,1,0.65,0.65,,,
15581,United Kingdom,Red And White Spot Tape,21880,489802,2009-02-12 12:32:00,1,0.65,0.65,,,
15581,United Kingdom,Box Of 24 Cocktail Parasols,84692,489802,2009-02-12 12:32:00,1,0.42,0.42,,,
15581,United Kingdom,Light Pink Flock Glass Candleholder,79336,489802,2009-02-12 12:32:00,1,1.65,1.65,,,
15581,United Kingdom,Woodland Party Bag + Sticker Set,22331,489802,2009-02-12 12:32:00,4,1.65,6.6,,,
15581,United Kingdom,Antique All Glass Candlestick,21012,489802,2009-02-12 12:32:00,1,2.1,2.1,,,
15581,United Kingdom,200 Red + White Bendy Straws,22315,489802,2009-02-12 12:32:00,1,1.25,1.25,,,
15581,United Kingdom,Blue Rocking Singing Canary,85097B,489802,2009-02-12 12:32:00,2,3.75,7.5,,,
15581,United Kingdom,Pink Heart Dots Hot Water Bottle,21486,489802,2009-02-12 12:32:00,1,3.75,3.75,,,
15581,United Kingdom,White Skull Hot Water Bottle ,21479,489802,2009-02-12 12:32:00,1,3.75,3.75,,,
15581,United Kingdom,Woodland Animal  Writing Set ,21330,489802,2009-02-12 12:32:00,1,1.65,1.65,,,
15581,United Kingdom,Balloons  Writing Set ,21328,489802,2009-02-12 12:32:00,1,1.65,1.65,,,
15581,United Kingdom,Medina Stamped Metal Tray ,21685,489802,2009-02-12 12:32:00,1,14.95,14.95,,,
15581,United Kingdom,Ribbon Reel Hearts Design ,22079,489802,2009-02-12 12:32:00,5,1.65,8.25,,,
15581,United Kingdom,Recycled Pencil With Rabbit Eraser,16235,489802,2009-02-12 12:32:00,1,0.21,0.21,,,
15581,United Kingdom,Top Secret Pen Set,84466,489802,2009-02-12 12:32:00,1,1.25,1.25,,,
15581,United Kingdom,Silver Glitter Flower Votive Holder,85111,489802,2009-02-12 12:32:00,1,1.25,1.25,,,
15581,United Kingdom,Rose 1 Wick Morris Boxed Candle,85036C,489802,2009-02-12 12:32:00,2,4.25,8.5,,,
15581,United Kingdom,"Elephant, Birthday Card, ",21507,489802,2009-02-12 12:32:00,12,0.42,5.04,,,
14667,United Kingdom,Girly Pink Tool Set,84854,489804,2009-02-12 12:38:00,2,4.95,9.9,,,
14667,United Kingdom,Grey Heart Hot Water Bottle,22113,489804,2009-02-12 12:38:00,12,3.45,27,,,
14667,United Kingdom,Blokey Silver Tool Set,84855,489804,2009-02-12 12:38:00,2,4.95,9.9,,,
14667,United Kingdom,Girly Pink Tool Set,84854,489804,2009-02-12 12:38:00,3,4.95,14.85,,,
14667,United Kingdom,White Christmas Heart Decoration,21806,489804,2009-02-12 12:38:00,27,0.42,15.12,,,
14667,United Kingdom,72 Sweetheart Fairy Cake Cases,84992,489804,2009-02-12 12:38:00,24,0.55,13.2,,,
14667,United Kingdom,Pack Of 72 Retro Spot Cake Cases,21212,489804,2009-02-12 12:38:00,24,0.55,13.2,,,
14667,United Kingdom,Cinammon Set Of 9 T-Lights,85231B,489804,2009-02-12 12:38:00,6,0.85,5.1,,,
14667,United Kingdom,Orange Scented Set/9 T-Lights,85231G,489804,2009-02-12 12:38:00,4,0.85,3.4,,,
14667,United Kingdom,Angel Decoration With Lace Padded,22157,489804,2009-02-12 12:38:00,24,0.85,20.4,,,
14667,United Kingdom,Mirror Love Bird T-Light Holder,84952C,489804,2009-02-12 12:38:00,6,3.75,22.5,,,
14667,United Kingdom,Christmas Tree T-Light Holder,21816,489804,2009-02-12 12:38:00,12,1.45,17.4,,,
14667,United Kingdom,S/15 Silver Glass Baubles In Bag,84754,489804,2009-02-12 12:38:00,10,1.25,12.5,,,
14667,United Kingdom,Red Flower Crochet Food Cover,21466,489804,2009-02-12 12:38:00,3,3.75,11.25,,,
14667,United Kingdom,Green Christmas Tree Card Holder,22187,489804,2009-02-12 12:38:00,5,4.25,21.25,,,
14667,United Kingdom,S/4 Ivory Mini Rose Candle In Bowl,85039B,489804,2009-02-12 12:38:00,12,1.65,19.8,,,
17377,United Kingdom,60 Teatime Fairy Cake Cases,84991,489805,2009-02-12 12:39:00,3,0.55,1.65,,,
17377,United Kingdom,Gin & Tonic Diet Greeting Card ,21519,489805,2009-02-12 12:39:00,12,0.42,5.04,,,
17377,United Kingdom,Bank Account  Greeting  Card ,21518,489805,2009-02-12 12:39:00,12,0.42,5.04,,,
17377,United Kingdom,Swallows Greeting Card,22030,489805,2009-02-12 12:39:00,12,0.42,5.04,,,
17377,United Kingdom,Rainy Ladies Birthday Card,22024,489805,2009-02-12 12:39:00,12,0.42,5.04,,,
17377,United Kingdom,Penny Farthing Birthday Card,22028,489805,2009-02-12 12:39:00,12,0.42,5.04,,,
17377,United Kingdom,Empire Birthday Card,22023,489805,2009-02-12 12:39:00,12,0.42,5.04,,,
17377,United Kingdom,Home Sweet Home Mug,21877,489805,2009-02-12 12:39:00,6,1.25,7.5,,,
17377,United Kingdom,Retro Blue Spotty Washing Up Gloves,20752,489805,2009-02-12 12:39:00,1,2.1,2.1,,,
17377,United Kingdom,Retro Pink Spot Washing Up Gloves,20753,489805,2009-02-12 12:39:00,1,2.1,2.1,,,
17377,United Kingdom, Vintage Design Gift Tags,21493,489805,2009-02-12 12:39:00,10,0.85,8.5,,,
17377,United Kingdom,Set/2 Red Spotty Tea Towels ,21035,489805,2009-02-12 12:39:00,2,2.95,5.9,,,
17377,United Kingdom,Red Spotty Oven Glove Double,21041,489805,2009-02-12 12:39:00,3,2.95,8.85,,,
17377,United Kingdom,Set Of 2 Fancy Font Tea Towels,22122,489805,2009-02-12 12:39:00,2,2.95,5.9,,,
17377,United Kingdom,Tea Time Tea Towels ,47556B,489805,2009-02-12 12:39:00,2,2.95,5.9,,,
17377,United Kingdom,New Baroque Jewellery Box ,84600,489805,2009-02-12 12:39:00,1,7.95,7.95,,,
17377,United Kingdom,Set/3 Red Gingham Rose Storage Box,21430,489805,2009-02-12 12:39:00,1,3.75,3.75,,,
17377,United Kingdom,String Of 20 Rose Lights,21477,489805,2009-02-12 12:39:00,2,12.75,25.5,,,
17377,United Kingdom,Red Gingham Rose Jewellery Box,21429,489805,2009-02-12 12:39:00,1,1.65,1.65,,,
17377,United Kingdom,Green Gingham Flower Jewellery Box,21431,489805,2009-02-12 12:39:00,1,1.65,1.65,,,
17377,United Kingdom,Set Of 4 Diamond Napkin Rings,84813,489805,2009-02-12 12:39:00,1,12.75,12.75,,,
17377,United Kingdom,Vintage Union Jack Bunting,21621,489805,2009-02-12 12:39:00,2,8.5,17,,,
17377,United Kingdom,Fairy Cake Candles,72756,489805,2009-02-12 12:39:00,9,1.49,13.41,,,
17377,United Kingdom,Wooden Frame Antique White ,82494L,489805,2009-02-12 12:39:00,4,2.95,11.8,,,
17377,United Kingdom,Set/3 Russian Doll Stacking Tins,85232B,489805,2009-02-12 12:39:00,1,4.95,4.95,,,
17377,United Kingdom,Kings Choice Cigar Box Matches ,21590,489805,2009-02-12 12:39:00,3,1.25,3.75,,,
17377,United Kingdom,Swallow Cigar Box Matches ,21593,489805,2009-02-12 12:39:00,3,1.25,3.75,,,
17377,United Kingdom,Set Of 4 English Rose Coasters,84510A,489805,2009-02-12 12:39:00,2,1.25,2.5,,,
17377,United Kingdom,Set Of 4 Polkadots Coasters,84510C,489805,2009-02-12 12:39:00,2,1.25,2.5,,,
17377,United Kingdom,12 Pencils Tall Tube Woodland,20981,489805,2009-02-12 12:39:00,3,0.85,2.55,,,
17377,United Kingdom,Flower Fairy Incense Lavender,17109B,489805,2009-02-12 12:39:00,2,1.69,3.38,,,
17377,United Kingdom,Flower Fairy Incense Rose,17109C,489805,2009-02-12 12:39:00,3,1.69,5.07,,,
17377,United Kingdom,Red Spot Heart Hot Water Bottle,21485,489805,2009-02-12 12:39:00,9,4.95,27,,,
17377,United Kingdom,Rex Cash+Carry Jumbo Shopper,21034,489805,2009-02-12 12:39:00,1,0.95,0.95,,,
17377,United Kingdom,Vintage Union Jack Cushion Cover,21622,489805,2009-02-12 12:39:00,25,4.95,27,,,
17377,United Kingdom,Scottie Dog Hot Water Bottle,22111,489805,2009-02-12 12:39:00,7,4.95,27,,,
17377,United Kingdom,Set Of Three 50'S Gift Wraps ,21490,489805,2009-02-12 12:39:00,2,1.95,3.9,,,
17377,United Kingdom,Set Of Three Vintage Gift Wraps,21491,489805,2009-02-12 12:39:00,4,1.95,7.8,,,
17377,United Kingdom,Red Spotty Luggage Tag,20658,489805,2009-02-12 12:39:00,4,1.25,5,,,
17377,United Kingdom,Red Heart Luggage Tag,20669,489805,2009-02-12 12:39:00,10,1.25,12.5,,,
17377,United Kingdom,Ribbon Reel Hearts Design ,22079,489805,2009-02-12 12:39:00,3,1.65,4.95,,,
17377,United Kingdom,Ribbon Reel Spots Design ,22080,489805,2009-02-12 12:39:00,3,1.65,4.95,,,
17377,United Kingdom,Pack Of 72 Retro Spot Cake Cases,21212,489805,2009-02-12 12:39:00,4,0.55,2.2,,,
17377,United Kingdom,Pack Of 60 Mushroom Cake Cases,21976,489805,2009-02-12 12:39:00,1,0.55,0.55,,,
17377,United Kingdom,72 Sweetheart Fairy Cake Cases,84992,489805,2009-02-12 12:39:00,7,0.55,3.85,,,
17377,United Kingdom,Pack Of 60 Pink Paisley Cake Cases,21977,489805,2009-02-12 12:39:00,4,0.55,2.2,,,
15581,United Kingdom,Red Reindeer String Of 20 Lights,85044,489807,2009-02-12 12:43:00,2,4.95,9.9,,,
15581,United Kingdom,Bag 125G Swirly Marbles,21703,489807,2009-02-12 12:43:00,27,0.36,27,,,
15581,United Kingdom,Giant Medina Stamped Metal Bowl ,21681,489807,2009-02-12 12:43:00,1,9.95,9.95,,,
15581,United Kingdom,Jungle Popsicles Ice Lolly Holders,84828,489807,2009-02-12 12:43:00,1,1.25,1.25,,,
15581,United Kingdom,Buddha Incense Holder Assorted,35160,489807,2009-02-12 12:43:00,1,0.85,0.85,,,
15581,United Kingdom,Pack Of 60 Dinosaur Cake Cases,21975,489807,2009-02-12 12:43:00,1,0.55,0.55,,,
15581,United Kingdom,72 Sweetheart Fairy Cake Cases,84992,489807,2009-02-12 12:43:00,1,0.55,0.55,,,
15581,United Kingdom,Lunch Bag Cars Blue,20728,489807,2009-02-12 12:43:00,1,1.65,1.65,,,
15581,United Kingdom,Fawn Blue Hot Water Bottle,21481,489807,2009-02-12 12:43:00,1,2.95,2.95,,,
15581,United Kingdom,Jumbo Storage Bag Suki,21931,489807,2009-02-12 12:43:00,1,1.95,1.95,,,
15581,United Kingdom,Assorted Colour Jumbo Pen,10138,489807,2009-02-12 12:43:00,27,0.42,27,,,
15581,United Kingdom,White Beaded Garland String 20Light,85047,489807,2009-02-12 12:43:00,1,6.35,6.35,,,
15581,United Kingdom,Charlie & Lola Wastepaper Bin Blue,85183A,489807,2009-02-12 12:43:00,1,3.75,3.75,,,
15581,United Kingdom,Charlie+Lola Red Hot Water Bottle ,84031A,489807,2009-02-12 12:43:00,1,4.65,4.65,,,
15581,United Kingdom,Light Bird House Tree Decoration,21016,489807,2009-02-12 12:43:00,2,0.85,1.7,,,
15581,United Kingdom,Party Cone Christmas Decoration ,22130,489807,2009-02-12 12:43:00,12,0.85,10.2,,,
15581,United Kingdom,White Snow Scandinavian Stocking ,35981C,489807,2009-02-12 12:43:00,2,1.25,2.5,,,
15581,United Kingdom,Light Bird House Tree Decoration,21016,489807,2009-02-12 12:43:00,1,0.85,0.85,,,
15581,United Kingdom,Painted Metal Tree With Holly Bells,21825,489807,2009-02-12 12:43:00,8,1.45,11.6,,,
15581,United Kingdom,12 Pencils Small Tube Skull,20974,489807,2009-02-12 12:43:00,1,0.65,0.65,,,
15581,United Kingdom,12 Pencils Small Tube Red Spotty,20975,489807,2009-02-12 12:43:00,1,0.65,0.65,,,
15581,United Kingdom,Six String Scandinavian Heart Decs,35979,489807,2009-02-12 12:43:00,1,2.95,2.95,,,
15581,United Kingdom, Vintage Design Gift Tags,21493,489807,2009-02-12 12:43:00,2,0.85,1.7,,,
15581,United Kingdom,Feltcraft Doll Molly,22273,489807,2009-02-12 12:43:00,1,2.95,2.95,,,
15581,United Kingdom,Wooden Box Advent Calendar ,35400,489807,2009-02-12 12:43:00,2,8.95,17.9,,,
15581,United Kingdom,Cherry Crochet Food Cover,21467,489807,2009-02-12 12:43:00,1,3.75,3.75,,,
15581,United Kingdom,Rotating Silver Angels T-Light Hldr,84347,489807,2009-02-12 12:43:00,1,2.55,2.55,,,
15581,United Kingdom,Rex Cash+Carry Jumbo Shopper,21034,489807,2009-02-12 12:43:00,1,0.95,0.95,,,
14467,United Kingdom,Set Of 4 English Rose Coasters,84510A,489808,2009-02-12 12:44:00,2,1.25,2.5,,,
14467,United Kingdom,Set Of 4 New England Coasters ,84510F,489808,2009-02-12 12:44:00,2,1.25,2.5,,,
14467,United Kingdom,White Hanging Heart T-Light Holder,85123A,489808,2009-02-12 12:44:00,8,2.95,23.6,,,
14467,United Kingdom,Pink Cream Felt Craft Trinket Box ,20972,489808,2009-02-12 12:44:00,4,1.25,5,,,
14467,United Kingdom,Pink Mini Tape Measure ,20736,489808,2009-02-12 12:44:00,6,0.85,5.1,,,
14467,United Kingdom,Pack Of 72 Retro Spot Cake Cases,21212,489808,2009-02-12 12:44:00,4,0.55,2.2,,,
14467,United Kingdom,Ribbon Reel Spots Design ,22080,489808,2009-02-12 12:44:00,1,1.65,1.65,,,
14467,United Kingdom,Ribbon Reel Stripes Design ,22082,489808,2009-02-12 12:44:00,1,1.65,1.65,,,
14467,United Kingdom,Pack Of 12 Pink Spot Tissues ,21986,489808,2009-02-12 12:44:00,6,0.29,1.74,,,
14467,United Kingdom,Feltcraft Butterfly Hearts,22147,489808,2009-02-12 12:44:00,10,1.45,14.5,,,
14467,United Kingdom,Green Gingham Flower Jewellery Box,21431,489808,2009-02-12 12:44:00,2,1.65,3.3,,,
14467,United Kingdom,Red Gingham Rose Jewellery Box,21429,489808,2009-02-12 12:44:00,2,1.65,3.3,,,
14467,United Kingdom,Red Star Card Holder,22186,489808,2009-02-12 12:44:00,5,2.95,14.75,,,
14467,United Kingdom,Folkart Zinc Heart Christmas Dec,35961,489808,2009-02-12 12:44:00,12,0.85,10.2,,,
14467,United Kingdom,12 Pencils Tall Tube Red Spotty,20983,489808,2009-02-12 12:44:00,10,0.85,8.5,,,
14467,United Kingdom,12 Pencils Tall Tube Skulls,20982,489808,2009-02-12 12:44:00,5,0.85,4.25,,,
14467,United Kingdom,Tea Time Des Tea Cosy,47580,489808,2009-02-12 12:44:00,2,2.55,5.1,,,
13457,United Kingdom,Lunch Bag Woodland,20726,489809,2009-02-12 12:46:00,10,1.65,16.5,,,
13457,United Kingdom,White Retrodisc Lampshade,85162C,489809,2009-02-12 12:46:00,24,1.95,27,,,
13457,United Kingdom,Clear Colour Glass Gems In Bag,17129D,489809,2009-02-12 12:46:00,12,0.85,10.2,,,
13457,United Kingdom,Suki  Shoulder Bag,21935,489809,2009-02-12 12:46:00,10,1.65,16.5,,,
13457,United Kingdom,Pink Heart Shape Egg Frying Pan,84050,489809,2009-02-12 12:46:00,6,1.65,9.9,,,
13457,United Kingdom,Tea Time Breakfast Basket,47579,489809,2009-02-12 12:46:00,6,2.1,12.6,,,
18108,United Kingdom,White Tissue Ream,22415,489810,2009-02-12 12:47:00,4,7.95,27,,,
18108,United Kingdom,Home Building Block Word,21754,489810,2009-02-12 12:47:00,3,5.95,17.85,,,
18108,United Kingdom,Love Building Block Word,21755,489810,2009-02-12 12:47:00,3,5.95,17.85,,,
18108,United Kingdom,Wooden Frame Antique White ,82494L,489810,2009-02-12 12:47:00,6,2.95,17.7,,,
18108,United Kingdom,Heart Ivory Trellis Large,22296,489810,2009-02-12 12:47:00,12,1.65,19.8,,,
18108,United Kingdom, Silver T-Light Setting,85103,489810,2009-02-12 12:47:00,2,6.75,13.5,,,
18108,United Kingdom,Assorted Colour Mini Cases,20749,489810,2009-02-12 12:47:00,2,7.95,15.9,,,
18108,United Kingdom,Silver Washbag,21337,489810,2009-02-12 12:47:00,6,2.95,17.7,,,
18108,United Kingdom,Set/3 Rose Candle In Jewelled Box,72807A,489810,2009-02-12 12:47:00,4,4.25,17,,,
18108,United Kingdom,Antique Glass Heart Decoration ,21143,489810,2009-02-12 12:47:00,12,1.95,23.4,,,
18108,United Kingdom,Christmas Hanging Heart With Bell,21811,489810,2009-02-12 12:47:00,12,1.25,15,,,
18108,United Kingdom,Fancy Font Home Sweet Home Doormat,21523,489810,2009-02-12 12:47:00,2,6.75,13.5,,,
18108,United Kingdom,Union Jack Guns & Roses  Doormat,21955,489810,2009-02-12 12:47:00,2,6.75,13.5,,,
18108,United Kingdom, Silver Cherry Lights,79323S,489810,2009-02-12 12:47:00,4,6.75,27,,,
18108,United Kingdom,Black Cherry Lights,79323B,489810,2009-02-12 12:47:00,4,6.75,27,,,
18108,United Kingdom,Welcome  Wooden Block Letters,22120,489810,2009-02-12 12:47:00,3,9.95,27,,,
18108,United Kingdom,Union Jack Flag Passport Cover ,21864,489810,2009-02-12 12:47:00,6,2.1,12.6,,,
18108,United Kingdom,Vippassport Cover ,20622,489810,2009-02-12 12:47:00,6,2.1,12.6,,,
18108,United Kingdom,Polyester Filler Pad 45X45Cm,46000M,489810,2009-02-12 12:47:00,4,1.55,6.2,,,
18108,United Kingdom,Vintage Union Jack Cushion Cover,21622,489810,2009-02-12 12:47:00,4,4.95,19.8,,,
18108,United Kingdom,Premium Church Candle,72267,489810,2009-02-12 12:47:00,8,2.1,16.8,,,
18108,United Kingdom,Roses In White Heart Candle ,72484,489810,2009-02-12 12:47:00,12,1.25,15,,,
18108,United Kingdom,Zinc Metal Heart Decoration,84836,489810,2009-02-12 12:47:00,24,1.25,27,,,
18108,United Kingdom,Gingham Heart Decoration,84791,489810,2009-02-12 12:47:00,6,2.95,17.7,,,
18108,United Kingdom,Cream Heart Card Holder,22189,489810,2009-02-12 12:47:00,8,3.95,27,,,
18108,United Kingdom,Christmas Craft Heart Stocking ,22145,489810,2009-02-12 12:47:00,6,2.1,12.6,,,
16210,United Kingdom,Full English Breakfast Plate,22109,489811,2009-02-12 12:54:00,8,3.75,27,,,
16210,United Kingdom,Pizza Plate In Box,22107,489811,2009-02-12 12:54:00,8,3.75,27,,,
16210,United Kingdom,Vintage Union Jack Apron,21625,489811,2009-02-12 12:54:00,3,6.95,20.85,,,
16210,United Kingdom,Vintage Union Jack Cushion Cover,21622,489811,2009-02-12 12:54:00,4,4.95,19.8,,,
16210,United Kingdom,Strawberry Ceramic Trinket Box,21232,489811,2009-02-12 12:54:00,27,1.06,27,,,
16210,United Kingdom,Sweetheart Ceramic Trinket Box,21231,489811,2009-02-12 12:54:00,27,1.06,27,,,
16210,United Kingdom,Fairy Cake Ceramic Butter Dish,37494A,489811,2009-02-12 12:54:00,27,2.55,27,,,
16210,United Kingdom,Heart Decoration Painted Zinc ,22335,489811,2009-02-12 12:54:00,27,0.55,27,,,
16210,United Kingdom, White Cherry Lights,79323W,489811,2009-02-12 12:54:00,24,5.45,27,,,
17377,United Kingdom,Vintage Notebook Beauty Girl,20906,489812,2009-02-12 13:00:00,1,2.95,2.95,,,
17377,United Kingdom,Pink Oval Jewelled Mirror,84709B,489812,2009-02-12 13:00:00,2,5.95,11.9,,,
17377,United Kingdom,Pack Of 72 Retro Spot Cake Cases,21212,489812,2009-02-12 13:00:00,1,0.55,0.55,,,
17377,United Kingdom,Romantic Images Gift Wrap Set,85032A,489812,2009-02-12 13:00:00,1,2.1,2.1,,,
17377,United Kingdom,Yuletide Images S/6 Paper Boxes,85018D,489812,2009-02-12 13:00:00,1,2.55,2.55,,,
17377,United Kingdom,Cream Sweetheart Mini Chest,85066,489812,2009-02-12 13:00:00,1,12.75,12.75,,,
17377,United Kingdom,Pink Jewelled Photo Frame ,84708B,489812,2009-02-12 13:00:00,1,4.95,4.95,,,
17377,United Kingdom,Victorian Sewing Kit,85178,489812,2009-02-12 13:00:00,2,1.25,2.5,,,
17377,United Kingdom,French Emroidr Lavender Scent Heart,21391,489812,2009-02-12 13:00:00,3,2.1,6.3,,,
17377,United Kingdom,"Pearl & Shell 42""Neckl. Ivory",90035C,489812,2009-02-12 13:00:00,19,10.75,27,,,
17377,United Kingdom,Diamante Bow Brooch Green Colour,90082A,489812,2009-02-12 13:00:00,1,6.35,6.35,,,
17377,United Kingdom,Red And White Spot Tape,21880,489812,2009-02-12 13:00:00,1,0.65,0.65,,,
17377,United Kingdom,Stars Gift Tape ,21883,489812,2009-02-12 13:00:00,1,0.65,0.65,,,
17377,United Kingdom,Ribbon Reel Spots Design ,22080,489812,2009-02-12 13:00:00,1,1.65,1.65,,,
17377,United Kingdom,Tea Time Tea Towels ,47556B,489812,2009-02-12 13:00:00,1,2.95,2.95,,,
17377,United Kingdom,Set Of 2 Fancy Font Tea Towels,22122,489812,2009-02-12 13:00:00,1,2.95,2.95,,,
17377,United Kingdom,Modern Floral Stationery Set,21990,489812,2009-02-12 13:00:00,1,2.95,2.95,,,
17377,United Kingdom,Set/20 Red Spotty Paper Napkins ,21080,489812,2009-02-12 13:00:00,2,0.85,1.7,,,
17377,United Kingdom,Set/20 Woodland Paper Napkins ,21077,489812,2009-02-12 13:00:00,1,0.85,0.85,,,
17377,United Kingdom,Red Spotty Luggage Tag,20658,489812,2009-02-12 13:00:00,2,1.25,2.5,,,
17377,United Kingdom,Retro Blue Spotty Washing Up Gloves,20752,489812,2009-02-12 13:00:00,1,2.1,2.1,,,
17377,United Kingdom,Retro Red Spotty Washing Up Gloves,20754,489812,2009-02-12 13:00:00,1,2.1,2.1,,,
17377,United Kingdom,"Pearl & Shell 42""Neckl. Pink",90035B,489812,2009-02-12 13:00:00,27,8.49,27,,,
17377,United Kingdom,Small Regal  Silver Candlepot ,21694,489812,2009-02-12 13:00:00,2,2.95,5.9,,,
17377,United Kingdom,New Baroque Jewellery Box ,84600,489812,2009-02-12 13:00:00,1,7.95,7.95,,,
14669,United Kingdom,Set/2 Red Spotty Tea Towels ,21035,489814,2009-02-12 13:06:00,1,2.95,2.95,,,
14669,United Kingdom,Red Spotty Apron ,21042,489814,2009-02-12 13:06:00,1,5.95,5.95,,,
14669,United Kingdom,Red Spotty Oven Glove Double,21041,489814,2009-02-12 13:06:00,2,2.95,5.9,,,
14669,United Kingdom,Black Champagne Glass,79163,489814,2009-02-12 13:06:00,12,1.65,19.8,,,
14669,United Kingdom,Pack Of 60 Dinosaur Cake Cases,21975,489814,2009-02-12 13:06:00,24,0.55,13.2,,,
14669,United Kingdom,60 Teatime Fairy Cake Cases,84991,489814,2009-02-12 13:06:00,24,0.55,13.2,,,
14669,United Kingdom,60 Gold And Silver Fairy Cake Cases,84990,489814,2009-02-12 13:06:00,24,0.55,13.2,,,
14669,United Kingdom,Set/5 Red Spotty Lid Glass Bowls,20914,489814,2009-02-12 13:06:00,1,2.95,2.95,,,
14669,United Kingdom,Set Of 72 Retro Spot Paper  Doilies,21210,489814,2009-02-12 13:06:00,2,1.45,2.9,,,
14669,United Kingdom,Set Of 72 Ivory Paper Doilies,21214,489814,2009-02-12 13:06:00,2,1.45,2.9,,,
14669,United Kingdom,Feltcraft Doll Rosie,22271,489814,2009-02-12 13:06:00,2,2.95,5.9,,,
14669,United Kingdom,Feltcraft Doll Maria,22272,489814,2009-02-12 13:06:00,2,2.95,5.9,,,
14669,United Kingdom,Feltcraft Doll Emily,22274,489814,2009-02-12 13:06:00,2,2.95,5.9,,,
14669,United Kingdom,Midnight Glamour Scarf Knitting Kit,82616C,489814,2009-02-12 13:06:00,3,2.95,8.85,,,
14669,United Kingdom,Set/2 Blue  Noodle Baskets,84288B,489814,2009-02-12 13:06:00,3,1.95,5.85,,,
14669,United Kingdom,Party Bunting,47566,489814,2009-02-12 13:06:00,3,4.65,13.95,,,
14669,United Kingdom,Orange Scented Set/9 T-Lights,85231G,489814,2009-02-12 13:06:00,6,0.85,5.1,,,
14669,United Kingdom,Cinammon Set Of 9 T-Lights,85231B,489814,2009-02-12 13:06:00,6,0.85,5.1,,,
14669,United Kingdom,Set/6 Black Rose T-Light Candles,72779,489814,2009-02-12 13:06:00,6,1.69,10.14,,,
14669,United Kingdom,Set 12 Retro White Chalk Sticks,21916,489814,2009-02-12 13:06:00,6,0.42,2.52,,,
14669,United Kingdom,Paper Chain Kit 50'S Christmas ,22086,489814,2009-02-12 13:06:00,6,2.95,17.7,,,
14669,United Kingdom,Orange Votive Candle,85230G,489814,2009-02-12 13:06:00,24,0.29,6.96,,,
14669,United Kingdom,Bubble Gum Scarf Knitting Kit,82616A,489814,2009-02-12 13:06:00,3,2.95,8.85,,,
14669,United Kingdom,Lilac Votive Candle,72024U,489814,2009-02-12 13:06:00,24,0.21,5.04,,,
14669,United Kingdom,Magic Tree -Paper Flowers,84006,489814,2009-02-12 13:06:00,12,0.85,10.2,,,
14669,United Kingdom,English Rose Torch,47504F,489814,2009-02-12 13:06:00,12,1.65,19.8,,,
14669,United Kingdom,Chilli Lights,79321,489814,2009-02-12 13:06:00,3,4.95,14.85,,,
14669,United Kingdom,Asstd Design Bubble Gum Ring,84270,489814,2009-02-12 13:06:00,27,0.21,6.3,,,
14669,United Kingdom,Jardin De Femme Scented Candle,20889,489814,2009-02-12 13:06:00,6,2.95,17.7,,,
14669,United Kingdom,Girly Pink Tool Set,84854,489814,2009-02-12 13:06:00,4,4.95,19.8,,,
14669,United Kingdom,Buddha Incense Holder Assorted,35160,489814,2009-02-12 13:06:00,8,0.85,6.8,,,
14669,United Kingdom,Premium Church Candle,72267,489814,2009-02-12 13:06:00,4,2.1,8.4,,,
14669,United Kingdom,Red Hanging Metal Star Tlight Hldr,21732,489814,2009-02-12 13:06:00,4,3.75,15,,,
14669,United Kingdom,S/4 Festive Green Dinner Candles,72801E,489814,2009-02-12 13:06:00,12,1.25,15,,,
14669,United Kingdom,Assorted Tutti Frutti Round Box,21645,489814,2009-02-12 13:06:00,12,1.65,19.8,,,
14669,United Kingdom,Vinyl Record Frame Silver,82001S,489814,2009-02-12 13:06:00,3,3.75,11.25,,,
14669,United Kingdom,Assorted Colour Set 6 Teaspoons,84969,489814,2009-02-12 13:06:00,3,4.25,12.75,,,
14669,United Kingdom,Door Mat New England,48187,489814,2009-02-12 13:06:00,1,6.75,6.75,,,
14669,United Kingdom,Tea Cosy Red  Stripe,22309,489814,2009-02-12 13:06:00,2,2.55,5.1,,,
14669,United Kingdom,Frying Pan Union Flag,22207,489814,2009-02-12 13:06:00,2,4.25,8.5,,,
14669,United Kingdom,Strawberry Lunchbox With Cutlery,21559,489814,2009-02-12 13:06:00,2,2.55,5.1,,,
14669,United Kingdom,Dinosaur Lunchbox With Cutlery,21561,489814,2009-02-12 13:06:00,2,2.55,5.1,,,
14669,United Kingdom,Baking Set 9 Piece Retrospot ,22138,489814,2009-02-12 13:06:00,2,4.95,9.9,,,
14669,United Kingdom,Red Spotty Biscuit Tin,21218,489814,2009-02-12 13:06:00,1,3.75,3.75,,,
14669,United Kingdom,200 Red + White Bendy Straws,22315,489814,2009-02-12 13:06:00,2,1.25,2.5,,,
14669,United Kingdom,Small Retro Spot Mug In Box  White,22071,489814,2009-02-12 13:06:00,2,3.75,7.5,,,
14669,United Kingdom,Small Retro Spot Mug In Box  Red,22070,489814,2009-02-12 13:06:00,2,3.75,7.5,,,
14669,United Kingdom,Apple Bath Sponge,20963,489814,2009-02-12 13:06:00,9,1.25,11.25,,,
14669,United Kingdom,Retro Spot Cake Stand,21843,489814,2009-02-12 13:06:00,1,10.95,10.95,,,
14669,United Kingdom,Set/20 Red Spotty Paper Napkins ,21080,489814,2009-02-12 13:06:00,6,0.85,5.1,,,
14669,United Kingdom,Set Of 72 Pink Heart Paper Doilies,84988,489814,2009-02-12 13:06:00,2,1.45,2.9,,,
14669,United Kingdom,Set Of 36 Mushroom Paper Doilies,21973,489814,2009-02-12 13:06:00,2,1.45,2.9,,,
14669,United Kingdom,Set Of 36 Teatime Paper Doilies,84987,489814,2009-02-12 13:06:00,2,1.45,2.9,,,
14669,United Kingdom,Red Spotty Cup,21238,489814,2009-02-12 13:06:00,8,0.85,6.8,,,
14669,United Kingdom,Red Spotty Bowl,20676,489814,2009-02-12 13:06:00,8,1.25,10,,,
14669,United Kingdom,Blue Floribunda Egg Warmer,35918B,489814,2009-02-12 13:06:00,3,1.25,3.75,,,
14669,United Kingdom,Retro Spot Mug,21844,489814,2009-02-12 13:06:00,6,2.95,17.7,,,
14669,United Kingdom,Tea Cup And Saucer Retro Spot,22072,489814,2009-02-12 13:06:00,1,3.75,3.75,,,
14669,United Kingdom,Yuletide Images Gift Wrap Set,85032D,489814,2009-02-12 13:06:00,12,2.1,25.2,,,
14669,United Kingdom,Retro Spot Traditional Teapot ,21527,489814,2009-02-12 13:06:00,1,7.95,7.95,,,
14669,United Kingdom,Retro Spot Large Milk Jug,21533,489814,2009-02-12 13:06:00,1,4.95,4.95,,,
14669,United Kingdom,Spring Flower Chopsticks Set/5,20990,489814,2009-02-12 13:06:00,3,1.95,5.85,,,
14669,United Kingdom,Set Of 6 Strawberry Chopsticks,21949,489814,2009-02-12 13:06:00,6,1.25,7.5,,,
14669,United Kingdom,Retro Spots Butter Dish,21539,489814,2009-02-12 13:06:00,1,4.95,4.95,,,
14669,United Kingdom,Retro Spot Sugar Jam Bowl,21531,489814,2009-02-12 13:06:00,2,2.55,5.1,,,
14669,United Kingdom,Small Dolly Mix Design Orange Bowl,84596B,489814,2009-02-12 13:06:00,8,1.25,10,,,
14669,United Kingdom,Small Chocolates Pink Bowl,84596G,489814,2009-02-12 13:06:00,8,1.25,10,,,
14669,United Kingdom,Jelly Babies Yellow Small Bowl,84596K,489814,2009-02-12 13:06:00,8,1.25,10,,,
14669,United Kingdom,Red Spotty Round Cake Tins,21217,489814,2009-02-12 13:06:00,2,9.95,19.9,,,
14669,United Kingdom,Black Champagne Glass,79163,489814,2009-02-12 13:06:00,8,1.65,13.2,,,
14669,United Kingdom,Set Of 3 Butterfly Cookie Cutters,84380,489814,2009-02-12 13:06:00,12,1.25,15,,,
14669,United Kingdom,Cake Stand Lace White,22218,489814,2009-02-12 13:06:00,2,4.25,8.5,,,
14669,United Kingdom,Red Spotty Plate ,21242,489814,2009-02-12 13:06:00,8,1.69,13.52,,,
14669,United Kingdom,Pink Chick Egg Warmer + Egg Cup,35914,489814,2009-02-12 13:06:00,12,2.1,25.2,,,
14669,United Kingdom,Hairclips Forties Fabric Assorted,22319,489814,2009-02-12 13:06:00,12,0.65,7.8,,,
14669,United Kingdom,Skulls  Stickers,21679,489814,2009-02-12 13:06:00,6,0.85,5.1,,,
14669,United Kingdom,Retro Spot Tea Set Ceramic 11 Pc ,22139,489814,2009-02-12 13:06:00,6,4.95,27,,,
14669,United Kingdom,Pink Floral Feltcraft Shoulder Bag,20970,489814,2009-02-12 13:06:00,3,3.75,11.25,,,
14669,United Kingdom,Red Floral Feltcraft Shoulder Bag,20969,489814,2009-02-12 13:06:00,3,3.75,11.25,,,
14669,United Kingdom,Union Jack Hot Water Bottle ,22125,489814,2009-02-12 13:06:00,2,5.95,11.9,,,
14669,United Kingdom,Blue Happy Birthday Bunting,47590A,489814,2009-02-12 13:06:00,1,5.45,5.45,,,
14669,United Kingdom,Chocolate Hot Water Bottle,22112,489814,2009-02-12 13:06:00,1,4.95,4.95,,,
14669,United Kingdom,Scottie Dog Hot Water Bottle,22111,489814,2009-02-12 13:06:00,1,4.95,4.95,,,
14669,United Kingdom,Pink Heart Dots Hot Water Bottle,21486,489814,2009-02-12 13:06:00,2,3.75,7.5,,,
14669,United Kingdom,Blue Happy Birthday Bunting,47590A,489814,2009-02-12 13:06:00,2,5.45,10.9,,,
14669,United Kingdom,Feltcraft Doll Molly,22273,489814,2009-02-12 13:06:00,2,2.95,5.9,,,
17909,United Kingdom,Black Christmas Flock Droplet ,35610B,489815,2009-02-12 13:10:00,8,1.25,10,,,
17909,United Kingdom,Glitter Star Garland With Bells ,21821,489815,2009-02-12 13:10:00,6,3.75,22.5,,,
17909,United Kingdom,Glitter Heart Garland With Bells ,21820,489815,2009-02-12 13:10:00,6,3.75,22.5,,,
17909,United Kingdom,Rex Cash+Carry Jumbo Shopper,21034,489815,2009-02-12 13:10:00,1,0.95,0.95,,,
17909,United Kingdom,Black Baroque Cuckoo Clock,85164B,489815,2009-02-12 13:10:00,1,12.75,12.75,,,
17909,United Kingdom,Black Baroque Carriage Clock,85168B,489815,2009-02-12 13:10:00,1,9.95,9.95,,,
17909,United Kingdom,White Baroque Carriage Clock,85168A,489815,2009-02-12 13:10:00,1,9.95,9.95,,,
17909,United Kingdom,Antique Glass Heart Decoration ,21143,489815,2009-02-12 13:10:00,11,1.95,21.45,,,
16086,United Kingdom,Green Gingham Flower Jewellery Box,21431,489816,2009-02-12 13:20:00,4,1.65,6.6,,,
16086,United Kingdom,Assorted Tutti Frutti Pen,21642,489816,2009-02-12 13:20:00,24,0.85,20.4,,,
16086,United Kingdom,Assorted Tutti Frutti Notebook,21638,489816,2009-02-12 13:20:00,6,2.1,12.6,,,
16086,United Kingdom,12 Pencils Small Tube Skull,20974,489816,2009-02-12 13:20:00,3,0.65,1.95,,,
16086,United Kingdom,Lunch Bag  Black Skull.,20727,489816,2009-02-12 13:20:00,10,1.65,16.5,,,
16086,United Kingdom,Blue/Cream Stripe Fringe Hammock,21924,489816,2009-02-12 13:20:00,1,7.95,7.95,,,
16086,United Kingdom,Rio Pink Stripe Hammock,84795E,489816,2009-02-12 13:20:00,2,7.95,15.9,,,
16086,United Kingdom,Camouflage Ear Muff Headphones,20782,489816,2009-02-12 13:20:00,1,5.49,5.49,,,
16086,United Kingdom,Vintage Union Jack Bunting,21621,489816,2009-02-12 13:20:00,1,8.5,8.5,,,
16086,United Kingdom,Vintage Union Jack Cushion Cover,21622,489816,2009-02-12 13:20:00,2,4.95,9.9,,,
16086,United Kingdom,Green Floral Feltcraft Shoulder Bag,20968,489816,2009-02-12 13:20:00,5,3.75,18.75,,,
16086,United Kingdom,Strawberry   Picnic Bag,21937,489816,2009-02-12 13:20:00,1,2.95,2.95,,,
16086,United Kingdom,Jumbo Bag Strawberry,85099F,489816,2009-02-12 13:20:00,5,1.95,9.75,,,
16086,United Kingdom,Strawberry Charlotte Bag,20723,489816,2009-02-12 13:20:00,10,0.85,8.5,,,
16086,United Kingdom,Jumbo Storage Bag Skulls,21930,489816,2009-02-12 13:20:00,10,1.95,19.5,,,
16086,United Kingdom,Red Spots  Wrap ,21498,489816,2009-02-12 13:20:00,25,0.42,10.5,,,
16086,United Kingdom,Empire Gift Wrap,22047,489816,2009-02-12 13:20:00,25,0.42,10.5,,,
16086,United Kingdom,Wrap Pink Fairy Cakes ,16156S,489816,2009-02-12 13:20:00,25,0.42,10.5,,,
16086,United Kingdom,Dinosaur Height Chart Sticker Set,21251,489816,2009-02-12 13:20:00,1,2.95,2.95,,,
16086,United Kingdom,Camouflage Led Torch,21833,489816,2009-02-12 13:20:00,12,1.69,20.28,,,
16086,United Kingdom,Union Jack Flag Passport Cover ,21864,489816,2009-02-12 13:20:00,5,2.1,10.5,,,
16086,United Kingdom,Hearts  Stickers,21677,489816,2009-02-12 13:20:00,12,0.85,10.2,,,
16086,United Kingdom,Flowers  Stickers,21676,489816,2009-02-12 13:20:00,12,0.85,10.2,,,
16086,United Kingdom,World War 2 Gliders Asstd Designs,84077,489816,2009-02-12 13:20:00,27,0.21,10.08,,,
16086,United Kingdom,White/Blue Pull Back Racing Car,85226A,489816,2009-02-12 13:20:00,5,0.55,2.75,,,
16086,United Kingdom,Rex Cash+Carry Jumbo Shopper,21034,489816,2009-02-12 13:20:00,1,0.95,0.95,,,
16086,United Kingdom,Camouflage Backpack On Wheels,78056,489816,2009-02-12 13:20:00,2,9.95,19.9,,,
16711,United Kingdom,Cake Stand White Two Tier Lace,22215,489817,2009-02-12 13:22:00,12,7.65,27,,,
16711,United Kingdom,Cake Stand Lace White,22218,489817,2009-02-12 13:22:00,24,3.75,27,,,
16711,United Kingdom,Antique Glass Ridged Hanging Ball,21146,489817,2009-02-12 13:22:00,27,1.65,27,,,
14739,United Kingdom,Chocolate Box Ribbons ,85049G,489819,2009-02-12 13:23:00,8,1.25,10,,,
14739,United Kingdom,Red/White Dots Ruffled Umbrella,85014B,489819,2009-02-12 13:23:00,6,5.95,27,,,
14739,United Kingdom,Blue/Brown Dots Ruffled Umbrella,85014C,489819,2009-02-12 13:23:00,3,5.95,17.85,,,
14739,United Kingdom,Cosy Hour Cigar Box Matches ,21591,489819,2009-02-12 13:23:00,27,1.25,27,,,
14739,United Kingdom,World War 2 Gliders Asstd Designs,84077,489819,2009-02-12 13:23:00,27,0.21,20.16,,,
14739,United Kingdom,Antique Silver Tea Glass Etched,84946,489819,2009-02-12 13:23:00,27,1.06,27,,,
14739,United Kingdom,Paper Bunting Coloured Lace,22088,489819,2009-02-12 13:23:00,27,2.55,27,,,
14739,United Kingdom,White Dove Honeycomb Paper Garland,21186,489819,2009-02-12 13:23:00,27,1.45,27,,,
14739,United Kingdom,Zinc Willie Winkie  Candle Stick,84832,489819,2009-02-12 13:23:00,24,0.85,20.4,,,
14739,United Kingdom,Set/6 Garden Gnome T-Light Candles,20940,489819,2009-02-12 13:23:00,27,2.55,27,,,
14739,United Kingdom,6 Ribbons Elegant Christmas ,22075,489819,2009-02-12 13:23:00,24,1.65,27,,,
14739,United Kingdom,Traditional Christmas Ribbons,85049A,489819,2009-02-12 13:23:00,27,1.25,27,,,
14739,United Kingdom,Scandinavian Reds Ribbons,85049E,489819,2009-02-12 13:23:00,24,1.25,27,,,
16233,United Kingdom,Paper Chain Kit Retro Spot,22083,489818,2009-02-12 13:23:00,12,2.95,27,,,
16233,United Kingdom,Paper Chain Kit Empire,22084,489818,2009-02-12 13:23:00,6,2.95,17.7,,,
16233,United Kingdom,Paper Chain Kit Skulls ,22085,489818,2009-02-12 13:23:00,6,2.95,17.7,,,
16233,United Kingdom,Paper Chain Kit 50'S Christmas ,22086,489818,2009-02-12 13:23:00,6,2.95,17.7,,,
16233,United Kingdom,Christmas Craft Heart Decorations,22143,489818,2009-02-12 13:23:00,6,2.1,12.6,,,
16233,United Kingdom,Party Cone Christmas Decoration ,22130,489818,2009-02-12 13:23:00,12,0.85,10.2,,,
16233,United Kingdom,Sewing Susan 21 Needle Set,85176,489818,2009-02-12 13:23:00,12,0.85,10.2,,,
16233,United Kingdom,Basket Of Flowers Sewing Kit,85177,489818,2009-02-12 13:23:00,12,0.85,10.2,,,
16233,United Kingdom,Victorian Sewing Box Medium,21257,489818,2009-02-12 13:23:00,2,7.95,15.9,,,
16233,United Kingdom,Victorian Sewing Box Large,21258,489818,2009-02-12 13:23:00,8,10.95,27,,,
16233,United Kingdom,Christmas Craft Heart Stocking ,22145,489818,2009-02-12 13:23:00,6,2.1,12.6,,,
16233,United Kingdom,Set/2 Red Spotty Tea Towels ,21035,489818,2009-02-12 13:23:00,6,2.95,17.7,,,
16233,United Kingdom,Grey Heart Hot Water Bottle,22113,489818,2009-02-12 13:23:00,4,3.45,13.8,,,
16233,United Kingdom,Red Woolly Hottie White Heart.,84029E,489818,2009-02-12 13:23:00,4,3.75,15,,,
14204,United Kingdom,Chick Grey Hot Water Bottle,21484,489822,2009-02-12 13:26:00,1,3.45,3.45,,,
14204,United Kingdom,Swallow Square Tissue Box,22097,489822,2009-02-12 13:26:00,4,1.25,5,,,
14204,United Kingdom,Set3 Book Box Green Gingham Flower ,21428,489822,2009-02-12 13:26:00,1,4.25,4.25,,,
14204,United Kingdom,Hot Water Bottle Tea And Sympathy,22114,489822,2009-02-12 13:26:00,1,3.95,3.95,,,
14204,United Kingdom,Mushroom Blue Hot Water Bottle,21482,489822,2009-02-12 13:26:00,1,2.95,2.95,,,
14204,United Kingdom,Union Jack Hot Water Bottle ,22125,489822,2009-02-12 13:26:00,1,5.95,5.95,,,
14204,United Kingdom,Pink Stripe Hot Water Bottle,21480,489822,2009-02-12 13:26:00,1,2.95,2.95,,,
14204,United Kingdom,Red Spot Heart Hot Water Bottle,21485,489822,2009-02-12 13:26:00,1,4.95,4.95,,,
14204,United Kingdom,Scottie Dog Hot Water Bottle,22111,489822,2009-02-12 13:26:00,2,4.95,9.9,,,
14204,United Kingdom,Red Hanging Heart T-Light Holder,21733,489822,2009-02-12 13:26:00,1,2.95,2.95,,,
14204,United Kingdom,Carnival Bracelet,90062,489822,2009-02-12 13:26:00,8,12.75,27,,,
14204,United Kingdom,White Rose C/Cover,84656,489822,2009-02-12 13:26:00,1,5.95,5.95,,,
14204,United Kingdom,Assorted Colour Bird Ornament,84879,489822,2009-02-12 13:26:00,2,1.69,3.38,,,
14204,United Kingdom,Baking Set 9 Piece Retrospot ,22138,489822,2009-02-12 13:26:00,1,4.95,4.95,,,
14204,United Kingdom,Retro Spot Tea Set Ceramic 11 Pc ,22139,489822,2009-02-12 13:26:00,4,4.95,19.8,,,
14204,United Kingdom,Rex Cash+Carry Jumbo Shopper,21034,489822,2009-02-12 13:26:00,4,0.95,3.8,,,
14204,United Kingdom,Amber Bertie Glass Bead Bag Charm,90125E,489822,2009-02-12 13:26:00,1,2.1,2.1,,,
14204,United Kingdom,Pink Bertie Glass Bead Bag Charm,90125A,489822,2009-02-12 13:26:00,3,2.1,6.3,,,
14204,United Kingdom,Turquoise Glass Tassle Bag Charm ,90129B,489822,2009-02-12 13:26:00,3,2.95,8.85,,,
14204,United Kingdom,Purple Bertie Glass Bead Bag Charm,90125D,489822,2009-02-12 13:26:00,4,2.1,8.4,,,
14204,United Kingdom,Minature Coloured Gardening Set,47505,489822,2009-02-12 13:26:00,2,4.95,9.9,,,
14204,United Kingdom,Ceramic Birdhouse Black Rose  Large,21552,489822,2009-02-12 13:26:00,1,5.95,5.95,,,
14204,United Kingdom,Vintage Snakes & Ladders,21912,489822,2009-02-12 13:26:00,1,3.75,3.75,,,
14204,United Kingdom,Blokey Silver Tool Set,84855,489822,2009-02-12 13:26:00,2,4.95,9.9,,,
14204,United Kingdom,Yellow Shark Helicopter,85136A,489822,2009-02-12 13:26:00,1,7.95,7.95,,,
14204,United Kingdom,Blue Floribunda Egg Warmer,35918B,489822,2009-02-12 13:26:00,2,1.25,2.5,,,
14204,United Kingdom,Blue Travel First Aid Kit,84874B,489822,2009-02-12 13:26:00,1,1.65,1.65,,,
14204,United Kingdom,F Fairy Potpourri Cushions Summer,72754D,489822,2009-02-12 13:26:00,1,1.69,1.69,,,
14204,United Kingdom,Gold Teddy Bear,20818,489822,2009-02-12 13:26:00,1,3.75,3.75,,,
14204,United Kingdom,12 Pencils Small Tube Red Spotty,20975,489822,2009-02-12 13:26:00,2,0.65,1.3,,,
14204,United Kingdom,Essential Balm 3.5G Tin In Envelope,18007,489822,2009-02-12 13:26:00,5,0.18,0.9,,,
14204,United Kingdom,S/4 Groovy Cat Magnets,85211,489822,2009-02-12 13:26:00,2,1.65,3.3,,,
14204,United Kingdom,Blue Rocking Singing Canary,85097B,489822,2009-02-12 13:26:00,1,3.75,3.75,,,
14204,United Kingdom,Sweeties  Stickers,21725,489822,2009-02-12 13:26:00,2,0.85,1.7,,,
14204,United Kingdom,Black Face Lamb With Pants,84901,489822,2009-02-12 13:26:00,1,3.75,3.75,,,
14204,United Kingdom,Crochet Bear With Blue Stripes,84671B,489822,2009-02-12 13:26:00,1,2.55,2.55,,,
14204,United Kingdom,Door Mat Black Flock ,48173C,489822,2009-02-12 13:26:00,2,6.75,13.5,,,
14204,United Kingdom,Cow  Sock Puppet,85185C,489822,2009-02-12 13:26:00,1,2.95,2.95,,,
14204,United Kingdom,S/3 Tear Drop Cut Glass Decoration,85112,489822,2009-02-12 13:26:00,1,1.25,1.25,,,
14204,United Kingdom,Traditional Christmas Ribbons,85049A,489822,2009-02-12 13:26:00,2,1.25,2.5,,,
14204,United Kingdom,Lush Greens Ribbons,85049B,489822,2009-02-12 13:26:00,4,1.25,5,,,
14204,United Kingdom,Baby Boom Ribbons ,85049F,489822,2009-02-12 13:26:00,2,1.25,2.5,,,
14204,United Kingdom,Red Spotty Charlotte Bag,20724,489822,2009-02-12 13:26:00,1,0.85,0.85,,,
14204,United Kingdom,Ceramic Birdhouse Butterfly Large,21551,489822,2009-02-12 13:26:00,1,5.95,5.95,,,
14204,United Kingdom,Set/4 Blue Flower Candles In Bowl,85040B,489822,2009-02-12 13:26:00,1,1.65,1.65,,,
14204,United Kingdom,Magic Sheep Wool Growing From Paper,84012,489822,2009-02-12 13:26:00,2,2.55,5.1,,,
14204,United Kingdom,Magic Garden Mount Fuji,84007,489822,2009-02-12 13:26:00,1,2.55,2.55,,,
14204,United Kingdom, Red/White Dot Mini Cases,20750,489822,2009-02-12 13:26:00,1,7.95,7.95,,,
14204,United Kingdom,Buttons And Stripes Notebook ,84497,489822,2009-02-12 13:26:00,2,3.75,7.5,,,
14204,United Kingdom,Blue New Baroque Candlestick Candle,84625C,489822,2009-02-12 13:26:00,4,2.95,11.8,,,
14204,United Kingdom,Girly Pink Tool Set,84854,489822,2009-02-12 13:26:00,3,4.95,14.85,,,
14204,United Kingdom,Glitter Hanging Butterfly String,20829,489822,2009-02-12 13:26:00,2,2.1,4.2,,,
14204,United Kingdom,Red Spotty Oven Glove Double,21041,489822,2009-02-12 13:26:00,1,2.95,2.95,,,
14204,United Kingdom,Polka Dot Pistachio Pail,85113,489822,2009-02-12 13:26:00,1,2.1,2.1,,,
17606,United Kingdom,Feltcraft Doll Rosie,22271,489823,2009-02-12 13:32:00,6,2.95,17.7,,,
17606,United Kingdom,Feltcraft Doll Maria,22272,489823,2009-02-12 13:32:00,6,2.95,17.7,,,
17606,United Kingdom,Carousel Des Child'S Overall,47592A,489823,2009-02-12 13:32:00,6,2.1,12.6,,,
17606,United Kingdom,Scotties Design Baby Bib,47593B,489823,2009-02-12 13:32:00,12,1.25,15,,,
17606,United Kingdom, 3 Stripey Mice Feltcraft,22150,489823,2009-02-12 13:32:00,6,1.95,11.7,,,
17606,United Kingdom,French Enamel Candleholder,85053,489823,2009-02-12 13:32:00,6,2.1,12.6,,,
16797,United Kingdom,Set/5 Red Spotty Lid Glass Bowls,20914,489824,2009-02-12 13:33:00,1,2.95,2.95,,,
16797,United Kingdom,Set/5 Blue Spotty Lid Glass Bowls,20913,489824,2009-02-12 13:33:00,1,2.95,2.95,,,
16797,United Kingdom,Moody Boy  Door Hanger ,21159,489824,2009-02-12 13:33:00,3,1.45,4.35,,,
16797,United Kingdom,Tea Time Tea Towels ,47556B,489824,2009-02-12 13:33:00,1,2.95,2.95,,,
16797,United Kingdom,Ladies & Gentlemen Metal Sign,85150,489824,2009-02-12 13:33:00,1,2.55,2.55,,,
16797,United Kingdom,Area Patrolled Metal Sign,82582,489824,2009-02-12 13:33:00,1,2.1,2.1,,,
16797,United Kingdom,No Singing Metal Sign,82600,489824,2009-02-12 13:33:00,1,2.1,2.1,,,
16797,United Kingdom,Do Not Touch My Stuff Door Hanger ,21163,489824,2009-02-12 13:33:00,1,1.45,1.45,,,
16797,United Kingdom,Moody Girl Door Hanger ,21158,489824,2009-02-12 13:33:00,2,1.45,2.9,,,
16797,United Kingdom,Loo Roll  Metal Sign ,21173,489824,2009-02-12 13:33:00,1,1.65,1.65,,,
16797,United Kingdom,Lunch Bag Red Spotty,20725,489824,2009-02-12 13:33:00,4,1.65,6.6,,,
16797,United Kingdom,Assorted Colour Suction Cup Hook,47420,489824,2009-02-12 13:33:00,1,0.19,0.19,,,
16797,United Kingdom,"Popcorn Holder , Large",22198,489824,2009-02-12 13:33:00,6,1.65,9.9,,,
16797,United Kingdom,"Popcorn Holder , Small ",22197,489824,2009-02-12 13:33:00,10,0.85,8.5,,,
16797,United Kingdom,Tea Bag Plate Red Spotty ,22348,489824,2009-02-12 13:33:00,2,0.85,1.7,,,
16797,United Kingdom,Pink  Spotty Plate ,21243,489824,2009-02-12 13:33:00,1,1.69,1.69,,,
16797,United Kingdom,Blue  Spotty Plate ,21244,489824,2009-02-12 13:33:00,1,1.69,1.69,,,
16797,United Kingdom,Picture Frame Wood Triple Portrait,22170,489824,2009-02-12 13:33:00,1,6.75,6.75,,,
16797,United Kingdom,36 Pencils Tube Woodland,20977,489824,2009-02-12 13:33:00,2,1.25,2.5,,,
16797,United Kingdom,12 Pencils Tall Tube Woodland,20981,489824,2009-02-12 13:33:00,2,0.85,1.7,,,
16797,United Kingdom,Small Heart Measuring Spoons,22196,489824,2009-02-12 13:33:00,3,0.85,2.55,,,
16797,United Kingdom,Lavender Scented Fabric Heart,21114,489824,2009-02-12 13:33:00,5,1.25,6.25,,,
16797,United Kingdom,Set Of 6 Funky Beakers,21557,489824,2009-02-12 13:33:00,1,2.95,2.95,,,
16797,United Kingdom,Four Hook  White Lovebirds,22212,489824,2009-02-12 13:33:00,1,2.1,2.1,,,
16797,United Kingdom,New England Milk Jug W Gift Box,37506,489824,2009-02-12 13:33:00,1,5.95,5.95,,,
16797,United Kingdom,New England Ceramic Cake Server,37508,489824,2009-02-12 13:33:00,1,2.55,2.55,,,
16797,United Kingdom,"Dog Bowl , Chasing Ball Design",22349,489824,2009-02-12 13:33:00,1,3.75,3.75,,,
16797,United Kingdom,Mini Cake Stand  Hanging Strawbery,22055,489824,2009-02-12 13:33:00,1,1.65,1.65,,,
16797,United Kingdom,Party Cones Candy Assorted,22128,489824,2009-02-12 13:33:00,6,1.25,7.5,,,
16797,United Kingdom,Party Cones Carnival Assorted,22127,489824,2009-02-12 13:33:00,6,1.25,7.5,,,
16797,United Kingdom,Cake Stand White Two Tier Lace,22215,489824,2009-02-12 13:33:00,1,8.5,8.5,,,
16797,United Kingdom,Strawberry Ceramic Trinket Box,21232,489824,2009-02-12 13:33:00,2,1.25,2.5,,,
16797,United Kingdom,Sweetheart Ceramic Trinket Box,21231,489824,2009-02-12 13:33:00,2,1.25,2.5,,,
16797,United Kingdom,Jumbo Bag Woodland Animals,20712,489824,2009-02-12 13:33:00,1,1.95,1.95,,,
16797,United Kingdom,White Advent Candle,72529W,489824,2009-02-12 13:33:00,1,2.12,2.12,,,
16797,United Kingdom,3 Wick Christmas Briar Candle ,72815,489824,2009-02-12 13:33:00,4,3.75,15,,,
16797,United Kingdom,Blue  Spotty Cup,21240,489824,2009-02-12 13:33:00,1,0.85,0.85,,,
16797,United Kingdom,Pizza Slice Dish,22347,489824,2009-02-12 13:33:00,2,1.25,2.5,,,
16797,United Kingdom,Party Cones Candy Tree Decoration,22129,489824,2009-02-12 13:33:00,12,0.85,10.2,,,
16797,United Kingdom,Swallows Greeting Card,22030,489824,2009-02-12 13:33:00,12,0.42,5.04,,,
16797,United Kingdom,Party Cone Christmas Decoration ,22130,489824,2009-02-12 13:33:00,12,0.85,10.2,,,
16797,United Kingdom,12 Pencils Small Tube Red Spotty,20975,489824,2009-02-12 13:33:00,2,0.65,1.3,,,
16797,United Kingdom,12 Pencils Tall Tube Skulls,20982,489824,2009-02-12 13:33:00,2,0.85,1.7,,,
16797,United Kingdom,12 Pencils Small Tube Skull,20974,489824,2009-02-12 13:33:00,4,0.65,2.6,,,
16126,United Kingdom,Pink Cream Felt Craft Trinket Box ,20972,489825,2009-02-12 13:34:00,24,1.25,27,,,
16126,United Kingdom,Pink Blue Felt Craft Trinket Box,20971,489825,2009-02-12 13:34:00,24,1.25,27,,,
16126,United Kingdom,Feltcraft Butterfly Hearts,22147,489825,2009-02-12 13:34:00,12,1.45,17.4,,,
16126,United Kingdom,Bird Decoration Green  Spot,22322,489825,2009-02-12 13:34:00,12,0.85,10.2,,,
16126,United Kingdom,Bird Decoration Red Spot,22321,489825,2009-02-12 13:34:00,12,0.85,10.2,,,
16126,United Kingdom,Retro Spot Cake Stand,21843,489825,2009-02-12 13:34:00,1,10.95,10.95,,,
16126,United Kingdom,Vintage Pink Decorative Parasol,21632,489825,2009-02-12 13:34:00,1,12.75,12.75,,,
16126,United Kingdom,Vintage Cream 3 Basket Cake Stand,72760B,489825,2009-02-12 13:34:00,2,9.95,19.9,,,
16126,United Kingdom,Cross Stitch Alphabet Cushion Cover,21837,489825,2009-02-12 13:34:00,3,5.95,17.85,,,
16126,United Kingdom,Baking Set 9 Piece Retrospot ,22138,489825,2009-02-12 13:34:00,3,4.95,14.85,,,
17867,United Kingdom,Edwardian Parasol Black,15056BL,489826,2009-02-12 13:39:00,1,5.95,5.95,,,
17867,United Kingdom,Do Not Touch My Stuff Door Hanger ,21163,489826,2009-02-12 13:39:00,1,1.45,1.45,,,
17867,United Kingdom,Toxic Area  Door Hanger ,21162,489826,2009-02-12 13:39:00,1,1.45,1.45,,,
17867,United Kingdom,Floral Folk Stationery Set,21993,489826,2009-02-12 13:39:00,2,2.95,5.9,,,
17867,United Kingdom,Ass Floral Print Torch,47503F,489826,2009-02-12 13:39:00,2,1.65,3.3,,,
17867,United Kingdom,Ass Floral Print Tape Measure,47503G,489826,2009-02-12 13:39:00,2,1.25,2.5,,,
17867,United Kingdom,Swallow Square Tissue Box,22097,489826,2009-02-12 13:39:00,4,1.25,5,,,
17867,United Kingdom,Blue Gingham Rose Cushion Cover,84620,489826,2009-02-12 13:39:00,1,5.95,5.95,,,
17867,United Kingdom,Blue Gingham Rose Quilt ,84619,489826,2009-02-12 13:39:00,1,45.95,27,,,
17867,United Kingdom,Ocean Scent Candle In Jewelled Box,72802B,489826,2009-02-12 13:39:00,2,4.25,8.5,,,
17412,United Kingdom,Love Garland Painted Zinc ,22341,489827,2009-02-12 13:51:00,12,1.65,19.8,,,
17412,United Kingdom,Home Garland Painted Zinc ,22342,489827,2009-02-12 13:51:00,12,1.65,19.8,,,
17412,United Kingdom,Noel Garland Painted Zinc ,22340,489827,2009-02-12 13:51:00,12,1.65,19.8,,,
17412,United Kingdom,Party Cone Christmas Decoration ,22130,489827,2009-02-12 13:51:00,24,0.85,20.4,,,
17412,United Kingdom,Set/2 Christmas Decoupage Candles,72817,489827,2009-02-12 13:51:00,12,1.25,15,,,
17412,United Kingdom,Christmas Decoupage Candle,72818,489827,2009-02-12 13:51:00,12,0.85,10.2,,,
17412,United Kingdom,Set Of Three 50'S Gift Wraps ,21490,489827,2009-02-12 13:51:00,12,1.95,23.4,,,
17412,United Kingdom,Set Of Three Vintage Gift Wraps,21491,489827,2009-02-12 13:51:00,12,1.95,23.4,,,
17412,United Kingdom, Vintage Design Gift Tags,21493,489827,2009-02-12 13:51:00,12,0.85,10.2,,,
17412,United Kingdom,Yuletide Images S/6 Paper Boxes,85018D,489827,2009-02-12 13:51:00,12,2.55,27,,,
17412,United Kingdom,"Charlotte Bag , Pink/White Spots",22356,489827,2009-02-12 13:51:00,20,0.85,17,,,
17412,United Kingdom,Red Spotty Charlotte Bag,20724,489827,2009-02-12 13:51:00,20,0.85,17,,,
17412,United Kingdom,Single Heart Zinc T-Light Holder,84970L,489827,2009-02-12 13:51:00,24,0.95,22.8,,,
17412,United Kingdom,Red Star Card Holder,22186,489827,2009-02-12 13:51:00,6,2.95,17.7,,,
17412,United Kingdom,Angel Decoration Painted Zinc ,22337,489827,2009-02-12 13:51:00,24,0.65,15.6,,,
17412,United Kingdom,Heart Decoration Painted Zinc ,22335,489827,2009-02-12 13:51:00,24,0.65,15.6,,,
17412,United Kingdom,Dove Decoration Painted Zinc ,22336,489827,2009-02-12 13:51:00,24,0.65,15.6,,,
17412,United Kingdom,Star Decoration Painted Zinc ,22338,489827,2009-02-12 13:51:00,24,0.65,15.6,,,
17412,United Kingdom,Christmas Tree Painted Zinc ,22339,489827,2009-02-12 13:51:00,24,0.65,15.6,,,
17412,United Kingdom,Green Christmas Tree Card Holder,22187,489827,2009-02-12 13:51:00,4,4.25,17,,,
17412,United Kingdom,Christmas Toilet Roll,21098,489827,2009-02-12 13:51:00,24,1.25,27,,,
17412,United Kingdom,S/3 Puppies Christmas Decorations,35793,489827,2009-02-12 13:51:00,8,2.95,23.6,,,
17412,United Kingdom,Heart Filigree Dove  Small,22294,489827,2009-02-12 13:51:00,24,1.25,27,,,
16525,United Kingdom,Lavender Scented Set/9 T-Lights,85231L,489829,2009-02-12 13:53:00,27,0.85,27,,,
16525,United Kingdom,"French Bottle, Brasserie Des Artist",21256,489829,2009-02-12 13:53:00,27,1.45,27,,,
16525,United Kingdom,Cream Heart Card Holder,22189,489829,2009-02-12 13:53:00,27,3.39,27,,,
16525,United Kingdom,Wall Mounted Vintage Organiser,21768,489829,2009-02-12 13:53:00,1,14.95,14.95,,,
16525,United Kingdom,Wooden Picture Frame White Finish,82482,489829,2009-02-12 13:53:00,27,2.1,27,,,
16525,United Kingdom,Frosted Box 9 White T-Light Candles,72008,489829,2009-02-12 13:53:00,24,0.42,10.08,,,
16525,United Kingdom,Door Mat Topiary,48129,489829,2009-02-12 13:53:00,10,5.95,27,,,
16525,United Kingdom,Door Mat New England,48187,489829,2009-02-12 13:53:00,10,5.95,27,,,
13623,United Kingdom,Blue Sweetheart Bracelet,90200C,489830,2009-02-12 13:57:00,5,4.25,21.25,,,
13623,United Kingdom,Long Silver Necklace Pastel Flower,90148,489830,2009-02-12 13:57:00,2,12.75,25.5,,,
13623,United Kingdom,Pink Sweetheart Bracelet,90200D,489830,2009-02-12 13:57:00,5,4.25,21.25,,,
13623,United Kingdom,Purple Sweetheart Bracelet,90200A,489830,2009-02-12 13:57:00,5,4.25,21.25,,,
13623,United Kingdom,Flower Brooch 4 Assorted Colours,90139,489830,2009-02-12 13:57:00,2,4.95,9.9,,,
13623,United Kingdom,Silver Charm Necklace 70Cm,90203,489830,2009-02-12 13:57:00,3,7.5,22.5,,,
13623,United Kingdom,Black+White Necklace W Tassel,90180A,489830,2009-02-12 13:57:00,3,9.95,27,,,
13623,United Kingdom,Chunky Silver Necklace Pastel Flowe,90147,489830,2009-02-12 13:57:00,2,9.95,19.9,,,
13623,United Kingdom,Resin Necklace W Pastel Beads,90155,489830,2009-02-12 13:57:00,1,7.5,7.5,,,
13623,United Kingdom,Beach Hut Design Blackboard,84688,489830,2009-02-12 13:57:00,1,4.25,4.25,,,
13623,United Kingdom,Cream Cupid Hearts Coat Hanger,84406B,489830,2009-02-12 13:57:00,1,3.25,3.25,,,
13623,United Kingdom,Set 12 Kids  White Chalk Sticks,21917,489830,2009-02-12 13:57:00,1,0.42,0.42,,,
13623,United Kingdom,Heart Filigree Dove  Small,22294,489830,2009-02-12 13:57:00,1,1.25,1.25,,,
13623,United Kingdom,Heart Filigree Dove Large,22295,489830,2009-02-12 13:57:00,1,1.65,1.65,,,
13623,United Kingdom,Filigris Heart With Butterfly,21390,489830,2009-02-12 13:57:00,1,1.25,1.25,,,
13623,United Kingdom,Pack Of 72 Retro Spot Cake Cases,21212,489830,2009-02-12 13:57:00,2,0.55,1.1,,,
13623,United Kingdom,Set/5 Red Spotty Lid Glass Bowls,20914,489830,2009-02-12 13:57:00,1,2.95,2.95,,,
13623,United Kingdom,Paper Chain Kit 50'S Christmas ,22086,489830,2009-02-12 13:57:00,1,2.95,2.95,,,
13623,United Kingdom,White Hanging Heart T-Light Holder,85123A,489830,2009-02-12 13:57:00,1,2.95,2.95,,,
13623,United Kingdom,Toast Its - Fairy Flower,21356,489830,2009-02-12 13:57:00,1,1.25,1.25,,,
13623,United Kingdom,Asstd Design Racing Car Pen,11001,489830,2009-02-12 13:57:00,2,1.69,3.38,,,
13623,United Kingdom,4 Ivory Dinner Candles Silver Flock,72800E,489830,2009-02-12 13:57:00,1,2.55,2.55,,,
13623,United Kingdom,Toast Its - Dinosaur,21357,489830,2009-02-12 13:57:00,1,1.25,1.25,,,
13623,United Kingdom,Enamel Blue Rim Tea Container,35809B,489830,2009-02-12 13:57:00,1,2.1,2.1,,,
13623,United Kingdom,Enamel Blue Rim Coffee Container,35810B,489830,2009-02-12 13:57:00,1,2.1,2.1,,,
13623,United Kingdom,"Letter ""S"" Bling Key Ring",90214S,489830,2009-02-12 13:57:00,1,1.25,1.25,,,
13623,United Kingdom,"Letter ""A"" Bling Key Ring",90214A,489830,2009-02-12 13:57:00,1,1.25,1.25,,,
13623,United Kingdom,4 Wildflower Botanical Candles,21618,489830,2009-02-12 13:57:00,2,3.75,7.5,,,
13623,United Kingdom,Retro Spot Giant  Tube Matches,21588,489830,2009-02-12 13:57:00,3,2.55,7.65,,,
13623,United Kingdom,Fairy Cake Candles,72756,489830,2009-02-12 13:57:00,27,1.49,27,,,
13623,United Kingdom,Set/5 Red Spotty Lid Glass Bowls,20914,489830,2009-02-12 13:57:00,6,2.95,17.7,,,
13623,United Kingdom,Tea Bag Plate Red Spotty ,22348,489830,2009-02-12 13:57:00,1,0.85,0.85,,,
13623,United Kingdom,Set 12 Retro White Chalk Sticks,21916,489830,2009-02-12 13:57:00,2,0.42,0.84,,,
13623,United Kingdom,Red Spotty Egg Cup ,21396,489830,2009-02-12 13:57:00,1,1.25,1.25,,,
13623,United Kingdom,60 Teatime Fairy Cake Cases,84991,489830,2009-02-12 13:57:00,5,0.55,2.75,,,
13623,United Kingdom,Essential Balm 3.5G Tin In Envelope,18007,489830,2009-02-12 13:57:00,5,0.18,0.9,,,
13623,United Kingdom,Cat Bowl ,22350,489830,2009-02-12 13:57:00,2,2.55,5.1,,,
13623,United Kingdom,Toast Its - Dinosaur,21357,489830,2009-02-12 13:57:00,2,1.25,2.5,,,
13623,United Kingdom,Retro Spot  Cigar Box Matches ,21592,489830,2009-02-12 13:57:00,1,1.25,1.25,,,
13623,United Kingdom,Toast Its - Fairy Flower,21356,489830,2009-02-12 13:57:00,2,1.25,2.5,,,
13623,United Kingdom, Black Pirate Treasure Chest,22068,489830,2009-02-12 13:57:00,1,1.65,1.65,,,
13623,United Kingdom,Asstd Design Racing Car Pen,11001,489830,2009-02-12 13:57:00,27,1.69,27,,,
13623,United Kingdom,Pack Of 72 Retro Spot Cake Cases,21212,489830,2009-02-12 13:57:00,10,0.55,5.5,,,
13623,United Kingdom,Large Cake Stand  Hanging Strawbery,22061,489830,2009-02-12 13:57:00,1,9.95,9.95,,,
13623,United Kingdom,Shoe Shine Box ,21784,489830,2009-02-12 13:57:00,1,9.95,9.95,,,
13623,United Kingdom,Love Building Block Word,21755,489830,2009-02-12 13:57:00,1,5.95,5.95,,,
13623,United Kingdom,Red Spotty Oven Glove ,21154,489830,2009-02-12 13:57:00,2,1.25,2.5,,,
13623,United Kingdom,Chocolate Hot Water Bottle,22112,489830,2009-02-12 13:57:00,2,4.95,9.9,,,
13623,United Kingdom,Grey Heart Hot Water Bottle,22113,489830,2009-02-12 13:57:00,3,3.45,10.35,,,
13623,United Kingdom,Pink Doughnut Trinket Pot ,22064,489830,2009-02-12 13:57:00,1,1.65,1.65,,,
13623,United Kingdom,Set Of 72 Retro Spot Paper  Doilies,21210,489830,2009-02-12 13:57:00,2,1.45,2.9,,,
13623,United Kingdom,Rex Cash+Carry Jumbo Shopper,21034,489830,2009-02-12 13:57:00,2,0.95,1.9,,,
13623,United Kingdom,Set Of 36 Dinosaur Paper Doilies,21972,489830,2009-02-12 13:57:00,2,1.45,2.9,,,
13623,United Kingdom,Set Of 72 Skull Paper  Doilies,21211,489830,2009-02-12 13:57:00,2,1.45,2.9,,,
13623,United Kingdom,Set Of 36 Teatime Paper Doilies,84987,489830,2009-02-12 13:57:00,1,1.45,1.45,,,
13623,United Kingdom,Set Of 72 Pink Heart Paper Doilies,84988,489830,2009-02-12 13:57:00,1,1.45,1.45,,,
13623,United Kingdom,Flower Burst Silver Ring Green,90002E,489830,2009-02-12 13:57:00,2,3.75,7.5,,,
13623,United Kingdom,Flower Burst Silver Ring Rose,90002B,489830,2009-02-12 13:57:00,2,3.75,7.5,,,
13623,United Kingdom,Flower Burst Silver Ring Crystal,90002D,489830,2009-02-12 13:57:00,2,3.75,7.5,,,
13623,United Kingdom,Flower Burst Silver Ring Midn'T Blu,90002C,489830,2009-02-12 13:57:00,2,3.75,7.5,,,
13623,United Kingdom,Tigris Eye Chunky Charm Bracelet,90175D,489830,2009-02-12 13:57:00,2,8.95,17.9,,,
13623,United Kingdom,Silver Hoop Earrings With Flower,90145,489830,2009-02-12 13:57:00,3,5.95,17.85,,,
13623,United Kingdom,Black Sweetheart Bracelet,90200B,489830,2009-02-12 13:57:00,5,4.25,21.25,,,
13623,United Kingdom,Silver/Crystal Drop Earrings W Leaf,90190A,489830,2009-02-12 13:57:00,1,2.95,2.95,,,
13623,United Kingdom,Ruby Drop Chandelier Earrings,90072,489830,2009-02-12 13:57:00,2,3.75,7.5,,,
13623,United Kingdom,Vintage Enamel & Crystal Earrings,90073,489830,2009-02-12 13:57:00,2,4.95,9.9,,,
13623,United Kingdom,Green Sweetheart Bracelet,90200E,489830,2009-02-12 13:57:00,5,4.25,21.25,,,
14549,United Kingdom,Set/3 Red Gingham Rose Storage Box,21430,489832,2009-02-12 14:06:00,2,3.75,7.5,,,
14549,United Kingdom,English Rose Notebook A6 Size,84535A,489832,2009-02-12 14:06:00,4,0.65,2.6,,,
14549,United Kingdom,Fairy Cakes Notebook A6 Size,84535B,489832,2009-02-12 14:06:00,2,0.65,1.3,,,
14549,United Kingdom,Fairy Cakes Notebook A7 Size,84536B,489832,2009-02-12 14:06:00,2,0.42,0.84,,,
14549,United Kingdom,Jumbo Bag Strawberry,85099F,489832,2009-02-12 14:06:00,2,1.95,3.9,,,
14549,United Kingdom,English Rose Notebook A7 Size,84536A,489832,2009-02-12 14:06:00,4,0.42,1.68,,,
14549,United Kingdom,Jumbo Bag Owls,20713,489832,2009-02-12 14:06:00,2,1.95,3.9,,,
14549,United Kingdom,Jumbo Bag Woodland Animals,20712,489832,2009-02-12 14:06:00,2,1.95,3.9,,,
14549,United Kingdom,Jumbo Bag Scandinavian Paisley,21928,489832,2009-02-12 14:06:00,2,1.95,3.9,,,
14549,United Kingdom,Jumbo Bag Pink Vintage Paisley,21929,489832,2009-02-12 14:06:00,2,1.95,3.9,,,
14549,United Kingdom,Jumbo  Bag Baroque Black White,85099C,489832,2009-02-12 14:06:00,4,1.95,7.8,,,
14549,United Kingdom,Jumbo Bag Red White Spotty ,85099B,489832,2009-02-12 14:06:00,4,1.95,7.8,,,
14549,United Kingdom,English Rose Table Cloth,47570,489832,2009-02-12 14:06:00,1,10.65,10.65,,,
14549,United Kingdom,Paper Chain Kit 50'S Christmas ,22086,489832,2009-02-12 14:06:00,3,2.95,8.85,,,
14549,United Kingdom,Jumbo Storage Bag Suki,21931,489832,2009-02-12 14:06:00,4,1.95,7.8,,,
14549,United Kingdom,"Charlotte Bag , Suki Design",22355,489832,2009-02-12 14:06:00,2,0.85,1.7,,,
14549,United Kingdom,Door Mat Green Paisley ,48195,489832,2009-02-12 14:06:00,1,6.75,6.75,,,
14549,United Kingdom,"Folk Art Greeting Card,Pack/12",84247K,489832,2009-02-12 14:06:00,2,2.95,5.9,,,
14549,United Kingdom,Pack/12 Blue Reindeer Card,84247C,489832,2009-02-12 14:06:00,1,2.95,2.95,,,
14549,United Kingdom,6 Ribbons Elegant Christmas ,22075,489832,2009-02-12 14:06:00,2,1.65,3.3,,,
14549,United Kingdom,Traditional Christmas Ribbons,85049A,489832,2009-02-12 14:06:00,1,1.25,1.25,,,
14549,United Kingdom, Vintage Design Gift Tags,21493,489832,2009-02-12 14:06:00,2,0.85,1.7,,,
14549,United Kingdom,Bag 250G Swirly Marbles,21704,489832,2009-02-12 14:06:00,2,0.85,1.7,,,
14549,United Kingdom,Bag 500G Swirly Marbles,21705,489832,2009-02-12 14:06:00,2,1.65,3.3,,,
14549,United Kingdom,Home Sweet Home Metal Sign ,21164,489832,2009-02-12 14:06:00,1,2.95,2.95,,,
14549,United Kingdom,Scottie Dog Hot Water Bottle,22111,489832,2009-02-12 14:06:00,3,4.95,14.85,,,
14549,United Kingdom,Set Of 36 Teatime Paper Doilies,84987,489832,2009-02-12 14:06:00,1,1.45,1.45,,,
14549,United Kingdom,Metal 4 Hook Hanger French Chateau,22173,489832,2009-02-12 14:06:00,2,2.95,5.9,,,
14549,United Kingdom,Blue Fairy Cake Child'S Apron,47591C,489832,2009-02-12 14:06:00,1,1.95,1.95,,,
14549,United Kingdom,Pink Fairy Cake Child'S Apron,47591D,489832,2009-02-12 14:06:00,2,1.95,3.9,,,
14549,United Kingdom,Red Spotty Childs Apron,21156,489832,2009-02-12 14:06:00,1,1.95,1.95,,,
14549,United Kingdom,60 Teatime Fairy Cake Cases,84991,489832,2009-02-12 14:06:00,2,0.55,1.1,,,
14549,United Kingdom,Set/20 Red Spotty Paper Napkins ,21080,489832,2009-02-12 14:06:00,3,0.85,2.55,,,
14549,United Kingdom,Pack Of 20 Fairy Cake Paper Napkins,84520D,489832,2009-02-12 14:06:00,3,0.85,2.55,,,
14549,United Kingdom,Pack 20 English Rose Paper Napkins,84520B,489832,2009-02-12 14:06:00,3,0.85,2.55,,,
14549,United Kingdom,Wooden Picture Frame White Finish,82482,489832,2009-02-12 14:06:00,2,2.55,5.1,,,
14549,United Kingdom,Pocket Bag Pink Paisely Brown Spot,22280,489832,2009-02-12 14:06:00,2,2.1,4.2,,,
14549,United Kingdom,Pocket Bag Blue Paisley Red Spot,22279,489832,2009-02-12 14:06:00,2,2.1,4.2,,,
14549,United Kingdom,Wash Bag Vintage Rose Paisley,22276,489832,2009-02-12 14:06:00,2,2.55,5.1,,,
14549,United Kingdom,Metal Sign Empire Tea,22115,489832,2009-02-12 14:06:00,2,2.95,5.9,,,
14549,United Kingdom,English Rose Design Peg Bag,47568,489832,2009-02-12 14:06:00,2,2.1,4.2,,,
14549,United Kingdom,Glitter Hanging Butterfly String,20829,489832,2009-02-12 14:06:00,4,2.1,8.4,,,
14549,United Kingdom,Set Of Three Vintage Gift Wraps,21491,489832,2009-02-12 14:06:00,2,1.95,3.9,,,
14549,United Kingdom,Set Of Three 50'S Gift Wraps ,21490,489832,2009-02-12 14:06:00,2,1.95,3.9,,,
14549,United Kingdom,Tea Time Party Bunting,47566B,489832,2009-02-12 14:06:00,4,4.65,18.6,,,
14549,United Kingdom,Party Bunting,47566,489832,2009-02-12 14:06:00,5,4.65,23.25,,,
14549,United Kingdom,Vintage Union Jack Bunting,21621,489832,2009-02-12 14:06:00,4,8.5,27,,,
14549,United Kingdom,Corona Mexican Tray,79067,489832,2009-02-12 14:06:00,1,3.75,3.75,,,
14549,United Kingdom,Pizza Plate In Box,22107,489832,2009-02-12 14:06:00,1,3.75,3.75,,,
14549,United Kingdom,Lads Only Tissue Box,22095,489832,2009-02-12 14:06:00,1,1.25,1.25,,,
14549,United Kingdom,Pink Flower Crochet Food Cover,21465,489832,2009-02-12 14:06:00,1,3.75,3.75,,,
14549,United Kingdom,Butterfly Crochet Food Cover,21468,489832,2009-02-12 14:06:00,1,3.75,3.75,,,
14549,United Kingdom,Baking Set 9 Piece Retrospot ,22138,489832,2009-02-12 14:06:00,2,4.95,9.9,,,
14549,United Kingdom,Retro Spot Tea Set Ceramic 11 Pc ,22139,489832,2009-02-12 14:06:00,4,4.95,19.8,,,
14106,United Kingdom,Red Spotty Round Cake Tins,21217,489834,2009-02-12 14:09:00,24,8.95,27,,,
14980,United Kingdom,Cow  Sock Puppet,85185C,489833,2009-02-12 14:09:00,1,2.95,2.95,,,
14980,United Kingdom,Lion Sock Puppet,85185F,489833,2009-02-12 14:09:00,1,2.95,2.95,,,
14980,United Kingdom,Asstd Design Bubble Gum Ring,84270,489833,2009-02-12 14:09:00,27,0.21,6.3,,,
14980,United Kingdom,Mushroom Blue Hot Water Bottle,21482,489833,2009-02-12 14:09:00,1,2.95,2.95,,,
14980,United Kingdom,White Hanging Heart T-Light Holder,85123A,489833,2009-02-12 14:09:00,8,2.95,23.6,,,
14980,United Kingdom,Red Spotty Oven Glove ,21154,489833,2009-02-12 14:09:00,2,1.25,2.5,,,
14980,United Kingdom,Set/2 Red Spotty Tea Towels ,21035,489833,2009-02-12 14:09:00,1,2.95,2.95,,,
14980,United Kingdom,Pink/Brown Dots Ruffled Umbrella,85014D,489833,2009-02-12 14:09:00,1,5.95,5.95,,,
14980,United Kingdom,Home Building Block Word,21754,489833,2009-02-12 14:09:00,1,5.95,5.95,,,
14980,United Kingdom,Fairy Cake Flannel Assorted Colour,21108,489833,2009-02-12 14:09:00,2,2.55,5.1,,,
14980,United Kingdom,Hanging Ridge Glass T-Light Holder,21655,489833,2009-02-12 14:09:00,2,1.69,3.38,,,
14980,United Kingdom,Set/2 Spotty + Rose Tea Towels ,47556,489833,2009-02-12 14:09:00,1,2.55,2.55,,,
14980,United Kingdom,Red Spotty Shopper Bag,20718,489833,2009-02-12 14:09:00,1,1.25,1.25,,,
14980,United Kingdom,Sweetheart Ceramic Trinket Box,21231,489833,2009-02-12 14:09:00,2,1.25,2.5,,,
14980,United Kingdom,Christmas Craft White Fairy ,22142,489833,2009-02-12 14:09:00,6,1.45,8.7,,,
14980,United Kingdom,Christmas Craft Heart Decorations,22143,489833,2009-02-12 14:09:00,4,2.1,8.4,,,
14980,United Kingdom,Pink Cherry Lights,79323P,489833,2009-02-12 14:09:00,1,6.75,6.75,,,
14980,United Kingdom, White Cherry Lights,79323W,489833,2009-02-12 14:09:00,3,6.75,20.25,,,
14980,United Kingdom,Weekend Bag Vintage Rose Paisley,22275,489833,2009-02-12 14:09:00,1,8.5,8.5,,,
14980,United Kingdom,Jumbo Bag Red White Spotty ,85099B,489833,2009-02-12 14:09:00,3,1.95,5.85,,,
14980,United Kingdom,Rex Cash+Carry Jumbo Shopper,21034,489833,2009-02-12 14:09:00,1,0.95,0.95,,,
14980,United Kingdom,White Sweethearts Cabinet 4 Drawers,84837,489833,2009-02-12 14:09:00,1,12.75,12.75,,,
14980,United Kingdom,Cinammon Set Of 9 T-Lights,85231B,489833,2009-02-12 14:09:00,4,0.85,3.4,,,
14980,United Kingdom,Rose Scent Candle In Jewelled Box,72802A,489833,2009-02-12 14:09:00,1,4.25,4.25,,,
15061,United Kingdom,Paper Chain Kit Retro Spot,22083,489835,2009-02-12 14:15:00,27,2.55,27,,,
15061,United Kingdom,Paper Chain Kit 50'S Christmas ,22086,489835,2009-02-12 14:15:00,27,2.55,27,,,
14396,United Kingdom,Wood Stamp Set Best Wishes,22210,489837,2009-02-12 14:21:00,4,1.65,6.6,,,
14396,United Kingdom,Wood Stamp Set Thank You,22208,489837,2009-02-12 14:21:00,4,1.65,6.6,,,
14396,United Kingdom,Wood Stamp Set Flowers,22211,489837,2009-02-12 14:21:00,4,1.65,6.6,,,
14396,United Kingdom,3D Dog Picture Playing Cards,84558A,489837,2009-02-12 14:21:00,4,2.95,11.8,,,
14396,United Kingdom,36 Pencils Tube Posy,20980,489837,2009-02-12 14:21:00,4,1.25,5,,,
14396,United Kingdom,36 Pencils Tube Red Spotty,20979,489837,2009-02-12 14:21:00,4,1.25,5,,,
14396,United Kingdom,36 Pencils Tube Woodland,20977,489837,2009-02-12 14:21:00,4,1.25,5,,,
14396,United Kingdom,Danish Rose Photo Frame,84818,489837,2009-02-12 14:21:00,3,2.55,7.65,,,
14396,United Kingdom,Wooden Picture Frame White Finish,82482,489837,2009-02-12 14:21:00,4,2.55,10.2,,,
14396,United Kingdom, 3 Stripey Mice Feltcraft,22150,489837,2009-02-12 14:21:00,3,1.95,5.85,,,
14396,United Kingdom,Feltcraft Butterfly Hearts,22147,489837,2009-02-12 14:21:00,3,1.45,4.35,,,
14396,United Kingdom,Christmas Craft Heart Stocking ,22145,489837,2009-02-12 14:21:00,3,2.1,6.3,,,
14396,United Kingdom,Sleeping Cat Erasers,16237,489837,2009-02-12 14:21:00,10,0.21,2.1,,,
14396,United Kingdom,Antique Lily Fairy Lights,85042,489837,2009-02-12 14:21:00,2,4.95,9.9,,,
14396,United Kingdom,White Beaded Garland String 20Light,85047,489837,2009-02-12 14:21:00,3,6.35,19.05,,,
14396,United Kingdom,Red Spot Ceramic Drawer Knob,21671,489837,2009-02-12 14:21:00,6,1.25,7.5,,,
14396,United Kingdom,Blue Spot Ceramic Drawer Knob,21670,489837,2009-02-12 14:21:00,6,1.25,7.5,,,
14396,United Kingdom,Red Stripe Ceramic Drawer Knob,21668,489837,2009-02-12 14:21:00,6,1.25,7.5,,,
14396,United Kingdom,Gingham Heart Wreath,21350,489837,2009-02-12 14:21:00,4,2.95,11.8,,,
14396,United Kingdom, White Cherry Lights,79323W,489837,2009-02-12 14:21:00,3,6.75,20.25,,,
14396,United Kingdom,Light Pink Cherry Lights,79323LP,489837,2009-02-12 14:21:00,2,6.75,13.5,,,
14396,United Kingdom,Silver Sleighbell  Wreath,21353,489837,2009-02-12 14:21:00,3,7.95,23.85,,,
14396,United Kingdom,Etched Glass Bird Tree Decoration,21010,489837,2009-02-12 14:21:00,6,1.25,7.5,,,
14396,United Kingdom,Etched Glass Star Tree Decoration,21009,489837,2009-02-12 14:21:00,6,1.25,7.5,,,
14396,United Kingdom,Jumbo Bag Pink Vintage Paisley,21929,489837,2009-02-12 14:21:00,4,1.95,7.8,,,
14396,United Kingdom,Wooden Frame Antique White ,82494L,489837,2009-02-12 14:21:00,3,2.95,8.85,,,
14396,United Kingdom,Glitter Hanging Butterfly String,20829,489837,2009-02-12 14:21:00,7,2.1,14.7,,,
14396,United Kingdom,Glitter Butterfly Clips,20828,489837,2009-02-12 14:21:00,7,2.55,17.85,,,
14396,United Kingdom,Glitter Star Garland With Bells ,21821,489837,2009-02-12 14:21:00,6,3.75,22.5,,,
14396,United Kingdom,White Metal Lantern,71053,489837,2009-02-12 14:21:00,4,3.75,15,,,
14396,United Kingdom,White Hanging Beads Candle Holder,71038,489837,2009-02-12 14:21:00,2,5.45,10.9,,,
14396,United Kingdom,Wood 2 Drawer Cabinet White Finish,82483,489837,2009-02-12 14:21:00,2,5.95,11.9,,,
14396,United Kingdom,Small Spotty Chocolate Gift Bag ,21291,489837,2009-02-12 14:21:00,27,0.85,27,,,
14396,United Kingdom,Doggy Rubber,10120,489837,2009-02-12 14:21:00,10,0.21,2.1,,,
14396,United Kingdom,Feltcraft Butterfly Hearts,22147,489837,2009-02-12 14:21:00,1,1.45,1.45,,,
14396,United Kingdom,Christmas Craft Heart Stocking ,22145,489837,2009-02-12 14:21:00,1,2.1,2.1,,,
14396,United Kingdom, 3 Stripey Mice Feltcraft,22150,489837,2009-02-12 14:21:00,1,1.95,1.95,,,
14396,United Kingdom,Metal 4 Hook Hanger French Chateau,22173,489837,2009-02-12 14:21:00,4,2.95,11.8,,,
14396,United Kingdom,Cream Cupid Hearts Coat Hanger,84406B,489837,2009-02-12 14:21:00,3,3.25,9.75,,,
14396,United Kingdom,White Hanging Heart T-Light Holder,85123A,489837,2009-02-12 14:21:00,10,2.95,27,,,
14396,United Kingdom,Christmas Hanging Tree With Bell,21809,489837,2009-02-12 14:21:00,20,1.25,25,,,
14396,United Kingdom,Glitter Christmas Tree,21817,489837,2009-02-12 14:21:00,10,0.85,8.5,,,
14396,United Kingdom,Glitter Christmas Heart ,21818,489837,2009-02-12 14:21:00,10,0.85,8.5,,,
14396,United Kingdom,Glitter Christmas Star ,21819,489837,2009-02-12 14:21:00,10,0.85,8.5,,,
14396,United Kingdom,Wood S/3 Cabinet Ant White Finish,82486,489837,2009-02-12 14:21:00,2,7.95,15.9,,,
14396,United Kingdom,Fairy Cake Candles,72756,489837,2009-02-12 14:21:00,18,1.49,26.82,,,
14122,United Kingdom,Piccadilly Tea Set,20747,489840,2009-02-12 14:22:00,6,14.95,27,,,
16987,United Kingdom, Vintage Design Gift Tags,21493,489855,2009-02-12 14:34:00,6,0.85,5.1,,,
16987,United Kingdom,White Advent Candle,72529W,489855,2009-02-12 14:34:00,1,2.12,2.12,,,
16987,United Kingdom,Red Woolly Hottie White Heart.,84029E,489855,2009-02-12 14:34:00,2,3.75,7.5,,,
16987,United Kingdom,Knitted Union Flag Hot Water Bottle,84029G,489855,2009-02-12 14:34:00,3,3.75,11.25,,,
16987,United Kingdom,Red White Scarf  Hot Water Bottle,21488,489855,2009-02-12 14:34:00,3,3.95,11.85,,,
16987,United Kingdom,Blue White Scarf Hot Water Bottle,21489,489855,2009-02-12 14:34:00,3,3.95,11.85,,,
16987,United Kingdom,Hot Water Bottle Tea And Sympathy,22114,489855,2009-02-12 14:34:00,2,3.95,7.9,,,
16987,United Kingdom,Pink Stripe Hot Water Bottle,21480,489855,2009-02-12 14:34:00,2,2.95,5.9,,,
16987,United Kingdom,Lunch Bag Red Spotty,20725,489855,2009-02-12 14:34:00,3,1.65,4.95,,,
16987,United Kingdom,Charlie + Lola Red Hot Water Bottle,84032B,489855,2009-02-12 14:34:00,2,2.95,5.9,,,
16987,United Kingdom,Charlie+Lola Pink Hot Water Bottle,84032A,489855,2009-02-12 14:34:00,2,2.95,5.9,,,
16987,United Kingdom,Chocolate Hot Water Bottle,22112,489855,2009-02-12 14:34:00,2,4.95,9.9,,,
16987,United Kingdom,Silver Christmas Tree Bauble Stand ,84352,489855,2009-02-12 14:34:00,1,16.95,16.95,,,
16987,United Kingdom,Wooden Frame Antique White ,82494L,489855,2009-02-12 14:34:00,2,2.95,5.9,,,
16987,United Kingdom,Wooden Picture Frame White Finish,82482,489855,2009-02-12 14:34:00,2,2.55,5.1,,,
16987,United Kingdom,Potting Shed Coffee Mug,21869,489855,2009-02-12 14:34:00,1,1.25,1.25,,,
16987,United Kingdom,If You Can'T Stand The Heat Mug,21873,489855,2009-02-12 14:34:00,1,1.25,1.25,,,
16987,United Kingdom,Glamorous  Mug,21872,489855,2009-02-12 14:34:00,2,1.25,2.5,,,
16987,United Kingdom,Home Sweet Home Mug,21877,489855,2009-02-12 14:34:00,1,1.25,1.25,,,
16987,United Kingdom,Gin And Tonic Mug,21874,489855,2009-02-12 14:34:00,1,1.25,1.25,,,
16987,United Kingdom,Potting Shed Tea Mug,21868,489855,2009-02-12 14:34:00,1,1.25,1.25,,,
16987,United Kingdom,Do Not Touch My Stuff Door Hanger ,21163,489855,2009-02-12 14:34:00,1,1.45,1.45,,,
16987,United Kingdom,Beware Of The Cat Metal Sign ,21165,489855,2009-02-12 14:34:00,1,1.69,1.69,,,
16987,United Kingdom,Keep Out Boys Door Hanger ,21161,489855,2009-02-12 14:34:00,1,1.45,1.45,,,
16987,United Kingdom,Do Not Touch My Stuff Door Hanger ,21163,489855,2009-02-12 14:34:00,2,1.45,2.9,,,
16987,United Kingdom,Vintage Union Jack Doorstop,21624,489855,2009-02-12 14:34:00,1,5.95,5.95,,,
16987,United Kingdom,Red/White Dots Ruffled Umbrella,85014B,489855,2009-02-12 14:34:00,1,5.95,5.95,,,
16987,United Kingdom,Set Of Three Vintage Gift Wraps,21491,489855,2009-02-12 14:34:00,3,1.95,5.85,,,
16987,United Kingdom,Set Of Three 50'S Gift Wraps ,21490,489855,2009-02-12 14:34:00,3,1.95,5.85,,,
17809,United Kingdom,Set/12 Taper Candles,72598,489862,2009-02-12 14:52:00,18,0.85,15.3,,,
17809,United Kingdom,Brown Flower Lights,79342B,489862,2009-02-12 14:52:00,27,5.45,27,,,
17809,United Kingdom,Pink Cherry Lights,79323P,489862,2009-02-12 14:52:00,27,5.45,27,,,
17809,United Kingdom, White Cherry Lights,79323W,489862,2009-02-12 14:52:00,24,5.45,27,,,
15917,United Kingdom,Lunch Bag Red Spotty,20725,489863,2009-02-12 14:55:00,1,1.65,1.65,,,
15917,United Kingdom,Pink Fairy Cake Child'S Apron,47591D,489863,2009-02-12 14:55:00,1,1.95,1.95,,,
15917,United Kingdom,Set 12 Retro White Chalk Sticks,21916,489863,2009-02-12 14:55:00,1,0.42,0.42,,,
15917,United Kingdom,Toast Its - Best Mum,21354,489863,2009-02-12 14:55:00,1,1.25,1.25,,,
15917,United Kingdom,Toast Its - Dinosaur,21357,489863,2009-02-12 14:55:00,1,1.25,1.25,,,
15917,United Kingdom,Toast Its - Happy Birthday,21358,489863,2009-02-12 14:55:00,1,1.25,1.25,,,
15917,United Kingdom,200 Red + White Bendy Straws,22315,489863,2009-02-12 14:55:00,4,1.25,5,,,
15917,United Kingdom,Pink Vintage Paisley Picnic Bag,21933,489863,2009-02-12 14:55:00,1,2.95,2.95,,,
15917,United Kingdom,Strawberry Candy Bag,20730,489863,2009-02-12 14:55:00,1,1.25,1.25,,,
15917,United Kingdom,White Goose Feather Christmas Tree ,21262,489863,2009-02-12 14:55:00,1,16.95,16.95,,,
15917,United Kingdom,Pastel Blue Photo Album ,16202B,489863,2009-02-12 14:55:00,1,5.55,5.55,,,
15917,United Kingdom,Vintage Keepsake Box Beauty Girl,20905,489863,2009-02-12 14:55:00,1,6.35,6.35,,,
15917,United Kingdom,Folkart Heart Napkin Rings,35965,489863,2009-02-12 14:55:00,1,2.95,2.95,,,
15917,United Kingdom,Red Spotty Apron ,21042,489863,2009-02-12 14:55:00,1,5.95,5.95,,,
15917,United Kingdom,Red Woolly Hottie White Heart.,84029E,489863,2009-02-12 14:55:00,1,3.75,3.75,,,
15917,United Kingdom,Chick Grey Hot Water Bottle,21484,489863,2009-02-12 14:55:00,1,3.45,3.45,,,
15917,United Kingdom,Pink Stripe Hot Water Bottle,21480,489863,2009-02-12 14:55:00,1,2.95,2.95,,,
15917,United Kingdom,Blue Fairy Cake Child'S Apron,47591C,489863,2009-02-12 14:55:00,1,1.95,1.95,,,
14987,United Kingdom,White Tissue Ream,22415,489864,2009-02-12 14:56:00,1,7.95,7.95,,,
14987,United Kingdom,Red Hanging Heart T-Light Holder,21733,489864,2009-02-12 14:56:00,27,2.55,27,,,
14987,United Kingdom,White Hanging Heart T-Light Holder,85123A,489864,2009-02-12 14:56:00,27,2.55,27,,,
14080,United Kingdom,Kensington Coffee Set,20748,489865,2009-02-12 15:01:00,1,12.75,12.75,,,
14080,United Kingdom,Blue Diner Wall Clock,22192,489865,2009-02-12 15:01:00,1,8.5,8.5,,,
14080,United Kingdom,Eau De Nil Diner Wall Clock,22191,489865,2009-02-12 15:01:00,1,8.5,8.5,,,
14080,United Kingdom,Berries Chunky Knitted Throw ,46775B,489865,2009-02-12 15:01:00,2,16.95,27,,,
14080,United Kingdom, Peace Wooden Block Letters,22119,489865,2009-02-12 15:01:00,2,6.95,13.9,,,
14080,United Kingdom,Noel Wooden Block Letters ,22121,489865,2009-02-12 15:01:00,2,5.95,11.9,,,
14080,United Kingdom,Home Building Block Word,21754,489865,2009-02-12 15:01:00,2,5.95,11.9,,,
14080,United Kingdom,Bath Building Block Word,21756,489865,2009-02-12 15:01:00,4,5.95,23.8,,,
14080,United Kingdom,Joy Wooden Block Letters,22118,489865,2009-02-12 15:01:00,2,4.95,9.9,,,
14080,United Kingdom,Lavender Scented Fabric Heart,21114,489865,2009-02-12 15:01:00,5,1.25,6.25,,,
14080,United Kingdom,Scottie Dog Hot Water Bottle,22111,489865,2009-02-12 15:01:00,3,4.95,14.85,,,
14080,United Kingdom,White Skull Hot Water Bottle ,21479,489865,2009-02-12 15:01:00,1,3.75,3.75,,,
14080,United Kingdom,Knitted Union Flag Hot Water Bottle,84029G,489865,2009-02-12 15:01:00,3,3.75,11.25,,,
14080,United Kingdom, Black Pirate Treasure Chest,22068,489865,2009-02-12 15:01:00,2,1.65,3.3,,,
14080,United Kingdom,Set/5 Blue Spotty Lid Glass Bowls,20913,489865,2009-02-12 15:01:00,2,2.95,5.9,,,
14080,United Kingdom,S/16 Vintage Sky Blue Cutlery,84968F,489865,2009-02-12 15:01:00,1,12.75,12.75,,,
14080,United Kingdom,Fairy Cake Candles,72756,489865,2009-02-12 15:01:00,18,1.49,26.82,,,
14080,United Kingdom,Piccadilly Tea Set,20747,489865,2009-02-12 15:01:00,1,14.95,14.95,,,
16200,United Kingdom,Floral Elephant Soft Toy,20692,489866,2009-02-12 15:04:00,1,4.25,4.25,,,
16200,United Kingdom,Large Heart Flowers Hook   ,84971L,489866,2009-02-12 15:04:00,4,1.25,5,,,
16200,United Kingdom,English Rose Small Scented Flower,47578A,489866,2009-02-12 15:04:00,8,0.85,6.8,,,
16200,United Kingdom,Hot Baths Metal Sign,82583,489866,2009-02-12 15:04:00,2,2.1,4.2,,,
16200,United Kingdom,Home Sweet Home Metal Sign ,21164,489866,2009-02-12 15:04:00,1,2.95,2.95,,,
16200,United Kingdom,Washroom Metal Sign,82552,489866,2009-02-12 15:04:00,5,1.25,6.25,,,
16200,United Kingdom,Laundry 15C Metal Sign,82551,489866,2009-02-12 15:04:00,5,1.25,6.25,,,
16200,United Kingdom,Welcome Metal Sign,85151,489866,2009-02-12 15:04:00,5,1.25,6.25,,,
16200,United Kingdom,Grey Heart Hot Water Bottle,22113,489866,2009-02-12 15:04:00,2,3.45,6.9,,,
16200,United Kingdom,Red Spot Heart Hot Water Bottle,21485,489866,2009-02-12 15:04:00,2,4.95,9.9,,,
16200,United Kingdom,Mushroom Blue Hot Water Bottle,21482,489866,2009-02-12 15:04:00,1,2.95,2.95,,,
16200,United Kingdom,Fawn Blue Hot Water Bottle,21481,489866,2009-02-12 15:04:00,2,2.95,5.9,,,
16200,United Kingdom,Floral Dinosaur Green,20693,489866,2009-02-12 15:04:00,1,4.25,4.25,,,
16200,United Kingdom,Home Sweet Home Mug,21877,489866,2009-02-12 15:04:00,6,1.25,7.5,,,
16200,United Kingdom,Charlie + Lola Red Hot Water Bottle,84032B,489866,2009-02-12 15:04:00,2,2.95,5.9,,,
16200,United Kingdom,Cherry Blossom Photo Frame ,84705D,489866,2009-02-12 15:04:00,2,4.65,9.3,,,
16200,United Kingdom,Triangular Ridged Glass Posy Holder,21665,489866,2009-02-12 15:04:00,18,0.65,11.7,,,
16200,United Kingdom,Heart Ivory Trellis Large,22296,489866,2009-02-12 15:04:00,12,1.65,19.8,,,
16200,United Kingdom,Pink Doughnut Trinket Pot ,22064,489866,2009-02-12 15:04:00,1,1.65,1.65,,,
16200,United Kingdom,Heart Decoration Painted Zinc ,22335,489866,2009-02-12 15:04:00,1,0.65,0.65,,,
16200,United Kingdom,Set/6 Pink Bird T-Light Candles,85170D,489866,2009-02-12 15:04:00,2,2.1,4.2,,,
16200,United Kingdom,Red Hanging Heart T-Light Holder,21733,489866,2009-02-12 15:04:00,11,2.95,27,,,
16200,United Kingdom,White Hanging Heart T-Light Holder,85123A,489866,2009-02-12 15:04:00,10,2.95,27,,,
16200,United Kingdom,Pack/12 Russian Doll Cards,84247J,489866,2009-02-12 15:04:00,1,2.95,2.95,,,
16200,United Kingdom,Fairy Cake Greetings Card,84249D,489866,2009-02-12 15:04:00,12,0.42,5.04,,,
16200,United Kingdom,Set/3 Polka Dot Stacking Tins,85232A,489866,2009-02-12 15:04:00,1,4.95,4.95,,,
16200,United Kingdom,French Enamel Candleholder,85053,489866,2009-02-12 15:04:00,1,2.1,2.1,,,
16200,United Kingdom,Enamel Blue Rim Biscuit Bin,35241,489866,2009-02-12 15:04:00,1,4.95,4.95,,,
16200,United Kingdom,White Jewelled Heart Decoration,85061W,489866,2009-02-12 15:04:00,10,0.85,8.5,,,
16200,United Kingdom,Small Heart Flowers Hook ,84971S,489866,2009-02-12 15:04:00,2,0.85,1.7,,,
16200,United Kingdom,Small Hanging Ivory/Red Wood Bird,85199S,489866,2009-02-12 15:04:00,10,0.42,4.2,,,
16200,United Kingdom,Large Hanging Ivory & Red Wood Bird,85199L,489866,2009-02-12 15:04:00,6,0.65,3.9,,,
16200,United Kingdom,Six String Scandinavian Heart Decs,35979,489866,2009-02-12 15:04:00,1,2.95,2.95,,,
16200,United Kingdom,Mini Cake Stand With Hanging Cakes,37446,489866,2009-02-12 15:04:00,1,1.45,1.45,,,
16200,United Kingdom,Mini Cake Stand  Hanging Strawbery,22055,489866,2009-02-12 15:04:00,1,1.65,1.65,,,
16200,United Kingdom,6 Crochet Strawberries,22253,489866,2009-02-12 15:04:00,3,1.25,3.75,,,
16200,United Kingdom,12 Ass Zinc Christmas Decorations,35962,489866,2009-02-12 15:04:00,2,2.1,4.2,,,
16200,United Kingdom,Ceramic Cake Design Spotted Plate,37447,489866,2009-02-12 15:04:00,1,1.49,1.49,,,
16200,United Kingdom,Zinc Willie Winkie  Candle Stick,84832,489866,2009-02-12 15:04:00,15,0.85,12.75,,,
16200,United Kingdom,Noel Garland Painted Zinc ,22340,489866,2009-02-12 15:04:00,1,1.65,1.65,,,
16200,United Kingdom,Etched Glass Bird Tree Decoration,21010,489866,2009-02-12 15:04:00,6,1.25,7.5,,,
16200,United Kingdom,Etched Glass Star Tree Decoration,21009,489866,2009-02-12 15:04:00,6,1.25,7.5,,,
16200,United Kingdom,Hanging Heart Zinc T-Light Holder,84970S,489866,2009-02-12 15:04:00,12,0.85,10.2,,,
16200,United Kingdom,Zinc Metal Heart Decoration,84836,489866,2009-02-12 15:04:00,12,1.25,15,,,
16200,United Kingdom,Painted Bird Assorted Christmas,21133,489866,2009-02-12 15:04:00,6,1.69,10.14,,,
16200,United Kingdom,Rotating Leaves T-Light Holder,21494,489866,2009-02-12 15:04:00,10,2.55,25.5,,,
16200,United Kingdom,Rotating Silver Angels T-Light Hldr,84347,489866,2009-02-12 15:04:00,4,2.55,10.2,,,
16200,United Kingdom,White Lovebird Lantern,22224,489866,2009-02-12 15:04:00,3,2.95,8.85,,,
16200,United Kingdom,Easter Decoration Natural Chick,22265,489866,2009-02-12 15:04:00,15,0.65,9.75,,,
16200,United Kingdom,"Decoration, Hanging Heart+Mirror ",22227,489866,2009-02-12 15:04:00,8,0.65,5.2,,,
16200,United Kingdom,T-Light Holder White Lace,22216,489866,2009-02-12 15:04:00,10,0.85,8.5,,,
16200,United Kingdom,Hanging Heart Zinc T-Light Holder,84970S,489866,2009-02-12 15:04:00,24,0.85,20.4,,,
16200,United Kingdom,English Rose Design Peg Bag,47568,489866,2009-02-12 15:04:00,2,2.1,4.2,,,
16200,United Kingdom,English Rose Placemats,84509A,489866,2009-02-12 15:04:00,2,3.75,7.5,,,
16200,United Kingdom,Red Spotty Round Cake Tins,21217,489866,2009-02-12 15:04:00,1,9.95,9.95,,,
16200,United Kingdom,Four Hook  White Lovebirds,22212,489866,2009-02-12 15:04:00,3,2.1,6.3,,,
16200,United Kingdom,"Tumbler, New England",79030G,489866,2009-02-12 15:04:00,12,1.65,19.8,,,
16200,United Kingdom,"Tumbler, English Rose",79030A,489866,2009-02-12 15:04:00,6,1.65,9.9,,,
16200,United Kingdom,Save The Planet Mug,21871,489866,2009-02-12 15:04:00,6,1.25,7.5,,,
16200,United Kingdom,English Rose Small Scented Flower,47578A,489866,2009-02-12 15:04:00,1,0.85,0.85,,,
16200,United Kingdom,Glass Heart T-Light Holder ,21313,489866,2009-02-12 15:04:00,1,0.85,0.85,,,
16200,United Kingdom,Heart Decoration Painted Zinc ,22335,489866,2009-02-12 15:04:00,14,0.65,9.1,,,
16200,United Kingdom,Glass Heart T-Light Holder ,21313,489866,2009-02-12 15:04:00,5,0.85,4.25,,,
16200,United Kingdom,Bathroom Metal Sign,82580,489866,2009-02-12 15:04:00,5,0.55,2.75,,,
16200,United Kingdom,Kitchen Metal Sign,82578,489866,2009-02-12 15:04:00,3,0.55,1.65,,,
16200,United Kingdom,Assorted Colour Bird Ornament,84879,489866,2009-02-12 15:04:00,24,1.69,27,,,
16200,United Kingdom,Lavender Scented Fabric Heart,21114,489866,2009-02-12 15:04:00,10,1.25,12.5,,,
16200,United Kingdom,Bathroom Metal Sign ,21171,489866,2009-02-12 15:04:00,4,1.45,5.8,,,
16200,United Kingdom,Kitchen Metal Sign,82578,489866,2009-02-12 15:04:00,2,0.55,1.1,,,
16200,United Kingdom,Jumbo Bag Scandinavian Paisley,21928,489866,2009-02-12 15:04:00,4,1.95,7.8,,,
16200,United Kingdom,Jumbo Storage Bag Suki,21931,489866,2009-02-12 15:04:00,2,1.95,3.9,,,
16200,United Kingdom,Jumbo Bag Pink Vintage Paisley,21929,489866,2009-02-12 15:04:00,4,1.95,7.8,,,
16200,United Kingdom,Jumbo Bag Strawberry,85099F,489866,2009-02-12 15:04:00,5,1.95,9.75,,,
16200,United Kingdom,Jumbo Bag Woodland Animals,20712,489866,2009-02-12 15:04:00,4,1.95,7.8,,,
16200,United Kingdom,Jumbo Bag Toys ,20711,489866,2009-02-12 15:04:00,2,1.95,3.9,,,
16200,United Kingdom,Jumbo Bag Red White Spotty ,85099B,489866,2009-02-12 15:04:00,4,1.95,7.8,,,
16200,United Kingdom,Beaded Crystal Heart Blue Small,85129C,489866,2009-02-12 15:04:00,8,1.25,10,,,
16200,United Kingdom,Ivory Hanging Decoration  Butterfly,21384,489866,2009-02-12 15:04:00,8,0.85,6.8,,,
16200,United Kingdom,Ivory Hanging Decoration  Chicken,21388,489866,2009-02-12 15:04:00,6,0.85,5.1,,,
16200,United Kingdom,Set/2 Blue  Noodle Baskets,84288B,489866,2009-02-12 15:04:00,12,1.95,23.4,,,
16200,United Kingdom,Fancy Font Home Sweet Home Doormat,21523,489866,2009-02-12 15:04:00,4,6.75,27,,,
16200,United Kingdom,Spotty  Home Sweet Home Doormat,21524,489866,2009-02-12 15:04:00,2,6.75,13.5,,,
16200,United Kingdom,Door Mat Friendship ,48189,489866,2009-02-12 15:04:00,2,6.75,13.5,,,
16200,United Kingdom,Door Mat New England,48187,489866,2009-02-12 15:04:00,2,6.75,13.5,,,
16200,United Kingdom,Door Mat Fairy Cake,48185,489866,2009-02-12 15:04:00,1,6.75,6.75,,,
16200,United Kingdom,Union Jack Guns & Roses  Doormat,21955,489866,2009-02-12 15:04:00,2,6.75,13.5,,,
16200,United Kingdom,Hanging Jam Jar T-Light Holder,71459,489866,2009-02-12 15:04:00,12,0.85,10.2,,,
16200,United Kingdom,Colour Glass T-Light Holder Hanging,84755,489866,2009-02-12 15:04:00,27,0.65,26,,,
16200,United Kingdom,Classic White Frame,21333,489866,2009-02-12 15:04:00,4,2.95,11.8,,,
16200,United Kingdom,Blue Chalet Birdfeeder,21444,489866,2009-02-12 15:04:00,1,3.75,3.75,,,
16200,United Kingdom,English Rose Photo Frame ,84705A,489866,2009-02-12 15:04:00,1,4.65,4.65,,,
16200,United Kingdom,Cherry Blossom Photo Frame ,84705D,489866,2009-02-12 15:04:00,1,4.65,4.65,,,
16200,United Kingdom,Bath Building Block Word,21756,489866,2009-02-12 15:04:00,2,5.95,11.9,,,
16200,United Kingdom,Home Building Block Word,21754,489866,2009-02-12 15:04:00,3,5.95,17.85,,,
16200,United Kingdom,Love Building Block Word,21755,489866,2009-02-12 15:04:00,2,5.95,11.9,,,
16200,United Kingdom,Lavender Scented Set/9 T-Lights,85231L,489866,2009-02-12 15:04:00,2,0.85,1.7,,,
16200,United Kingdom,Strawberry Scented Set/9 T-Lights,85231E,489866,2009-02-12 15:04:00,2,0.85,1.7,,,
16200,United Kingdom,Orange Scented Set/9 T-Lights,85231G,489866,2009-02-12 15:04:00,2,0.85,1.7,,,
16200,United Kingdom,Cinammon Set Of 9 T-Lights,85231B,489866,2009-02-12 15:04:00,2,0.85,1.7,,,
16200,United Kingdom,Antique Lily Fairy Lights,85042,489866,2009-02-12 15:04:00,4,4.95,19.8,,,
16200,United Kingdom,White Beaded Garland String 20Light,85047,489866,2009-02-12 15:04:00,2,6.35,12.7,,,
16200,United Kingdom,Wooden Picture Frame White Finish,82482,489866,2009-02-12 15:04:00,3,2.55,7.65,,,
16200,United Kingdom,Black Baroque Cuckoo Clock,85164B,489866,2009-02-12 15:04:00,1,12.75,12.75,,,
16200,United Kingdom,White Baroque Wall Clock ,85163A,489866,2009-02-12 15:04:00,1,12.75,12.75,,,
16200,United Kingdom,Candy Pink French Boudoir Clock,85165,489866,2009-02-12 15:04:00,2,9.95,19.9,,,
16200,United Kingdom,Set Of 3 Pink Flying Ducks,35004P,489866,2009-02-12 15:04:00,2,5.45,10.9,,,
16200,United Kingdom,Red Star Card Holder,22186,489866,2009-02-12 15:04:00,2,2.95,5.9,,,
16200,United Kingdom,White Metal Baroque Photo Frame,85166A,489866,2009-02-12 15:04:00,3,3.75,11.25,,,
16200,United Kingdom,Red Peony Photo Frame ,84705F,489866,2009-02-12 15:04:00,2,4.65,9.3,,,
16200,United Kingdom,"White Pearl Beaded Heart, Small",85129A,489866,2009-02-12 15:04:00,6,1.25,7.5,,,
16200,United Kingdom,Paper Bunting White Lace,22087,489866,2009-02-12 15:04:00,1,2.95,2.95,,,
16200,United Kingdom,Paper Bunting Coloured Lace,22088,489866,2009-02-12 15:04:00,1,2.95,2.95,,,
16200,United Kingdom,Strawberry Ceramic Trinket Box,21232,489866,2009-02-12 15:04:00,5,1.25,6.25,,,
16200,United Kingdom,Sweetheart Ceramic Trinket Box,21231,489866,2009-02-12 15:04:00,5,1.25,6.25,,,
16200,United Kingdom,Mini Cake Stand Hanging Hearts,22054,489866,2009-02-12 15:04:00,1,1.65,1.65,,,
15794,United Kingdom,Set/6 Ivory Bird T-Light Candles,85170A,489868,2009-02-12 15:10:00,6,2.1,12.6,,,
15794,United Kingdom,S/12 Vanilla  Botanical T-Lights,21613,489868,2009-02-12 15:10:00,6,2.95,17.7,,,
15794,United Kingdom,S/2 Beach Hut Stools,84690,489868,2009-02-12 15:10:00,6,7.95,27,,,
15794,United Kingdom,Noel Wooden Block Letters ,22121,489868,2009-02-12 15:10:00,24,5.45,27,,,
15794,United Kingdom,Hanging Heart Zinc T-Light Holder,84970S,489868,2009-02-12 15:10:00,12,0.85,10.2,,,
15794,United Kingdom,Antique Silver Tea Glass Etched,84946,489868,2009-02-12 15:10:00,12,1.25,15,,,
15794,United Kingdom,Jumbo Bag Owls,20713,489868,2009-02-12 15:10:00,10,1.95,19.5,,,
15794,United Kingdom,Paper Chain Kit Empire,22084,489868,2009-02-12 15:10:00,12,2.95,27,,,
15794,United Kingdom,Box Of 9 Pebble Candles,20886,489868,2009-02-12 15:10:00,27,1.65,27,,,
15794,United Kingdom,Natural Bark Candle Large,21282,489868,2009-02-12 15:10:00,24,3.75,27,,,
15794,United Kingdom,Set Of 12 Lily Botanical T-Lights,21611,489868,2009-02-12 15:10:00,27,2.95,27,,,
15794,United Kingdom,White Tissue Ream,22415,489868,2009-02-12 15:10:00,1,7.95,7.95,,,
15794,United Kingdom,Cake Stand Lace White,22218,489868,2009-02-12 15:10:00,3,4.25,12.75,,,
15794,United Kingdom,Set/6 Turquoise Butterfly T-Lights,72351A,489868,2009-02-12 15:10:00,24,2.1,27,,,
16200,United Kingdom,Cat Bowl ,22350,489869,2009-02-12 15:15:00,1,2.55,2.55,,,
16200,United Kingdom,"Dog Bowl , Chasing Ball Design",22349,489869,2009-02-12 15:15:00,1,3.75,3.75,,,
16200,United Kingdom,Red Enchanted Forest Placemat,85114C,489869,2009-02-12 15:15:00,1,1.65,1.65,,,
16200,United Kingdom,White Honeycomb Paper Fan ,21193,489869,2009-02-12 15:15:00,1,2.1,2.1,,,
16200,United Kingdom,Scandinavian Reds Ribbons,85049E,489869,2009-02-12 15:15:00,1,1.25,1.25,,,
16200,United Kingdom,12 Ass Zinc Christmas Decorations,35962,489869,2009-02-12 15:15:00,1,2.1,2.1,,,
16200,United Kingdom,White Christmas Tree Decoration ,21805,489869,2009-02-12 15:15:00,4,0.42,1.68,,,
16200,United Kingdom,Noel Garland Painted Zinc ,22340,489869,2009-02-12 15:15:00,1,1.65,1.65,,,
16200,United Kingdom,Dove Decoration Painted Zinc ,22336,489869,2009-02-12 15:15:00,2,0.65,1.3,,,
16200,United Kingdom,Angel Decoration Painted Zinc ,22337,489869,2009-02-12 15:15:00,2,0.65,1.3,,,
16200,United Kingdom,Red Hanging Heart T-Light Holder,21733,489869,2009-02-12 15:15:00,1,2.95,2.95,,,
16200,United Kingdom,Star Portable Table Light ,21743,489869,2009-02-12 15:15:00,1,2.95,2.95,,,
16200,United Kingdom,Traditional Wooden Skipping Rope,21891,489869,2009-02-12 15:15:00,1,1.25,1.25,,,
16200,United Kingdom,Padded Red Heart Decoration,85080,489869,2009-02-12 15:15:00,1,1.25,1.25,,,
16200,United Kingdom,Set/16 White Shiny & Matt Baubles,35603C,489869,2009-02-12 15:15:00,1,2.1,2.1,,,
16200,United Kingdom,Zinc Willie Winkie  Candle Stick,84832,489869,2009-02-12 15:15:00,2,0.85,1.7,,,
16200,United Kingdom,Assorted Colour Bird Ornament,84879,489869,2009-02-12 15:15:00,5,1.69,8.45,,,
15523,United Kingdom,Jumbo Bag Red White Spotty ,85099B,489870,2009-02-12 15:16:00,27,1.95,27,,,
15523,United Kingdom,Pack Of 20 Skull Paper Napkins,21989,489870,2009-02-12 15:16:00,27,0.85,27,,,
15523,United Kingdom,Set Of 36 Teatime Paper Doilies,84987,489870,2009-02-12 15:16:00,27,1.45,27,,,
15523,United Kingdom,Tea Time Mug In Gift Box,37502,489871,2009-02-12 15:17:00,27,2.55,27,,,
15523,United Kingdom,Red Spotty Round Cake Tins,21217,489871,2009-02-12 15:17:00,12,8.95,27,,,
15523,United Kingdom,Ceramic Cake Stand + Hanging Cakes,37449,489871,2009-02-12 15:17:00,16,8.5,27,,,
15523,United Kingdom,Blue Fairy Cake Child'S Apron,47591C,489871,2009-02-12 15:17:00,27,1.65,27,,,
15523,United Kingdom,Pink Fairy Cake Child'S Apron,47591D,489871,2009-02-12 15:17:00,27,1.65,27,,,
15615,United Kingdom,Jumbo Storage Bag Skulls,21930,489872,2009-02-12 15:28:00,20,1.95,27,,,
15615,United Kingdom,Christmas Tree T-Light Holder,21816,489872,2009-02-12 15:28:00,12,1.45,17.4,,,
15615,United Kingdom,Painted Metal Tree With Holly Bells,21825,489872,2009-02-12 15:28:00,12,1.45,17.4,,,
15615,United Kingdom,Painted Metal Star With Holly Bells,21824,489872,2009-02-12 15:28:00,12,1.45,17.4,,,
15615,United Kingdom,Painted Metal Heart With Holly Bell,21823,489872,2009-02-12 15:28:00,12,1.45,17.4,,,
15615,United Kingdom,Christmas Tree Star Decoration,21803,489872,2009-02-12 15:28:00,27,0.42,15.12,,,
15615,United Kingdom,Vintage Union Jack Bunting,21621,489872,2009-02-12 15:28:00,2,8.5,17,,,
15615,United Kingdom,Set 12 Kids Colour  Chalk Sticks,21918,489872,2009-02-12 15:28:00,24,0.42,10.08,,,
15615,United Kingdom,Colouring Pencils Brown Tube,10135,489872,2009-02-12 15:28:00,20,1.25,25,,,
15615,United Kingdom,Red Spot Heart Hot Water Bottle,21485,489872,2009-02-12 15:28:00,6,4.95,27,,,
15615,United Kingdom,Chocolate Hot Water Bottle,22112,489872,2009-02-12 15:28:00,12,4.95,27,,,
15615,United Kingdom,Scottie Dog Hot Water Bottle,22111,489872,2009-02-12 15:28:00,12,4.95,27,,,
15615,United Kingdom,Hot Water Bottle Tea And Sympathy,22114,489872,2009-02-12 15:28:00,12,3.95,27,,,
15615,United Kingdom,Red Woolly Hottie White Heart.,84029E,489872,2009-02-12 15:28:00,12,3.75,27,,,
15615,United Kingdom,Knitted Union Flag Hot Water Bottle,84029G,489872,2009-02-12 15:28:00,12,3.75,27,,,
15615,United Kingdom,White Skull Hot Water Bottle ,21479,489872,2009-02-12 15:28:00,12,3.75,27,,,
15615,United Kingdom,36 Pencils Tube Red Spotty,20979,489872,2009-02-12 15:28:00,16,1.25,20,,,
15615,United Kingdom,72 Sweetheart Fairy Cake Cases,84992,489872,2009-02-12 15:28:00,24,0.55,13.2,,,
15615,United Kingdom,Victorian Glass Hanging T-Light,22178,489872,2009-02-12 15:28:00,12,1.25,15,,,
15615,United Kingdom,Jumbo Bag Red White Spotty ,85099B,489872,2009-02-12 15:28:00,20,1.95,27,,,
15615,United Kingdom,Jumbo Bag Woodland Animals,20712,489872,2009-02-12 15:28:00,10,1.95,19.5,,,
15615,United Kingdom,Jumbo Bag Owls,20713,489872,2009-02-12 15:28:00,10,1.95,19.5,,,
15615,United Kingdom,Tea Bag Plate Red Spotty ,22348,489873,2009-02-12 15:29:00,12,0.85,10.2,,,
18001,United Kingdom,Red Spots  Wrap ,21498,489874,2009-02-12 15:38:00,27,0.42,21,,,
18001,United Kingdom,Blue Spots  Wrap,21499,489874,2009-02-12 15:38:00,27,0.42,21,,,
18001,United Kingdom,S/4 Ivory Mini Rose Candle In Bowl,85039B,489874,2009-02-12 15:38:00,12,1.65,19.8,,,
18001,United Kingdom,Blue Tiled Tray,20793,489874,2009-02-12 15:38:00,3,6.75,20.25,,,
18001,United Kingdom,Metal 4 Hook Hanger French Chateau,22173,489874,2009-02-12 15:38:00,3,2.95,8.85,,,
18001,United Kingdom,Eight Piece Snake  Set,21828,489874,2009-02-12 15:38:00,1,1.25,1.25,,,
18001,United Kingdom,Eight Piece Creepy Crawlie Set,21827,489874,2009-02-12 15:38:00,1,1.25,1.25,,,
18001,United Kingdom,Retro Spot Giant  Tube Matches,21588,489874,2009-02-12 15:38:00,6,2.55,15.3,,,
18001,United Kingdom,Classic White Frame,21333,489874,2009-02-12 15:38:00,4,2.95,11.8,,,
18001,United Kingdom,Curious Images Scrap Book Set,85031C,489874,2009-02-12 15:38:00,3,4.95,14.85,,,
18001,United Kingdom,4 Vanilla Botanical Candles,21619,489874,2009-02-12 15:38:00,6,3.75,22.5,,,
18001,United Kingdom,Retro Spot Padded Seat Cushion,22354,489874,2009-02-12 15:38:00,5,3.75,18.75,,,
17841,United Kingdom,Heart Shape Wireless Doorbell,79160,489875,2009-02-12 15:41:00,11,2.1,23.1,,,
17841,United Kingdom,Red Spotty Passport Cover,20620,489875,2009-02-12 15:41:00,1,2.1,2.1,,,
17841,United Kingdom,Black Small Glass Cake Stand,84750B,489875,2009-02-12 15:41:00,1,1.95,1.95,,,
17841,United Kingdom,Red Spotty Biscuit Tin,21218,489875,2009-02-12 15:41:00,1,3.75,3.75,,,
17841,United Kingdom,Silver Rococo Candelabra,84765,489875,2009-02-12 15:41:00,3,12.75,27,,,
17841,United Kingdom,Teatime Cake Tin With Handle,79072,489875,2009-02-12 15:41:00,1,9.95,9.95,,,
17841,United Kingdom,Jumbo Bag Red White Spotty ,85099B,489875,2009-02-12 15:41:00,2,1.95,3.9,,,
17841,United Kingdom,Charlie And Lola Charlotte Bag,21100,489875,2009-02-12 15:41:00,1,1.65,1.65,,,
17841,United Kingdom,Suki  Shoulder Bag,21935,489875,2009-02-12 15:41:00,1,1.65,1.65,,,
17841,United Kingdom,Lunch Bag  Black Skull.,20727,489875,2009-02-12 15:41:00,1,1.65,1.65,,,
17841,United Kingdom,"Charlotte Bag , Pink/White Spots",22356,489875,2009-02-12 15:41:00,2,0.85,1.7,,,
17841,United Kingdom,Red Spotty Charlotte Bag,20724,489875,2009-02-12 15:41:00,1,0.85,0.85,,,
17841,United Kingdom,Lunch Bag Red Spotty,20725,489875,2009-02-12 15:41:00,1,1.65,1.65,,,
17841,United Kingdom,Strawberry Charlotte Bag,20723,489875,2009-02-12 15:41:00,10,0.85,8.5,,,
17841,United Kingdom,"Charlotte Bag , Suki Design",22355,489875,2009-02-12 15:41:00,20,0.85,17,,,
17841,United Kingdom,Piccadilly Tea Set,20747,489875,2009-02-12 15:41:00,1,14.95,14.95,,,
17841,United Kingdom,Pink Diamante Pen In Gift Box,21846,489875,2009-02-12 15:41:00,1,4.95,4.95,,,
17841,United Kingdom,4 Ivory Dinner Candles Silver Flock,72800E,489875,2009-02-12 15:41:00,1,2.55,2.55,,,
17841,United Kingdom,S/4 Black Dinner Candle Silver Floc,72800A,489875,2009-02-12 15:41:00,2,2.55,5.1,,,
17841,United Kingdom,Set Of 3 Bird L.Blue Feather,35471A,489875,2009-02-12 15:41:00,12,1.25,15,,,
17841,United Kingdom,English Rose Torch,47504F,489875,2009-02-12 15:41:00,1,1.65,1.65,,,
17841,United Kingdom,Paper Chain Kit Retro Spot,22083,489875,2009-02-12 15:41:00,1,2.95,2.95,,,
17841,United Kingdom,Paper Chain Kit 50'S Christmas ,22086,489875,2009-02-12 15:41:00,5,2.95,14.75,,,
17841,United Kingdom,Traditional Christmas Ribbons,85049A,489875,2009-02-12 15:41:00,2,1.25,2.5,,,
17841,United Kingdom,Frying Pan Pink Polkadot ,22200,489875,2009-02-12 15:41:00,1,4.25,4.25,,,
17841,United Kingdom,Milk Pan Pink Retrospot,22202,489875,2009-02-12 15:41:00,3,3.75,11.25,,,
17841,United Kingdom,Edwardian Toilet Roll Unit ,21299,489875,2009-02-12 15:41:00,1,12.75,12.75,,,
17841,United Kingdom,Hot Water Bottle Tea And Sympathy,22114,489875,2009-02-12 15:41:00,1,3.95,3.95,,,
17841,United Kingdom,Set/2 Red Spotty Tea Towels ,21035,489875,2009-02-12 15:41:00,1,2.95,2.95,,,
17841,United Kingdom,White Skull Hot Water Bottle ,21479,489875,2009-02-12 15:41:00,1,3.75,3.75,,,
17841,United Kingdom,Skulls Writing Set ,21327,489875,2009-02-12 15:41:00,1,1.65,1.65,,,
17841,United Kingdom,Retro Longboard Ironing Board Cover,47563A,489875,2009-02-12 15:41:00,1,3.75,3.75,,,
17841,United Kingdom,Cacti T-Light Candles,85175,489875,2009-02-12 15:41:00,16,0.42,6.72,,,
17841,United Kingdom,Please One Person  Metal Sign,21181,489875,2009-02-12 15:41:00,1,2.1,2.1,,,
17841,United Kingdom,Pottering In The Shed Metal Sign,21174,489875,2009-02-12 15:41:00,1,1.95,1.95,,,
17841,United Kingdom,S/3 Tear Drop Cut Glass Decoration,85112,489875,2009-02-12 15:41:00,3,1.25,3.75,,,
17841,United Kingdom,Red Spotty Candy Bag,20729,489875,2009-02-12 15:41:00,2,1.25,2.5,,,
17841,United Kingdom,Jumbo Storage Bag Skulls,21930,489875,2009-02-12 15:41:00,3,1.95,5.85,,,
17841,United Kingdom,Retro Plastic Polka Tray,79190B,489875,2009-02-12 15:41:00,4,0.42,1.68,,,
17841,United Kingdom,Scandinavian Reds Ribbons,85049E,489875,2009-02-12 15:41:00,1,1.25,1.25,,,
17841,United Kingdom,Red Spotty Peg Bag,21155,489875,2009-02-12 15:41:00,2,2.1,4.2,,,
17841,United Kingdom,Blue Fairy Cake Child'S Apron,47591C,489875,2009-02-12 15:41:00,1,1.95,1.95,,,
17841,United Kingdom,Green Rose Washbag,84912B,489875,2009-02-12 15:41:00,1,3.75,3.75,,,
17841,United Kingdom,Heart Ear Muff Headphones,20783,489875,2009-02-12 15:41:00,3,5.49,16.47,,,
17841,United Kingdom,I Can Only Please One Person Mug,21870,489875,2009-02-12 15:41:00,2,1.25,2.5,,,
17841,United Kingdom,Set Of 6 Funky Beakers,21557,489875,2009-02-12 15:41:00,1,2.95,2.95,,,
17841,United Kingdom,Set Of Red Salad Servers ,21247,489875,2009-02-12 15:41:00,1,1.49,1.49,,,
17841,United Kingdom,Black Ear Muff Headphones,20780,489875,2009-02-12 15:41:00,2,5.49,10.98,,,
17841,United Kingdom,Brown Furry Hot Water Bottle,84029C,489875,2009-02-12 15:41:00,3,3.75,11.25,,,
17841,United Kingdom,Smallfolkart Bauble Christmas Dec,35957,489875,2009-02-12 15:41:00,4,0.42,1.68,,,
17841,United Kingdom,Vintage Pink Tinsel Reel ,21267,489875,2009-02-12 15:41:00,2,2.1,4.2,,,
17841,United Kingdom,Curious Images Scrap Book Set,85031C,489875,2009-02-12 15:41:00,1,4.95,4.95,,,
17841,United Kingdom,Romantic Images Scrap Book Set,85031A,489875,2009-02-12 15:41:00,1,4.95,4.95,,,
17841,United Kingdom,Vintage Union Jack Cushion Cover,21622,489875,2009-02-12 15:41:00,4,4.95,19.8,,,
17841,United Kingdom,Pop'S Greasy Spoon Metal Sign,82553,489875,2009-02-12 15:41:00,1,1.65,1.65,,,
17841,United Kingdom,Vintage Gold Tinsel Reel,21412,489875,2009-02-12 15:41:00,1,2.1,2.1,,,
17841,United Kingdom,Set Of Three 50'S Gift Wraps ,21490,489875,2009-02-12 15:41:00,4,1.95,7.8,,,
17841,United Kingdom,Kittens Design Flannel,21944,489875,2009-02-12 15:41:00,12,0.85,10.2,,,
17841,United Kingdom,S/16 Vintage Pistachio Cutlery,84968C,489875,2009-02-12 15:41:00,1,12.75,12.75,,,
17841,United Kingdom,Cream Slice Flannel Pink Spot ,21107,489875,2009-02-12 15:41:00,1,2.95,2.95,,,
17841,United Kingdom,"Flower Fairy Mug+Coaster,Lavender",37477B,489875,2009-02-12 15:41:00,1,3.75,3.75,,,
17841,United Kingdom,Polyester Filler Pad 45X45Cm,46000M,489875,2009-02-12 15:41:00,4,1.55,6.2,,,
17841,United Kingdom,Ivory Hanging Decoration  Heart,21385,489875,2009-02-12 15:41:00,2,0.85,1.7,,,
17841,United Kingdom,Vintage Union Jack Cushion Cover,21622,489875,2009-02-12 15:41:00,3,4.95,14.85,,,
17841,United Kingdom,Pink Heart Shape Photo Frame,85025C,489875,2009-02-12 15:41:00,2,1.65,3.3,,,
17841,United Kingdom,Robot Mug In Display Box,37464,489875,2009-02-12 15:41:00,1,1.25,1.25,,,
17841,United Kingdom,Large Fibre Optic Christmas Tree,84340,489875,2009-02-12 15:41:00,3,2.55,7.65,,,
17841,United Kingdom,Pink Chick Egg Warmer + Egg Cup,35914,489875,2009-02-12 15:41:00,1,2.1,2.1,,,
17841,United Kingdom,Multicolour Rabbit Egg Warmer,35911A,489875,2009-02-12 15:41:00,1,2.1,2.1,,,
17841,United Kingdom,Pink Spots Chocolate Nesting Boxes ,21348,489875,2009-02-12 15:41:00,1,2.95,2.95,,,
17841,United Kingdom,15Cm Christmas Glass Ball 20 Lights,85048,489875,2009-02-12 15:41:00,1,7.95,7.95,,,
17841,United Kingdom,Bathroom Scales Rubber Ducks,82011B,489875,2009-02-12 15:41:00,1,3.75,3.75,,,
17841,United Kingdom,Set/3 Russian Doll Stacking Tins,85232B,489875,2009-02-12 15:41:00,1,4.95,4.95,,,
17841,United Kingdom,Rex Cash+Carry Jumbo Shopper,21034,489875,2009-02-12 15:41:00,2,0.95,1.9,,,
17841,United Kingdom,Pink Union Jack  Passport Cover ,21865,489875,2009-02-12 15:41:00,1,2.1,2.1,,,
17841,United Kingdom,Union Jack Flag Passport Cover ,21864,489875,2009-02-12 15:41:00,1,2.1,2.1,,,
17841,United Kingdom,Set/6 Gold Reindeer T-Light Candles,85033G,489875,2009-02-12 15:41:00,1,1.95,1.95,,,
17841,United Kingdom,Set/16 White Shiny & Matt Baubles,35603C,489875,2009-02-12 15:41:00,1,2.1,2.1,,,
17841,United Kingdom,Vippassport Cover ,20622,489875,2009-02-12 15:41:00,1,2.1,2.1,,,
17841,United Kingdom,Tropical Passport Cover ,20619,489875,2009-02-12 15:41:00,1,2.1,2.1,,,
17841,United Kingdom,Queen Of The Skies Passport Cover ,20618,489875,2009-02-12 15:41:00,1,2.1,2.1,,,
17841,United Kingdom,Union Jack Hot Water Bottle ,22125,489875,2009-02-12 15:41:00,1,5.95,5.95,,,
17841,United Kingdom,Green 3 Piece Mini Dots Cutlery Set,84997A,489875,2009-02-12 15:41:00,2,3.75,7.5,,,
17841,United Kingdom,Red 3 Piece Mini Dots Cutlery Set,84997B,489875,2009-02-12 15:41:00,1,3.75,3.75,,,
17841,United Kingdom,Pink Horse Sock Puppet,85185B,489875,2009-02-12 15:41:00,1,2.95,2.95,,,
17841,United Kingdom,Christmas Toilet Roll,21098,489875,2009-02-12 15:41:00,1,1.25,1.25,,,
17841,United Kingdom,Silver Sleighbell  Wreath,21353,489875,2009-02-12 15:41:00,1,7.95,7.95,,,
17841,United Kingdom,S/6 Wooden Skittles In Cotton Bag,21890,489875,2009-02-12 15:41:00,1,2.95,2.95,,,
17841,United Kingdom,Set/3 Pot Plant Candles,20934,489875,2009-02-12 15:41:00,1,5.45,5.45,,,
17841,United Kingdom,S/4 Cacti Candles,85174,489875,2009-02-12 15:41:00,1,4.95,4.95,,,
17841,United Kingdom,Black Christmas Tree 120Cm,35599B,489875,2009-02-12 15:41:00,1,8.49,8.49,,,
17841,United Kingdom,Pink And White Christmas Tree 120Cm,35599D,489875,2009-02-12 15:41:00,2,2.95,5.9,,,
17841,United Kingdom,Wooden Box Advent Calendar ,35400,489875,2009-02-12 15:41:00,1,8.95,8.95,,,
13089,United Kingdom,Ceramic Birdhouse Finch Blue Roof,21548,489877,2009-02-12 15:44:00,12,2.95,27,,,
13089,United Kingdom,Heart Ivory Trellis Small,22297,489877,2009-02-12 15:44:00,24,1.25,27,,,
13089,United Kingdom,Silver Hanging T-Light Holder,84949,489877,2009-02-12 15:44:00,27,1.45,27,,,
13089,United Kingdom, White Cherry Lights,79323W,489877,2009-02-12 15:44:00,27,5.45,27,,,
15917,United Kingdom,Jumbo Bag Pink Vintage Paisley,21929,489876,2009-02-12 15:44:00,1,1.95,1.95,,,
15917,United Kingdom,Set Of 72 Retro Spot Paper  Doilies,21210,489876,2009-02-12 15:44:00,1,1.45,1.45,,,
15917,United Kingdom,Retro Blue Spotty Washing Up Gloves,20752,489876,2009-02-12 15:44:00,1,2.1,2.1,,,
15917,United Kingdom,12 Mini Toadstool Pegs,21440,489876,2009-02-12 15:44:00,1,1.25,1.25,,,
15917,United Kingdom,200 Red + White Bendy Straws,22315,489876,2009-02-12 15:44:00,1,1.25,1.25,,,
15917,United Kingdom,Watermelon Bath Sponge,20960,489876,2009-02-12 15:44:00,1,1.25,1.25,,,
15917,United Kingdom,Sandwich Bath Sponge,20966,489876,2009-02-12 15:44:00,1,1.25,1.25,,,
15917,United Kingdom,Folding Umbrella  Choc/White  Spot,21709,489876,2009-02-12 15:44:00,1,4.95,4.95,,,
15917,United Kingdom,Ceramic Strawberry Trinket Tray,21555,489876,2009-02-12 15:44:00,1,2.55,2.55,,,
15917,United Kingdom,Felt Egg Cosy Blue Rabbit ,22260,489876,2009-02-12 15:44:00,2,0.85,1.7,,,
15917,United Kingdom,Pizza Plate In Box,22107,489876,2009-02-12 15:44:00,1,3.75,3.75,,,
15917,United Kingdom,Retro Spot Ceramic Toastrack,21529,489876,2009-02-12 15:44:00,1,3.45,3.45,,,
15917,United Kingdom,Set/10 Pink Spotty Party Candles,21122,489876,2009-02-12 15:44:00,1,1.25,1.25,,,
15917,United Kingdom,Set/10 Blue Spotty Party Candles,21124,489876,2009-02-12 15:44:00,1,1.25,1.25,,,
15917,United Kingdom,Felt Toadstool  Small,22255,489876,2009-02-12 15:44:00,3,0.85,2.55,,,
15917,United Kingdom,Felt Toadstool Large,22254,489876,2009-02-12 15:44:00,2,1.25,2.5,,,
15917,United Kingdom,Chick Grey Hot Water Bottle,21484,489876,2009-02-12 15:44:00,1,3.45,3.45,,,
15917,United Kingdom,Jumbo Bag Red White Spotty ,85099B,489876,2009-02-12 15:44:00,1,1.95,1.95,,,
15989,United Kingdom, 3 Stripey Mice Feltcraft,22150,489878,2009-02-12 15:51:00,1,1.95,1.95,,,
15989,United Kingdom,Chocolate Calculator,21832,489878,2009-02-12 15:51:00,1,1.65,1.65,,,
15989,United Kingdom,S/4 Groovy Cat Magnets,85211,489878,2009-02-12 15:51:00,1,1.65,1.65,,,
15989,United Kingdom,Sandwich Bath Sponge,20966,489878,2009-02-12 15:51:00,1,1.25,1.25,,,
15989,United Kingdom,Asstd Multicolour Circles Mug,37327,489878,2009-02-12 15:51:00,2,1.69,3.38,,,
15989,United Kingdom,Asstd Multicolour Circles Mug,37327,489878,2009-02-12 15:51:00,1,1.69,1.69,,,
15989,United Kingdom,Pink Square Compact Mirror,84875A,489878,2009-02-12 15:51:00,1,3.75,3.75,,,
15989,United Kingdom,Ceramic Strawberry Money Box,21556,489878,2009-02-12 15:51:00,1,2.55,2.55,,,
15989,United Kingdom,Box Of 6 Pebble Candles,20887,489878,2009-02-12 15:51:00,2,3.45,6.9,,,
15989,United Kingdom,White Beaded Garland String 20Light,85047,489878,2009-02-12 15:51:00,1,6.35,6.35,,,
15989,United Kingdom,Full English Breakfast Plate,22109,489878,2009-02-12 15:51:00,1,3.75,3.75,,,
15989,United Kingdom,"Jewelled Decoration,Pink",35821P,489878,2009-02-12 15:51:00,1,2.95,2.95,,,
15989,United Kingdom,Cream Slice Flannel Pink Spot ,21107,489878,2009-02-12 15:51:00,1,2.95,2.95,,,
15989,United Kingdom,Set/10 Blue Spotty Party Candles,21124,489878,2009-02-12 15:51:00,1,1.25,1.25,,,
15989,United Kingdom,6 Ribbons Elegant Christmas ,22075,489878,2009-02-12 15:51:00,1,1.65,1.65,,,
15989,United Kingdom,Set/5 Blue Spotty Lid Glass Bowls,20913,489878,2009-02-12 15:51:00,1,2.95,2.95,,,
15989,United Kingdom,Porcelain Butterfly Oil Burner,18098C,489878,2009-02-12 15:51:00,1,2.95,2.95,,,
15989,United Kingdom,Sombrero ,62018,489878,2009-02-12 15:51:00,3,1.95,5.85,,,
15989,United Kingdom,Ribbon Reel Spots Design ,22080,489878,2009-02-12 15:51:00,1,1.65,1.65,,,
15989,United Kingdom,Pink Owl Soft Toy,22175,489878,2009-02-12 15:51:00,1,2.95,2.95,,,
15989,United Kingdom,Funky Washing Up Gloves Assorted,20751,489878,2009-02-12 15:51:00,1,2.1,2.1,,,
15989,United Kingdom,Retro Pink Spot Washing Up Gloves,20753,489878,2009-02-12 15:51:00,2,2.1,4.2,,,
15989,United Kingdom,Floral Elephant Soft Toy,20692,489878,2009-02-12 15:51:00,1,4.25,4.25,,,
15989,United Kingdom,Vintage Cream 3 Basket Cake Stand,72760B,489878,2009-02-12 15:51:00,1,9.95,9.95,,,
15989,United Kingdom,Cake Stand Lovebird 2 Tier White,22220,489878,2009-02-12 15:51:00,1,9.95,9.95,,,
15989,United Kingdom,Fairy Cake Candles,72756,489878,2009-02-12 15:51:00,9,1.49,13.41,,,
15989,United Kingdom,Cook With Wine Metal Sign ,21166,489878,2009-02-12 15:51:00,2,1.95,3.9,,,
15989,United Kingdom,Green Glass Tassle Bag Charm,90129C,489878,2009-02-12 15:51:00,2,2.95,5.9,,,
15989,United Kingdom,Vintage Bead Notebook,35653,489878,2009-02-12 15:51:00,1,2.95,2.95,,,
15989,United Kingdom,Blue Owl Soft Toy,22176,489878,2009-02-12 15:51:00,1,2.95,2.95,,,
15989,United Kingdom,Beware Of The Cat Metal Sign ,21165,489878,2009-02-12 15:51:00,1,1.69,1.69,,,
15989,United Kingdom,Funky Monkey Mug,37461,489878,2009-02-12 15:51:00,1,1.25,1.25,,,
15989,United Kingdom,Felt Toadstool Large,22254,489878,2009-02-12 15:51:00,1,1.25,1.25,,,
15989,United Kingdom,Stripes Design Monkey Doll,84507B,489878,2009-02-12 15:51:00,1,2.55,2.55,,,
15989,United Kingdom,Trellis Flower Chopsticks Set/5,20988,489878,2009-02-12 15:51:00,1,1.95,1.95,,,
15989,United Kingdom,Asstd Design Pop Art Slim Pen,84934,489878,2009-02-12 15:51:00,4,0.85,3.4,,,
15989,United Kingdom,6 Hook Jewel Stand Lilac Dress,84572,489878,2009-02-12 15:51:00,1,8.49,8.49,,,
17660,United Kingdom,Silver Sleighbell  Wreath,21353,489879,2009-02-12 16:02:00,1,7.95,7.95,,,
17660,United Kingdom,Fairy Dreams Incense ,17084N,489879,2009-02-12 16:02:00,27,0.21,10.5,,,
17660,United Kingdom,Set/5 Blue Spotty Lid Glass Bowls,20913,489879,2009-02-12 16:02:00,1,2.95,2.95,,,
17660,United Kingdom,Glitter Snow Pear Tree Decoration,21011,489879,2009-02-12 16:02:00,2,1.45,2.9,,,
17660,United Kingdom,Kings Choice Small Tube Matches,21582,489879,2009-02-12 16:02:00,1,1.65,1.65,,,
17660,United Kingdom,Set/6  Angel T-Lights White/Gold,20950,489879,2009-02-12 16:02:00,3,1.25,3.75,,,
17660,United Kingdom,Ceramic Birdhouse Crested Tit Large,21550,489879,2009-02-12 16:02:00,1,5.95,5.95,,,
17660,United Kingdom,Ladies & Gentlemen Metal Sign,85150,489879,2009-02-12 16:02:00,1,2.55,2.55,,,
17660,United Kingdom,Lads Only Tissue Box,22095,489879,2009-02-12 16:02:00,1,1.25,1.25,,,
17660,United Kingdom,Set 12 Lavender  Botanical T-Lights,21609,489879,2009-02-12 16:02:00,1,2.95,2.95,,,
17660,United Kingdom,4 Lavender Botanical Dinner Candles,21615,489879,2009-02-12 16:02:00,1,3.75,3.75,,,
17660,United Kingdom,English Rose Design Shopping Bag,47569,489879,2009-02-12 16:02:00,1,2.55,2.55,,,
17660,United Kingdom,Pink Marshmallow Scarf Knitting Kit,82615,489879,2009-02-12 16:02:00,1,2.95,2.95,,,
17660,United Kingdom,Skulls  Water Transfer Tattoos ,21544,489879,2009-02-12 16:02:00,1,0.85,0.85,,,
17660,United Kingdom,Heart Ivory Trellis Small,22297,489879,2009-02-12 16:02:00,2,1.25,2.5,,,
17660,United Kingdom,Heart Filigree Dove  Small,22294,489879,2009-02-12 16:02:00,2,1.25,2.5,,,
17660,United Kingdom,Heart Ivory Trellis Large,22296,489879,2009-02-12 16:02:00,5,1.65,8.25,,,
17660,United Kingdom,Party Metal Sign ,21172,489879,2009-02-12 16:02:00,1,1.45,1.45,,,
17660,United Kingdom,Traditional Christmas Ribbons,85049A,489879,2009-02-12 16:02:00,1,1.25,1.25,,,
17660,United Kingdom,Traditional Christmas Ribbons,85049A,489879,2009-02-12 16:02:00,3,1.25,3.75,,,
17660,United Kingdom,Red Woolly Hottie White Heart.,84029E,489879,2009-02-12 16:02:00,1,3.75,3.75,,,
17660,United Kingdom,Mushroom Blue Hot Water Bottle,21482,489879,2009-02-12 16:02:00,1,2.95,2.95,,,
17660,United Kingdom,Grey Heart Hot Water Bottle,22113,489879,2009-02-12 16:02:00,1,3.45,3.45,,,
17660,United Kingdom,Set Of 2 Fancy Font Tea Towels,22122,489879,2009-02-12 16:02:00,1,2.95,2.95,,,
17660,United Kingdom,Mummy Mouse Red Gingham Ribbon,21839,489879,2009-02-12 16:02:00,1,5.45,5.45,,,
17660,United Kingdom,Food Container Set 3 Love Heart ,22131,489879,2009-02-12 16:02:00,1,1.95,1.95,,,
17660,United Kingdom,Assorted Tutti Frutti Notebook,21638,489879,2009-02-12 16:02:00,2,2.1,4.2,,,
17660,United Kingdom,Moon Incense,17084G,489879,2009-02-12 16:02:00,25,0.21,5.25,,,
17660,United Kingdom,Chocolate Calculator,21832,489879,2009-02-12 16:02:00,3,1.65,4.95,,,
17660,United Kingdom,Groovy Cactus Inflatable,10080,489879,2009-02-12 16:02:00,1,0.85,0.85,,,
17660,United Kingdom,Pink Diamante Pen In Gift Box,21846,489879,2009-02-12 16:02:00,1,4.95,4.95,,,
17660,United Kingdom,Silver Diamante Pen In Gift Box,21849,489879,2009-02-12 16:02:00,1,4.95,4.95,,,
17660,United Kingdom,Lilac Diamante Pen In Gift Box,21851,489879,2009-02-12 16:02:00,3,4.95,14.85,,,
17660,United Kingdom,12 Pencils Small Tube Skull,20974,489879,2009-02-12 16:02:00,1,0.65,0.65,,,
17660,United Kingdom,Assorted Tutti Frutti Notebook,21638,489879,2009-02-12 16:02:00,1,2.1,2.1,,,
17660,United Kingdom,Rex Cash+Carry Jumbo Shopper,21034,489879,2009-02-12 16:02:00,1,0.95,0.95,,,
17660,United Kingdom,English Rose Notebook A6 Size,84535A,489879,2009-02-12 16:02:00,1,0.65,0.65,,,
17660,United Kingdom,English Rose Notebook A7 Size,84536A,489879,2009-02-12 16:02:00,1,0.42,0.42,,,
17660,United Kingdom,Union Jack Flag Passport Cover ,21864,489879,2009-02-12 16:02:00,1,2.1,2.1,,,
17660,United Kingdom,Union Jack Flag Luggage Tag,21866,489879,2009-02-12 16:02:00,1,1.25,1.25,,,
17660,United Kingdom,Girly Pink Tool Set,84854,489879,2009-02-12 16:02:00,1,4.95,4.95,,,
17660,United Kingdom,Glitter Butterfly Clips,20828,489879,2009-02-12 16:02:00,2,2.55,5.1,,,
17660,United Kingdom,Glitter Hanging Butterfly String,20829,489879,2009-02-12 16:02:00,5,2.1,10.5,,,
17660,United Kingdom,Patchwork Pencil Case Butterfly ,20865,489879,2009-02-12 16:02:00,1,2.1,2.1,,,
13313,United Kingdom,Opulent Velvet Set/3 Candles,20871,489880,2009-02-12 16:18:00,18,1.25,22.5,,,
13313,United Kingdom,Shopping Bag Doorstop,21118,489880,2009-02-12 16:18:00,15,1.25,18.75,,,
13313,United Kingdom,Pink Current Candle Ring,35751D,489880,2009-02-12 16:18:00,27,0.19,5.32,,,
13313,United Kingdom,Folk Art Metal Heart T-Light Holder,35968,489880,2009-02-12 16:18:00,27,0.38,18.24,,,
13313,United Kingdom,Price'S Candle Peach,72038P,489880,2009-02-12 16:18:00,27,0.08,16,,,
13313,United Kingdom,"F.Fairy S/3 Candle/Glass,Lily/Vally",72750A,489880,2009-02-12 16:18:00,8,1.95,15.6,,,
13313,United Kingdom,Midnight Glamour Scarf Knitting Kit,82616C,489880,2009-02-12 16:18:00,24,1.25,27,,,
13313,United Kingdom,Jacobs Ladder Small,35015,489880,2009-02-12 16:18:00,27,0.06,4.32,,,
13313,United Kingdom,Retro Spot Tea Set Ceramic 11 Pc ,22139,489880,2009-02-12 16:18:00,3,4.95,14.85,,,
13313,United Kingdom,Silver/Black Orbit Necklace,90014C,489880,2009-02-12 16:18:00,1,9.95,9.95,,,
13313,United Kingdom,Weekend Bag Vintage Rose Paisley,22275,489880,2009-02-12 16:18:00,2,8.5,17,,,
13313,United Kingdom,Red Spotty Childs Umbrella,20682,489880,2009-02-12 16:18:00,6,3.25,19.5,,,
13313,United Kingdom,Red/White Dots Ruffled Umbrella,85014B,489880,2009-02-12 16:18:00,3,5.95,17.85,,,
13313,United Kingdom,Red Gingham Rose Jewellery Box,21429,489880,2009-02-12 16:18:00,8,1.65,13.2,,,
13313,United Kingdom,Lunch Bag  Black Skull.,20727,489880,2009-02-12 16:18:00,10,1.65,16.5,,,
13313,United Kingdom,Lunch Bag Woodland,20726,489880,2009-02-12 16:18:00,10,1.65,16.5,,,
13313,United Kingdom,White Goose Feather Christmas Tree ,21262,489880,2009-02-12 16:18:00,6,2.95,17.7,,,
13313,United Kingdom,Asstd Design Bubble Gum Ring,84270,489880,2009-02-12 16:18:00,27,0.21,6.3,,,
13313,United Kingdom,Silver Teddy Bear,20819,489880,2009-02-12 16:18:00,24,1.25,27,,,
13313,United Kingdom,Black Photo Album ,16202E,489880,2009-02-12 16:18:00,12,1.95,23.4,,,
13313,United Kingdom,Pastel Blue Photo Album,16201B,489880,2009-02-12 16:18:00,12,1.95,23.4,,,
13313,United Kingdom,Pastel Pink Photo Album,16201A,489880,2009-02-12 16:18:00,12,1.95,23.4,,,
13313,United Kingdom,Purple Current Candle Ring,35751C,489884,2009-02-12 16:24:00,19,0.19,3.61,,,
14841,United Kingdom,Noel Wooden Block Letters ,22121,489888,2009-02-12 16:49:00,3,5.95,17.85,,,
14841,United Kingdom,12 Pencils Small Tube Red Spotty,20975,489888,2009-02-12 16:49:00,24,0.65,15.6,,,
14841,United Kingdom,36 Pencils Tube Red Spotty,20979,489888,2009-02-12 16:49:00,16,1.25,20,,,
14841,United Kingdom,12 Pencils Tall Tube Red Spotty,20983,489888,2009-02-12 16:49:00,12,0.85,10.2,,,
14841,United Kingdom,Small Red Spot  Windmill,21746,489888,2009-02-12 16:49:00,12,1.25,15,,,
14841,United Kingdom,Chocolate Calculator,21832,489888,2009-02-12 16:49:00,12,1.65,19.8,,,
14841,United Kingdom,Assorted Colour Bird Ornament,84879,489888,2009-02-12 16:49:00,27,1.69,27,,,
14841,United Kingdom,Heart Filigree Dove  Small,22294,489888,2009-02-12 16:49:00,24,1.25,27,,,
14841,United Kingdom,Heart Filigree Dove Large,22295,489888,2009-02-12 16:49:00,12,1.65,19.8,,,
14841,United Kingdom,Assorted Tutti Frutti Notebook,21638,489888,2009-02-12 16:49:00,12,2.1,25.2,,,
14841,United Kingdom,Assorted Tutti Frutti Keyring,21639,489888,2009-02-12 16:49:00,24,0.85,20.4,,,
14841,United Kingdom,Assorted Tutti Frutti Bracelet,21650,489888,2009-02-12 16:49:00,27,0.65,27,,,
14841,United Kingdom,Silver Hanging T-Light Holder,84949,489888,2009-02-12 16:49:00,6,1.65,9.9,,,
14841,United Kingdom,Red Hanging Heart T-Light Holder,21733,489888,2009-02-12 16:49:00,6,2.95,17.7,,,
14841,United Kingdom,Victorian Glass Hanging T-Light,22178,489888,2009-02-12 16:49:00,12,1.25,15,,,
14841,United Kingdom,Cake Stand Victorian Filigree Small,22182,489888,2009-02-12 16:49:00,4,4.95,19.8,,,
14841,United Kingdom,Cake Stand Victorian Filigree Med,22183,489888,2009-02-12 16:49:00,3,6.75,20.25,,,
14841,United Kingdom, Red/White Dot Mini Cases,20750,489888,2009-02-12 16:49:00,2,7.95,15.9,,,
14841,United Kingdom,Jacobs Ladder Small,35015,489888,2009-02-12 16:49:00,27,0.06,4.32,,,
14841,United Kingdom,Beige Photo Album,16202C,489888,2009-02-12 16:49:00,12,1.95,23.4,,,
14841,United Kingdom,Pastel Pink Photo Album,16201A,489888,2009-02-12 16:49:00,12,1.95,23.4,,,
14841,United Kingdom,Pastel Blue Photo Album,16201B,489888,2009-02-12 16:49:00,12,1.95,23.4,,,
14841,United Kingdom,6 Hook Jewellery Stand Black Dress,84396,489888,2009-02-12 16:49:00,12,1.95,23.4,,,
14841,United Kingdom,Pink Dress Jewellery Stand ,84402D,489888,2009-02-12 16:49:00,27,0.85,27,,,
14841,United Kingdom,Assorted Colour Silk Coin Purse,85221,489888,2009-02-12 16:49:00,27,0.38,27,,,
14841,United Kingdom,Assorted Colour Silk Glasses Case,85224,489888,2009-02-12 16:49:00,27,0.38,27,,,
15482,United Kingdom,Edwardian Parasol Red,20679,489891,2009-02-12 16:59:00,6,5.95,27,,,
15482,United Kingdom,Edwardian Parasol Natural,15056N,489891,2009-02-12 16:59:00,6,5.95,27,,,
15482,United Kingdom,Edwardian Parasol Black,15056BL,489891,2009-02-12 16:59:00,6,5.95,27,,,
15482,United Kingdom,Set Of 3 Vintage Tea Time Boxes,85007,489891,2009-02-12 16:59:00,18,1.65,27,,,
15482,United Kingdom,White Chocolate Scent Candle,72739B,489891,2009-02-12 16:59:00,27,0.65,23.4,,,
15482,United Kingdom,Silver Glitter Flower Votive Holder,85111,489891,2009-02-12 16:59:00,27,0.29,20.88,,,
16156,United Kingdom,Office Mug Warmer Choc+Blue,22314,489893,2009-02-12 17:06:00,8,4.95,27,,,
16156,United Kingdom,Office Mug Warmer Black+Silver ,22311,489893,2009-02-12 17:06:00,8,4.95,27,,,
16156,United Kingdom,Hot Water Bottle Tea And Sympathy,22114,489893,2009-02-12 17:06:00,8,3.95,27,,,
16156,United Kingdom,Paper Chain Kit Empire,22084,489893,2009-02-12 17:06:00,6,2.95,17.7,,,
16156,United Kingdom,Pizza Slice Dish,22347,489893,2009-02-12 17:06:00,12,1.25,15,,,
16156,United Kingdom,Full English Breakfast Plate,22109,489893,2009-02-12 17:06:00,8,3.75,27,,,
16156,United Kingdom,Ladies & Gentlemen Metal Sign,85150,489893,2009-02-12 17:06:00,12,2.55,27,,,
16156,United Kingdom,Please One Person  Metal Sign,21181,489893,2009-02-12 17:06:00,12,2.1,25.2,,,
16156,United Kingdom,Paper Chain Kit 50'S Christmas ,22086,489893,2009-02-12 17:06:00,24,2.95,27,,,
17716,United Kingdom,Paper Chain Kit 50'S Christmas ,22086,489894,2009-02-12 17:18:00,12,2.95,27,,,
17716,United Kingdom,Paper Chain Kit Retro Spot,22083,489894,2009-02-12 17:18:00,18,2.95,27,,,
17716,United Kingdom,Paper Chain Kit Empire,22084,489894,2009-02-12 17:18:00,12,2.95,27,,,
17716,United Kingdom,Paper Chain Kit Skulls ,22085,489894,2009-02-12 17:18:00,6,2.95,17.7,,,
17716,United Kingdom,Set/5 Red Spotty Lid Glass Bowls,20914,489894,2009-02-12 17:18:00,12,2.95,27,,,
17716,United Kingdom,Set/20 Red Spotty Paper Napkins ,21080,489894,2009-02-12 17:18:00,12,0.85,10.2,,,
17716,United Kingdom,Set Of 72 Retro Spot Paper  Doilies,21210,489894,2009-02-12 17:18:00,12,1.45,17.4,,,
17716,United Kingdom,Pack Of 72 Retro Spot Cake Cases,21212,489894,2009-02-12 17:18:00,24,0.55,13.2,,,
17716,United Kingdom,Pink Blue Felt Craft Trinket Box,20971,489894,2009-02-12 17:18:00,12,1.25,15,,,
17716,United Kingdom,Feltcraft Doll Rosie,22271,489894,2009-02-12 17:18:00,6,2.95,17.7,,,
17716,United Kingdom,Feltcraft Doll Molly,22273,489894,2009-02-12 17:18:00,6,2.95,17.7,,,
17716,United Kingdom,12 Pencils Small Tube Skull,20974,489894,2009-02-12 17:18:00,24,0.65,15.6,,,
17716,United Kingdom,Pack Of 72 Skull Cake Cases,21213,489894,2009-02-12 17:18:00,24,0.55,13.2,,,
17716,United Kingdom,Pack Of 20 Skull Paper Napkins,21989,489894,2009-02-12 17:18:00,12,0.85,10.2,,,
17716,United Kingdom,Pack Of 20 Fairy Cake Paper Napkins,84520D,489894,2009-02-12 17:18:00,12,0.85,10.2,,,
17716,United Kingdom,Set Of 36 Teatime Paper Doilies,84987,489894,2009-02-12 17:18:00,12,1.45,17.4,,,
17716,United Kingdom,60 Teatime Fairy Cake Cases,84991,489894,2009-02-12 17:18:00,27,0.55,26.4,,,
17716,United Kingdom,72 Sweetheart Fairy Cake Cases,84992,489894,2009-02-12 17:18:00,24,0.55,13.2,,,
17716,United Kingdom,Red Stripe Ceramic Drawer Knob,21668,489894,2009-02-12 17:18:00,12,1.25,15,,,
17716,United Kingdom,Blue Stripe Ceramic Drawer Knob,21669,489894,2009-02-12 17:18:00,12,1.25,15,,,
17716,United Kingdom,Blue Spot Ceramic Drawer Knob,21670,489894,2009-02-12 17:18:00,12,1.25,15,,,
17716,United Kingdom,Red Spot Ceramic Drawer Knob,21671,489894,2009-02-12 17:18:00,12,1.25,15,,,
17716,United Kingdom,White Spot Red Ceramic Drawer Knob,21672,489894,2009-02-12 17:18:00,12,1.25,15,,,
17716,United Kingdom,White Spot Blue Ceramic Drawer Knob,21673,489894,2009-02-12 17:18:00,12,1.25,15,,,
17716,United Kingdom,Paper Bunting White Lace,22087,489894,2009-02-12 17:18:00,12,2.95,27,,,
17716,United Kingdom,Set/20 Woodland Paper Napkins ,21077,489894,2009-02-12 17:18:00,12,0.85,10.2,,,
17716,United Kingdom,Set/20 Collage Paper Napkin ,21076,489894,2009-02-12 17:18:00,12,0.85,10.2,,,
13611,United Kingdom,"Dog Bowl , Chasing Ball Design",22349,489896,2009-03-12 07:57:00,6,3.75,22.5,,,
13611,United Kingdom,Cat Bowl ,22350,489896,2009-03-12 07:57:00,6,2.55,15.3,,,
13611,United Kingdom,Bird House Hot Water Bottle,22110,489896,2009-03-12 07:57:00,4,3.45,13.8,,,
13611,United Kingdom,Red Spot Heart Hot Water Bottle,21485,489896,2009-03-12 07:57:00,3,4.95,14.85,,,
13611,United Kingdom,Red White Scarf  Hot Water Bottle,21488,489896,2009-03-12 07:57:00,4,3.95,15.8,,,
13611,United Kingdom,Blue White Scarf Hot Water Bottle,21489,489896,2009-03-12 07:57:00,4,3.95,15.8,,,
13611,United Kingdom,Glitter Snow Pear Tree Decoration,21011,489896,2009-03-12 07:57:00,12,1.45,17.4,,,
13611,United Kingdom,Red  Egg  Spoon,21402,489896,2009-03-12 07:57:00,12,0.42,5.04,,,
13611,United Kingdom,Blue Egg  Spoon,21403,489896,2009-03-12 07:57:00,12,0.42,5.04,,,
13611,United Kingdom,Coffee Mug Dog + Ball Design,22300,489896,2009-03-12 07:57:00,6,2.55,15.3,,,
13611,United Kingdom,Coffee Mug Cat + Bird Design,22301,489896,2009-03-12 07:57:00,6,2.55,15.3,,,
13611,United Kingdom,Cosy Slipper Shoes Small  Red ,21738,489896,2009-03-12 07:57:00,6,2.95,17.7,,,
13611,United Kingdom,Cosy Slipper Shoes Large Red,21740,489896,2009-03-12 07:57:00,6,2.95,17.7,,,
13611,United Kingdom,Pack Of 72 Retro Spot Cake Cases,21212,489896,2009-03-12 07:57:00,24,0.55,13.2,,,
13611,United Kingdom,60 Teatime Fairy Cake Cases,84991,489896,2009-03-12 07:57:00,24,0.55,13.2,,,
13611,United Kingdom,Retro Spot Small Milk Jug,21535,489896,2009-03-12 07:57:00,12,2.55,27,,,
13611,United Kingdom,Retro Spot Candle  Medium,21285,489896,2009-03-12 07:57:00,12,2.1,25.2,,,
13611,United Kingdom,Retro Spot Small Tube Matches,21584,489896,2009-03-12 07:57:00,20,1.65,27,,,
13611,United Kingdom,"Key Fob , Shed",21900,489896,2009-03-12 07:57:00,24,0.65,15.6,,,
13611,United Kingdom,"Key Fob , Back Door ",21901,489896,2009-03-12 07:57:00,24,0.65,15.6,,,
15255,United Kingdom,Rotating Silver Angels T-Light Hldr,84347,489897,2009-03-12 09:10:00,6,2.55,15.3,,,
15255,United Kingdom,Victorian  Metal Postcard Spring,21135,489897,2009-03-12 09:10:00,16,1.69,27,,,
15255,United Kingdom,Feltcraft Butterfly Hearts,22147,489897,2009-03-12 09:10:00,12,1.45,17.4,,,
15255,United Kingdom,Set Of Three 50'S Gift Wraps ,21490,489897,2009-03-12 09:10:00,12,1.95,23.4,,,
15255,United Kingdom,Scandinavian Reds Ribbons,85049E,489897,2009-03-12 09:10:00,12,1.25,15,,,
15255,United Kingdom,Ivy Heart Wreath,21349,489897,2009-03-12 09:10:00,2,6.75,13.5,,,
15255,United Kingdom,Victorian Metal Postcard Christmas,21134,489897,2009-03-12 09:10:00,27,1.65,27,,,
15255,United Kingdom,Party Cone Christmas Decoration ,22130,489897,2009-03-12 09:10:00,27,0.85,27,,,
15255,United Kingdom,Opulent Velvet Set/3 Candles,20871,489897,2009-03-12 09:10:00,6,2.1,12.6,,,
15255,United Kingdom,Antique Silver Tea Glass Etched,84946,489897,2009-03-12 09:10:00,12,1.25,15,,,
15255,United Kingdom,Porcelain T-Light Holders Assorted,20956,489897,2009-03-12 09:10:00,12,1.25,15,,,
15255,United Kingdom,Yuletide Images Gift Wrap Set,85032D,489897,2009-03-12 09:10:00,6,2.1,12.6,,,
15255,United Kingdom,Vintage Snap Cards,21790,489897,2009-03-12 09:10:00,12,0.85,10.2,,,
14771,United Kingdom,Zinc Willie Winkie  Candle Stick,84832,489900,2009-03-12 09:44:00,24,0.85,20.4,,,
14771,United Kingdom,Victorian Glass Hanging T-Light,22178,489900,2009-03-12 09:44:00,24,1.25,27,,,
14771,United Kingdom,Colour Glass T-Light Holder Hanging,84755,489900,2009-03-12 09:44:00,16,0.65,10.4,,,
14771,United Kingdom,Blue Stones On Wire For Candle,17136A,489900,2009-03-12 09:44:00,24,0.08,1.92,,,
14771,United Kingdom,Fairy Cake Candles,72756,489900,2009-03-12 09:44:00,9,1.49,13.41,,,
14771,United Kingdom,S/4 Festive Red Dinner Candles,72801F,489900,2009-03-12 09:44:00,12,1.25,15,,,
14771,United Kingdom,Lovebird Hanging Decoration White ,22219,489900,2009-03-12 09:44:00,12,0.85,10.2,,,
14771,United Kingdom,6 Crochet Strawberries,22253,489900,2009-03-12 09:44:00,12,1.25,15,,,
14771,United Kingdom,Painted Metal Pears Assorted,21136,489900,2009-03-12 09:44:00,8,1.69,13.52,,,
14771,United Kingdom,Assorted Colour Bird Ornament,84879,489900,2009-03-12 09:44:00,8,1.69,13.52,,,
14771,United Kingdom,Silver Finch Decoration,20814,489900,2009-03-12 09:44:00,12,1.25,15,,,
14771,United Kingdom,12 Mini Toadstool Pegs,21440,489900,2009-03-12 09:44:00,12,1.25,15,,,
14771,United Kingdom,Set Of 3 Bird Light Pink Feather ,35471D,489900,2009-03-12 09:44:00,12,1.25,15,,,
14771,United Kingdom,Etched Glass Star Tree Decoration,21009,489900,2009-03-12 09:44:00,12,1.25,15,,,
14771,United Kingdom,Pink Poodle Hanging Decoration ,21144,489900,2009-03-12 09:44:00,12,1.45,17.4,,,
14771,United Kingdom,S/15 Silver Glass Baubles In Bag,84754,489900,2009-03-12 09:44:00,12,1.25,15,,,
14771,United Kingdom,Victorian Metal Postcard Christmas,21134,489900,2009-03-12 09:44:00,8,1.65,13.2,,,
14771,United Kingdom,"Garland, Magic Garden 1.8M",22246,489900,2009-03-12 09:44:00,12,1.95,23.4,,,
14771,United Kingdom,Empire Tissue Box,22091,489900,2009-03-12 09:44:00,12,1.25,15,,,
14838,United Kingdom,Green Christmas Tree String 20Light,85045,489902,2009-03-12 09:52:00,2,4.95,9.9,,,
14838,United Kingdom,Noel Wooden Block Letters ,22121,489902,2009-03-12 09:52:00,2,5.95,11.9,,,
14838,United Kingdom, Peace Wooden Block Letters,22119,489902,2009-03-12 09:52:00,2,6.95,13.9,,,
14838,United Kingdom,15Cm Christmas Glass Ball 20 Lights,85048,489902,2009-03-12 09:52:00,12,6.95,27,,,
13979,United Kingdom,15Cm Christmas Glass Ball 20 Lights,85048,489904,2009-03-12 10:02:00,2,7.95,15.9,,,
13979,United Kingdom,Japanese Crocheted Animal,84670,489904,2009-03-12 10:02:00,24,0.42,10.08,,,
13979,United Kingdom,Dinosaur Keyrings Assorted,21829,489904,2009-03-12 10:02:00,27,0.21,15.12,,,
13979,United Kingdom,Camouflage Led Torch,21833,489904,2009-03-12 10:02:00,12,1.69,20.28,,,
13979,United Kingdom,Pink Stripe Hot Water Bottle,21480,489904,2009-03-12 10:02:00,6,2.95,17.7,,,
13979,United Kingdom,Red Woolly Hottie White Heart.,84029E,489904,2009-03-12 10:02:00,4,3.75,15,,,
13979,United Kingdom,Jumbo Bag Red White Spotty ,85099B,489904,2009-03-12 10:02:00,10,1.95,19.5,,,
13979,United Kingdom,Red/White Dots Ruffled Umbrella,85014B,489904,2009-03-12 10:02:00,3,5.95,17.85,,,
13979,United Kingdom,Door Mat 3 Smiley Cats,48111,489904,2009-03-12 10:02:00,2,6.75,13.5,,,
13979,United Kingdom,Red Spotty Coir Doormat,20685,489904,2009-03-12 10:02:00,2,6.75,13.5,,,
13979,United Kingdom,5 Hook Blackboard Organiser ,22177,489904,2009-03-12 10:02:00,1,9.95,9.95,,,
13979,United Kingdom,Snowflake Portable Table Light ,21744,489904,2009-03-12 10:02:00,6,2.95,17.7,,,
13979,United Kingdom,Star Portable Table Light ,21743,489904,2009-03-12 10:02:00,6,2.95,17.7,,,
13800,United Kingdom,Cream Slice Flannel Pink Spot ,21107,489905,2009-03-12 10:03:00,6,2.95,17.7,,,
13800,United Kingdom,Hanging Heart Zinc T-Light Holder,84970S,489905,2009-03-12 10:03:00,12,0.85,10.2,,,
13800,United Kingdom,Single Heart Zinc T-Light Holder,84970L,489905,2009-03-12 10:03:00,12,0.95,11.4,,,
13800,United Kingdom,Ribbon Reel Stripes Design ,22082,489905,2009-03-12 10:03:00,10,1.65,16.5,,,
13800,United Kingdom,Victorian  Metal Postcard Spring,21135,489905,2009-03-12 10:03:00,16,1.69,27,,,
13800,United Kingdom,Home Building Block Word,21754,489905,2009-03-12 10:03:00,9,5.95,27,,,
13800,United Kingdom,Welcome  Wooden Block Letters,22120,489905,2009-03-12 10:03:00,9,9.95,27,,,
13800,United Kingdom,First Aid Tin,21260,489905,2009-03-12 10:03:00,6,3.25,19.5,,,
13800,United Kingdom,Vintage Keepsake Box Beauty Girl,20905,489905,2009-03-12 10:03:00,4,6.35,25.4,,,
13800,United Kingdom,Swallow Giant Tube Matches,21589,489905,2009-03-12 10:03:00,27,2.1,27,,,
13800,United Kingdom,Assorted Colour Silk Cosmetic Purse,85222,489905,2009-03-12 10:03:00,12,2.1,25.2,,,
13800,United Kingdom,"Brocade Purse,Small Arch Button",17033,489905,2009-03-12 10:03:00,27,0.29,10.44,,,
13800,United Kingdom,Zinc Metal Heart Decoration,84836,489905,2009-03-12 10:03:00,12,1.25,15,,,
13800,United Kingdom,Assorted Colour Bird Ornament,84879,489905,2009-03-12 10:03:00,8,1.69,13.52,,,
13800,United Kingdom,Zinc Willie Winkie  Candle Stick,84832,489905,2009-03-12 10:03:00,12,0.85,10.2,,,
13800,United Kingdom,Glass Heart T-Light Holder ,21313,489905,2009-03-12 10:03:00,12,0.85,10.2,,,
13800,United Kingdom,Glass Bonbon Jar Parfume Aux Fleure,82607A,489905,2009-03-12 10:03:00,6,1.25,7.5,,,
13800,United Kingdom,Glass Bonbon Jar. D'Amandes,82607E,489905,2009-03-12 10:03:00,6,1.25,7.5,,,
13800,United Kingdom,Glass Bonbon Jar. Superfines,82607C,489905,2009-03-12 10:03:00,6,1.25,7.5,,,
14483,United Kingdom,Cosy Hour Cigar Box Matches ,21591,489906,2009-03-12 10:16:00,24,1.25,27,,,
14483,United Kingdom,Swallow Cigar Box Matches ,21593,489906,2009-03-12 10:16:00,24,1.25,27,,,
14483,United Kingdom,Retro Spot  Cigar Box Matches ,21592,489906,2009-03-12 10:16:00,24,1.25,27,,,
14483,United Kingdom,Kings Choice Cigar Box Matches ,21590,489906,2009-03-12 10:16:00,24,1.25,27,,,
14915,United Kingdom,36 Pencils Tube Red Spotty,20979,489907,2009-03-12 10:17:00,16,1.25,20,,,
14915,United Kingdom,36 Pencils Tube Skulls,20978,489907,2009-03-12 10:17:00,16,1.25,20,,,
14915,United Kingdom,Scottie Dog Hot Water Bottle,22111,489907,2009-03-12 10:17:00,3,4.95,14.85,,,
14915,United Kingdom,Red Woolly Hottie White Heart.,84029E,489907,2009-03-12 10:17:00,4,3.75,15,,,
14915,United Kingdom,Fairy Cake Candles,72756,489907,2009-03-12 10:17:00,9,1.49,13.41,,,
14915,United Kingdom,6 Egg House Painted Wood,22283,489907,2009-03-12 10:17:00,2,7.95,15.9,,,
14915,United Kingdom,Pink Clear Glass Candle Plate,72369A,489907,2009-03-12 10:17:00,6,1.25,7.5,,,
14915,United Kingdom,Love Heart Pocket Warmer,70006,489907,2009-03-12 10:17:00,12,1.65,19.8,,,
14915,United Kingdom,Set/6 Pink  Butterfly T-Lights,72351B,489907,2009-03-12 10:17:00,12,2.1,25.2,,,
14915,United Kingdom,Set/6 Turquoise Butterfly T-Lights,72351A,489907,2009-03-12 10:17:00,12,2.1,25.2,,,
14915,United Kingdom,Set/6 Purple Butterfly T-Lights,72349B,489907,2009-03-12 10:17:00,12,2.1,25.2,,,
13753,United Kingdom,Single Heart Zinc T-Light Holder,84970L,489909,2009-03-12 10:20:00,24,0.95,22.8,,,
13753,United Kingdom,Bunny Wooden Painted With Bird ,22228,489909,2009-03-12 10:20:00,24,0.85,20.4,,,
13753,United Kingdom,Jigsaw Tree With Birdhouse,22231,489909,2009-03-12 10:20:00,24,1.45,27,,,
13753,United Kingdom,Tub 24 Hanging Easter Eggs Spotty,21438,489909,2009-03-12 10:20:00,20,3.75,27,,,
13753,United Kingdom,"Garland , Wooden  "" Happy Easter""",22241,489909,2009-03-12 10:20:00,24,1.25,27,,,
13753,United Kingdom,Happy Easter Hanging Decoration,22270,489909,2009-03-12 10:20:00,16,3.75,27,,,
13753,United Kingdom,Hen House Decoration,22284,489909,2009-03-12 10:20:00,24,1.65,27,,,
13753,United Kingdom,Zinc Metal Heart Decoration,84836,489909,2009-03-12 10:20:00,24,1.25,27,,,
13753,United Kingdom,Door Mat Friendship ,48189,489909,2009-03-12 10:20:00,10,5.95,27,,,
13753,United Kingdom,Door Mat New England,48187,489909,2009-03-12 10:20:00,10,5.95,27,,,
13753,United Kingdom,"Garland, Magic Garden 1.8M",22246,489909,2009-03-12 10:20:00,12,1.95,23.4,,,
13753,United Kingdom,Moroccan Tea Glass,79000,489909,2009-03-12 10:20:00,27,0.85,27,,,
13753,United Kingdom,Red Stripe Ceramic Drawer Knob,21668,489909,2009-03-12 10:20:00,24,1.25,27,,,
13753,United Kingdom,Blue Stripe Ceramic Drawer Knob,21669,489909,2009-03-12 10:20:00,24,1.25,27,,,
13753,United Kingdom,Envelope 50 Romantic Images,85017A,489909,2009-03-12 10:20:00,12,0.85,10.2,,,
13753,United Kingdom,Party Cones Candy Tree Decoration,22129,489909,2009-03-12 10:20:00,27,0.72,27,,,
16301,United Kingdom,Blue Padded Soft Mobile,20703,489908,2009-03-12 10:20:00,3,4.25,12.75,,,
16301,United Kingdom,Fairy Cake Placemats,84509B,489908,2009-03-12 10:20:00,4,3.75,15,,,
16301,United Kingdom,Set/3 Vanilla Scented Candle In Box,72807C,489908,2009-03-12 10:20:00,4,4.25,17,,,
16301,United Kingdom,Ceramic Strwberry Design Mug,22059,489908,2009-03-12 10:20:00,12,1.49,17.88,,,
16301,United Kingdom,Sweetheart Ceramic Trinket Box,21231,489908,2009-03-12 10:20:00,12,1.25,15,,,
16301,United Kingdom,Chocolate Hot Water Bottle,22112,489908,2009-03-12 10:20:00,6,4.95,27,,,
15482,United Kingdom,S/3 Tear Drop Cut Glass Decoration,85112,489910,2009-03-12 10:23:00,27,0.5,27,,,
13931,United Kingdom,Set/3 Red Gingham Rose Storage Box,21430,489912,2009-03-12 10:26:00,4,3.75,15,,,
13931,United Kingdom,Pack Of 72 Retro Spot Cake Cases,21212,489912,2009-03-12 10:26:00,24,0.55,13.2,,,
13931,United Kingdom,Strawberry Honeycomb  Garland ,21206,489912,2009-03-12 10:26:00,12,1.65,19.8,,,
13931,United Kingdom,Butterflies  Honeycomb Garland,21203,489912,2009-03-12 10:26:00,12,1.65,19.8,,,
13931,United Kingdom,3D Hearts  Honeycomb Paper Garland,21188,489912,2009-03-12 10:26:00,12,2.95,27,,,
13931,United Kingdom,Pink Bitty Light Chain,85179C,489912,2009-03-12 10:26:00,6,4.65,27,,,
13931,United Kingdom,Green Bitty Light Chain,85179A,489912,2009-03-12 10:26:00,6,4.65,27,,,
13931,United Kingdom,Star Portable Table Light ,21743,489912,2009-03-12 10:26:00,12,2.95,27,,,
13931,United Kingdom,White Beaded Garland String 20Light,85047,489912,2009-03-12 10:26:00,6,6.35,27,,,
13931,United Kingdom,72 Sweetheart Fairy Cake Cases,84992,489912,2009-03-12 10:26:00,24,0.55,13.2,,,
13931,United Kingdom,Pink Hearts Light Chain ,85180B,489912,2009-03-12 10:26:00,6,4.65,27,,,
13931,United Kingdom,Red Hearts Light Chain ,85180A,489912,2009-03-12 10:26:00,6,4.65,27,,,
13931,United Kingdom,Paper Chain Kit Retro Spot,22083,489912,2009-03-12 10:26:00,12,2.95,27,,,
13931,United Kingdom,Set/10 Blue Spotty Party Candles,21124,489912,2009-03-12 10:26:00,24,1.25,27,,,
13931,United Kingdom,Set/10 Ivory Spotty Party Candles,21123,489912,2009-03-12 10:26:00,24,1.25,27,,,
13931,United Kingdom,Set/10 Pink Spotty Party Candles,21122,489912,2009-03-12 10:26:00,24,1.25,27,,,
13931,United Kingdom,Set/10 Red Spotty Party Candles,21121,489912,2009-03-12 10:26:00,24,1.25,27,,,
13931,United Kingdom,Jumbo Bag Owls,20713,489912,2009-03-12 10:26:00,10,1.95,19.5,,,
13931,United Kingdom,Jumbo Bag Toys ,20711,489912,2009-03-12 10:26:00,10,1.95,19.5,,,
13931,United Kingdom,Jumbo Storage Bag Suki,21931,489912,2009-03-12 10:26:00,10,1.95,19.5,,,
13931,United Kingdom,Midnight Glamour Scarf Knitting Kit,82616C,489912,2009-03-12 10:26:00,6,2.95,17.7,,,
13931,United Kingdom,Frappucino Scarf Knitting Kit,82616B,489912,2009-03-12 10:26:00,6,2.95,17.7,,,
13931,United Kingdom,Pink Marshmallow Scarf Knitting Kit,82615,489912,2009-03-12 10:26:00,6,2.95,17.7,,,
13931,United Kingdom,Bubble Gum Scarf Knitting Kit,82616A,489912,2009-03-12 10:26:00,6,2.95,17.7,,,
13931,United Kingdom,Duck Sock Puppet,85185E,489912,2009-03-12 10:26:00,3,2.95,8.85,,,
13931,United Kingdom,Frog Sock Puppet,85185D,489912,2009-03-12 10:26:00,6,2.95,17.7,,,
13931,United Kingdom,Pink Horse Sock Puppet,85185B,489912,2009-03-12 10:26:00,6,2.95,17.7,,,
13931,United Kingdom,Feltcraft Doll Emily,22274,489912,2009-03-12 10:26:00,6,2.95,17.7,,,
13931,United Kingdom,Feltcraft Doll Maria,22272,489912,2009-03-12 10:26:00,6,2.95,17.7,,,
13931,United Kingdom,Feltcraft Doll Molly,22273,489912,2009-03-12 10:26:00,6,2.95,17.7,,,
13931,United Kingdom,Feltcraft Doll Rosie,22271,489912,2009-03-12 10:26:00,6,2.95,17.7,,,
13931,United Kingdom,Red Floral Feltcraft Shoulder Bag,20969,489912,2009-03-12 10:26:00,4,3.75,15,,,
13931,United Kingdom,Green Floral Feltcraft Shoulder Bag,20968,489912,2009-03-12 10:26:00,4,3.75,15,,,
13931,United Kingdom,Pink Floral Feltcraft Shoulder Bag,20970,489912,2009-03-12 10:26:00,4,3.75,15,,,
13931,United Kingdom,12 Pencils Small Tube Skull,20974,489912,2009-03-12 10:26:00,24,0.65,15.6,,,
13931,United Kingdom,12 Pencils Tall Tube Skulls,20982,489912,2009-03-12 10:26:00,12,0.85,10.2,,,
13931,United Kingdom,36 Pencils Tube Red Spotty,20979,489912,2009-03-12 10:26:00,16,1.25,20,,,
13931,United Kingdom,12 Pencils Tall Tube Red Spotty,20983,489912,2009-03-12 10:26:00,12,0.85,10.2,,,
13931,United Kingdom,12 Pencils Tall Tube Woodland,20981,489912,2009-03-12 10:26:00,12,0.85,10.2,,,
13931,United Kingdom,Jumbo  Bag Baroque Black White,85099C,489912,2009-03-12 10:26:00,10,1.95,19.5,,,
13931,United Kingdom,Jumbo Bag Pink Vintage Paisley,21929,489912,2009-03-12 10:26:00,10,1.95,19.5,,,
13931,United Kingdom,Jumbo Bag Strawberry,85099F,489912,2009-03-12 10:26:00,10,1.95,19.5,,,
13931,United Kingdom,Jumbo Bag Scandinavian Paisley,21928,489912,2009-03-12 10:26:00,10,1.95,19.5,,,
13931,United Kingdom,Jumbo Bag Red White Spotty ,85099B,489912,2009-03-12 10:26:00,10,1.95,19.5,,,
13931,United Kingdom,"Wall Mirror , Rect Diamante, Pink/",22166,489912,2009-03-12 10:26:00,3,7.95,23.85,,,
13931,United Kingdom,Paper Chain Kit Empire,22084,489912,2009-03-12 10:26:00,6,2.95,17.7,,,
13931,United Kingdom,Retro Spot Lamp,22180,489912,2009-03-12 10:26:00,4,9.95,27,,,
13931,United Kingdom,Set/5 Red Spotty Lid Glass Bowls,20914,489912,2009-03-12 10:26:00,6,2.95,17.7,,,
13931,United Kingdom,Set/5 Blue Spotty Lid Glass Bowls,20913,489912,2009-03-12 10:26:00,6,2.95,17.7,,,
13931,United Kingdom,Small Heart Measuring Spoons,22196,489912,2009-03-12 10:26:00,12,0.85,10.2,,,
13931,United Kingdom,Large Heart Measuring Spoons,22195,489912,2009-03-12 10:26:00,12,1.65,19.8,,,
13931,United Kingdom,Food Container Set 3 Love Heart ,22131,489912,2009-03-12 10:26:00,6,1.95,11.7,,,
13931,United Kingdom,Apple Bath Sponge,20963,489912,2009-03-12 10:26:00,10,1.25,12.5,,,
13931,United Kingdom,Watermelon Bath Sponge,20960,489912,2009-03-12 10:26:00,10,1.25,12.5,,,
13931,United Kingdom,Strawberry Bath Sponge ,20961,489912,2009-03-12 10:26:00,10,1.25,12.5,,,
13931,United Kingdom,Decorative Rose Bathroom Bottle,21773,489912,2009-03-12 10:26:00,12,1.25,15,,,
13931,United Kingdom,Glass Bonbon Jar Parfume Aux Fleure,82607A,489912,2009-03-12 10:26:00,6,1.25,7.5,,,
13931,United Kingdom,White Hanging Heart T-Light Holder,85123A,489912,2009-03-12 10:26:00,6,2.95,17.7,,,
13931,United Kingdom,6 Egg House Painted Wood,22283,489913,2009-03-12 10:28:00,2,7.95,15.9,,,
13931,United Kingdom,Set 10 Lights Night Owl,22179,489913,2009-03-12 10:28:00,6,6.75,27,,,
13931,United Kingdom,3 Piece Jigsaw Toadstools,22232,489913,2009-03-12 10:28:00,8,1.65,13.2,,,
12921,United Kingdom,Antique Silver Tea Glass Etched,84946,489914,2009-03-12 10:28:00,24,1.25,27,,,
12921,United Kingdom,Assorted Colour T-Light Holder,84950,489914,2009-03-12 10:28:00,24,0.85,20.4,,,
12921,United Kingdom,Pink Cherry Lights,79323P,489914,2009-03-12 10:28:00,8,6.75,27,,,
12921,United Kingdom, White Cherry Lights,79323W,489914,2009-03-12 10:28:00,24,5.45,27,,,
12921,United Kingdom,Gold  Cherry Lights,79323G,489914,2009-03-12 10:28:00,4,6.75,27,,,
12921,United Kingdom,Jumbo Bag Pink Vintage Paisley,21929,489914,2009-03-12 10:28:00,20,1.95,27,,,
12921,United Kingdom,Jumbo Bag Scandinavian Paisley,21928,489914,2009-03-12 10:28:00,20,1.95,27,,,
12921,United Kingdom,Jumbo Bag Red White Spotty ,85099B,489914,2009-03-12 10:28:00,27,1.95,27,,,
12921,United Kingdom,Cream Sweetheart Letter Rack,85064,489914,2009-03-12 10:28:00,4,5.45,21.8,,,
12921,United Kingdom,Cream Sweetheart Mini Chest,85066,489914,2009-03-12 10:28:00,4,12.75,27,,,
12921,United Kingdom,Assorted Colour Bird Ornament,84879,489914,2009-03-12 10:28:00,27,1.69,27,,,
12921,United Kingdom,Pink 3 Piece Mini Dots Cutlery Set,84997D,489914,2009-03-12 10:28:00,6,3.75,22.5,,,
12921,United Kingdom,Blue 3 Piece Mini Dots Cutlery Set,84997C,489914,2009-03-12 10:28:00,6,3.75,22.5,,,
12921,United Kingdom,Red 3 Piece Mini Dots Cutlery Set,84997B,489914,2009-03-12 10:28:00,6,3.75,22.5,,,
12921,United Kingdom,Lunch Bag  Black Skull.,20727,489914,2009-03-12 10:28:00,27,1.65,27,,,
12921,United Kingdom,Lunch Bag Cars Blue,20728,489914,2009-03-12 10:28:00,10,1.65,16.5,,,
12921,United Kingdom,Lunch Bag Woodland,20726,489914,2009-03-12 10:28:00,10,1.65,16.5,,,
12921,United Kingdom,Lunch Bag Red Spotty,20725,489914,2009-03-12 10:28:00,10,1.65,16.5,,,
12921,United Kingdom,Green Spotty Cup,21241,489914,2009-03-12 10:28:00,16,0.85,13.6,,,
12921,United Kingdom,Blue Spotty Bowl,20675,489914,2009-03-12 10:28:00,16,1.25,20,,,
12921,United Kingdom,Blue  Spotty Plate ,21244,489914,2009-03-12 10:28:00,16,1.69,27,,,
12921,United Kingdom,Pink  Spotty Plate ,21243,489914,2009-03-12 10:28:00,16,1.69,27,,,
12921,United Kingdom,Pink  Spotty Cup,21239,489914,2009-03-12 10:28:00,27,0.85,27,,,
12921,United Kingdom,Red Spotty Bowl,20676,489914,2009-03-12 10:28:00,24,1.25,27,,,
12921,United Kingdom,Set/5 Red Spotty Lid Glass Bowls,20914,489914,2009-03-12 10:28:00,6,2.95,17.7,,,
12921,United Kingdom,Set/2 Red Spotty Tea Towels ,21035,489914,2009-03-12 10:28:00,12,2.95,27,,,
12921,United Kingdom,Pack Of 72 Skull Cake Cases,21213,489914,2009-03-12 10:28:00,24,0.55,13.2,,,
12921,United Kingdom,Pack Of 72 Retro Spot Cake Cases,21212,489914,2009-03-12 10:28:00,24,0.55,13.2,,,
12921,United Kingdom,Strawberry Ceramic Trinket Box,21232,489914,2009-03-12 10:28:00,24,1.25,27,,,
17035,United Kingdom,Heart Ivory Trellis Large,22296,489915,2009-03-12 10:37:00,24,1.65,27,,,
17035,United Kingdom,Zinc Metal Heart Decoration,84836,489915,2009-03-12 10:37:00,12,1.25,15,,,
15194,United Kingdom,Rotating Silver Angels T-Light Hldr,84347,489916,2009-03-12 10:37:00,27,2.55,27,,,
15194,United Kingdom,Feltcraft 6 Flower Friends,22149,489916,2009-03-12 10:37:00,6,2.1,12.6,,,
15194,United Kingdom,Black Wine Glass,79164,489916,2009-03-12 10:37:00,27,1.45,27,,,
15194,United Kingdom,Paper Chain Kit Retro Spot,22083,489916,2009-03-12 10:37:00,12,2.95,27,,,
15194,United Kingdom,"Wrap, Friendship On Green",16156N,489916,2009-03-12 10:37:00,25,0.42,10.5,,,
15194,United Kingdom,Wrap Daisy Carpet ,16169M,489916,2009-03-12 10:37:00,25,0.42,10.5,,,
15194,United Kingdom,Heart Ivory Trellis Small,22297,489916,2009-03-12 10:37:00,24,1.25,27,,,
15194,United Kingdom,Heart Ivory Trellis Large,22296,489916,2009-03-12 10:37:00,12,1.65,19.8,,,
15194,United Kingdom,Set/6 Pink  Butterfly T-Lights,72351B,489916,2009-03-12 10:37:00,12,2.1,25.2,,,
14347,United Kingdom,White Hanging Heart T-Light Holder,85123A,489932,2009-03-12 10:49:00,6,2.95,17.7,,,
14347,United Kingdom,Rotating Silver Angels T-Light Hldr,84347,489932,2009-03-12 10:49:00,6,2.55,15.3,,,
14347,United Kingdom,Square Floor Cushion Vintage Pink ,21629,489932,2009-03-12 10:49:00,2,7.95,15.9,,,
14347,United Kingdom,Red Spotty Charlotte Bag,20724,489932,2009-03-12 10:49:00,10,0.85,8.5,,,
14347,United Kingdom,Vintage Heads And Tails Card Game ,21791,489932,2009-03-12 10:49:00,12,1.25,15,,,
14347,United Kingdom,Vintage Snap Cards,21790,489932,2009-03-12 10:49:00,12,0.85,10.2,,,
12934,United Kingdom,Ant White Wire Heart Spiral,84884A,489935,2009-03-12 10:51:00,27,3.39,27,,,
12934,United Kingdom,Vintage Post Office Cabinet,21769,489935,2009-03-12 10:51:00,1,79.95,27,,,
15291,United Kingdom,Paper Chain Kit Empire,22084,489994,2009-03-12 11:09:00,27,2.55,27,,,
15291,United Kingdom,Paper Chain Kit 50'S Christmas ,22086,489994,2009-03-12 11:09:00,27,2.55,27,,,
15291,United Kingdom,Noel Wooden Block Letters ,22121,489994,2009-03-12 11:09:00,12,5.45,27,,,
15291,United Kingdom,Red Spotty Coir Doormat,20685,489994,2009-03-12 11:09:00,10,5.95,27,,,
17209,United Kingdom,White Skull Hot Water Bottle ,21479,489996,2009-03-12 11:10:00,3,3.75,11.25,,,
17209,United Kingdom,Chick Grey Hot Water Bottle,21484,489996,2009-03-12 11:10:00,3,3.45,10.35,,,
17209,United Kingdom,Fawn Blue Hot Water Bottle,21481,489996,2009-03-12 11:10:00,3,2.95,8.85,,,
17209,United Kingdom,Kensington Coffee Set,20748,489996,2009-03-12 11:10:00,1,12.75,12.75,,,
17209,United Kingdom, Ridged Glass T-Light Holder,21666,489996,2009-03-12 11:10:00,27,0.55,27,,,
15658,United Kingdom,Union Jack Guns & Roses  Doormat,21955,489998,2009-03-12 11:19:00,2,6.75,13.5,,,
15658,United Kingdom,Kings Choice Giant Tube Matches,21586,489998,2009-03-12 11:19:00,12,2.55,27,,,
15658,United Kingdom,Small Silver Trellis Candlepot,21696,489998,2009-03-12 11:19:00,6,2.95,17.7,,,
15658,United Kingdom,Small Hammered Silver Candlepot ,21693,489998,2009-03-12 11:19:00,6,2.95,17.7,,,
15658,United Kingdom,Silver Plate Candle Bowl Large,21687,489998,2009-03-12 11:19:00,8,3.75,27,,,
15658,United Kingdom,Silver Plate Candle Bowl Small,21688,489998,2009-03-12 11:19:00,12,2.95,27,,,
15658,United Kingdom,Silver Hanging T-Light Holder,84949,489998,2009-03-12 11:19:00,12,1.65,19.8,,,
15658,United Kingdom,Cake Stand Victorian Filigree Large,22184,489998,2009-03-12 11:19:00,2,8.5,17,,,
15658,United Kingdom,Cake Stand Victorian Filigree Med,22183,489998,2009-03-12 11:19:00,3,6.75,20.25,,,
15658,United Kingdom,Cake Stand Victorian Filigree Small,22182,489998,2009-03-12 11:19:00,4,4.95,19.8,,,
15658,United Kingdom,Victorian Glass Hanging T-Light,22178,489998,2009-03-12 11:19:00,12,1.25,15,,,
15658,United Kingdom,Ceramic Birdhouse Black Rose  Large,21552,489998,2009-03-12 11:19:00,2,5.95,11.9,,,
15658,United Kingdom,Ceramic Birdhouse Red Roof Large,21554,489998,2009-03-12 11:19:00,2,5.95,11.9,,,
15658,United Kingdom,Ceramic Birdhouse Butterfly Large,21551,489998,2009-03-12 11:19:00,2,5.95,11.9,,,
15658,United Kingdom,Love Building Block Word,21755,489998,2009-03-12 11:19:00,3,5.95,17.85,,,
15658,United Kingdom,Home Building Block Word,21754,489998,2009-03-12 11:19:00,3,5.95,17.85,,,
15658,United Kingdom,Spotty  Home Sweet Home Doormat,21524,489998,2009-03-12 11:19:00,2,6.75,13.5,,,
17314,United Kingdom,Noel Wooden Block Letters ,22121,489999,2009-03-12 11:25:00,3,5.95,17.85,,,
17314,United Kingdom,Folkart Zinc Heart Christmas Dec,35961,489999,2009-03-12 11:25:00,12,0.85,10.2,,,
17314,United Kingdom,Hanging Glass Etched Tealight,21651,489999,2009-03-12 11:25:00,12,1.65,19.8,,,
17314,United Kingdom,Single Heart Zinc T-Light Holder,84970L,489999,2009-03-12 11:25:00,12,0.95,11.4,,,
17314,United Kingdom,Victorian Glass Hanging T-Light,22178,489999,2009-03-12 11:25:00,12,1.25,15,,,
17314,United Kingdom,Set Of 3 Coney Island Oval Boxes,85008,489999,2009-03-12 11:25:00,9,4.95,27,,,
17314,United Kingdom,S/4 Valentine Decoupage Heart Box,85184C,489999,2009-03-12 11:25:00,12,2.95,27,,,
17155,United Kingdom,Colouring Pencils Brown Tube,10133,490000,2009-03-12 11:34:00,20,0.85,17,,,
17155,United Kingdom,75 Black Petit Four Cases,84993B,490000,2009-03-12 11:34:00,8,0.42,3.36,,,
17155,United Kingdom,60 Gold And Silver Fairy Cake Cases,84990,490000,2009-03-12 11:34:00,8,0.55,4.4,,,
17155,United Kingdom,Pack Of 60 Dinosaur Cake Cases,21975,490000,2009-03-12 11:34:00,8,0.55,4.4,,,
17155,United Kingdom,Pack Of 72 Retro Spot Cake Cases,21212,490000,2009-03-12 11:34:00,8,0.55,4.4,,,
17155,United Kingdom,Red Gingham Rose Jewellery Box,21429,490000,2009-03-12 11:34:00,1,1.65,1.65,,,
17155,United Kingdom,Ribbon Reel Stripes Design ,22082,490000,2009-03-12 11:34:00,15,1.65,24.75,,,
17155,United Kingdom,Place Setting White Heart,22151,490000,2009-03-12 11:34:00,5,0.42,2.1,,,
17155,United Kingdom,White Skull Hot Water Bottle ,21479,490000,2009-03-12 11:34:00,1,3.75,3.75,,,
17155,United Kingdom,Red Spotty Childs Apron,21156,490000,2009-03-12 11:34:00,3,1.95,5.85,,,
17155,United Kingdom,Ceramic Birdhouse Black Rose  Large,21552,490000,2009-03-12 11:34:00,6,5.95,27,,,
17155,United Kingdom,Ceramic Birdhouse Butterfly Large,21551,490000,2009-03-12 11:34:00,6,5.95,27,,,
15965,United Kingdom,Asstd Design Bubble Gum Ring,84270,490001,2009-03-12 11:45:00,27,0.21,6.3,,,
15965,United Kingdom,White Hanging Heart T-Light Holder,85123A,490001,2009-03-12 11:45:00,27,2.55,27,,,
17322,United Kingdom,Jumbo Bag Scandinavian Paisley,21928,490002,2009-03-12 11:46:00,1,1.95,1.95,,,
17322,United Kingdom,"Charlotte Bag , Suki Design",22355,490002,2009-03-12 11:46:00,2,0.85,1.7,,,
17322,United Kingdom,Apple Bath Sponge,20963,490002,2009-03-12 11:46:00,3,1.25,3.75,,,
17322,United Kingdom,Watermelon Bath Sponge,20960,490002,2009-03-12 11:46:00,11,1.25,13.75,,,
17322,United Kingdom,Strawberry Bath Sponge ,20961,490002,2009-03-12 11:46:00,6,1.25,7.5,,,
17322,United Kingdom,Set/4 Blue Flower Candles In Bowl,85040B,490002,2009-03-12 11:46:00,3,1.65,4.95,,,
17322,United Kingdom,S/4 Pink Flower Candles In Bowl,85040A,490002,2009-03-12 11:46:00,3,1.65,4.95,,,
17322,United Kingdom,Set/4 Pink Orchid Candles In Bowl,85041,490002,2009-03-12 11:46:00,3,1.65,4.95,,,
17322,United Kingdom,Asstd Design Bubble Gum Ring,84270,490002,2009-03-12 11:46:00,27,0.21,6.3,,,
17322,United Kingdom,White Advent Candle,72529W,490002,2009-03-12 11:46:00,4,2.12,8.48,,,
17322,United Kingdom,Crystal Stiletto Phone Charm,90085,490002,2009-03-12 11:46:00,4,0.85,3.4,,,
17322,United Kingdom,Pink Crystal Heart Phone Charm,90090,490002,2009-03-12 11:46:00,2,0.85,1.7,,,
17322,United Kingdom,Crystal Czech Cross Phone Charm,90083,490002,2009-03-12 11:46:00,2,0.85,1.7,,,
17322,United Kingdom,Crystal Key+Lock Phone Charm,90088,490002,2009-03-12 11:46:00,2,0.85,1.7,,,
17322,United Kingdom,Pink Crystal Guitar Phone Charm,90084,490002,2009-03-12 11:46:00,4,0.85,3.4,,,
17322,United Kingdom,Funky Girlz Magnetic To Do List ,16215,490002,2009-03-12 11:46:00,3,0.65,1.95,,,
17322,United Kingdom,Funky Girlz Asst Magnetic Memo Pad,16212,490002,2009-03-12 11:46:00,4,0.65,2.6,,,
17322,United Kingdom,Ass Col Small Sand Gecko P'Weight,17164B,490002,2009-03-12 11:46:00,2,0.42,0.84,,,
17322,United Kingdom,Ass Col Small Sand Frog P'Weight,17164D,490002,2009-03-12 11:46:00,4,0.42,1.68,,,
17322,United Kingdom,Kings Choice Small Tube Matches,21582,490002,2009-03-12 11:46:00,4,1.65,6.6,,,
17322,United Kingdom,Red Spotty Shopper Bag,20718,490002,2009-03-12 11:46:00,4,1.25,5,,,
17322,United Kingdom,Posy Shopper Bag,20714,490002,2009-03-12 11:46:00,2,1.25,2.5,,,
17322,United Kingdom,Party Food Shopper Bag,20716,490002,2009-03-12 11:46:00,2,1.25,2.5,,,
17322,United Kingdom,Wash Bag Vintage Rose Paisley,22276,490002,2009-03-12 11:46:00,2,2.55,5.1,,,
17322,United Kingdom,Jumbo Bag Owls,20713,490002,2009-03-12 11:46:00,3,1.95,5.85,,,
17322,United Kingdom,Jumbo Bag Red White Spotty ,85099B,490002,2009-03-12 11:46:00,2,1.95,3.9,,,
17322,United Kingdom,Jumbo Storage Bag Suki,21931,490002,2009-03-12 11:46:00,2,1.95,3.9,,,
17322,United Kingdom,Jumbo Bag Pink Vintage Paisley,21929,490002,2009-03-12 11:46:00,1,1.95,1.95,,,
16159,United Kingdom,Wooden Happy Birthday Garland,21380,490003,2009-03-12 11:51:00,12,2.95,27,,,
16159,United Kingdom,Fairy Cake Candles,72756,490003,2009-03-12 11:51:00,27,1.49,27,,,
16159,United Kingdom,Green 3 Piece Mini Dots Cutlery Set,84997A,490003,2009-03-12 11:51:00,6,3.75,22.5,,,
16159,United Kingdom,Pink 3 Piece Mini Dots Cutlery Set,84997D,490003,2009-03-12 11:51:00,6,3.75,22.5,,,
16159,United Kingdom,Red 3 Piece Mini Dots Cutlery Set,84997B,490003,2009-03-12 11:51:00,6,3.75,22.5,,,
16159,United Kingdom,Pack Of 72 Retro Spot Cake Cases,21212,490003,2009-03-12 11:51:00,24,0.55,13.2,,,
16159,United Kingdom,Pack Of 60 Pink Paisley Cake Cases,21977,490003,2009-03-12 11:51:00,24,0.55,13.2,,,
16159,United Kingdom,60 Teatime Fairy Cake Cases,84991,490003,2009-03-12 11:51:00,24,0.55,13.2,,,
16159,United Kingdom,Door Mat Welcome Puppies,48188,490003,2009-03-12 11:51:00,4,6.75,27,,,
16159,United Kingdom,Door Mat 3 Smiley Cats,48111,490003,2009-03-12 11:51:00,4,6.75,27,,,
16159,United Kingdom,Door Mat New England,48187,490003,2009-03-12 11:51:00,4,6.75,27,,,
16159,United Kingdom,Red Spotty Coir Doormat,20685,490003,2009-03-12 11:51:00,4,6.75,27,,,
14051,United Kingdom,Pink Cherry Lights,79323P,490004,2009-03-12 11:53:00,24,5.45,27,,,
14051,United Kingdom,Light Pink Cherry Lights,79323LP,490004,2009-03-12 11:53:00,24,5.45,27,,,
14051,United Kingdom,Scottie Dog Hot Water Bottle,22111,490004,2009-03-12 11:53:00,24,4.25,27,,,
14051,United Kingdom,Home Sweet Home Mug,21877,490004,2009-03-12 11:53:00,27,1.25,27,,,
14051,United Kingdom,Chocolate Hot Water Bottle,22112,490004,2009-03-12 11:53:00,24,4.25,27,,,
14051,United Kingdom,Fancy Font Home Sweet Home Doormat,21523,490004,2009-03-12 11:53:00,20,5.95,27,,,
14051,United Kingdom,Knitted Union Flag Hot Water Bottle,84029G,490004,2009-03-12 11:53:00,24,3.39,27,,,
14051,United Kingdom,Union Jack Hot Water Bottle ,22125,490004,2009-03-12 11:53:00,24,4.95,27,,,
14051,United Kingdom,Hot Water Bottle Tea And Sympathy,22114,490004,2009-03-12 11:53:00,24,3.45,27,,,
13993,United Kingdom, Home Sweet Home  Blackboard,21185,490005,2009-03-12 11:57:00,3,6.35,19.05,,,
13993,United Kingdom,Open Closed Metal Sign,21770,490005,2009-03-12 11:57:00,2,4.95,9.9,,,
13993,United Kingdom,Red Stripe Ceramic Drawer Knob,21668,490005,2009-03-12 11:57:00,12,1.25,15,,,
13993,United Kingdom,Red Spot Ceramic Drawer Knob,21671,490005,2009-03-12 11:57:00,12,1.25,15,,,
13993,United Kingdom,Blue Stripe Ceramic Drawer Knob,21669,490005,2009-03-12 11:57:00,12,1.25,15,,,
13993,United Kingdom,Blue Spot Ceramic Drawer Knob,21670,490005,2009-03-12 11:57:00,12,1.25,15,,,
13993,United Kingdom,Red Spotty Coir Doormat,20685,490005,2009-03-12 11:57:00,4,6.75,27,,,
13993,United Kingdom,Fancy Font Home Sweet Home Doormat,21523,490005,2009-03-12 11:57:00,4,6.75,27,,,
13993,United Kingdom,Door Mat Black Flock ,48173C,490005,2009-03-12 11:57:00,4,6.75,27,,,
13993,United Kingdom,Doormat Hearts,48194,490005,2009-03-12 11:57:00,2,6.75,13.5,,,
13993,United Kingdom,Door Mat New England,48187,490005,2009-03-12 11:57:00,4,6.75,27,,,
13993,United Kingdom,Home Building Block Word,21754,490005,2009-03-12 11:57:00,3,5.95,17.85,,,
13993,United Kingdom,Paper Chain Kit Retro Spot,22083,490005,2009-03-12 11:57:00,12,2.95,27,,,
13993,United Kingdom,Swallow Giant Tube Matches,21589,490005,2009-03-12 11:57:00,24,2.55,27,,,
13993,United Kingdom,Retro Spot  Cigar Box Matches ,21592,490005,2009-03-12 11:57:00,24,1.25,27,,,
13993,United Kingdom,Door Mat English Rose ,48184,490005,2009-03-12 11:57:00,2,6.75,13.5,,,
13993,United Kingdom,Fairy Cake Placemats,84509B,490005,2009-03-12 11:57:00,8,3.75,27,,,
13993,United Kingdom,Etched Glass Coaster,21294,490005,2009-03-12 11:57:00,12,1.25,15,,,
13993,United Kingdom,Set Of 4 Fairy Cakes Coasters ,84510B,490005,2009-03-12 11:57:00,10,1.25,12.5,,,
13993,United Kingdom,5 Hook Blackboard Organiser ,22177,490005,2009-03-12 11:57:00,4,9.95,27,,,
13993,United Kingdom,Gin + Tonic Diet Metal Sign,21175,490005,2009-03-12 11:57:00,6,2.1,12.6,,,
13993,United Kingdom,Please One Person  Metal Sign,21181,490005,2009-03-12 11:57:00,6,2.1,12.6,,,
13993,United Kingdom,Chocolate This Way Metal Sign,21908,490005,2009-03-12 11:57:00,6,2.1,12.6,,,
13993,United Kingdom,Classic Metal Birdcage Plant Holder,21340,490005,2009-03-12 11:57:00,3,12.75,27,,,
13993,United Kingdom,Antique Glass Place Setting,21145,490005,2009-03-12 11:57:00,12,1.25,15,,,
17411,United Kingdom,Rotating Silver Angels T-Light Hldr,84347,490006,2009-03-12 12:02:00,6,2.55,15.3,,,
17411,United Kingdom,Heart String Memo Holder Hanging,22163,490006,2009-03-12 12:02:00,6,2.95,17.7,,,
17411,United Kingdom,Six String Scandinavian Heart Decs,35979,490006,2009-03-12 12:02:00,6,2.95,17.7,,,
17411,United Kingdom,Pink Cherry Lights,79323P,490006,2009-03-12 12:02:00,8,6.75,27,,,
17411,United Kingdom,6 Chocolate Love Heart T-Lights,85038,490006,2009-03-12 12:02:00,6,2.1,12.6,,,
17411,United Kingdom,Zinc Willie Winkie  Candle Stick,84832,490006,2009-03-12 12:02:00,12,0.85,10.2,,,
17411,United Kingdom,Angel Decoration Painted Zinc ,22337,490006,2009-03-12 12:02:00,24,0.65,15.6,,,
17411,United Kingdom,Bird Box Christmas Tree Decoration,21018,490006,2009-03-12 12:02:00,12,0.85,10.2,,,
17411,United Kingdom,Red Star Card Holder,22186,490006,2009-03-12 12:02:00,6,2.95,17.7,,,
17411,United Kingdom,Green Christmas Tree Card Holder,22187,490006,2009-03-12 12:02:00,4,4.25,17,,,
17411,United Kingdom,Paper Chain Kit 50'S Christmas ,22086,490006,2009-03-12 12:02:00,6,2.95,17.7,,,
17411,United Kingdom,White Dove Honeycomb Paper Garland,21186,490006,2009-03-12 12:02:00,12,1.65,19.8,,,
17411,United Kingdom,Sandalwood Fan,15039,490006,2009-03-12 12:02:00,10,0.85,8.5,,,
17411,United Kingdom,Chilli Lights,79321,490006,2009-03-12 12:02:00,4,4.95,19.8,,,
17411,United Kingdom,Antique Lily Fairy Lights,85042,490006,2009-03-12 12:02:00,4,4.95,19.8,,,
17411,United Kingdom,Cosy Slipper Shoes Small  Red ,21738,490006,2009-03-12 12:02:00,6,2.95,17.7,,,
17411,United Kingdom,Cosy Slipper Shoes Small Green,21739,490006,2009-03-12 12:02:00,6,2.95,17.7,,,
17411,United Kingdom,Cosy Slipper Shoes Large Red,21740,490006,2009-03-12 12:02:00,6,2.95,17.7,,,
17411,United Kingdom,Cosy Slipper Shoes Large Green,21741,490006,2009-03-12 12:02:00,6,2.95,17.7,,,
15768,United Kingdom,Candy Stripe Rose C/Cover ,84627,490008,2009-03-12 12:10:00,1,5.95,5.95,,,
15768,United Kingdom,Assorted Tutti Frutti Small Purse,21648,490008,2009-03-12 12:10:00,2,1.25,2.5,,,
15768,United Kingdom,Two Embossed Heart Mini Drawers,21276,490008,2009-03-12 12:10:00,1,6.95,6.95,,,
15768,United Kingdom,Shoe Shine Box ,21784,490008,2009-03-12 12:10:00,2,9.95,19.9,,,
15768,United Kingdom,Red Spotty Biscuit Tin,21218,490008,2009-03-12 12:10:00,1,3.75,3.75,,,
15768,United Kingdom,Assorted Colour Jumbo Pen,10138,490008,2009-03-12 12:10:00,12,0.42,5.04,,,
15768,United Kingdom,Hand Over The Chocolate   Sign ,85152,490008,2009-03-12 12:10:00,12,2.1,25.2,,,
15768,United Kingdom,Jumbo Bag Pink Vintage Paisley,21929,490008,2009-03-12 12:10:00,4,1.95,7.8,,,
15768,United Kingdom,Weekend Bag Vintage Rose Paisley,22275,490008,2009-03-12 12:10:00,1,8.5,8.5,,,
15768,United Kingdom,Woolly Hat Sock Glove Advent String,35832,490008,2009-03-12 12:10:00,2,5.95,11.9,,,
15768,United Kingdom,Place Setting White Star,22152,490008,2009-03-12 12:10:00,2,0.42,0.84,,,
15768,United Kingdom,Place Setting White Heart,22151,490008,2009-03-12 12:10:00,2,0.42,0.84,,,
15768,United Kingdom,French Enamel Candleholder,85053,490008,2009-03-12 12:10:00,2,2.1,4.2,,,
15768,United Kingdom,Lunchbox With Cutlery Retrospot ,22352,490008,2009-03-12 12:10:00,1,2.55,2.55,,,
15768,United Kingdom,Cream Slice Flannel Chocolate Spot ,21106,490008,2009-03-12 12:10:00,1,2.95,2.95,,,
15768,United Kingdom,Cream Slice Flannel Pink Spot ,21107,490008,2009-03-12 12:10:00,1,2.95,2.95,,,
15768,United Kingdom,Set Of 72 Retro Spot Paper  Doilies,21210,490008,2009-03-12 12:10:00,1,1.45,1.45,,,
15768,United Kingdom,Set Of 36 Teatime Paper Doilies,84987,490008,2009-03-12 12:10:00,8,1.45,11.6,,,
15768,United Kingdom,Set Of 4 English Rose Coasters,84510A,490008,2009-03-12 12:10:00,1,1.25,1.25,,,
15768,United Kingdom,Knitted Mug Cosy Ivory Colour ,22310,490008,2009-03-12 12:10:00,1,1.65,1.65,,,
15768,United Kingdom,Dairy Maid Ceramic Butter Dish,21540,490008,2009-03-12 12:10:00,1,4.25,4.25,,,
15768,United Kingdom,Retro Spot Large Milk Jug,21533,490008,2009-03-12 12:10:00,1,4.95,4.95,,,
15768,United Kingdom,Home Building Block Word,21754,490008,2009-03-12 12:10:00,1,5.95,5.95,,,
15768,United Kingdom,Hot Water Bottle Tea And Sympathy,22114,490008,2009-03-12 12:10:00,1,3.95,3.95,,,
15768,United Kingdom,Tea Cosy Red  Stripe,22309,490008,2009-03-12 12:10:00,1,2.55,2.55,,,
15768,United Kingdom,Tea Cosy Blue Stripe,22308,490008,2009-03-12 12:10:00,1,2.55,2.55,,,
15768,United Kingdom,Tea Time Cake Stand In Gift Box,37503,490008,2009-03-12 12:10:00,1,10.75,10.75,,,
15768,United Kingdom,English Rose Placemats,84509A,490008,2009-03-12 12:10:00,3,3.75,11.25,,,
15768,United Kingdom,Flower Fairy Incense Rose,17109C,490008,2009-03-12 12:10:00,1,1.69,1.69,,,
15768,United Kingdom,Flower Fairy Incense Lavender,17109B,490008,2009-03-12 12:10:00,1,1.69,1.69,,,
15768,United Kingdom,Fairy Cake Greetings Card,84249D,490008,2009-03-12 12:10:00,12,0.42,5.04,,,
15768,United Kingdom,Retro Spot Tea Set Ceramic 11 Pc ,22139,490008,2009-03-12 12:10:00,1,4.95,4.95,,,
15768,United Kingdom,S/4 Rose    Botanical  Candle,21620,490008,2009-03-12 12:10:00,2,3.75,7.5,,,
15768,United Kingdom,4 Lily  Botanical Dinner Candles,21617,490008,2009-03-12 12:10:00,2,3.75,7.5,,,
15768,United Kingdom,4 Vanilla Botanical Candles,21619,490008,2009-03-12 12:10:00,2,3.75,7.5,,,
15768,United Kingdom,Scotties Des Child'S Apron,47591B,490008,2009-03-12 12:10:00,1,1.65,1.65,,,
15768,United Kingdom,Red Spotty Childs Apron,21156,490008,2009-03-12 12:10:00,2,1.95,3.9,,,
15768,United Kingdom,Blue Fairy Cake Child'S Apron,47591C,490008,2009-03-12 12:10:00,2,1.95,3.9,,,
15768,United Kingdom,Pink Fairy Cake Child'S Apron,47591D,490008,2009-03-12 12:10:00,2,1.95,3.9,,,
15768,United Kingdom,White Hanging Heart T-Light Holder,85123A,490008,2009-03-12 12:10:00,3,2.95,8.85,,,
15768,United Kingdom, Red/White Dot Mini Cases,20750,490008,2009-03-12 12:10:00,1,7.95,7.95,,,
15768,United Kingdom,Assorted Colour Mini Cases,20749,490008,2009-03-12 12:10:00,1,7.95,7.95,,,
15768,United Kingdom,Asstd Design Bubble Gum Ring,84270,490008,2009-03-12 12:10:00,27,0.21,6.3,,,
15768,United Kingdom,Silver  Candlepot Jardin ,21690,490008,2009-03-12 12:10:00,2,3.75,7.5,,,
15768,United Kingdom,Silver Finch Decoration,20814,490008,2009-03-12 12:10:00,2,1.25,2.5,,,
15768,United Kingdom,Set/3 Red Gingham Rose Storage Box,21430,490008,2009-03-12 12:10:00,3,3.75,11.25,,,
15768,United Kingdom,Carousel Des Child'S Apron,47591A,490008,2009-03-12 12:10:00,2,1.65,3.3,,,
15768,United Kingdom,Fairy Cakes Gift Bag,84537B,490008,2009-03-12 12:10:00,6,0.42,2.52,,,
15768,United Kingdom,Botanical Rose Greeting Card,22033,490008,2009-03-12 12:10:00,12,0.42,5.04,,,
15768,United Kingdom,Botanical Lily Greeting Card,22032,490008,2009-03-12 12:10:00,12,0.42,5.04,,,
15768,United Kingdom,Botanical Lavender Birthday Card,22031,490008,2009-03-12 12:10:00,12,0.42,5.04,,,
15768,United Kingdom,Rose Caravan Doorstop,21115,490008,2009-03-12 12:10:00,1,6.75,6.75,,,
15768,United Kingdom,Brown Check Cat Doorstop ,21407,490008,2009-03-12 12:10:00,1,4.25,4.25,,,
15768,United Kingdom,Wrap  Pink Flock,16161M,490008,2009-03-12 12:10:00,25,0.42,10.5,,,
15768,United Kingdom,Wooden Picture Frame White Finish,82482,490008,2009-03-12 12:10:00,12,2.55,27,,,
15768,United Kingdom,Distressed Candle Stick White,21450,490008,2009-03-12 12:10:00,2,5.95,11.9,,,
15768,United Kingdom,Zinc Finish 15Cm Planter Pots,84763,490008,2009-03-12 12:10:00,6,1.25,7.5,,,
15768,United Kingdom,Wood S/3 Cabinet Ant White Finish,82486,490008,2009-03-12 12:10:00,6,7.95,27,,,
15768,United Kingdom,Cream Sweetheart Wall Cabinet,85067,490008,2009-03-12 12:10:00,1,18.95,18.95,,,
15768,United Kingdom,Ma Campagne Cutlery Box,21781,490008,2009-03-12 12:10:00,2,14.95,27,,,
15768,United Kingdom,Enamel Pink Coffee Container,35810A,490008,2009-03-12 12:10:00,6,2.1,12.6,,,
15768,United Kingdom,Enamel Pink Tea Container,35809A,490008,2009-03-12 12:10:00,6,2.1,12.6,,,
15768,United Kingdom,Enamel Pink Sugar Container,35811A,490008,2009-03-12 12:10:00,6,2.1,12.6,,,
12835,United Kingdom,Set/6 Black Snowflake T-Lights ,35991,490009,2009-03-12 12:13:00,1,1.69,1.69,,,
12835,United Kingdom,Set/6 Gingerbread Star T-Lights,20943,490009,2009-03-12 12:13:00,5,1.25,6.25,,,
12835,United Kingdom,Red Spotty Washbag,21157,490009,2009-03-12 12:13:00,1,2.1,2.1,,,
12835,United Kingdom,Set Of 3 Butterfly Cookie Cutters,84380,490009,2009-03-12 12:13:00,1,1.25,1.25,,,
12835,United Kingdom,Set 12 Wildflower Botanical T-Light,21612,490009,2009-03-12 12:13:00,1,2.95,2.95,,,
12835,United Kingdom,Pack 4 Flower/Butterfly Patches,84569C,490009,2009-03-12 12:13:00,1,1.25,1.25,,,
12835,United Kingdom,Pack 6 Heart/Ice-Cream Patches,84569D,490009,2009-03-12 12:13:00,1,1.25,1.25,,,
12835,United Kingdom,Set/3 Christmas Briar Candles,72814,490009,2009-03-12 12:13:00,1,3.75,3.75,,,
12835,United Kingdom,Large Heart Measuring Spoons,22195,490009,2009-03-12 12:13:00,2,1.65,3.3,,,
12835,United Kingdom,Small Heart Measuring Spoons,22196,490009,2009-03-12 12:13:00,8,0.85,6.8,,,
12835,United Kingdom,Grey Floral Feltcraft Shoulder Bag,20967,490009,2009-03-12 12:13:00,2,3.75,7.5,,,
12835,United Kingdom,Pink Floral Feltcraft Shoulder Bag,20970,490009,2009-03-12 12:13:00,2,3.75,7.5,,,
12835,United Kingdom,Overnight Bag Vintage Rose Paisley,22278,490009,2009-03-12 12:13:00,2,4.95,9.9,,,
12835,United Kingdom,Jumbo Storage Bag Suki,21931,490009,2009-03-12 12:13:00,1,1.95,1.95,,,
12835,United Kingdom,Pink Vintage Paisley Picnic Bag,21933,490009,2009-03-12 12:13:00,1,2.95,2.95,,,
12835,United Kingdom,Scandinavian Paisley Picnic Bag,21932,490009,2009-03-12 12:13:00,2,2.95,5.9,,,
12835,United Kingdom,Large Cake Towel Pink Spots,21110,490009,2009-03-12 12:13:00,3,6.75,20.25,,,
12835,United Kingdom,Door Mat Topiary,48129,490009,2009-03-12 12:13:00,1,6.75,6.75,,,
12835,United Kingdom,Door Mat Welcome Puppies,48188,490009,2009-03-12 12:13:00,1,6.75,6.75,,,
12835,United Kingdom,Red Spotty Coir Doormat,20685,490009,2009-03-12 12:13:00,2,6.75,13.5,,,
12835,United Kingdom,Jumbo Bag Red White Spotty ,85099B,490009,2009-03-12 12:13:00,5,1.95,9.75,,,
12835,United Kingdom,Jumbo Bag Pink Vintage Paisley,21929,490009,2009-03-12 12:13:00,5,1.95,9.75,,,
12835,United Kingdom,Small Heart Measuring Spoons,22196,490009,2009-03-12 12:13:00,15,0.85,12.75,,,
12835,United Kingdom,Tea Time Cake Stand In Gift Box,37503,490009,2009-03-12 12:13:00,3,10.75,27,,,
12835,United Kingdom,Set/5 Blue Spotty Lid Glass Bowls,20913,490009,2009-03-12 12:13:00,2,2.95,5.9,,,
12835,United Kingdom,Strawberry Ceramic Trinket Box,21232,490009,2009-03-12 12:13:00,10,1.25,12.5,,,
12835,United Kingdom,Black/Blue Dots Ruffled Umbrella,85014A,490009,2009-03-12 12:13:00,2,5.95,11.9,,,
12835,United Kingdom,Red Spotty Washbag,21157,490009,2009-03-12 12:13:00,8,2.1,16.8,,,
12835,United Kingdom,Red/White Dots Ruffled Umbrella,85014B,490009,2009-03-12 12:13:00,2,5.95,11.9,,,
12835,United Kingdom,Mini Cake Stand Hanging Hearts,22054,490009,2009-03-12 12:13:00,5,1.65,8.25,,,
12835,United Kingdom,Large Cake Stand  Hanging Strawbery,22061,490009,2009-03-12 12:13:00,4,9.95,27,,,
15061,United Kingdom,Rotating Silver Angels T-Light Hldr,84347,490010,2009-03-12 12:15:00,27,2.1,27,,,
15179,United Kingdom,Stars Gift Tape ,21883,490012,2009-03-12 12:27:00,12,0.65,7.8,,,
15179,United Kingdom,Swallows Greeting Card,22030,490012,2009-03-12 12:27:00,24,0.42,10.08,,,
15179,United Kingdom,Red Woolly Hottie White Heart.,84029E,490012,2009-03-12 12:27:00,4,3.75,15,,,
15179,United Kingdom,Retro Spot  Cigar Box Matches ,21592,490012,2009-03-12 12:27:00,24,1.25,27,,,
15179,United Kingdom,12 Pencils Tall Tube Red Spotty,20983,490012,2009-03-12 12:27:00,24,0.85,20.4,,,
15179,United Kingdom,Assorted Tutti Frutti Photo Frame,21649,490012,2009-03-12 12:27:00,12,2.95,27,,,
15179,United Kingdom,Enchanted Bird Coathanger 5 Hook,84792,490012,2009-03-12 12:27:00,4,4.65,18.6,,,
15179,United Kingdom,Robin Christmas Card,22034,490012,2009-03-12 12:27:00,12,0.42,5.04,,,
15179,United Kingdom,Place Setting White Heart,22151,490012,2009-03-12 12:27:00,24,0.42,10.08,,,
15179,United Kingdom,Ivy Heart Wreath,21349,490012,2009-03-12 12:27:00,2,6.75,13.5,,,
15179,United Kingdom,Pack Of 60 Dinosaur Cake Cases,21975,490012,2009-03-12 12:27:00,24,0.55,13.2,,,
15179,United Kingdom,60 Teatime Fairy Cake Cases,84991,490012,2009-03-12 12:27:00,24,0.55,13.2,,,
15179,United Kingdom,Pack Of 60 Pink Paisley Cake Cases,21977,490012,2009-03-12 12:27:00,24,0.55,13.2,,,
15179,United Kingdom,Pack Of 72 Retro Spot Cake Cases,21212,490012,2009-03-12 12:27:00,24,0.55,13.2,,,
15179,United Kingdom,Nurse'S Bag Soft Toy,21054,490012,2009-03-12 12:27:00,9,8.95,27,,,
15179,United Kingdom,Doctor'S Bag Soft Toy,21056,490012,2009-03-12 12:27:00,9,8.95,27,,,
15179,United Kingdom,Pink Spotty Childs Umbrella,20681,490012,2009-03-12 12:27:00,6,3.25,19.5,,,
15179,United Kingdom,Pink Padded Mobile,20702,490012,2009-03-12 12:27:00,3,4.25,12.75,,,
15179,United Kingdom,Blue Padded Soft Mobile,20703,490012,2009-03-12 12:27:00,6,4.25,25.5,,,
15179,United Kingdom,Retro Spot Tea Set Ceramic 11 Pc ,22139,490012,2009-03-12 12:27:00,12,4.95,27,,,
15179,United Kingdom,Set/3 Red Gingham Rose Storage Box,21430,490012,2009-03-12 12:27:00,4,3.75,15,,,
15179,United Kingdom,Jumbo Bag Red White Spotty ,85099B,490012,2009-03-12 12:27:00,20,1.95,27,,,
15179,United Kingdom,Pink 3 Piece Mini Dots Cutlery Set,84997D,490012,2009-03-12 12:27:00,12,3.75,27,,,
15179,United Kingdom,Blue 3 Piece Mini Dots Cutlery Set,84997C,490012,2009-03-12 12:27:00,12,3.75,27,,,
15179,United Kingdom,Cream Sweetheart Mini Chest,85066,490012,2009-03-12 12:27:00,2,12.75,25.5,,,
15179,United Kingdom,Cream Sweetheart Wall Cabinet,85067,490012,2009-03-12 12:27:00,2,18.95,27,,,
15179,United Kingdom,Filigree Wall Mirror  Antique White,21303,490012,2009-03-12 12:27:00,4,14.75,27,,,
17069,United Kingdom,Red Spotty Childs Apron,21156,490013,2009-03-12 12:27:00,8,1.95,15.6,,,
17069,United Kingdom,Pink Fairy Cake Child'S Apron,47591D,490013,2009-03-12 12:27:00,8,1.95,15.6,,,
17069,United Kingdom,Blue Fairy Cake Child'S Apron,47591C,490013,2009-03-12 12:27:00,8,1.95,15.6,,,
17069,United Kingdom,"Wrap,Suki And Friends",16161U,490013,2009-03-12 12:27:00,25,0.42,10.5,,,
17069,United Kingdom,Red Spots  Wrap ,21498,490013,2009-03-12 12:27:00,25,0.42,10.5,,,
17069,United Kingdom,Blue Spots  Wrap,21499,490013,2009-03-12 12:27:00,25,0.42,10.5,,,
17069,United Kingdom,Pink Spots  Wrap ,21500,490013,2009-03-12 12:27:00,25,0.42,10.5,,,
17069,United Kingdom,Red Stripe Ceramic Drawer Knob,21668,490013,2009-03-12 12:27:00,12,1.25,15,,,
17069,United Kingdom,Blue Stripe Ceramic Drawer Knob,21669,490013,2009-03-12 12:27:00,12,1.25,15,,,
17069,United Kingdom,Blue Spot Ceramic Drawer Knob,21670,490013,2009-03-12 12:27:00,12,1.25,15,,,
17069,United Kingdom,Red Spot Ceramic Drawer Knob,21671,490013,2009-03-12 12:27:00,12,1.25,15,,,
17069,United Kingdom,White Spot Red Ceramic Drawer Knob,21672,490013,2009-03-12 12:27:00,12,1.25,15,,,
17069,United Kingdom,White Spot Blue Ceramic Drawer Knob,21673,490013,2009-03-12 12:27:00,12,1.25,15,,,
17069,United Kingdom,Red Spotty Shopper Bag,20718,490013,2009-03-12 12:27:00,10,1.25,12.5,,,
17069,United Kingdom,Red Spotty Shopping Bag,21039,490013,2009-03-12 12:27:00,6,2.55,15.3,,,
17069,United Kingdom,Red Spotty Candy Bag,20729,490013,2009-03-12 12:27:00,10,1.25,12.5,,,
17069,United Kingdom,"Charlotte Bag , Pink/White Spots",22356,490013,2009-03-12 12:27:00,10,0.85,8.5,,,
17069,United Kingdom,"Charlotte Bag , Suki Design",22355,490013,2009-03-12 12:27:00,10,0.85,8.5,,,
17069,United Kingdom,Retro Sport Party Bag + Sticker Set,22333,490013,2009-03-12 12:27:00,8,1.65,13.2,,,
17069,United Kingdom,Porcelain T-Light Holders Assorted,20956,490013,2009-03-12 12:27:00,12,1.25,15,,,
17069,United Kingdom,Lunchbox With Cutlery Fairy Cakes ,22353,490013,2009-03-12 12:27:00,6,2.55,15.3,,,
17069,United Kingdom,Lunchbox With Cutlery Retrospot ,22352,490013,2009-03-12 12:27:00,6,2.55,15.3,,,
17069,United Kingdom,Retro Red Spotty Washing Up Gloves,20754,490013,2009-03-12 12:27:00,6,2.1,12.6,,,
17069,United Kingdom,Retro Blue Spotty Washing Up Gloves,20752,490013,2009-03-12 12:27:00,6,2.1,12.6,,,
17069,United Kingdom,Retro Pink Spot Washing Up Gloves,20753,490013,2009-03-12 12:27:00,6,2.1,12.6,,,
17069,United Kingdom,Set/3 Russian Doll Stacking Tins,85232B,490013,2009-03-12 12:27:00,3,4.95,14.85,,,
17069,United Kingdom,Geisha Girl Chopsticks Set/5,20987,490013,2009-03-12 12:27:00,20,1.95,27,,,
17069,United Kingdom,Urban Chic Chopsticks Set/5,20989,490013,2009-03-12 12:27:00,10,1.95,19.5,,,
17069,United Kingdom,Spring Flower Chopsticks Set/5,20990,490013,2009-03-12 12:27:00,10,1.95,19.5,,,
17069,United Kingdom,Set Of 6 Cake Chopsticks,21948,490013,2009-03-12 12:27:00,12,1.25,15,,,
17069,United Kingdom,Home Sweet Home Mug,21877,490013,2009-03-12 12:27:00,12,1.25,15,,,
17069,United Kingdom,Kings Choice Mug,21875,490013,2009-03-12 12:27:00,12,1.25,15,,,
17069,United Kingdom,Retro Coffee Mugs Assorted,37370,490013,2009-03-12 12:27:00,24,1.25,27,,,
16918,United Kingdom,Small Heart Measuring Spoons,22196,490011,2009-03-12 12:27:00,2,0.85,1.7,,,
16918,United Kingdom,Ladle Love Heart Pink,22135,490011,2009-03-12 12:27:00,2,0.42,0.84,,,
16918,United Kingdom,Ladle Love Heart Red ,22134,490011,2009-03-12 12:27:00,2,0.42,0.84,,,
16918,United Kingdom,Pink Love Heart Shape Cup,22133,490011,2009-03-12 12:27:00,2,0.85,1.7,,,
16918,United Kingdom,Red Love Heart Shape Cup,22132,490011,2009-03-12 12:27:00,2,0.85,1.7,,,
16918,United Kingdom,Large Heart Measuring Spoons,22195,490011,2009-03-12 12:27:00,1,1.65,1.65,,,
16918,United Kingdom,Heart Ivory Trellis Small,22297,490011,2009-03-12 12:27:00,6,1.25,7.5,,,
16918,United Kingdom,Heart Filigree Dove Large,22295,490011,2009-03-12 12:27:00,2,1.65,3.3,,,
16918,United Kingdom,Heart Filigree Dove  Small,22294,490011,2009-03-12 12:27:00,4,1.25,5,,,
16918,United Kingdom,72 Sweetheart Fairy Cake Cases,84992,490011,2009-03-12 12:27:00,6,0.55,3.3,,,
16918,United Kingdom,60 Teatime Fairy Cake Cases,84991,490011,2009-03-12 12:27:00,6,0.55,3.3,,,
16918,United Kingdom,Pack Of 72 Skull Cake Cases,21213,490011,2009-03-12 12:27:00,3,0.55,1.65,,,
16918,United Kingdom,Rain Hat With Red Spots,21786,490011,2009-03-12 12:27:00,12,0.42,5.04,,,
16918,United Kingdom,Retro Spot Tea Set Ceramic 11 Pc ,22139,490011,2009-03-12 12:27:00,1,4.95,4.95,,,
16918,United Kingdom,Baking Set 9 Piece Retrospot ,22138,490011,2009-03-12 12:27:00,1,4.95,4.95,,,
16918,United Kingdom,Blue Harmonica In Box ,21914,490011,2009-03-12 12:27:00,1,1.25,1.25,,,
16918,United Kingdom,Knitted Union Flag Hot Water Bottle,84029G,490011,2009-03-12 12:27:00,1,3.75,3.75,,,
16918,United Kingdom,Beware Of The Cat Metal Sign ,21165,490011,2009-03-12 12:27:00,1,1.69,1.69,,,
16918,United Kingdom,Bombs Away Metal Sign,82597,490011,2009-03-12 12:27:00,1,2.1,2.1,,,
16918,United Kingdom,Old Doc.Russel Metal Sign,82605,490011,2009-03-12 12:27:00,1,2.1,2.1,,,
16918,United Kingdom,Hot Baths Metal Sign,82583,490011,2009-03-12 12:27:00,1,2.1,2.1,,,
16918,United Kingdom,Pop'S Greasy Spoon Metal Sign,82553,490011,2009-03-12 12:27:00,1,1.65,1.65,,,
16918,United Kingdom,Open Closed Metal Sign,21770,490011,2009-03-12 12:27:00,1,4.95,4.95,,,
16918,United Kingdom,No Singing Metal Sign,82600,490011,2009-03-12 12:27:00,3,2.1,6.3,,,
16918,United Kingdom,Gin + Tonic Diet Metal Sign,21175,490011,2009-03-12 12:27:00,3,2.1,6.3,,,
16918,United Kingdom,Hand Over The Chocolate   Sign ,85152,490011,2009-03-12 12:27:00,1,2.1,2.1,,,
16918,United Kingdom,Please One Person  Metal Sign,21181,490011,2009-03-12 12:27:00,3,2.1,6.3,,,
16918,United Kingdom,Loo Roll  Metal Sign ,21173,490011,2009-03-12 12:27:00,3,1.65,4.95,,,
16918,United Kingdom,Asstd Design Racing Car Pen,11001,490011,2009-03-12 12:27:00,2,1.69,3.38,,,
16918,United Kingdom,Food Container Set 3 Love Heart ,22131,490011,2009-03-12 12:27:00,2,1.95,3.9,,,
16918,United Kingdom,Beaded Pearl Heart White On Stick,85131A,490011,2009-03-12 12:27:00,6,1.25,7.5,,,
16918,United Kingdom,Heart Ivory Trellis Large,22296,490011,2009-03-12 12:27:00,12,1.65,19.8,,,
16918,United Kingdom,Set/6 Pink  Butterfly T-Lights,72351B,490011,2009-03-12 12:27:00,6,2.1,12.6,,,
16918,United Kingdom,Kids Rain Mac Pink,21789,490011,2009-03-12 12:27:00,4,0.85,3.4,,,
16918,United Kingdom,Kids Rain Mac Blue,21788,490011,2009-03-12 12:27:00,5,0.85,4.25,,,
16918,United Kingdom,Charlie And Lola Charlotte Bag,21100,490011,2009-03-12 12:27:00,6,1.65,9.9,,,
16918,United Kingdom,Cream Heart Card Holder,22189,490011,2009-03-12 12:27:00,4,3.95,15.8,,,
16918,United Kingdom,Robot Mug In Display Box,37464,490011,2009-03-12 12:27:00,5,1.25,6.25,,,
16918,United Kingdom,Set Of 3 Coloured  Flying Ducks,35004C,490011,2009-03-12 12:27:00,2,5.45,10.9,,,
16918,United Kingdom,Weekend Bag Vintage Rose Paisley,22275,490011,2009-03-12 12:27:00,2,8.5,17,,,
16918,United Kingdom,Set Of 72 Retro Spot Paper  Doilies,21210,490011,2009-03-12 12:27:00,2,1.45,2.9,,,
16918,United Kingdom,Set Of 36 Teatime Paper Doilies,84987,490011,2009-03-12 12:27:00,5,1.45,7.25,,,
16918,United Kingdom,Set Of Three Vintage Gift Wraps,21491,490011,2009-03-12 12:27:00,2,1.95,3.9,,,
15466,United Kingdom,Milk Bottle With Glass Stopper ,21657,490014,2009-03-12 12:28:00,1,6.95,6.95,,,
15466,United Kingdom, Peace Wooden Block Letters,22119,490014,2009-03-12 12:28:00,3,6.95,20.85,,,
15466,United Kingdom,Kings Choice Small Tube Matches,21582,490014,2009-03-12 12:28:00,20,1.65,27,,,
15466,United Kingdom,Noel Wooden Block Letters ,22121,490014,2009-03-12 12:28:00,3,5.95,17.85,,,
15466,United Kingdom,Zinc Metal Heart Decoration,84836,490014,2009-03-12 12:28:00,12,1.25,15,,,
15466,United Kingdom,Hanging Heart Zinc T-Light Holder,84970S,490014,2009-03-12 12:28:00,12,0.85,10.2,,,
15466,United Kingdom,Single Heart Zinc T-Light Holder,84970L,490014,2009-03-12 12:28:00,12,0.95,11.4,,,
15466,United Kingdom,Christmas Craft Heart Stocking ,22145,490014,2009-03-12 12:28:00,2,2.1,4.2,,,
15466,United Kingdom,Glass Heart T-Light Holder ,21313,490014,2009-03-12 12:28:00,12,0.85,10.2,,,
15466,United Kingdom,Scandinavian 3 Hearts Napkin Ring,85078,490014,2009-03-12 12:28:00,24,0.65,15.6,,,
15466,United Kingdom,Six String Scandinavian Heart Decs,35979,490014,2009-03-12 12:28:00,4,2.95,11.8,,,
15466,United Kingdom,Pink Hanging Gingham Easter Hen,84745A,490014,2009-03-12 12:28:00,6,0.42,2.52,,,
15466,United Kingdom,Blue Hanging Gingham Easter Hen,84745B,490014,2009-03-12 12:28:00,5,0.42,2.1,,,
15466,United Kingdom,"Spring Dec , Hanging Chick  Yellow",22292,490014,2009-03-12 12:28:00,24,1.45,27,,,
15466,United Kingdom,Retro Spot Storage Jar,22073,490014,2009-03-12 12:28:00,1,3.75,3.75,,,
15466,United Kingdom,Blue Stripe Ceramic Drawer Knob,21669,490014,2009-03-12 12:28:00,6,1.25,7.5,,,
15466,United Kingdom,"Decoration , Wobbly Chicken, Metal ",22287,490014,2009-03-12 12:28:00,12,1.65,19.8,,,
15466,United Kingdom,"Decoration , Wobbly Rabbit , Metal ",22286,490014,2009-03-12 12:28:00,12,1.65,19.8,,,
15466,United Kingdom,Set/9 Christmas T-Lights Scented ,20878,490014,2009-03-12 12:28:00,4,1.25,5,,,
15466,United Kingdom,12 Pencils Small Tube Red Spotty,20975,490014,2009-03-12 12:28:00,2,0.65,1.3,,,
15466,United Kingdom,Pack Of 60 Dinosaur Cake Cases,21975,490014,2009-03-12 12:28:00,4,0.55,2.2,,,
15466,United Kingdom,Pack Of 72 Skull Cake Cases,21213,490014,2009-03-12 12:28:00,4,0.55,2.2,,,
15466,United Kingdom,Pack Of 72 Retro Spot Cake Cases,21212,490014,2009-03-12 12:28:00,6,0.55,3.3,,,
15466,United Kingdom,36 Pencils Tube Red Spotty,20979,490014,2009-03-12 12:28:00,2,1.25,2.5,,,
15466,United Kingdom,12 Pencils Tall Tube Red Spotty,20983,490014,2009-03-12 12:28:00,2,0.85,1.7,,,
15466,United Kingdom,12 Pencils Tall Tube Skulls,20982,490014,2009-03-12 12:28:00,2,0.85,1.7,,,
15466,United Kingdom,12 Pencils Small Tube Skull,20974,490014,2009-03-12 12:28:00,2,0.65,1.3,,,
15466,United Kingdom,36 Pencils Tube Skulls,20978,490014,2009-03-12 12:28:00,4,1.25,5,,,
15466,United Kingdom,No Singing Metal Sign,82600,490014,2009-03-12 12:28:00,4,2.1,8.4,,,
15466,United Kingdom,Area Patrolled Metal Sign,82582,490014,2009-03-12 12:28:00,4,2.1,8.4,,,
15466,United Kingdom,Open Closed Metal Sign,21770,490014,2009-03-12 12:28:00,3,4.95,14.85,,,
15466,United Kingdom,Laundry 15C Metal Sign,82551,490014,2009-03-12 12:28:00,4,1.25,5,,,
15466,United Kingdom,Cross Stitch Alphabet Cushion Cover,21837,490014,2009-03-12 12:28:00,2,5.95,11.9,,,
15466,United Kingdom,Union Jack Hot Water Bottle ,22125,490014,2009-03-12 12:28:00,2,5.95,11.9,,,
15466,United Kingdom,White Skull Hot Water Bottle ,21479,490014,2009-03-12 12:28:00,3,3.75,11.25,,,
15466,United Kingdom,Union Jack Flag Luggage Tag,21866,490014,2009-03-12 12:28:00,4,1.25,5,,,
15466,United Kingdom,Red Spotty Luggage Tag,20658,490014,2009-03-12 12:28:00,4,1.25,5,,,
15466,United Kingdom,Set/10 Red Spotty Party Candles,21121,490014,2009-03-12 12:28:00,1,1.25,1.25,,,
15466,United Kingdom,Paper Chain Kit Empire,22084,490014,2009-03-12 12:28:00,2,2.95,5.9,,,
15466,United Kingdom,Hanging Ridge Glass T-Light Holder,21655,490014,2009-03-12 12:28:00,6,1.69,10.14,,,
15466,United Kingdom,Wire Flower T-Light Holder,84977,490014,2009-03-12 12:28:00,6,1.25,7.5,,,
15466,United Kingdom,Empire Tissue Box,22091,490014,2009-03-12 12:28:00,6,1.25,7.5,,,
15466,United Kingdom,Motoring Tissue Box,22093,490014,2009-03-12 12:28:00,2,1.25,2.5,,,
15466,United Kingdom,Brown Check Cat Doorstop ,21407,490014,2009-03-12 12:28:00,1,4.25,4.25,,,
15466,United Kingdom,Retro Spot Candle  Small,21284,490014,2009-03-12 12:28:00,1,1.69,1.69,,,
15466,United Kingdom,Ribbon Reel Stripes Design ,22082,490014,2009-03-12 12:28:00,1,1.65,1.65,,,
15466,United Kingdom,Green Wire Standing Candle Holder,84882,490014,2009-03-12 12:28:00,1,3.75,3.75,,,
15466,United Kingdom,Baking Set 9 Piece Retrospot ,22138,490014,2009-03-12 12:28:00,2,4.95,9.9,,,
15466,United Kingdom,Home Garland Painted Zinc ,22342,490014,2009-03-12 12:28:00,12,1.65,19.8,,,
15466,United Kingdom,Green  Spotty Plate ,21245,490014,2009-03-12 12:28:00,2,1.69,3.38,,,
15466,United Kingdom,Small Dolly Mix Design Orange Bowl,84596B,490014,2009-03-12 12:28:00,1,1.25,1.25,,,
15466,United Kingdom,Blue Spotty Bowl,20675,490014,2009-03-12 12:28:00,1,1.25,1.25,,,
15466,United Kingdom,Green Spotty Cup,21241,490014,2009-03-12 12:28:00,2,0.85,1.7,,,
15466,United Kingdom,Lunchbox With Cutlery Retrospot ,22352,490014,2009-03-12 12:28:00,2,2.55,5.1,,,
15466,United Kingdom,Metal Sign Empire Tea,22115,490014,2009-03-12 12:28:00,12,2.95,27,,,
15466,United Kingdom,Retro Spot Small Milk Jug,21535,490014,2009-03-12 12:28:00,1,2.55,2.55,,,
15466,United Kingdom,Retro Spot Sugar Jam Bowl,21531,490014,2009-03-12 12:28:00,1,2.55,2.55,,,
15466,United Kingdom,Milk Pan Red Retrospot,22203,490014,2009-03-12 12:28:00,1,3.75,3.75,,,
15466,United Kingdom,White Advent Candle,72529W,490014,2009-03-12 12:28:00,4,2.12,8.48,,,
15466,United Kingdom,Kings Choice Cigar Box Matches ,21590,490014,2009-03-12 12:28:00,24,1.25,27,,,
15466,United Kingdom,Pack 20 Dolly Pegs,84691,490014,2009-03-12 12:28:00,1,0.85,0.85,,,
15466,United Kingdom,Wood Stamp Set Thank You,22208,490014,2009-03-12 12:28:00,1,1.65,1.65,,,
15466,United Kingdom,Small Retro Spot Mug In Box  White,22071,490014,2009-03-12 12:28:00,2,3.75,7.5,,,
15466,United Kingdom,Small Retro Spot Mug In Box  Red,22070,490014,2009-03-12 12:28:00,6,3.75,22.5,,,
15466,United Kingdom,Retro Spot Cake Stand,21843,490014,2009-03-12 12:28:00,1,10.95,10.95,,,
15466,United Kingdom,Red Spotty Round Cake Tins,21217,490014,2009-03-12 12:28:00,2,9.95,19.9,,,
15466,United Kingdom,Love Building Block Word,21755,490014,2009-03-12 12:28:00,2,5.95,11.9,,,
15466,United Kingdom,Carrot Charlie+Lola Coaster Set,84519B,490014,2009-03-12 12:28:00,2,2.95,5.9,,,
15466,United Kingdom,Tomato Charlie+Lola Coaster Set,84519A,490014,2009-03-12 12:28:00,2,2.95,5.9,,,
15466,United Kingdom,Charlie+Lola Pink Hot Water Bottle,84032A,490014,2009-03-12 12:28:00,1,2.95,2.95,,,
15466,United Kingdom,Charlie + Lola Red Hot Water Bottle,84032B,490014,2009-03-12 12:28:00,2,2.95,5.9,,,
15466,United Kingdom,Red/White Spot Picnic Bag,21936,490014,2009-03-12 12:28:00,1,2.95,2.95,,,
15466,United Kingdom,Lunch Bag Red Spotty,20725,490014,2009-03-12 12:28:00,10,1.65,16.5,,,
15466,United Kingdom,Skulls Storage Box Large,21425,490014,2009-03-12 12:28:00,1,2.95,2.95,,,
15466,United Kingdom,Skulls Storage Box Small,21427,490014,2009-03-12 12:28:00,1,2.1,2.1,,,
15466,United Kingdom,Set/10 Red Spotty Party Candles,21121,490014,2009-03-12 12:28:00,3,1.25,3.75,,,
15466,United Kingdom,Set/10 Pink Spotty Party Candles,21122,490014,2009-03-12 12:28:00,4,1.25,5,,,
15466,United Kingdom, Red/White Dot Mini Cases,20750,490014,2009-03-12 12:28:00,1,7.95,7.95,,,
15466,United Kingdom,Paper Bunting Retro Spots,22090,490014,2009-03-12 12:28:00,2,2.95,5.9,,,
15466,United Kingdom,Skulls Party Bag + Sticker Set,22332,490014,2009-03-12 12:28:00,1,1.65,1.65,,,
15466,United Kingdom,Skulls  Water Transfer Tattoos ,21544,490014,2009-03-12 12:28:00,10,0.85,8.5,,,
15466,United Kingdom,Vintage Union Jack Pennant,21626,490014,2009-03-12 12:28:00,4,1.95,7.8,,,
15466,United Kingdom,Vintage Union Jack Bunting,21621,490014,2009-03-12 12:28:00,2,8.5,17,,,
15466,United Kingdom,Pack Of 20 Skull Paper Napkins,21989,490014,2009-03-12 12:28:00,4,0.85,3.4,,,
15466,United Kingdom,Set/20 Red Spotty Paper Napkins ,21080,490014,2009-03-12 12:28:00,4,0.85,3.4,,,
15466,United Kingdom,Skulls Square Tissue Box,22100,490014,2009-03-12 12:28:00,1,1.25,1.25,,,
15466,United Kingdom,Retro Sport Party Bag + Sticker Set,22333,490014,2009-03-12 12:28:00,1,1.65,1.65,,,
15466,United Kingdom,Jumbo Bag Red White Spotty ,85099B,490014,2009-03-12 12:28:00,1,1.95,1.95,,,
15466,United Kingdom,Red Spotty Shopper Bag,20718,490014,2009-03-12 12:28:00,2,1.25,2.5,,,
15466,United Kingdom,Empire Design Rosette,22053,490014,2009-03-12 12:28:00,2,1.25,2.5,,,
15466,United Kingdom,Baby Mouse Red Gingham Dress,21841,490014,2009-03-12 12:28:00,2,4.25,8.5,,,
15466,United Kingdom,Mummy Mouse Red Gingham Ribbon,21839,490014,2009-03-12 12:28:00,2,5.45,10.9,,,
14159,United Kingdom,Jumbo  Bag Baroque Black White,85099C,490017,2009-03-12 12:31:00,1,1.95,1.95,,,
14159,United Kingdom,Jumbo Bag Strawberry,85099F,490017,2009-03-12 12:31:00,1,1.95,1.95,,,
14159,United Kingdom,Biscuits Small Bowl Light Blue,84596L,490017,2009-03-12 12:31:00,1,1.25,1.25,,,
14159,United Kingdom,Small Dolly Mix Design Orange Bowl,84596B,490017,2009-03-12 12:31:00,1,1.25,1.25,,,
14159,United Kingdom,Jelly Babies Yellow Small Bowl,84596K,490017,2009-03-12 12:31:00,1,1.25,1.25,,,
14159,United Kingdom,Strawberries Print Bowl,20673,490017,2009-03-12 12:31:00,1,1.25,1.25,,,
14159,United Kingdom,Traditional Wooden Catch Cup Game ,21892,490017,2009-03-12 12:31:00,3,1.25,3.75,,,
14159,United Kingdom,Lovebird Hanging Decoration White ,22219,490017,2009-03-12 12:31:00,4,0.85,3.4,,,
14159,United Kingdom,Zinc Metal Heart Decoration,84836,490017,2009-03-12 12:31:00,6,1.25,7.5,,,
14159,United Kingdom,"Decoration, Hanging Heart+Mirror ",22227,490017,2009-03-12 12:31:00,6,0.65,3.9,,,
14159,United Kingdom,"Popcorn Holder , Small ",22197,490017,2009-03-12 12:31:00,6,0.85,5.1,,,
14159,United Kingdom,"S/4 Icon Coaster,Elvis Lives",79026B,490017,2009-03-12 12:31:00,1,1.25,1.25,,,
14159,United Kingdom,Bendy Colour Pencils,10109,490017,2009-03-12 12:31:00,4,0.42,1.68,,,
14159,United Kingdom,Large Fibre Optic Christmas Tree,84340,490017,2009-03-12 12:31:00,2,2.55,5.1,,,
14159,United Kingdom,Red Spotty Charlotte Bag,20724,490017,2009-03-12 12:31:00,2,0.85,1.7,,,
14159,United Kingdom,"Charlotte Bag , Suki Design",22355,490017,2009-03-12 12:31:00,2,0.85,1.7,,,
14159,United Kingdom,Lunch Bag Red Spotty,20725,490017,2009-03-12 12:31:00,2,1.65,3.3,,,
14159,United Kingdom,Lunch Bag  Black Skull.,20727,490017,2009-03-12 12:31:00,2,1.65,3.3,,,
14159,United Kingdom,Lunch Bag Woodland,20726,490017,2009-03-12 12:31:00,3,1.65,4.95,,,
14159,United Kingdom,Woodland Charlotte Bag,20719,490017,2009-03-12 12:31:00,1,0.85,0.85,,,
14159,United Kingdom,Lunch Bag Cars Blue,20728,490017,2009-03-12 12:31:00,2,1.65,3.3,,,
14159,United Kingdom,Wash Bag Vintage Rose Paisley,22276,490017,2009-03-12 12:31:00,1,2.55,2.55,,,
14159,United Kingdom,Strawberry Charlotte Bag,20723,490017,2009-03-12 12:31:00,2,0.85,1.7,,,
14159,United Kingdom,Skulls  Design  Cotton Tote Bag,21581,490017,2009-03-12 12:31:00,2,2.25,4.5,,,
14159,United Kingdom,Skulls Writing Set ,21327,490017,2009-03-12 12:31:00,2,1.65,3.3,,,
14159,United Kingdom,White Skull Hot Water Bottle ,21479,490017,2009-03-12 12:31:00,2,3.75,7.5,,,
14159,United Kingdom,Garden Metal Sign ,21911,490017,2009-03-12 12:31:00,1,1.65,1.65,,,
14159,United Kingdom,Way Out Metal Sign ,21910,490017,2009-03-12 12:31:00,1,1.65,1.65,,,
14159,United Kingdom,Open Closed Metal Sign,21770,490017,2009-03-12 12:31:00,1,4.95,4.95,,,
14159,United Kingdom,Asstd Hearts Design Mugs,37345,490017,2009-03-12 12:31:00,4,1.95,7.8,,,
14159,United Kingdom,White Hanging Heart T-Light Holder,85123A,490017,2009-03-12 12:31:00,10,2.95,27,,,
14159,United Kingdom,Sweetheart Ceramic Trinket Box,21231,490017,2009-03-12 12:31:00,4,1.25,5,,,
14159,United Kingdom,Milk Pan Pink Retrospot,22202,490017,2009-03-12 12:31:00,1,3.75,3.75,,,
14159,United Kingdom,Milk Pan Blue Retrospot,22204,490017,2009-03-12 12:31:00,2,3.75,7.5,,,
14159,United Kingdom,Pink Spotty Bowl,20677,490017,2009-03-12 12:31:00,6,1.25,7.5,,,
14159,United Kingdom,Pink Spotty Bowl,20677,490017,2009-03-12 12:31:00,8,1.25,10,,,
14159,United Kingdom,Disco Ball Christmas Decoration,20668,490017,2009-03-12 12:31:00,24,0.12,2.88,,,
14159,United Kingdom,Grand Chocolatecandle,72741,490017,2009-03-12 12:31:00,9,1.45,13.05,,,
14159,United Kingdom,Tea Time Cake Stand In Gift Box,37503,490017,2009-03-12 12:31:00,2,10.75,21.5,,,
14159,United Kingdom,Fairy Cakes  Wall Thermometer,84925C,490017,2009-03-12 12:31:00,3,2.55,7.65,,,
14159,United Kingdom,Red White Scarf  Hot Water Bottle,21488,490017,2009-03-12 12:31:00,1,3.95,3.95,,,
14159,United Kingdom,Set/3 Russian Doll Stacking Tins,85232B,490017,2009-03-12 12:31:00,1,4.95,4.95,,,
14159,United Kingdom,Strawberry Ceramic Trinket Box,21232,490017,2009-03-12 12:31:00,6,1.25,7.5,,,
14159,United Kingdom, Black Pirate Treasure Chest,22068,490017,2009-03-12 12:31:00,2,1.65,3.3,,,
14159,United Kingdom,Frying Pan Blue Polkadot ,22201,490017,2009-03-12 12:31:00,2,4.25,8.5,,,
14159,United Kingdom,Frying Pan Pink Polkadot ,22200,490017,2009-03-12 12:31:00,1,4.25,4.25,,,
14159,United Kingdom,Set Of 4 Fairy Cakes Coasters ,84510B,490017,2009-03-12 12:31:00,1,1.25,1.25,,,
14159,United Kingdom,Set Of 4 Polkadots Coasters,84510C,490017,2009-03-12 12:31:00,1,1.25,1.25,,,
14159,United Kingdom,Set Of 4 English Rose Coasters,84510A,490017,2009-03-12 12:31:00,1,1.25,1.25,,,
14159,United Kingdom,"Metal Sign,Cupcake Single Hook",82613A,490017,2009-03-12 12:31:00,1,1.25,1.25,,,
14159,United Kingdom,"Metal Sign,Cupcake Single Hook",82613B,490017,2009-03-12 12:31:00,1,1.25,1.25,,,
14159,United Kingdom,Metal Sign Cupcake Single Hook,82613D,490017,2009-03-12 12:31:00,1,1.25,1.25,,,
14159,United Kingdom,"Metal Sign,Cupcake Single Hook",82613C,490017,2009-03-12 12:31:00,1,1.25,1.25,,,
14159,United Kingdom,Assorted Colour Jumbo Pen,10138,490017,2009-03-12 12:31:00,12,0.42,5.04,,,
14159,United Kingdom,Strawberry Scented Set/9 T-Lights,85231E,490017,2009-03-12 12:31:00,2,0.85,1.7,,,
14159,United Kingdom,Orange Scented Set/9 T-Lights,85231G,490017,2009-03-12 12:31:00,2,0.85,1.7,,,
14159,United Kingdom,Lavender Scented Set/9 T-Lights,85231L,490017,2009-03-12 12:31:00,2,0.85,1.7,,,
14159,United Kingdom,Cinammon Set Of 9 T-Lights,85231B,490017,2009-03-12 12:31:00,2,0.85,1.7,,,
14159,United Kingdom,Fairy Cake Placemats ,84509G,490017,2009-03-12 12:31:00,1,3.75,3.75,,,
14159,United Kingdom,Fairy Cake Placemats,84509B,490017,2009-03-12 12:31:00,1,3.75,3.75,,,
14159,United Kingdom,Funky Girlz Magnetic To Do List ,16215,490017,2009-03-12 12:31:00,4,0.65,2.6,,,
14159,United Kingdom,Blue  Spotty Cup,21240,490017,2009-03-12 12:31:00,2,0.85,1.7,,,
14159,United Kingdom,Green Spotty Cup,21241,490017,2009-03-12 12:31:00,2,0.85,1.7,,,
14159,United Kingdom,Red Spotty Cup,21238,490017,2009-03-12 12:31:00,2,0.85,1.7,,,
14159,United Kingdom,Pink  Spotty Cup,21239,490017,2009-03-12 12:31:00,2,0.85,1.7,,,
14159,United Kingdom,Red Spotty Bowl,20676,490017,2009-03-12 12:31:00,2,1.25,2.5,,,
14159,United Kingdom,Blue Spotty Bowl,20675,490017,2009-03-12 12:31:00,3,1.25,3.75,,,
14159,United Kingdom,Pink Spotty Bowl,20677,490017,2009-03-12 12:31:00,1,1.25,1.25,,,
14159,United Kingdom,Set/5 Blue Spotty Lid Glass Bowls,20913,490017,2009-03-12 12:31:00,1,2.95,2.95,,,
14159,United Kingdom,Set/5 Red Spotty Lid Glass Bowls,20914,490017,2009-03-12 12:31:00,2,2.95,5.9,,,
14159,United Kingdom,36 Pencils Tube Skulls,20978,490017,2009-03-12 12:31:00,3,1.25,3.75,,,
14159,United Kingdom,12 Pencils Small Tube Skull,20974,490017,2009-03-12 12:31:00,2,0.65,1.3,,,
14159,United Kingdom,12 Pencils Tall Tube Skulls,20982,490017,2009-03-12 12:31:00,1,0.85,0.85,,,
14159,United Kingdom,36 Pencils Tube Red Spotty,20979,490017,2009-03-12 12:31:00,2,1.25,2.5,,,
14159,United Kingdom,12 Pencils Tall Tube Red Spotty,20983,490017,2009-03-12 12:31:00,1,0.85,0.85,,,
14159,United Kingdom,12 Pencils Small Tube Red Spotty,20975,490017,2009-03-12 12:31:00,2,0.65,1.3,,,
14159,United Kingdom,Tea Bag Plate Red Spotty ,22348,490017,2009-03-12 12:31:00,2,0.85,1.7,,,
14159,United Kingdom,Rex Cash+Carry Jumbo Shopper,21034,490017,2009-03-12 12:31:00,2,0.95,1.9,,,
14159,United Kingdom,Pink  Heart Shape Love Bucket ,21564,490017,2009-03-12 12:31:00,2,2.95,5.9,,,
14159,United Kingdom,Blue Harmonica In Box ,21914,490017,2009-03-12 12:31:00,2,1.25,2.5,,,
14159,United Kingdom,Pizza Slice Dish,22347,490017,2009-03-12 12:31:00,6,1.25,7.5,,,
14159,United Kingdom,Party Pizza Dish Blue White Spot ,22345,490017,2009-03-12 12:31:00,6,0.85,5.1,,,
14159,United Kingdom,Party Pizza Dish Pink White Spot ,22344,490017,2009-03-12 12:31:00,6,0.85,5.1,,,
14159,United Kingdom,Party Pizza Dish Red White Spot ,22343,490017,2009-03-12 12:31:00,6,0.85,5.1,,,
14159,United Kingdom,Party Pizza Dish Green White Spot ,22346,490017,2009-03-12 12:31:00,6,0.85,5.1,,,
14159,United Kingdom,S/2 Beach Hut Stools,84690,490017,2009-03-12 12:31:00,1,7.95,7.95,,,
14159,United Kingdom,Beach Hut Shelf W 3 Drawers,84687,490017,2009-03-12 12:31:00,1,5.95,5.95,,,
14159,United Kingdom,Dolly Mixture Children'S Umbrella,20686,490017,2009-03-12 12:31:00,1,3.25,3.25,,,
14159,United Kingdom,Strawberry Dream Childs Umbrella,20684,490017,2009-03-12 12:31:00,1,3.25,3.25,,,
14159,United Kingdom,Red Spotty Childs Umbrella,20682,490017,2009-03-12 12:31:00,2,3.25,6.5,,,
14159,United Kingdom,Pink Spotty Childs Umbrella,20681,490017,2009-03-12 12:31:00,2,3.25,6.5,,,
14159,United Kingdom,Pink Knitted Cow Stuffed Toy,84902,490017,2009-03-12 12:31:00,1,3.75,3.75,,,
14159,United Kingdom,Home Sweet Home Mug,21877,490017,2009-03-12 12:31:00,2,1.25,2.5,,,
14159,United Kingdom,Blue Fairy Cake Child'S Apron,47591C,490017,2009-03-12 12:31:00,1,1.95,1.95,,,
14159,United Kingdom,Pink Fairy Cake Child'S Apron,47591D,490017,2009-03-12 12:31:00,1,1.95,1.95,,,
14159,United Kingdom,Red Spotty Childs Apron,21156,490017,2009-03-12 12:31:00,1,1.95,1.95,,,
17940,United Kingdom,Pack Of 12 Woodland Tissues ,21981,490018,2009-03-12 12:31:00,27,0.25,27,,,
17940,United Kingdom,Pack Of 12 Skull Tissues,21967,490018,2009-03-12 12:31:00,27,0.25,27,,,
17940,United Kingdom,Pack Of 12 Pink Paisley Tissues ,21984,490018,2009-03-12 12:31:00,27,0.25,27,,,
17940,United Kingdom,Pack Of 12 Red Spotty Tissues ,21980,490018,2009-03-12 12:31:00,27,0.25,27,,,
14159,United Kingdom,Jumbo Bag Red White Spotty ,85099B,490017,2009-03-12 12:31:00,2,1.95,3.9,,,
14159,United Kingdom,Jumbo Storage Bag Suki,21931,490017,2009-03-12 12:31:00,1,1.95,1.95,,,
14159,United Kingdom,Jumbo Storage Bag Skulls,21930,490017,2009-03-12 12:31:00,1,1.95,1.95,,,
17581,United Kingdom,Paper Chain Kit 50'S Christmas ,22086,490019,2009-03-12 12:34:00,12,2.95,27,,,
17581,United Kingdom,Paper Chain Kit Retro Spot,22083,490019,2009-03-12 12:34:00,6,2.95,17.7,,,
17581,United Kingdom,"Charlotte Bag , Suki Design",22355,490019,2009-03-12 12:34:00,10,0.85,8.5,,,
17581,United Kingdom,"Charlotte Bag , Pink/White Spots",22356,490019,2009-03-12 12:34:00,10,0.85,8.5,,,
17581,United Kingdom,Retro Spot Traditional Teapot ,21527,490019,2009-03-12 12:34:00,2,7.95,15.9,,,
17581,United Kingdom,Retro Spots Pudding Bowl,21537,490019,2009-03-12 12:34:00,4,4.25,17,,,
17581,United Kingdom,Red Spotty Tablecloth ,21153,490019,2009-03-12 12:34:00,2,10.65,21.3,,,
17581,United Kingdom,Retro Spot Large Milk Jug,21533,490019,2009-03-12 12:34:00,3,4.95,14.85,,,
17581,United Kingdom,Retro Spot Small Milk Jug,21535,490019,2009-03-12 12:34:00,6,2.55,15.3,,,
17581,United Kingdom,Retro Spot Small Tube Matches,21584,490019,2009-03-12 12:34:00,20,1.65,27,,,
17581,United Kingdom,Retro Spot Lamp,22180,490019,2009-03-12 12:34:00,5,9.95,27,,,
17581,United Kingdom,Coffee Mug Apples Design,22303,490019,2009-03-12 12:34:00,6,2.55,15.3,,,
17581,United Kingdom,Coffee Mug Pears  Design,22302,490019,2009-03-12 12:34:00,6,2.55,15.3,,,
17581,United Kingdom,Rotating Silver Angels T-Light Hldr,84347,490019,2009-03-12 12:34:00,12,2.55,27,,,
17581,United Kingdom, Vintage Design Gift Tags,21493,490019,2009-03-12 12:34:00,12,0.85,10.2,,,
17581,United Kingdom,Tea Bag Plate Red Spotty ,22348,490021,2009-03-12 12:36:00,12,0.85,10.2,,,
17581,United Kingdom,"Dog Bowl , Chasing Ball Design",22349,490020,2009-03-12 12:36:00,4,3.75,15,,,
17581,United Kingdom,Cat Bowl ,22350,490020,2009-03-12 12:36:00,4,2.55,10.2,,,
17581,United Kingdom,Feltcraft 6 Flower Friends,22149,490020,2009-03-12 12:36:00,6,2.1,12.6,,,
17581,United Kingdom,Paper Bunting Retro Spots,22090,490022,2009-03-12 12:37:00,6,2.95,17.7,,,
17581,United Kingdom,Set/20 Red Spotty Paper Napkins ,21080,490022,2009-03-12 12:37:00,12,0.85,10.2,,,
17581,United Kingdom,Paper Bunting Coloured Lace,22088,490022,2009-03-12 12:37:00,6,2.95,17.7,,,
16168,United Kingdom,Rotating Silver Angels T-Light Hldr,84347,490023,2009-03-12 12:38:00,27,2.55,27,,,
16168,United Kingdom,Red Spot Ceramic Drawer Knob,21671,490023,2009-03-12 12:38:00,12,1.25,15,,,
16168,United Kingdom,Heart String Memo Holder Hanging,22163,490023,2009-03-12 12:38:00,6,2.95,17.7,,,
16168,United Kingdom,Vintage Post Office Cabinet,21769,490023,2009-03-12 12:38:00,1,79.95,27,,,
14606,United Kingdom,75 Black Petit Four Cases,84993B,490024,2009-03-12 12:40:00,5,0.42,2.1,,,
14606,United Kingdom,Kittens Design Flannel,21944,490024,2009-03-12 12:40:00,1,0.85,0.85,,,
14606,United Kingdom,Red Spotty Shopper Bag,20718,490024,2009-03-12 12:40:00,1,1.25,1.25,,,
14606,United Kingdom,Assorted Colour Mini Cases,20749,490024,2009-03-12 12:40:00,2,7.95,15.9,,,
14606,United Kingdom,Dairy Maid  Small  Milk Jug,21536,490024,2009-03-12 12:40:00,1,2.1,2.1,,,
14606,United Kingdom,Strawberry Ceramic Trinket Box,21232,490024,2009-03-12 12:40:00,2,1.25,2.5,,,
14606,United Kingdom,Tomato Charlie+Lola Coaster Set,84519A,490024,2009-03-12 12:40:00,1,2.95,2.95,,,
14606,United Kingdom,"Letter ""J"" Bling Key Ring",90214J,490024,2009-03-12 12:40:00,1,1.25,1.25,,,
14606,United Kingdom,"Letter ""C"" Bling Key Ring",90214C,490024,2009-03-12 12:40:00,1,1.25,1.25,,,
14606,United Kingdom,"Letter ""H"" Bling Key Ring",90214H,490024,2009-03-12 12:40:00,1,1.25,1.25,,,
14606,United Kingdom,"Letter ""D"" Bling Key Ring",90214D,490024,2009-03-12 12:40:00,1,1.25,1.25,,,
14606,United Kingdom,Red/White Dots Ruffled Umbrella,85014B,490024,2009-03-12 12:40:00,1,5.95,5.95,,,
14606,United Kingdom,Smallfolkart Bauble Christmas Dec,35957,490024,2009-03-12 12:40:00,1,0.42,0.42,,,
14606,United Kingdom,Folkart Star Christmas Decorations,35953,490024,2009-03-12 12:40:00,2,1.25,2.5,,,
14606,United Kingdom,Small Folkart Star Christmas Dec,35954,490024,2009-03-12 12:40:00,2,0.42,0.84,,,
14606,United Kingdom,Folkart Bauble Christmas Decoration,35951,490024,2009-03-12 12:40:00,2,1.25,2.5,,,
14606,United Kingdom,Heart Decoration With Pearls ,22156,490024,2009-03-12 12:40:00,4,0.85,3.4,,,
14606,United Kingdom,Bag 250G Swirly Marbles,21704,490024,2009-03-12 12:40:00,2,0.85,1.7,,,
14606,United Kingdom,Wooden Box Of Dominoes,21889,490024,2009-03-12 12:40:00,2,1.25,2.5,,,
14606,United Kingdom,Lavender Scented Set/9 T-Lights,85231L,490024,2009-03-12 12:40:00,1,0.85,0.85,,,
14606,United Kingdom,Strawberry Scented Set/9 T-Lights,85231E,490024,2009-03-12 12:40:00,1,0.85,0.85,,,
14606,United Kingdom,Colour Glass. Star T-Light Holder,71477,490024,2009-03-12 12:40:00,1,3.25,3.25,,,
14606,United Kingdom,Chrysanthemum  Journal,20771,490024,2009-03-12 12:40:00,1,2.55,2.55,,,
14606,United Kingdom,White With Black Cats Bowl,37422,490024,2009-03-12 12:40:00,2,0.85,1.7,,,
14606,United Kingdom,Noel Wooden Block Letters ,22121,490024,2009-03-12 12:40:00,2,5.95,11.9,,,
14606,United Kingdom,Set/3 Polka Dot Stacking Tins,85232A,490024,2009-03-12 12:40:00,1,4.95,4.95,,,
14606,United Kingdom,Top Secret Pen Set,84466,490024,2009-03-12 12:40:00,1,1.25,1.25,,,
14606,United Kingdom,Pack Of 12 Red Spotty Tissues ,21980,490024,2009-03-12 12:40:00,24,0.29,6.96,,,
14606,United Kingdom,Strawberry Bath Sponge ,20961,490024,2009-03-12 12:40:00,1,1.25,1.25,,,
14606,United Kingdom,White Hanging Heart T-Light Holder,85123A,490024,2009-03-12 12:40:00,1,2.95,2.95,,,
14606,United Kingdom,Red Woolly Hottie White Heart.,84029E,490024,2009-03-12 12:40:00,1,3.75,3.75,,,
14606,United Kingdom,White Skull Hot Water Bottle ,21479,490024,2009-03-12 12:40:00,1,3.75,3.75,,,
14606,United Kingdom,Set Of 72 Ivory Paper Doilies,21214,490024,2009-03-12 12:40:00,1,1.45,1.45,,,
14606,United Kingdom,Toxic Area  Door Hanger ,21162,490024,2009-03-12 12:40:00,1,1.45,1.45,,,
14606,United Kingdom,Moody Boy  Door Hanger ,21159,490024,2009-03-12 12:40:00,1,1.45,1.45,,,
14606,United Kingdom,Set/6 Ivory Bird T-Light Candles,85170A,490024,2009-03-12 12:40:00,1,2.1,2.1,,,
14606,United Kingdom,Wooden Box Advent Calendar ,35400,490024,2009-03-12 12:40:00,2,8.95,17.9,,,
14606,United Kingdom,Retro Spot Tea Set Ceramic 11 Pc ,22139,490024,2009-03-12 12:40:00,5,4.95,24.75,,,
14606,United Kingdom,Potting Shed Candle Citronella,21897,490024,2009-03-12 12:40:00,9,2.95,26.55,,,
14606,United Kingdom,Pack 20 English Rose Paper Napkins,84520B,490024,2009-03-12 12:40:00,6,0.85,5.1,,,
14606,United Kingdom,Set/20 Woodland Paper Napkins ,21077,490024,2009-03-12 12:40:00,1,0.85,0.85,,,
14606,United Kingdom,Dairy Maid  Small  Milk Jug,21536,490024,2009-03-12 12:40:00,2,2.1,4.2,,,
14606,United Kingdom,Pack Of 12 Hearts Design Tissues ,21985,490024,2009-03-12 12:40:00,7,0.29,2.03,,,
14606,United Kingdom,Scotties Des Child'S Apron,47591B,490024,2009-03-12 12:40:00,1,1.65,1.65,,,
14606,United Kingdom,Pink Jumper Larry The Lamb,84327A,490024,2009-03-12 12:40:00,2,2.1,4.2,,,
14606,United Kingdom,Colourful Fishing Gnome,21127,490024,2009-03-12 12:40:00,1,5.95,5.95,,,
14606,United Kingdom,Christmas Pudding Trinket Pot ,22065,490024,2009-03-12 12:40:00,8,1.45,11.6,,,
14606,United Kingdom,Small Marakesh Metal  Lantern ,21729,490024,2009-03-12 12:40:00,1,3.25,3.25,,,
14606,United Kingdom,Set/4 Daisy Mirror Magnets,21306,490024,2009-03-12 12:40:00,1,2.1,2.1,,,
17287,United Kingdom,Set Of 2 Fancy Font Tea Towels,22122,490034,2009-03-12 12:45:00,3,2.95,8.85,,,
17287,United Kingdom,White Dove Honeycomb Paper Garland,21186,490034,2009-03-12 12:45:00,3,1.65,4.95,,,
17287,United Kingdom,White Bell Honeycomb Paper Garland ,21187,490034,2009-03-12 12:45:00,2,1.65,3.3,,,
17287,United Kingdom,Green Christmas Tree String 20Light,85045,490034,2009-03-12 12:45:00,1,4.95,4.95,,,
17287,United Kingdom,Cosy Hour Cigar Box Matches ,21591,490034,2009-03-12 12:45:00,2,1.25,2.5,,,
17287,United Kingdom,Cosy Hour Giant Tube Matches,21587,490034,2009-03-12 12:45:00,2,2.55,5.1,,,
17287,United Kingdom,Angel Decoration With Lace Padded,22157,490034,2009-03-12 12:45:00,4,0.85,3.4,,,
17287,United Kingdom,Wooden Box Of Dominoes,21889,490034,2009-03-12 12:45:00,3,1.25,3.75,,,
17287,United Kingdom,Assorted Colour Bird Ornament,84879,490034,2009-03-12 12:45:00,8,1.69,13.52,,,
17287,United Kingdom,Eucalyptus & Pinecone  Wreath,21352,490034,2009-03-12 12:45:00,1,6.75,6.75,,,
17287,United Kingdom,Cream Sweetheart Mini Chest,85066,490034,2009-03-12 12:45:00,1,12.75,12.75,,,
17287,United Kingdom,Etched Glass Coaster,21294,490045,2009-03-12 12:50:00,12,1.25,15,,,
17287,United Kingdom,White Dove Honeycomb Paper Garland,21186,490045,2009-03-12 12:50:00,1,1.65,1.65,,,
17287,United Kingdom,Kings Choice Cigar Box Matches ,21590,490045,2009-03-12 12:50:00,10,1.25,12.5,,,
17287,United Kingdom,Cosy Hour Cigar Box Matches ,21591,490045,2009-03-12 12:50:00,3,1.25,3.75,,,
17287,United Kingdom,Painted Bird Assorted Christmas,21133,490045,2009-03-12 12:50:00,6,1.69,10.14,,,
17287,United Kingdom,Gin And Tonic Mug,21874,490045,2009-03-12 12:50:00,1,1.25,1.25,,,
17287,United Kingdom,Vintage Billboard Drink Me Mug,21071,490045,2009-03-12 12:50:00,1,1.25,1.25,,,
17287,United Kingdom,Save The Planet Mug,21871,490045,2009-03-12 12:50:00,2,1.25,2.5,,,
17287,United Kingdom,Kings Choice Mug,21875,490045,2009-03-12 12:50:00,1,1.25,1.25,,,
17287,United Kingdom,Home Sweet Home Mug,21877,490045,2009-03-12 12:50:00,1,1.25,1.25,,,
17287,United Kingdom,I Can Only Please One Person Mug,21870,490045,2009-03-12 12:50:00,2,1.25,2.5,,,
17287,United Kingdom,Set/6 Silver Reindeer T-Lights,85033S,490045,2009-03-12 12:50:00,3,1.95,5.85,,,
17287,United Kingdom,Set/6 Gold Reindeer T-Light Candles,85033G,490045,2009-03-12 12:50:00,3,1.95,5.85,,,
17287,United Kingdom,Dove Decoration Painted Zinc ,22336,490045,2009-03-12 12:50:00,6,0.65,3.9,,,
17287,United Kingdom,Kings Choice Giant Tube Matches,21586,490045,2009-03-12 12:50:00,5,2.55,12.75,,,
17287,United Kingdom,Cosy Hour Giant Tube Matches,21587,490045,2009-03-12 12:50:00,3,2.55,7.65,,,
17287,United Kingdom,4 Ivory Dinner Candles Gold Flock,72800F,490045,2009-03-12 12:50:00,9,2.55,22.95,,,
17287,United Kingdom,S/4 Black Dinner Candle Silver Floc,72800A,490045,2009-03-12 12:50:00,1,2.55,2.55,,,
17287,United Kingdom,Kings Choice Small Tube Matches,21582,490045,2009-03-12 12:50:00,20,1.65,27,,,
17287,United Kingdom,Silver Hanging T-Light Holder,84949,490045,2009-03-12 12:50:00,6,1.65,9.9,,,
17287,United Kingdom,Antique Silver Tea Glass Etched,84946,490045,2009-03-12 12:50:00,12,1.25,15,,,
17287,United Kingdom,White Tissue Ream,22415,490045,2009-03-12 12:50:00,1,7.95,7.95,,,
17913,United Kingdom,S/15 Silver Glass Baubles In Bag,84754,490047,2009-03-12 13:02:00,12,1.25,15,,,
17913,United Kingdom,Antique Silver Tea Glass Etched,84946,490047,2009-03-12 13:02:00,24,1.25,27,,,
17913,United Kingdom,Baking Set 9 Piece Retrospot ,22138,490047,2009-03-12 13:02:00,2,4.95,9.9,,,
17913,United Kingdom,Feltcraft Doll Molly,22273,490047,2009-03-12 13:02:00,3,2.95,8.85,,,
17913,United Kingdom,Feltcraft Doll Emily,22274,490047,2009-03-12 13:02:00,4,2.95,11.8,,,
17913,United Kingdom,If You Can'T Stand The Heat Mug,21873,490047,2009-03-12 13:02:00,1,1.25,1.25,,,
17913,United Kingdom,Potting Shed Coffee Mug,21869,490047,2009-03-12 13:02:00,2,1.25,2.5,,,
17913,United Kingdom,Potting Shed Tea Mug,21868,490047,2009-03-12 13:02:00,2,1.25,2.5,,,
17913,United Kingdom,Woodland Design  Cotton Tote Bag,21578,490047,2009-03-12 13:02:00,2,2.25,4.5,,,
17913,United Kingdom,Rabbit  Design  Cotton Tote Bag,21580,490047,2009-03-12 13:02:00,2,2.25,4.5,,,
17913,United Kingdom,Kiss Reindeer Scandinavian Stocking,85083,490047,2009-03-12 13:02:00,2,2.55,5.1,,,
17913,United Kingdom,Wooden Box Of Dominoes,21889,490047,2009-03-12 13:02:00,10,1.25,12.5,,,
17913,United Kingdom,Red Gingham Rose Jewellery Box,21429,490047,2009-03-12 13:02:00,2,1.65,3.3,,,
17913,United Kingdom,Silver Plate Candle Bowl Large,21687,490047,2009-03-12 13:02:00,8,3.75,27,,,
17913,United Kingdom,Set 12 Pear Botanical T-Lights,21610,490047,2009-03-12 13:02:00,4,2.95,11.8,,,
17913,United Kingdom,Set Of 12 Lily Botanical T-Lights,21611,490047,2009-03-12 13:02:00,1,2.95,2.95,,,
17913,United Kingdom,Set Of 12 Rose Botanical T-Lights,21614,490047,2009-03-12 13:02:00,6,2.95,17.7,,,
13416,United Kingdom,Carrot Charlie+Lola Coaster Set,84519B,490046,2009-03-12 13:02:00,6,2.95,17.7,,,
13416,United Kingdom,Tomato Charlie+Lola Coaster Set,84519A,490046,2009-03-12 13:02:00,12,2.95,27,,,
13416,United Kingdom,Charlie + Lola Red Hot Water Bottle,84032B,490046,2009-03-12 13:02:00,6,2.95,17.7,,,
13416,United Kingdom,Charlie+Lola Pink Hot Water Bottle,84032A,490046,2009-03-12 13:02:00,6,2.95,17.7,,,
13416,United Kingdom,Knitted Union Flag Hot Water Bottle,84029G,490046,2009-03-12 13:02:00,12,3.75,27,,,
13416,United Kingdom,Hot Water Bottle Tea And Sympathy,22114,490046,2009-03-12 13:02:00,12,3.95,27,,,
13416,United Kingdom,Red White Scarf  Hot Water Bottle,21488,490046,2009-03-12 13:02:00,12,3.95,27,,,
17913,United Kingdom,Traditional Wooden Skipping Rope,21891,490047,2009-03-12 13:02:00,6,1.25,7.5,,,
17913,United Kingdom,Traditional Wooden Catch Cup Game ,21892,490047,2009-03-12 13:02:00,8,1.25,10,,,
17913,United Kingdom,Vintage Snap Cards,21790,490047,2009-03-12 13:02:00,11,0.85,9.35,,,
17913,United Kingdom,Set Of 12 Lily Botanical T-Lights,21611,490047,2009-03-12 13:02:00,3,2.95,8.85,,,
17913,United Kingdom,Set 12 Lavender  Botanical T-Lights,21609,490047,2009-03-12 13:02:00,1,2.95,2.95,,,
17913,United Kingdom,Mouse Toy With Pink T-Shirt,84580,490047,2009-03-12 13:02:00,1,3.75,3.75,,,
17913,United Kingdom,Chick Grey Hot Water Bottle,21484,490047,2009-03-12 13:02:00,8,3.45,27,,,
17913,United Kingdom,Pink Floral Feltcraft Shoulder Bag,20970,490047,2009-03-12 13:02:00,3,3.75,11.25,,,
17913,United Kingdom,Grey Floral Feltcraft Shoulder Bag,20967,490047,2009-03-12 13:02:00,1,3.75,3.75,,,
17913,United Kingdom,Red Floral Feltcraft Shoulder Bag,20969,490047,2009-03-12 13:02:00,1,3.75,3.75,,,
17913,United Kingdom,Rex Cash+Carry Jumbo Shopper,21034,490047,2009-03-12 13:02:00,1,0.95,0.95,,,
16779,United Kingdom,Hand Over The Chocolate   Sign ,85152,490048,2009-03-12 13:03:00,27,1.69,27,,,
16779,United Kingdom,No Singing Metal Sign,82600,490048,2009-03-12 13:03:00,27,1.69,27,,,
16779,United Kingdom,Fanny'S Rest Stopmetal Sign,82599,490048,2009-03-12 13:03:00,12,2.1,25.2,,,
16779,United Kingdom,Gin + Tonic Diet Metal Sign,21175,490048,2009-03-12 13:03:00,24,2.1,27,,,
16779,United Kingdom,Area Patrolled Metal Sign,82582,490048,2009-03-12 13:03:00,12,2.1,25.2,,,
16779,United Kingdom,Ladies & Gentlemen Metal Sign,85150,490048,2009-03-12 13:03:00,12,2.55,27,,,
16779,United Kingdom,Red Spotty Shopper Bag,20718,490048,2009-03-12 13:03:00,10,1.25,12.5,,,
16779,United Kingdom,"Retro ""Tea For One"" ",37333,490048,2009-03-12 13:03:00,6,4.95,27,,,
16779,United Kingdom,English Rose Design Peg Bag,47568,490048,2009-03-12 13:03:00,10,2.1,21,,,
16779,United Kingdom,New England Ceramic Cake Server,37508,490048,2009-03-12 13:03:00,6,2.55,15.3,,,
16779,United Kingdom,72 Sweetheart Fairy Cake Cases,84992,490048,2009-03-12 13:03:00,22,0.55,12.1,,,
16779,United Kingdom,60 Teatime Fairy Cake Cases,84991,490048,2009-03-12 13:03:00,24,0.55,13.2,,,
16779,United Kingdom,75 Black Fairy Cake Cases,84989B,490048,2009-03-12 13:03:00,24,0.55,13.2,,,
16779,United Kingdom,Pack Of 60 Pink Paisley Cake Cases,21977,490048,2009-03-12 13:03:00,24,0.55,13.2,,,
16779,United Kingdom,72 Sweetheart Fairy Cake Cases,84992,490048,2009-03-12 13:03:00,24,0.55,13.2,,,
16779,United Kingdom,60 Gold And Silver Fairy Cake Cases,84990,490048,2009-03-12 13:03:00,24,0.55,13.2,,,
16779,United Kingdom,White With Black Cats Plate,37423,490048,2009-03-12 13:03:00,6,0.85,5.1,,,
16779,United Kingdom,Set Of 3 Butterfly Cookie Cutters,84380,490048,2009-03-12 13:03:00,12,1.25,15,,,
16779,United Kingdom,Economy Luggage Tag,20659,490048,2009-03-12 13:03:00,3,1.25,3.75,,,
16779,United Kingdom,Vip Luggage Tag ,20660,490048,2009-03-12 13:03:00,3,1.25,3.75,,,
16779,United Kingdom,Pink Union Jack  Luggage Tag,21867,490048,2009-03-12 13:03:00,4,1.25,5,,,
16779,United Kingdom,Economy Passport Cover ,20621,490048,2009-03-12 13:03:00,3,2.1,6.3,,,
16779,United Kingdom,Vippassport Cover ,20622,490048,2009-03-12 13:03:00,3,2.1,6.3,,,
16779,United Kingdom,Asstd Hearts Design Mugs,37345,490048,2009-03-12 13:03:00,12,1.95,23.4,,,
16779,United Kingdom,Set Of 6 Heart Chopsticks,21947,490048,2009-03-12 13:03:00,6,1.25,7.5,,,
16779,United Kingdom,Set Of 6 Strawberry Chopsticks,21949,490048,2009-03-12 13:03:00,6,1.25,7.5,,,
16779,United Kingdom,Spring Flower Chopsticks Set/5,20990,490048,2009-03-12 13:03:00,6,1.95,11.7,,,
16779,United Kingdom,Geisha Girl Chopsticks Set/5,20987,490048,2009-03-12 13:03:00,9,1.95,17.55,,,
16779,United Kingdom,Urban Chic Chopsticks Set/5,20989,490048,2009-03-12 13:03:00,14,1.95,27,,,
16779,United Kingdom,Chilli Lights,79321,490048,2009-03-12 13:03:00,24,4.25,27,,,
16779,United Kingdom,Strawberry Ceramic Trinket Box,21232,490048,2009-03-12 13:03:00,27,1.06,27,,,
16779,United Kingdom,Black Pillar Candle Silver Flock,72799A,490048,2009-03-12 13:03:00,24,2.55,27,,,
16779,United Kingdom,6 Chocolate Love Heart T-Lights,85038,490048,2009-03-12 13:03:00,27,1.85,27,,,
16779,United Kingdom,Set/6 Frog Prince T-Light Candles,85173,490048,2009-03-12 13:03:00,27,2.1,27,,,
16779,United Kingdom,Hot Water Bottle Tea And Sympathy,22114,490048,2009-03-12 13:03:00,24,3.45,27,,,
15794,United Kingdom,Paper Bunting Retro Spots,22090,490049,2009-03-12 13:04:00,27,2.55,27,,,
17913,United Kingdom,Union Jack Guns & Roses  Doormat,21955,490050,2009-03-12 13:05:00,2,6.75,13.5,,,
13895,United Kingdom,Office Mug Warmer Choc+Blue,22314,490052,2009-03-12 13:09:00,4,4.95,19.8,,,
13895,United Kingdom,Traditional Wooden Catch Cup Game ,21892,490052,2009-03-12 13:09:00,12,1.25,15,,,
13895,United Kingdom,S/6 Wooden Skittles In Cotton Bag,21890,490052,2009-03-12 13:09:00,6,2.95,17.7,,,
13895,United Kingdom,Vintage Snakes & Ladders,21912,490052,2009-03-12 13:09:00,8,3.75,27,,,
13895,United Kingdom,Set 12 Kids Colour  Chalk Sticks,21918,490052,2009-03-12 13:09:00,24,0.42,10.08,,,
13895,United Kingdom,Set 12 Kids  White Chalk Sticks,21917,490052,2009-03-12 13:09:00,24,0.42,10.08,,,
13895,United Kingdom,Wooden Box Of Dominoes,21889,490052,2009-03-12 13:09:00,24,1.25,27,,,
13895,United Kingdom,Vintage Heads And Tails Card Game ,21791,490052,2009-03-12 13:09:00,24,1.25,27,,,
13895,United Kingdom,Vintage Snap Cards,21790,490052,2009-03-12 13:09:00,24,0.85,20.4,,,
13895,United Kingdom,Bingo Set,21888,490052,2009-03-12 13:09:00,8,3.75,27,,,
13895,United Kingdom,Empire Birthday Card,22023,490052,2009-03-12 13:09:00,12,0.42,5.04,,,
13895,United Kingdom,Pink Union Jack  Luggage Tag,21867,490052,2009-03-12 13:09:00,12,1.25,15,,,
13895,United Kingdom,Pink Union Jack  Passport Cover ,21865,490052,2009-03-12 13:09:00,6,2.1,12.6,,,
13895,United Kingdom,Joy Large Wood Letters,21360,490052,2009-03-12 13:09:00,1,9.95,9.95,,,
13895,United Kingdom,Union Jack Hot Water Bottle ,22125,490052,2009-03-12 13:09:00,4,5.95,23.8,,,
13895,United Kingdom,Kings Choice Mug,21875,490052,2009-03-12 13:09:00,12,1.25,15,,,
13895,United Kingdom,Vintage Union Jack Cushion Cover,21622,490052,2009-03-12 13:09:00,4,4.95,19.8,,,
13895,United Kingdom,Vintage Union Jack Bunting,21621,490052,2009-03-12 13:09:00,4,8.5,27,,,
13895,United Kingdom,Assorted Tutti Frutti Pen,21642,490052,2009-03-12 13:09:00,24,0.85,20.4,,,
13895,United Kingdom,Assorted Tutti Frutti Notebook,21638,490052,2009-03-12 13:09:00,12,2.1,25.2,,,
13895,United Kingdom,Assorted Tutti Frutti  Fob Notebook,21640,490052,2009-03-12 13:09:00,24,0.85,20.4,,,
13895,United Kingdom,Assorted Tutti Frutti Round Box,21645,490052,2009-03-12 13:09:00,12,1.65,19.8,,,
13895,United Kingdom,Assorted Tutti Frutti Heart Box,21644,490052,2009-03-12 13:09:00,12,1.25,15,,,
13895,United Kingdom,Assorted Tutti Frutti Mirror,21643,490052,2009-03-12 13:09:00,12,1.25,15,,,
13895,United Kingdom,Assorted Tutti Frutti Small Purse,21648,490052,2009-03-12 13:09:00,24,1.25,27,,,
13895,United Kingdom,Assorted Tutti Frutti Large Purse,21647,490052,2009-03-12 13:09:00,12,2.1,25.2,,,
13895,United Kingdom,Four Hook  White Lovebirds,22212,490052,2009-03-12 13:09:00,6,2.1,12.6,,,
13895,United Kingdom,Cream Cupid Hearts Coat Hanger,84406B,490052,2009-03-12 13:09:00,8,3.25,26,,,
13895,United Kingdom,Classic Metal Birdcage Plant Holder,21340,490052,2009-03-12 13:09:00,2,12.75,25.5,,,
13895,United Kingdom,Ant White Wire Heart Spiral,84884A,490052,2009-03-12 13:09:00,5,3.95,19.75,,,
13895,United Kingdom,Cream Heart Card Holder,22189,490052,2009-03-12 13:09:00,8,3.95,27,,,
13895,United Kingdom,Wood And Glass Medicine Cabinet,21761,490052,2009-03-12 13:09:00,1,29.95,27,,,
13895,United Kingdom,Wall Mounted Vintage Organiser,21768,490052,2009-03-12 13:09:00,1,14.95,14.95,,,
13895,United Kingdom,Wooden Picture Frame White Finish,82482,490052,2009-03-12 13:09:00,6,2.55,15.3,,,
13895,United Kingdom,Wooden Frame Antique White ,82494L,490052,2009-03-12 13:09:00,6,2.95,17.7,,,
13895,United Kingdom,White Sweethearts Cabinet 4 Drawers,84837,490052,2009-03-12 13:09:00,1,12.75,12.75,,,
13895,United Kingdom,Cream Sweetheart Letter Rack,85064,490052,2009-03-12 13:09:00,4,5.45,21.8,,,
13895,United Kingdom,Sweetheart Key Cabinet,84839,490052,2009-03-12 13:09:00,2,6.75,13.5,,,
13895,United Kingdom,Cream Sweetheart Magazine Rack,85063,490052,2009-03-12 13:09:00,1,16.95,16.95,,,
13895,United Kingdom,Love Building Block Word,21755,490052,2009-03-12 13:09:00,3,5.95,17.85,,,
13895,United Kingdom,Home Building Block Word,21754,490052,2009-03-12 13:09:00,3,5.95,17.85,,,
13895,United Kingdom,Gingham Heart Decoration,84791,490052,2009-03-12 13:09:00,6,2.95,17.7,,,
14057,United Kingdom,36 Pencils Tube Woodland,20977,490053,2009-03-12 13:17:00,1,1.25,1.25,,,
14057,United Kingdom,Set 12 Kids Colour  Chalk Sticks,21918,490053,2009-03-12 13:17:00,11,0.42,4.62,,,
14057,United Kingdom,3D Dog Picture Playing Cards,84558A,490053,2009-03-12 13:17:00,10,2.95,27,,,
14057,United Kingdom,12 Pencils Tall Tube Skulls,20982,490053,2009-03-12 13:17:00,1,0.85,0.85,,,
14057,United Kingdom,Paper Chain Kit 50'S Christmas ,22086,490053,2009-03-12 13:17:00,1,2.95,2.95,,,
14057,United Kingdom,Christmas Tree Star Decoration,21803,490053,2009-03-12 13:17:00,27,0.42,15.12,,,
14057,United Kingdom,Dairy Maid Ceramic Butter Dish,21540,490053,2009-03-12 13:17:00,1,4.25,4.25,,,
14057,United Kingdom,White/Blue Pull Back Racing Car,85226A,490053,2009-03-12 13:17:00,19,0.55,10.45,,,
14057,United Kingdom,Rex Cash+Carry Jumbo Shopper,21034,490053,2009-03-12 13:17:00,1,0.95,0.95,,,
14057,United Kingdom,Vintage Snap Cards,21790,490053,2009-03-12 13:17:00,12,0.85,10.2,,,
14057,United Kingdom,Yellow Dragonfly Helicopter,85135A,490053,2009-03-12 13:17:00,1,7.95,7.95,,,
14057,United Kingdom,Door Mat Black Flock ,48173C,490053,2009-03-12 13:17:00,1,6.75,6.75,,,
14057,United Kingdom,Feltcraft Doll Rosie,22271,490053,2009-03-12 13:17:00,1,2.95,2.95,,,
14057,United Kingdom,White Skull Hot Water Bottle ,21479,490053,2009-03-12 13:17:00,1,3.75,3.75,,,
14057,United Kingdom,Pink Heart Dots Hot Water Bottle,21486,490053,2009-03-12 13:17:00,1,3.75,3.75,,,
14057,United Kingdom,Red Spot Heart Hot Water Bottle,21485,490053,2009-03-12 13:17:00,1,4.95,4.95,,,
14057,United Kingdom,Charlie+Lola Red Hot Water Bottle ,84031A,490053,2009-03-12 13:17:00,2,4.65,9.3,,,
17017,United Kingdom,Red Spotty Round Cake Tins,21217,490054,2009-03-12 13:22:00,6,9.95,27,,,
17017,United Kingdom,Set/20 Red Spotty Paper Napkins ,21080,490054,2009-03-12 13:22:00,12,0.85,10.2,,,
17017,United Kingdom,Pack Of 72 Retro Spot Cake Cases,21212,490054,2009-03-12 13:22:00,24,0.55,13.2,,,
17017,United Kingdom,Set Of 72 Retro Spot Paper  Doilies,21210,490054,2009-03-12 13:22:00,24,1.45,27,,,
17017,United Kingdom,Set Of Three Vintage Gift Wraps,21491,490054,2009-03-12 13:22:00,27,1.65,27,,,
17017,United Kingdom, Vintage Design Gift Tags,21493,490054,2009-03-12 13:22:00,27,0.85,27,,,
17017,United Kingdom,White Dove Honeycomb Paper Garland,21186,490054,2009-03-12 13:22:00,24,1.65,27,,,
13208,United Kingdom,"Hanging Flowers+Mirror,Clear",35824C,490056,2009-03-12 13:25:00,1,1.49,1.49,,,
13208,United Kingdom,"Acrylic Jewel Snowflake,Blue",35817B,490056,2009-03-12 13:25:00,1,2.55,2.55,,,
13208,United Kingdom,"Feather Duster, Coal Black",51012C,490056,2009-03-12 13:25:00,1,1.25,1.25,,,
13208,United Kingdom,Disco Ball Christmas Decoration,20668,490056,2009-03-12 13:25:00,24,0.12,2.88,,,
13208,United Kingdom,Pink Square Compact Mirror,84875A,490056,2009-03-12 13:25:00,1,3.75,3.75,,,
13208,United Kingdom,Blue Square Compact Mirror,84875D,490056,2009-03-12 13:25:00,1,3.75,3.75,,,
13208,United Kingdom,Angel Decoration 3 Buttons ,22154,490056,2009-03-12 13:25:00,5,0.42,2.1,,,
17465,United Kingdom,White Hanging Heart T-Light Holder,85123A,490057,2009-03-12 13:25:00,6,2.95,17.7,,,
17465,United Kingdom,Heart Shaped Mirror,84975,490057,2009-03-12 13:25:00,6,1.69,10.14,,,
17465,United Kingdom,Assorted Tutti Frutti Round Box,21645,490057,2009-03-12 13:25:00,12,1.65,19.8,,,
17465,United Kingdom,Assorted Tutti Frutti Heart Box,21644,490057,2009-03-12 13:25:00,12,1.25,15,,,
17465,United Kingdom,Assorted Tutti Frutti Photo Frame,21649,490057,2009-03-12 13:25:00,12,2.95,27,,,
17465,United Kingdom,Large Hanging Ivory & Red Wood Bird,85199L,490057,2009-03-12 13:25:00,24,0.65,15.6,,,
17465,United Kingdom,Floral Elephant Soft Toy,20692,490057,2009-03-12 13:25:00,3,4.25,12.75,,,
17465,United Kingdom,Charlie + Lola Red Hot Water Bottle,84032B,490057,2009-03-12 13:25:00,6,2.95,17.7,,,
17465,United Kingdom,Charlie+Lola Pink Hot Water Bottle,84032A,490057,2009-03-12 13:25:00,6,2.95,17.7,,,
13208,United Kingdom,Star Decoration Rustic,22155,490056,2009-03-12 13:25:00,5,0.42,2.1,,,
13208,United Kingdom,Large Circular Mirror Mobile,75049L,490056,2009-03-12 13:25:00,6,1.25,7.5,,,
13208,United Kingdom,Glitter Butterfly Clips,20828,490056,2009-03-12 13:25:00,3,2.55,7.65,,,
13208,United Kingdom,Floral Folk Stationery Set,21993,490056,2009-03-12 13:25:00,2,2.95,5.9,,,
13208,United Kingdom,Kings Choice Cigar Box Matches ,21590,490056,2009-03-12 13:25:00,1,1.25,1.25,,,
13208,United Kingdom,Retro Spot  Cigar Box Matches ,21592,490056,2009-03-12 13:25:00,2,1.25,2.5,,,
13208,United Kingdom,Paper Chain Kit 50'S Christmas ,22086,490056,2009-03-12 13:25:00,1,2.95,2.95,,,
13208,United Kingdom,Union Jack Guns & Roses  Doormat,21955,490056,2009-03-12 13:25:00,1,6.75,6.75,,,
13208,United Kingdom,Door Mat Black Flock ,48173C,490056,2009-03-12 13:25:00,1,6.75,6.75,,,
17465,United Kingdom,Kings Choice Cigar Box Matches ,21590,490057,2009-03-12 13:25:00,24,1.25,27,,,
17465,United Kingdom,Polyester Filler Pad 30Cmx30Cm,46000U,490057,2009-03-12 13:25:00,8,1.25,10,,,
17465,United Kingdom,Coffee Mug Dog + Ball Design,22300,490057,2009-03-12 13:25:00,6,2.55,15.3,,,
17465,United Kingdom,Coffee Mug Cat + Bird Design,22301,490057,2009-03-12 13:25:00,12,2.55,27,,,
17465,United Kingdom,6 Egg House Painted Wood,22283,490057,2009-03-12 13:25:00,2,7.95,15.9,,,
17465,United Kingdom, Home Sweet Home  Blackboard,21185,490057,2009-03-12 13:25:00,3,6.35,19.05,,,
17465,United Kingdom,Glass Bonbon Jar Parfume Aux Fleure,82607A,490057,2009-03-12 13:25:00,6,1.25,7.5,,,
17465,United Kingdom,Chocolate This Way Metal Sign,21908,490057,2009-03-12 13:25:00,6,2.1,12.6,,,
17465,United Kingdom,Beware Of The Cat Metal Sign ,21165,490057,2009-03-12 13:25:00,12,1.69,20.28,,,
17465,United Kingdom,Way Out Metal Sign ,21910,490057,2009-03-12 13:25:00,12,1.65,19.8,,,
17465,United Kingdom,Red Hanging Heart T-Light Holder,21733,490057,2009-03-12 13:25:00,6,2.95,17.7,,,
17465,United Kingdom,Vintage Union Jack Doorstop,21624,490058,2009-03-12 13:26:00,3,5.95,17.85,,,
17465,United Kingdom,Heart Filigree Dove  Small,22294,490058,2009-03-12 13:26:00,24,1.25,27,,,
18102,United Kingdom,Edwardian Parasol Black,15056BL,490059,2009-03-12 13:30:00,27,3,27,,,
18102,United Kingdom,Edwardian Parasol Red,20679,490059,2009-03-12 13:30:00,27,3,27,,,
18102,United Kingdom,Red/White Dots Ruffled Umbrella,85014B,490059,2009-03-12 13:30:00,27,3,27,,,
18102,United Kingdom,Black/Blue Dots Ruffled Umbrella,85014A,490059,2009-03-12 13:30:00,27,3,27,,,
18102,United Kingdom,Pink/Brown Dots Ruffled Umbrella,85014D,490059,2009-03-12 13:30:00,27,3,27,,,
18102,United Kingdom,Blue/Brown Dots Ruffled Umbrella,85014C,490059,2009-03-12 13:30:00,27,3,27,,,
18102,United Kingdom,English Rose Edwardian Parasol,15059A,490059,2009-03-12 13:30:00,27,3,27,,,
18102,United Kingdom,Edwardian Parasol Pink,15056P,490059,2009-03-12 13:30:00,27,3,27,,,
18102,United Kingdom,Edwardian Parasol Natural,15056N,490059,2009-03-12 13:30:00,27,3,27,,,
13468,United Kingdom,Pack Of 20 Fairy Cake Paper Napkins,84520D,490060,2009-03-12 13:32:00,12,0.85,10.2,,,
13468,United Kingdom,Gin And Tonic Mug,21874,490060,2009-03-12 13:32:00,12,1.25,15,,,
13468,United Kingdom,White Hanging Heart T-Light Holder,85123A,490060,2009-03-12 13:32:00,6,2.95,17.7,,,
13468,United Kingdom,Orange Cocktail Glass Lamp,84255B,490060,2009-03-12 13:32:00,8,2.1,16.8,,,
13468,United Kingdom,Fairy Cakes Tile Coaster,84926C,490060,2009-03-12 13:32:00,12,1.25,15,,,
13468,United Kingdom,Pink Cherry Lights,79323P,490060,2009-03-12 13:32:00,4,6.75,27,,,
13468,United Kingdom, White Cherry Lights,79323W,490060,2009-03-12 13:32:00,4,6.75,27,,,
13468,United Kingdom,Woven Rose Garden Cushion Cover ,46776F,490060,2009-03-12 13:32:00,4,4.95,19.8,,,
13468,United Kingdom,Gin + Tonic Diet Metal Sign,21175,490060,2009-03-12 13:32:00,6,2.1,12.6,,,
13468,United Kingdom,Mini Cake Stand  Hanging Strawbery,22055,490060,2009-03-12 13:32:00,8,1.65,13.2,,,
13468,United Kingdom,Large Cake Stand  Hanging Strawbery,22061,490060,2009-03-12 13:32:00,2,9.95,19.9,,,
13468,United Kingdom,Set Of 4 Fairy Cakes Coasters ,84510B,490060,2009-03-12 13:32:00,10,1.25,12.5,,,
13468,United Kingdom,Fairy Cake Design Umbrella,15060B,490060,2009-03-12 13:32:00,4,3.75,15,,,
13468,United Kingdom,Fairy Cake Candles,72756,490060,2009-03-12 13:32:00,18,1.49,26.82,,,
13468,United Kingdom,Assorted Tutti Frutti Round Box,21645,490060,2009-03-12 13:32:00,12,1.65,19.8,,,
13468,United Kingdom,Assorted Tutti Frutti Pen,21642,490060,2009-03-12 13:32:00,24,0.85,20.4,,,
13468,United Kingdom,String Of 20 Rose Lights,21477,490060,2009-03-12 13:32:00,2,12.75,25.5,,,
18102,United Kingdom,Green Rose Washbag,84912B,490061,2009-03-12 13:42:00,27,2,27,,,
18102,United Kingdom,Pink Rose Washbag,84912A,490061,2009-03-12 13:42:00,27,2,27,,,
18102,United Kingdom,Pink Butterfly Washbag,84922,490061,2009-03-12 13:42:00,27,2,27,,,
18102,United Kingdom,Rose Du Sud Cosmetics Bag,21000,490061,2009-03-12 13:42:00,27,2,27,,,
13485,United Kingdom,Paper Chain Kit 50'S Christmas ,22086,490062,2009-03-12 13:46:00,12,2.95,27,,,
13485,United Kingdom, Vintage Design Gift Tags,21493,490062,2009-03-12 13:46:00,12,0.85,10.2,,,
13485,United Kingdom,Set Of Three Vintage Gift Wraps,21491,490062,2009-03-12 13:46:00,12,1.95,23.4,,,
13485,United Kingdom,Mirrored Disco Ball ,21463,490062,2009-03-12 13:46:00,4,5.95,23.8,,,
13485,United Kingdom,Disco Ball Rotator Battery Operated,21464,490062,2009-03-12 13:46:00,4,4.25,17,,,
13485,United Kingdom,Cosy Hour Cigar Box Matches ,21591,490062,2009-03-12 13:46:00,24,1.25,27,,,
13485,United Kingdom,Set/20 Red Spotty Paper Napkins ,21080,490062,2009-03-12 13:46:00,12,0.85,10.2,,,
13485,United Kingdom,Multicolour 3D Balls Garland,21205,490062,2009-03-12 13:46:00,6,2.55,15.3,,,
17271,United Kingdom,Crystal Pair Heart Hair Slides,90003D,490063,2009-03-12 13:49:00,1,3.75,3.75,,,
17271,United Kingdom,Gold/Amber Drop Earrings W Leaf,90190B,490063,2009-03-12 13:49:00,1,2.95,2.95,,,
17271,United Kingdom,Love Building Block Word,21755,490063,2009-03-12 13:49:00,1,5.95,5.95,,,
17271,United Kingdom,Sweetheart Ceramic Trinket Box,21231,490063,2009-03-12 13:49:00,2,1.25,2.5,,,
17271,United Kingdom,Opulent Velvet Candle In Box,20870,490063,2009-03-12 13:49:00,1,2.1,2.1,,,
17271,United Kingdom,Amber Chunky Glass+Bead Necklace,90178A,490063,2009-03-12 13:49:00,1,11.95,11.95,,,
17271,United Kingdom,Silver Black Orbit Bracelet,90019C,490063,2009-03-12 13:49:00,1,4.95,4.95,,,
17271,United Kingdom,Silver/Crystal Drop Earrings W Leaf,90190A,490063,2009-03-12 13:49:00,1,2.95,2.95,,,
17271,United Kingdom,Recipe Box With Metal Heart,21777,490063,2009-03-12 13:49:00,1,7.95,7.95,,,
17271,United Kingdom,12 Pencils Small Tube Red Spotty,20975,490063,2009-03-12 13:49:00,1,0.65,0.65,,,
17271,United Kingdom,Rex Cash+Carry Jumbo Shopper,21034,490063,2009-03-12 13:49:00,2,0.95,1.9,,,
17271,United Kingdom,New Baroque B'Fly Necklace Green,90024C,490063,2009-03-12 13:49:00,1,8.5,8.5,,,
17271,United Kingdom,Black Crystal Drop Earrings,90011B,490063,2009-03-12 13:49:00,1,2.95,2.95,,,
17271,United Kingdom,Black Drop Crystal Necklace,90012B,490063,2009-03-12 13:49:00,1,9.95,9.95,,,
17271,United Kingdom,Door Mat Black Flock ,48173C,490063,2009-03-12 13:49:00,1,6.75,6.75,,,
17271,United Kingdom,Ceramic Cake Design Spotted Mug,37448,490063,2009-03-12 13:49:00,1,1.49,1.49,,,
17271,United Kingdom,Inflatable Political Globe ,10002,490063,2009-03-12 13:49:00,1,0.85,0.85,,,
17271,United Kingdom,Tea Time Tea Towels ,47556B,490063,2009-03-12 13:49:00,1,2.95,2.95,,,
17271,United Kingdom,Opulent Velvet Set/3 Candles,20871,490063,2009-03-12 13:49:00,1,2.1,2.1,,,
17271,United Kingdom,Polka Dot Raffia Food Cover,21469,490063,2009-03-12 13:49:00,1,3.75,3.75,,,
17271,United Kingdom,Paper Chain Kit 50'S Christmas ,22086,490063,2009-03-12 13:49:00,2,2.95,5.9,,,
17271,United Kingdom,Bag 250G Swirly Marbles,21704,490063,2009-03-12 13:49:00,3,0.85,2.55,,,
17271,United Kingdom,Minature Coloured Gardening Set,47505,490063,2009-03-12 13:49:00,2,4.95,9.9,,,
17271,United Kingdom,Pack Of 12 Hearts Design Tissues ,21985,490063,2009-03-12 13:49:00,1,0.29,0.29,,,
17271,United Kingdom,Tea Time Des Tea Cosy,47580,490063,2009-03-12 13:49:00,1,2.55,2.55,,,
17271,United Kingdom,Vintage Bead Notebook,35653,490063,2009-03-12 13:49:00,1,2.95,2.95,,,
17271,United Kingdom,Buttons And Stripes Notebook ,84497,490063,2009-03-12 13:49:00,1,3.75,3.75,,,
17271,United Kingdom,Cream Slice Flannel Pink Spot ,21107,490063,2009-03-12 13:49:00,1,2.95,2.95,,,
17271,United Kingdom,Eau De Nile Jewelled Photoframe,85023B,490063,2009-03-12 13:49:00,2,2.55,5.1,,,
17271,United Kingdom,Retro Spot  Cigar Box Matches ,21592,490063,2009-03-12 13:49:00,1,1.25,1.25,,,
17271,United Kingdom,Set/6 Turquoise Butterfly T-Lights,72351A,490063,2009-03-12 13:49:00,1,2.1,2.1,,,
17271,United Kingdom,Vintage Paisley Stationery Set,21992,490063,2009-03-12 13:49:00,1,2.95,2.95,,,
17271,United Kingdom,Pack Of 12 Red Spotty Tissues ,21980,490063,2009-03-12 13:49:00,2,0.29,0.58,,,
17271,United Kingdom,Pack Of 12 Hearts Design Tissues ,21985,490063,2009-03-12 13:49:00,5,0.29,1.45,,,
17271,United Kingdom,Rex Cash+Carry Jumbo Shopper,21034,490063,2009-03-12 13:49:00,1,0.95,0.95,,,
17271,United Kingdom,Pink Floral Feltcraft Shoulder Bag,20970,490063,2009-03-12 13:49:00,1,3.75,3.75,,,
17271,United Kingdom,Woodland  Stickers,21680,490063,2009-03-12 13:49:00,6,0.85,5.1,,,
17271,United Kingdom,Heart Shaped Mirror,84975,490063,2009-03-12 13:49:00,6,1.69,10.14,,,
17271,United Kingdom,White Hanging Heart T-Light Holder,85123A,490063,2009-03-12 13:49:00,3,2.95,8.85,,,
17271,United Kingdom,Heart Decoration Painted Zinc ,22335,490063,2009-03-12 13:49:00,7,0.65,4.55,,,
17271,United Kingdom,Wrap Blizzard,16169F,490063,2009-03-12 13:49:00,25,0.42,10.5,,,
17271,United Kingdom,Victorian Metal Postcard Christmas,21134,490063,2009-03-12 13:49:00,3,1.65,4.95,,,
17271,United Kingdom,Ivory Hanging Decoration  Heart,21385,490063,2009-03-12 13:49:00,4,0.85,3.4,,,
17271,United Kingdom,French Enamel Candleholder,85053,490063,2009-03-12 13:49:00,2,2.1,4.2,,,
17271,United Kingdom,Ribbon Reel Stripes Design ,22082,490063,2009-03-12 13:49:00,1,1.65,1.65,,,
17271,United Kingdom,Zinc Metal Heart Decoration,84836,490063,2009-03-12 13:49:00,1,1.25,1.25,,,
17271,United Kingdom,Silver Finch Decoration,20814,490063,2009-03-12 13:49:00,1,1.25,1.25,,,
17271,United Kingdom,Kashmir Folkart Tumblers,84937,490063,2009-03-12 13:49:00,6,2.1,12.6,,,
16139,United Kingdom,Vintage Pink Tinsel Reel ,21267,490064,2009-03-12 13:51:00,6,2.1,12.6,,,
16139,United Kingdom,Noel Wooden Block Letters ,22121,490064,2009-03-12 13:51:00,6,5.95,27,,,
16139,United Kingdom,Set Of Three 50'S Gift Wraps ,21490,490064,2009-03-12 13:51:00,12,1.95,23.4,,,
16139,United Kingdom,Set Of Three Vintage Gift Wraps,21491,490064,2009-03-12 13:51:00,12,1.95,23.4,,,
16139,United Kingdom, Vintage Design Gift Tags,21493,490064,2009-03-12 13:51:00,12,0.85,10.2,,,
16139,United Kingdom,Baking Set 9 Piece Retrospot ,22138,490064,2009-03-12 13:51:00,3,4.95,14.85,,,
16139,United Kingdom,Open Closed Metal Sign,21770,490064,2009-03-12 13:51:00,2,4.95,9.9,,,
16139,United Kingdom,Retro Spot Tea Set Ceramic 11 Pc ,22139,490064,2009-03-12 13:51:00,3,4.95,14.85,,,
16139,United Kingdom,6 Ribbons Empire  ,22076,490064,2009-03-12 13:51:00,12,1.65,19.8,,,
16139,United Kingdom,Welcome  Wooden Block Letters,22120,490064,2009-03-12 13:51:00,3,9.95,27,,,
16139,United Kingdom,Feltcraft Doll Molly,22273,490064,2009-03-12 13:51:00,6,2.95,17.7,,,
16139,United Kingdom,Feltcraft Doll Rosie,22271,490064,2009-03-12 13:51:00,12,2.95,27,,,
16139,United Kingdom,"Elephant, Birthday Card, ",21507,490064,2009-03-12 13:51:00,12,0.42,5.04,,,
16139,United Kingdom,Cowboys And Indians Birthday Card ,21509,490064,2009-03-12 13:51:00,12,0.42,5.04,,,
16139,United Kingdom,Basket Of Toadstools,21439,490064,2009-03-12 13:51:00,12,1.25,15,,,
16139,United Kingdom,Felt Toadstool Large,22254,490064,2009-03-12 13:51:00,12,1.25,15,,,
16139,United Kingdom,12 Mini Toadstool Pegs,21440,490064,2009-03-12 13:51:00,24,1.25,27,,,
16139,United Kingdom,Japanese Crocheted Animal,84670,490064,2009-03-12 13:51:00,27,0.42,20.16,,,
16139,United Kingdom,Red Star Card Holder,22186,490064,2009-03-12 13:51:00,6,2.95,17.7,,,
15061,United Kingdom,Rotating Silver Angels T-Light Hldr,84347,490065,2009-03-12 13:58:00,27,2.1,27,,,
15953,United Kingdom,Wooden Frame Antique White ,82494L,490066,2009-03-12 14:00:00,6,2.95,17.7,,,
15953,United Kingdom,Ivory Hanging Decoration  Heart,21385,490066,2009-03-12 14:00:00,27,0.85,27,,,
15953,United Kingdom,Frosted Box 9 White T-Light Candles,72008,490066,2009-03-12 14:00:00,24,0.42,10.08,,,
15953,United Kingdom,Wooden Picture Frame White Finish,82482,490066,2009-03-12 14:00:00,6,2.55,15.3,,,
15953,United Kingdom,Zinc Metal Heart Decoration,84836,490066,2009-03-12 14:00:00,24,1.25,27,,,
15953,United Kingdom,Assorted Colour Bird Ornament,84879,490066,2009-03-12 14:00:00,8,1.69,13.52,,,
15953,United Kingdom,White Hanging Heart T-Light Holder,85123A,490066,2009-03-12 14:00:00,27,2.55,27,,,
15856,United Kingdom,Scottie Dog Hot Water Bottle,22111,490067,2009-03-12 14:02:00,24,4.25,27,,,
15856,United Kingdom,Red Woolly Hottie White Heart.,84029E,490067,2009-03-12 14:02:00,24,2.95,27,,,
15856,United Kingdom,Knitted Union Flag Hot Water Bottle,84029G,490067,2009-03-12 14:02:00,24,3.39,27,,,
15856,United Kingdom,Pink Heart Shape Egg Frying Pan,84050,490067,2009-03-12 14:02:00,27,1.25,27,,,
15856,United Kingdom,Antique Lily Fairy Lights,85042,490067,2009-03-12 14:02:00,24,4.25,27,,,
15856,United Kingdom,Wood 2 Drawer Cabinet White Finish,82483,490067,2009-03-12 14:02:00,16,4.95,27,,,
15856,United Kingdom,Wood S/3 Cabinet Ant White Finish,82486,490067,2009-03-12 14:02:00,12,6.95,27,,,
15856,United Kingdom,Retro Plastic Daisy Tray,79190D,490067,2009-03-12 14:02:00,15,0.42,6.3,,,
15856,United Kingdom,Retro Plastic 70'S Tray,79190A,490067,2009-03-12 14:02:00,15,0.42,6.3,,,
15856,United Kingdom,Retro Plastic Polka Tray,79190B,490067,2009-03-12 14:02:00,15,0.42,6.3,,,
15856,United Kingdom,Wooden Picture Frame White Finish,82482,490067,2009-03-12 14:02:00,6,2.55,15.3,,,
15856,United Kingdom,Wooden Frame Antique White ,82494L,490067,2009-03-12 14:02:00,6,2.95,17.7,,,
15856,United Kingdom,Picture Frame Wood Triple Portrait,22170,490067,2009-03-12 14:02:00,4,6.75,27,,,
15856,United Kingdom,Family Album White Picture Frame,22169,490067,2009-03-12 14:02:00,6,8.5,27,,,
15856,United Kingdom,Watermelon Bath Sponge,20960,490067,2009-03-12 14:02:00,27,1.25,27,,,
15856,United Kingdom,Sandwich Bath Sponge,20966,490067,2009-03-12 14:02:00,27,1.25,27,,,
15856,United Kingdom,Retro Red Spotty Washing Up Gloves,20754,490067,2009-03-12 14:02:00,12,2.1,25.2,,,
15856,United Kingdom,Retro Pink Spot Washing Up Gloves,20753,490067,2009-03-12 14:02:00,12,2.1,25.2,,,
15856,United Kingdom,Small Licorice Des Pink Bowl,84596E,490067,2009-03-12 14:02:00,8,1.25,10,,,
15856,United Kingdom,Small Marshmallows Pink Bowl,84596F,490067,2009-03-12 14:02:00,8,1.25,10,,,
15856,United Kingdom,Small Dolly Mix Design Orange Bowl,84596B,490067,2009-03-12 14:02:00,8,1.25,10,,,
15856,United Kingdom,Retro Spot Traditional Teapot ,21527,490067,2009-03-12 14:02:00,1,7.95,7.95,,,
15856,United Kingdom,"Popcorn Holder , Small ",22197,490067,2009-03-12 14:02:00,24,0.85,20.4,,,
15856,United Kingdom,Set/5 Red Spotty Lid Glass Bowls,20914,490067,2009-03-12 14:02:00,6,2.95,17.7,,,
13085,United Kingdom,Cat Bowl ,22350,490068,2009-03-12 14:06:00,12,2.55,27,,,
13085,United Kingdom,"Dog Bowl , Chasing Ball Design",22349,490068,2009-03-12 14:06:00,12,3.75,27,,,
13085,United Kingdom,Frying Pan Blue Polkadot ,22201,490068,2009-03-12 14:06:00,4,4.25,17,,,
13085,United Kingdom,Frying Pan Pink Polkadot ,22200,490068,2009-03-12 14:06:00,4,4.25,17,,,
13085,United Kingdom,Milk Pan Blue Retrospot,22204,490068,2009-03-12 14:06:00,4,3.75,15,,,
13085,United Kingdom,Milk Pan Pink Retrospot,22202,490068,2009-03-12 14:06:00,8,3.75,27,,,
13085,United Kingdom,Heart Measuring Spoons Large,22195,490068,2009-03-12 14:06:00,24,1.65,27,,,
13085,United Kingdom,Union Jack Guns & Roses  Doormat,21955,490068,2009-03-12 14:06:00,10,5.95,27,,,
13085,United Kingdom,Lunchbox With Cutlery Fairy Cakes ,22353,490068,2009-03-12 14:06:00,12,2.55,27,,,
13085,United Kingdom,"Record Frame 7"" Single Size ",22041,490069,2009-03-12 14:07:00,12,2.55,27,,,
13085,United Kingdom,Strawberry Ceramic Trinket Box,21232,490069,2009-03-12 14:07:00,12,1.25,15,,,
13085,United Kingdom,Pink Doughnut Trinket Pot ,22064,490069,2009-03-12 14:07:00,12,1.65,19.8,,,
13085,United Kingdom,Set 10 Lights Night Owl,22179,490069,2009-03-12 14:07:00,12,6.75,27,,,
13085,United Kingdom,Save The Planet Mug,21871,490069,2009-03-12 14:07:00,12,1.25,15,,,
14967,United Kingdom,Chocolate Hot Water Bottle,22112,490070,2009-03-12 14:07:00,27,4.25,27,,,
14967,United Kingdom,Ivory Enchanted Forest Placemat,85114B,490070,2009-03-12 14:07:00,1,1.65,1.65,,,
14967,United Kingdom,Economy Passport Cover ,20621,490070,2009-03-12 14:07:00,1,2.1,2.1,,,
14967,United Kingdom,Cook With Wine Metal Sign ,21166,490070,2009-03-12 14:07:00,12,1.95,23.4,,,
14967,United Kingdom,Small Heart Measuring Spoons,22196,490070,2009-03-12 14:07:00,6,0.85,5.1,,,
16497,United Kingdom,Red Spot Heart Hot Water Bottle,21485,490071,2009-03-12 14:11:00,3,4.95,14.85,,,
16497,United Kingdom,Urban Black Ribbons ,85049H,490071,2009-03-12 14:11:00,12,1.25,15,,,
16497,United Kingdom,Lush Greens Ribbons,85049B,490071,2009-03-12 14:11:00,12,1.25,15,,,
16497,United Kingdom,Romantic Pinks Ribbons ,85049C,490071,2009-03-12 14:11:00,12,1.25,15,,,
16497,United Kingdom,Retro Spot Storage Jar,22073,490071,2009-03-12 14:11:00,4,3.75,15,,,
16497,United Kingdom,Retro Spot  Cigar Box Matches ,21592,490071,2009-03-12 14:11:00,24,1.25,27,,,
16497,United Kingdom,Red Spotty Round Cake Tins,21217,490071,2009-03-12 14:11:00,1,9.95,9.95,,,
16497,United Kingdom,Set/20 Red Spotty Paper Napkins ,21080,490071,2009-03-12 14:11:00,12,0.85,10.2,,,
16497,United Kingdom,Retro Spot Sugar Jam Bowl,21531,490071,2009-03-12 14:11:00,6,2.55,15.3,,,
16497,United Kingdom,Retro Spots Pudding Bowl,21537,490071,2009-03-12 14:11:00,4,4.25,17,,,
16497,United Kingdom,Retro Spot Small Milk Jug,21535,490071,2009-03-12 14:11:00,6,2.55,15.3,,,
16497,United Kingdom,Retro Spot Traditional Teapot ,21527,490071,2009-03-12 14:11:00,2,7.95,15.9,,,
16497,United Kingdom,Retro Spot Large Milk Jug,21533,490071,2009-03-12 14:11:00,3,4.95,14.85,,,
16497,United Kingdom,Owl Doorstop,21116,490071,2009-03-12 14:11:00,3,4.95,14.85,,,
16497,United Kingdom,Red Spotty Coir Doormat,20685,490071,2009-03-12 14:11:00,2,6.75,13.5,,,
16497,United Kingdom,Spotty  Home Sweet Home Doormat,21524,490071,2009-03-12 14:11:00,2,6.75,13.5,,,
16497,United Kingdom,Set 3 Wicker Log Baskets,21737,490071,2009-03-12 14:11:00,1,19.95,19.95,,,
16497,United Kingdom,Cream Sweetheart Magazine Rack,85063,490071,2009-03-12 14:11:00,1,16.95,16.95,,,
16497,United Kingdom,Cream Sweetheart Trays,85065,490071,2009-03-12 14:11:00,1,12.75,12.75,,,
17764,United Kingdom,Large Round Wicker Platter ,21742,490072,2009-03-12 14:28:00,1,5.95,5.95,,,
17764,United Kingdom,Set3 Book Box Green Gingham Flower ,21428,490072,2009-03-12 14:28:00,1,4.25,4.25,,,
17764,United Kingdom,Rose Du Sud Childs Apron,21004,490072,2009-03-12 14:28:00,1,4.25,4.25,,,
17764,United Kingdom,Rose Du Sud Cosmetics Bag,21000,490072,2009-03-12 14:28:00,1,4.25,4.25,,,
17764,United Kingdom,White Skull Hot Water Bottle ,21479,490072,2009-03-12 14:28:00,2,3.75,7.5,,,
17764,United Kingdom,Heart Ivory Trellis Small,22297,490072,2009-03-12 14:28:00,3,1.25,3.75,,,
17764,United Kingdom,Heart Filigree Dove  Small,22294,490072,2009-03-12 14:28:00,2,1.25,2.5,,,
17764,United Kingdom,Ocean Scent Candle In Jewelled Box,72802B,490072,2009-03-12 14:28:00,1,4.25,4.25,,,
17764,United Kingdom,Coffee Mug Dog + Ball Design,22300,490072,2009-03-12 14:28:00,6,2.55,15.3,,,
17764,United Kingdom,Coffee Mug Pears  Design,22302,490072,2009-03-12 14:28:00,6,2.55,15.3,,,
17764,United Kingdom,Swallow Cigar Box Matches ,21593,490072,2009-03-12 14:28:00,6,1.25,7.5,,,
17764,United Kingdom,Set Of 2 Fancy Font Tea Towels,22122,490072,2009-03-12 14:28:00,4,2.95,11.8,,,
17764,United Kingdom,Grey Heart Hot Water Bottle,22113,490072,2009-03-12 14:28:00,6,3.45,20.7,,,
17764,United Kingdom,Union Jack Hot Water Bottle ,22125,490072,2009-03-12 14:28:00,2,5.95,11.9,,,
17764,United Kingdom,36 Pencils Tube Posy,20980,490072,2009-03-12 14:28:00,3,1.25,3.75,,,
17764,United Kingdom,Colouring Pencils Brown Tube,10134,490072,2009-03-12 14:28:00,3,1.25,3.75,,,
17764,United Kingdom,Vintage Paisley Stationery Set,21992,490072,2009-03-12 14:28:00,4,2.95,11.8,,,
17764,United Kingdom,Vintage Kitchen Print Fruits,21279,490072,2009-03-12 14:28:00,4,2.55,10.2,,,
17764,United Kingdom,Ribbons Purse ,21051,490072,2009-03-12 14:28:00,3,2.1,6.3,,,
17764,United Kingdom,Door Mat New England,48187,490072,2009-03-12 14:28:00,1,6.75,6.75,,,
17764,United Kingdom,Ocean Scent Candle Jewelled Drawer,72803B,490072,2009-03-12 14:28:00,1,4.25,4.25,,,
17764,United Kingdom,Scottie Dog Hot Water Bottle,22111,490072,2009-03-12 14:28:00,1,4.95,4.95,,,
17764,United Kingdom,Scotties Design Child'S Overall,47592B,490072,2009-03-12 14:28:00,1,2.1,2.1,,,
17764,United Kingdom,Jumbo Bag Owls,20713,490072,2009-03-12 14:28:00,1,1.95,1.95,,,
17764,United Kingdom,Crochet Bear Red/Blue  Keyring,84548,490072,2009-03-12 14:28:00,1,1.65,1.65,,,
17764,United Kingdom,White Snow Scandinavian Stocking ,35981C,490072,2009-03-12 14:28:00,1,1.25,1.25,,,
17764,United Kingdom,Bath Duck Watering Can,84676,490072,2009-03-12 14:28:00,1,2.95,2.95,,,
17764,United Kingdom,Blue Rocking Singing Canary,85097B,490072,2009-03-12 14:28:00,1,3.75,3.75,,,
17764,United Kingdom,Ceramic Strawberry Money Box,21556,490072,2009-03-12 14:28:00,1,2.55,2.55,,,
14905,United Kingdom,White Hanging Heart T-Light Holder,85123A,490073,2009-03-12 14:36:00,27,2.55,27,,,
14905,United Kingdom,Large Circular Mirror Mobile,75049L,490073,2009-03-12 14:36:00,12,1.25,15,,,
14905,United Kingdom,Metal 4 Hook Hanger French Chateau,22173,490073,2009-03-12 14:36:00,4,2.95,11.8,,,
14905,United Kingdom,Glass Honeypot Wasp Catcher,79029,490073,2009-03-12 14:36:00,8,1.95,15.6,,,
14905,United Kingdom,Medium Chinese Style Scissor,16015,490073,2009-03-12 14:36:00,27,0.5,20,,,
14905,United Kingdom,Red Hanging Heart T-Light Holder,21733,490073,2009-03-12 14:36:00,6,2.95,17.7,,,
14905,United Kingdom,Please One Person  Metal Sign,21181,490073,2009-03-12 14:36:00,12,2.1,25.2,,,
14905,United Kingdom,Potting Shed Tea Mug,21868,490073,2009-03-12 14:36:00,12,1.25,15,,,
14905,United Kingdom,Wooden Frame Antique White ,82494L,490073,2009-03-12 14:36:00,6,2.95,17.7,,,
14905,United Kingdom,White Skull Hot Water Bottle ,21479,490073,2009-03-12 14:36:00,2,3.75,7.5,,,
14905,United Kingdom,Cinammon Set Of 9 T-Lights,85231B,490073,2009-03-12 14:36:00,12,0.85,10.2,,,
14905,United Kingdom,"Key Fob , Shed",21900,490073,2009-03-12 14:36:00,23,0.65,14.95,,,
14905,United Kingdom,Set Of Three Vintage Gift Wraps,21491,490073,2009-03-12 14:36:00,3,1.95,5.85,,,
18229,United Kingdom,Set Of 3 Black Flying Ducks,35004B,490075,2009-03-12 14:42:00,12,4.65,27,,,
18229,United Kingdom,Set Of 3 Coloured  Flying Ducks,35004C,490075,2009-03-12 14:42:00,27,4.65,27,,,
18229,United Kingdom,Set Of 3 Pink Flying Ducks,35004P,490075,2009-03-12 14:42:00,12,4.65,27,,,
18229,United Kingdom,Chilli Lights,79321,490075,2009-03-12 14:42:00,24,4.25,27,,,
17293,United Kingdom,Jumbo Bag Toys ,20711,490077,2009-03-12 15:09:00,6,1.95,11.7,,,
17293,United Kingdom,Jumbo Bag Red White Spotty ,85099B,490077,2009-03-12 15:09:00,12,1.95,23.4,,,
17293,United Kingdom,Jumbo Bag Strawberry,85099F,490077,2009-03-12 15:09:00,12,1.95,23.4,,,
17293,United Kingdom,Jumbo Storage Bag Suki,21931,490077,2009-03-12 15:09:00,6,1.95,11.7,,,
17293,United Kingdom,Rex Cash+Carry Jumbo Shopper,21034,490077,2009-03-12 15:09:00,5,0.95,4.75,,,
17293,United Kingdom,Assorted Colour Bird Ornament,84879,490077,2009-03-12 15:09:00,24,1.69,27,,,
17853,United Kingdom,Blue Flying Singing Canary,85098B,490078,2009-03-12 15:09:00,4,3.75,15,,,
17853,United Kingdom,Abstract Circles Sketchbook ,20764,490078,2009-03-12 15:09:00,4,3.75,15,,,
17853,United Kingdom,Abstract Circles Notebook,20776,490078,2009-03-12 15:09:00,6,1.65,9.9,,,
17853,United Kingdom,Set Of 4 Diamond Napkin Rings,84813,490078,2009-03-12 15:09:00,6,12.75,27,,,
17853,United Kingdom,Strawberry Ceramic Trinket Box,21232,490078,2009-03-12 15:09:00,2,1.25,2.5,,,
17853,United Kingdom,Brown Furry Hot Water Bottle,84029C,490078,2009-03-12 15:09:00,6,3.75,22.5,,,
17853,United Kingdom,Chick Grey Hot Water Bottle,21484,490078,2009-03-12 15:09:00,6,3.45,20.7,,,
17853,United Kingdom,White Skull Hot Water Bottle ,21479,490078,2009-03-12 15:09:00,6,3.75,22.5,,,
17853,United Kingdom,Knitted Union Flag Hot Water Bottle,84029G,490078,2009-03-12 15:09:00,6,3.75,22.5,,,
17853,United Kingdom,Tea Time Tea Set In Gift Box,37501,490078,2009-03-12 15:09:00,4,6.95,27,,,
17853,United Kingdom,Tea Time Teapot In Gift Box,37500,490078,2009-03-12 15:09:00,4,9.95,27,,,
17853,United Kingdom,Fairy Cakes Table Clock,84706B,490078,2009-03-12 15:09:00,3,8.95,26.85,,,
17853,United Kingdom,Tea Time Cake Stand In Gift Box,37503,490078,2009-03-12 15:09:00,4,10.75,27,,,
17853,United Kingdom,Save The Planet Mug,21871,490078,2009-03-12 15:09:00,18,1.25,22.5,,,
17853,United Kingdom,Pink/Brown Dots Ruffled Umbrella,85014D,490078,2009-03-12 15:09:00,2,5.95,11.9,,,
17853,United Kingdom,Fairy Cake Design Umbrella,15060B,490078,2009-03-12 15:09:00,2,3.75,7.5,,,
17853,United Kingdom,Blue/Brown Dots Ruffled Umbrella,85014C,490078,2009-03-12 15:09:00,2,5.95,11.9,,,
17853,United Kingdom,Red Spotty Childs Umbrella,20682,490078,2009-03-12 15:09:00,3,3.25,9.75,,,
17853,United Kingdom,Corona Mexican Tray,79067,490078,2009-03-12 15:09:00,6,3.75,22.5,,,
17853,United Kingdom,Set Of 3 Gold Flying Ducks,35004G,490078,2009-03-12 15:09:00,2,6.35,12.7,,,
17853,United Kingdom,Set Of 3 Coloured  Flying Ducks,35004C,490078,2009-03-12 15:09:00,3,5.45,16.35,,,
17853,United Kingdom,Set Of 3 Gold Flying Ducks,35004G,490078,2009-03-12 15:09:00,4,6.35,25.4,,,
17853,United Kingdom,Classic Metal Birdcage Plant Holder,21340,490078,2009-03-12 15:09:00,3,12.75,27,,,
17853,United Kingdom,Wrap Christmas Screen Print,22049,490078,2009-03-12 15:09:00,25,0.42,10.5,,,
17853,United Kingdom,Christmas Craft Heart Stocking ,22145,490078,2009-03-12 15:09:00,3,2.1,6.3,,,
17853,United Kingdom,Christmas Craft White Fairy ,22142,490078,2009-03-12 15:09:00,3,1.45,4.35,,,
17853,United Kingdom, 3 Stripey Mice Feltcraft,22150,490078,2009-03-12 15:09:00,4,1.95,7.8,,,
17853,United Kingdom,Set Of Three 50'S Gift Wraps ,21490,490078,2009-03-12 15:09:00,8,1.95,15.6,,,
17853,United Kingdom,Ivory Enchanted Forest Placemat,85114B,490078,2009-03-12 15:09:00,10,1.65,16.5,,,
15550,United Kingdom,Dinosaur Party Bag + Sticker Set,22334,490079,2009-03-12 15:15:00,4,1.65,6.6,,,
15550,United Kingdom,Dinosaurs  Writing Set ,21329,490079,2009-03-12 15:15:00,6,1.65,9.9,,,
15550,United Kingdom,Assorted White Embossed China Mugs,37441,490079,2009-03-12 15:15:00,6,2.1,12.6,,,
15550,United Kingdom,Cut Glass T-Light Holder Octagon,85107,490079,2009-03-12 15:15:00,6,2.55,15.3,,,
15550,United Kingdom,Cinammon Set Of 9 T-Lights,85231B,490079,2009-03-12 15:15:00,12,0.85,10.2,,,
15550,United Kingdom,Set/6 Gold Reindeer T-Light Candles,85033G,490079,2009-03-12 15:15:00,12,1.95,23.4,,,
15550,United Kingdom,Set/6 Silver Reindeer T-Lights,85033S,490079,2009-03-12 15:15:00,24,1.95,27,,,
15550,United Kingdom,Glitter Butterfly Clips,20828,490079,2009-03-12 15:15:00,6,2.55,15.3,,,
15550,United Kingdom,Hanging Bauble T-Light Holder Small,20893,490079,2009-03-12 15:15:00,3,2.55,7.65,,,
15550,United Kingdom,Antique All Glass Candlestick,21012,490079,2009-03-12 15:15:00,6,2.1,12.6,,,
13531,United Kingdom,Porcelain Butterfly Oil Burner,18098C,490080,2009-03-12 15:20:00,6,2.95,17.7,,,
13531,United Kingdom,Jumbo Bag Toys ,20711,490080,2009-03-12 15:20:00,10,1.95,19.5,,,
13531,United Kingdom,Union Jack Guns & Roses  Doormat,21955,490080,2009-03-12 15:20:00,2,6.75,13.5,,,
13531,United Kingdom,6 Ribbons Shimmering Pinks ,22074,490080,2009-03-12 15:20:00,12,1.65,19.8,,,
13531,United Kingdom,6 Ribbons Elegant Christmas ,22075,490080,2009-03-12 15:20:00,12,1.65,19.8,,,
13531,United Kingdom,6 Ribbons Empire  ,22076,490080,2009-03-12 15:20:00,12,1.65,19.8,,,
13531,United Kingdom,Ribbon Reel Lace Design ,22078,490080,2009-03-12 15:20:00,10,2.1,21,,,
13531,United Kingdom,Paper Chain Kit 50'S Christmas ,22086,490080,2009-03-12 15:20:00,6,2.95,17.7,,,
13531,United Kingdom,Square Mirror Curtain,44230,490080,2009-03-12 15:20:00,4,7.95,27,,,
13531,United Kingdom,English Rose Design Peg Bag,47568,490080,2009-03-12 15:20:00,6,2.1,12.6,,,
13531,United Kingdom,Door Mat Topiary,48129,490080,2009-03-12 15:20:00,2,6.75,13.5,,,
13531,United Kingdom,Door Mat Fairy Cake,48185,490080,2009-03-12 15:20:00,2,6.75,13.5,,,
13531,United Kingdom,Door Mat New England,48187,490080,2009-03-12 15:20:00,2,6.75,13.5,,,
13531,United Kingdom,Jumbo Bag Red White Spotty ,85099B,490080,2009-03-12 15:20:00,20,1.95,27,,,
13531,United Kingdom,Jumbo  Bag Baroque Black White,85099C,490080,2009-03-12 15:20:00,20,1.95,27,,,
13786,United Kingdom,Vintage Union Jack Cushion Cover,21622,490081,2009-03-12 15:32:00,8,4.95,27,,,
13786,United Kingdom,Love Building Block Word,21755,490081,2009-03-12 15:32:00,9,5.95,27,,,
13786,United Kingdom,Potting Shed Tea Mug,21868,490081,2009-03-12 15:32:00,27,1.25,27,,,
13786,United Kingdom, Peace Wooden Block Letters,22119,490081,2009-03-12 15:32:00,6,6.95,27,,,
13786,United Kingdom,Washroom Metal Sign,82552,490081,2009-03-12 15:32:00,12,1.25,15,,,
13786,United Kingdom,Pop'S Greasy Spoon Metal Sign,82553,490081,2009-03-12 15:32:00,24,1.65,27,,,
13786,United Kingdom,Hot Baths Metal Sign,82583,490081,2009-03-12 15:32:00,24,2.1,27,,,
13786,United Kingdom,Zinc Willie Winkie  Candle Stick,84832,490081,2009-03-12 15:32:00,24,0.85,20.4,,,
13786,United Kingdom,Kashmir Folkart Tumblers,84937,490081,2009-03-12 15:32:00,12,2.1,25.2,,,
13786,United Kingdom,Silver Hanging T-Light Holder Dome,84948,490081,2009-03-12 15:32:00,12,1.65,19.8,,,
13786,United Kingdom,Silver Hanging T-Light Holder,84949,490081,2009-03-12 15:32:00,12,1.65,19.8,,,
13786,United Kingdom,Single Heart Zinc T-Light Holder,84970L,490081,2009-03-12 15:32:00,12,0.95,11.4,,,
13786,United Kingdom,Hanging Heart Zinc T-Light Holder,84970S,490081,2009-03-12 15:32:00,12,0.85,10.2,,,
13786,United Kingdom,White Hanging Heart T-Light Holder,85123A,490081,2009-03-12 15:32:00,24,2.95,27,,,
13786,United Kingdom,Painted Bird Assorted Christmas,21133,490081,2009-03-12 15:32:00,12,1.69,20.28,,,
13786,United Kingdom,Painted Metal Pears Assorted,21136,490081,2009-03-12 15:32:00,24,1.69,27,,,
13786,United Kingdom,Party Metal Sign ,21172,490081,2009-03-12 15:32:00,12,1.45,17.4,,,
13786,United Kingdom,Pottering In The Shed Metal Sign,21174,490081,2009-03-12 15:32:00,27,1.95,27,,,
13786,United Kingdom,Victorian Sewing Box Large,21258,490081,2009-03-12 15:32:00,6,12.75,27,,,
13786,United Kingdom,Victorian Sewing Box Small ,21259,490081,2009-03-12 15:32:00,6,5.95,27,,,
14952,United Kingdom,Gold Mini Tape Measure ,20733,490082,2009-03-12 15:34:00,10,0.85,8.5,,,
14952,United Kingdom,Silver Mini Tape Measure ,20734,490082,2009-03-12 15:34:00,10,0.85,8.5,,,
14952,United Kingdom,Pink Mini Tape Measure ,20736,490082,2009-03-12 15:34:00,10,0.85,8.5,,,
14952,United Kingdom,Pink Blue Felt Craft Trinket Box,20971,490082,2009-03-12 15:34:00,27,1.25,27,,,
14952,United Kingdom,Feltcraft Butterfly Hearts,22147,490082,2009-03-12 15:34:00,27,1.25,27,,,
14952,United Kingdom, 3 Stripey Mice Feltcraft,22150,490082,2009-03-12 15:34:00,27,1.65,27,,,
14952,United Kingdom,Sewing Susan 21 Needle Set,85176,490082,2009-03-12 15:34:00,24,0.85,20.4,,,
14031,United Kingdom,S/3 Tear Drop Cut Glass Decoration,85112,490083,2009-03-12 15:35:00,27,1.25,27,,,
14031,United Kingdom,Etched Glass Bird Tree Decoration,21010,490083,2009-03-12 15:35:00,27,1.25,27,,,
14031,United Kingdom,Red Woolly Hottie White Heart.,84029E,490083,2009-03-12 15:35:00,24,2.95,27,,,
14031,United Kingdom,Spotty  Home Sweet Home Doormat,21524,490083,2009-03-12 15:35:00,10,5.95,27,,,
14031,United Kingdom,Door Mat Fairy Cake,48185,490083,2009-03-12 15:35:00,10,5.95,27,,,
14031,United Kingdom,Assorted Colour Bird Ornament,84879,490083,2009-03-12 15:35:00,27,1.45,27,,,
14031,United Kingdom,Red Reindeer String Of 20 Lights,85044,490083,2009-03-12 15:35:00,24,4.25,27,,,
14031,United Kingdom,White Beaded Garland String 20Light,85047,490083,2009-03-12 15:35:00,24,5.55,27,,,
14031,United Kingdom,Retro Coffee Mugs Assorted,37370,490083,2009-03-12 15:35:00,27,1.06,27,,,
14031,United Kingdom,Knitted Union Flag Hot Water Bottle,84029G,490083,2009-03-12 15:35:00,24,3.39,27,,,
14031,United Kingdom,Red/White Dots Ruffled Umbrella,85014B,490083,2009-03-12 15:35:00,4,5.95,23.8,,,
14031,United Kingdom,Black/Blue Dots Ruffled Umbrella,85014A,490083,2009-03-12 15:35:00,4,5.95,23.8,,,
14031,United Kingdom,Blue/Brown Dots Ruffled Umbrella,85014C,490083,2009-03-12 15:35:00,2,5.95,11.9,,,
14031,United Kingdom,Pink/Brown Dots Ruffled Umbrella,85014D,490083,2009-03-12 15:35:00,2,5.95,11.9,,,
14031,United Kingdom,Edwardian Parasol Natural,15056N,490083,2009-03-12 15:35:00,12,5.95,27,,,
14031,United Kingdom,Edwardian Parasol Black,15056BL,490083,2009-03-12 15:35:00,24,5.95,27,,,
14031,United Kingdom,Edwardian Parasol Red,20679,490083,2009-03-12 15:35:00,24,5.95,27,,,
14031,United Kingdom,Gold Teddy Bear,20818,490083,2009-03-12 15:35:00,2,3.75,7.5,,,
14031,United Kingdom,Silver Teddy Bear,20819,490083,2009-03-12 15:35:00,2,3.75,7.5,,,
14031,United Kingdom,Vintage Union Jack Doorstop,21624,490083,2009-03-12 15:35:00,4,5.95,23.8,,,
14031,United Kingdom,Vintage Union Jack Cushion Cover,21622,490083,2009-03-12 15:35:00,12,4.95,27,,,
14031,United Kingdom, Silver Cherry Lights,79323S,490083,2009-03-12 15:35:00,3,6.75,20.25,,,
14031,United Kingdom,Gold  Cherry Lights,79323G,490083,2009-03-12 15:35:00,3,6.75,20.25,,,
14031,United Kingdom,String Of 20 Rose Lights,21477,490083,2009-03-12 15:35:00,4,12.75,27,,,
14031,United Kingdom,Big Doughnut Fridge Magnets,21700,490083,2009-03-12 15:35:00,24,0.85,20.4,,,
14031,United Kingdom,Folding Umbrella  White/Red  Spot,21711,490083,2009-03-12 15:35:00,27,4.95,27,,,
14031,United Kingdom,Cinammon Set Of 9 T-Lights,85231B,490083,2009-03-12 15:35:00,12,0.85,10.2,,,
14031,United Kingdom,Small Retro Spot Mug In Box  White,22071,490083,2009-03-12 15:35:00,6,3.75,22.5,,,
14031,United Kingdom,Lavender Scented Set/9 T-Lights,85231L,490083,2009-03-12 15:35:00,10,0.85,8.5,,,
14031,United Kingdom,Large Medina Stamped Metal Bowl ,21682,490083,2009-03-12 15:35:00,2,4.95,9.9,,,
14031,United Kingdom,Shoe Shine Box ,21784,490083,2009-03-12 15:35:00,1,9.95,9.95,,,
14031,United Kingdom,Red Spotty Pudding Bowl,21392,490083,2009-03-12 15:35:00,6,2.1,12.6,,,
14031,United Kingdom,Tea Cosy Red  Stripe,22309,490083,2009-03-12 15:35:00,6,2.55,15.3,,,
14031,United Kingdom,French Chateau Small Fruitbowl,85028S,490083,2009-03-12 15:35:00,1,4.95,4.95,,,
14031,United Kingdom,Frying Pan Union Flag,22207,490083,2009-03-12 15:35:00,10,4.25,27,,,
14031,United Kingdom,Corona Mexican Tray,79067,490083,2009-03-12 15:35:00,20,3.75,27,,,
14031,United Kingdom,Kings Choice Mug,21875,490083,2009-03-12 15:35:00,6,1.25,7.5,,,
14031,United Kingdom,Red  Spotty Coffee  Mug,21398,490083,2009-03-12 15:35:00,12,2.1,25.2,,,
14031,United Kingdom,Home Sweet Home Mug,21877,490083,2009-03-12 15:35:00,12,1.25,15,,,
14031,United Kingdom,Save The Planet Mug,21871,490083,2009-03-12 15:35:00,12,1.25,15,,,
14031,United Kingdom,Ivory Enchanted Forest Placemat,85114B,490083,2009-03-12 15:35:00,16,1.65,26.4,,,
14031,United Kingdom,Red Enchanted Forest Placemat,85114C,490083,2009-03-12 15:35:00,16,1.65,26.4,,,
14031,United Kingdom,Tea Time Mug In Gift Box,37502,490083,2009-03-12 15:35:00,4,2.95,11.8,,,
14031,United Kingdom,Tea Time Teapot In Gift Box,37500,490083,2009-03-12 15:35:00,2,9.95,19.9,,,
14031,United Kingdom,Tea Time Cake Stand In Gift Box,37503,490083,2009-03-12 15:35:00,4,10.75,27,,,
14031,United Kingdom,Robin Christmas Card,22034,490083,2009-03-12 15:35:00,24,0.42,10.08,,,
14031,United Kingdom,Christmas Card Singing Angel,22042,490083,2009-03-12 15:35:00,12,0.42,5.04,,,
14031,United Kingdom,Set 12 Lavender  Botanical T-Lights,21609,490083,2009-03-12 15:35:00,4,2.95,11.8,,,
14031,United Kingdom,S/12 Vanilla  Botanical T-Lights,21613,490083,2009-03-12 15:35:00,4,2.95,11.8,,,
14031,United Kingdom,Set 12 Pear Botanical T-Lights,21610,490083,2009-03-12 15:35:00,4,2.95,11.8,,,
14031,United Kingdom,Christmas Craft White Fairy ,22142,490083,2009-03-12 15:35:00,6,1.45,8.7,,,
14031,United Kingdom,Christmas Craft Heart Stocking ,22145,490083,2009-03-12 15:35:00,6,2.1,12.6,,,
14031,United Kingdom,Christmas Pudding Trinket Pot ,22065,490083,2009-03-12 15:35:00,10,1.45,14.5,,,
14031,United Kingdom,Set/9 Christmas T-Lights Scented ,20878,490083,2009-03-12 15:35:00,24,1.25,27,,,
14031,United Kingdom,Set/6 Silver Reindeer T-Lights,85033S,490083,2009-03-12 15:35:00,12,1.95,23.4,,,
14031,United Kingdom,Set Of Three 50'S Gift Wraps ,21490,490083,2009-03-12 15:35:00,10,1.95,19.5,,,
14031,United Kingdom,Set/6 Gold Reindeer T-Light Candles,85033G,490083,2009-03-12 15:35:00,12,1.95,23.4,,,
14031,United Kingdom,Disco Ball Christmas Decoration,20668,490083,2009-03-12 15:35:00,27,0.12,23.04,,,
14031,United Kingdom,Cosy Hour Cigar Box Matches ,21591,490083,2009-03-12 15:35:00,24,1.25,27,,,
14031,United Kingdom,Paper Chain Kit 50'S Christmas ,22086,490083,2009-03-12 15:35:00,10,2.95,27,,,
14031,United Kingdom,Cake Stand Lovebird 2 Tier White,22220,490083,2009-03-12 15:35:00,3,9.95,27,,,
12937,United Kingdom,Set Of 3 Cases Woodland Design,21432,490085,2009-03-12 15:43:00,1,5.95,5.95,,,
12937,United Kingdom,Baking Set 9 Piece Retrospot ,22138,490085,2009-03-12 15:43:00,2,4.95,9.9,,,
12937,United Kingdom,Red/White Spot Picnic Bag,21936,490085,2009-03-12 15:43:00,10,2.95,27,,,
12937,United Kingdom,Red Hanging Heart T-Light Holder,21733,490085,2009-03-12 15:43:00,5,2.95,14.75,,,
12937,United Kingdom,Fairy Cake Candles,72756,490085,2009-03-12 15:43:00,9,1.49,13.41,,,
12937,United Kingdom,Grand Chocolatecandle,72741,490085,2009-03-12 15:43:00,9,1.45,13.05,,,
12937,United Kingdom,Fairy Cakes Notebook A6 Size,84535B,490085,2009-03-12 15:43:00,8,0.65,5.2,,,
12937,United Kingdom,Fairy Cakes Notebook A7 Size,84536B,490085,2009-03-12 15:43:00,10,0.42,4.2,,,
12937,United Kingdom,English Rose Notebook A7 Size,84536A,490085,2009-03-12 15:43:00,10,0.42,4.2,,,
12937,United Kingdom,36 Pencils Tube Woodland,20977,490085,2009-03-12 15:43:00,4,1.25,5,,,
12937,United Kingdom,Tea Bag Plate Red Spotty ,22348,490085,2009-03-12 15:43:00,10,0.85,8.5,,,
12937,United Kingdom,Retro Spot Small Tube Matches,21584,490085,2009-03-12 15:43:00,11,1.65,18.15,,,
12937,United Kingdom,Coffee Mug Blue Paisley Design,22304,490085,2009-03-12 15:43:00,6,2.55,15.3,,,
12937,United Kingdom,Zinc Metal Heart Decoration,84836,490085,2009-03-12 15:43:00,12,1.25,15,,,
12937,United Kingdom, Red/White Dot Mini Cases,20750,490085,2009-03-12 15:43:00,1,7.95,7.95,,,
17949,United Kingdom,Small Glass Heart Trinket Pot,21314,490086,2009-03-12 15:48:00,27,1.85,27,,,
15601,United Kingdom,Victorian Glass Hanging T-Light,22178,490087,2009-03-12 15:49:00,27,1.25,27,,,
15601,United Kingdom,Lovebird Hanging Decoration White ,22219,490087,2009-03-12 15:49:00,12,0.85,10.2,,,
15601,United Kingdom,Heart Ivory Trellis Large,22296,490087,2009-03-12 15:49:00,12,1.65,19.8,,,
15601,United Kingdom,Wooden Box Advent Calendar ,35400,490087,2009-03-12 15:49:00,2,8.95,17.9,,,
15601,United Kingdom,Folkart Bauble Christmas Decoration,35951,490087,2009-03-12 15:49:00,27,0.38,18.24,,,
15601,United Kingdom,Folkart Zinc Star Christmas Dec,35958,490087,2009-03-12 15:49:00,12,0.85,10.2,,,
15601,United Kingdom,Folkart Zinc Heart Christmas Dec,35961,490087,2009-03-12 15:49:00,12,0.85,10.2,,,
15601,United Kingdom,White Snow Scandinavian Stocking ,35981C,490087,2009-03-12 15:49:00,12,1.25,15,,,
15601,United Kingdom,Wood 2 Drawer Cabinet White Finish,82483,490087,2009-03-12 15:49:00,3,5.95,17.85,,,
15601,United Kingdom,Wooden Frame Antique White ,82494L,490087,2009-03-12 15:49:00,12,2.95,27,,,
15601,United Kingdom,Rotating Silver Angels T-Light Hldr,84347,490087,2009-03-12 15:49:00,18,2.55,27,,,
15601,United Kingdom,Assorted Colour Bird Ornament,84879,490087,2009-03-12 15:49:00,24,1.69,27,,,
15601,United Kingdom,Antique Silver Tea Glass Etched,84946,490087,2009-03-12 15:49:00,24,1.25,27,,,
15601,United Kingdom,White Hanging Heart T-Light Holder,85123A,490087,2009-03-12 15:49:00,12,2.95,27,,,
15601,United Kingdom,Large Hanging Ivory & Red Wood Bird,85199L,490087,2009-03-12 15:49:00,12,0.65,7.8,,,
15601,United Kingdom,Porcelain T-Light Holders Assorted,20956,490087,2009-03-12 15:49:00,12,1.25,15,,,
15601,United Kingdom,Swiss Chalet Tree Decoration ,21014,490087,2009-03-12 15:49:00,12,0.85,10.2,,,
15601,United Kingdom,Dark Bird House Tree Decoration,21015,490087,2009-03-12 15:49:00,12,0.85,10.2,,,
15601,United Kingdom,Painted Metal Pears Assorted,21136,490087,2009-03-12 15:49:00,8,1.69,13.52,,,
15601,United Kingdom,Ivory Hanging Decoration  Heart,21385,490087,2009-03-12 15:49:00,24,0.85,20.4,,,
15601,United Kingdom,Filigris Heart With Butterfly,21390,490087,2009-03-12 15:49:00,24,1.25,27,,,
15601,United Kingdom,Chick Grey Hot Water Bottle,21484,490087,2009-03-12 15:49:00,4,3.45,13.8,,,
15601,United Kingdom,Red Spot Heart Hot Water Bottle,21485,490087,2009-03-12 15:49:00,3,4.95,14.85,,,
15601,United Kingdom,Red Hanging Metal Star Tlight Hldr,21732,490087,2009-03-12 15:49:00,8,3.75,27,,,
15601,United Kingdom,Red Hanging Heart T-Light Holder,21733,490087,2009-03-12 15:49:00,6,2.95,17.7,,,
15601,United Kingdom,Home Building Block Word,21754,490087,2009-03-12 15:49:00,3,5.95,17.85,,,
15601,United Kingdom,Bath Building Block Word,21756,490087,2009-03-12 15:49:00,3,5.95,17.85,,,
15601,United Kingdom,Christmas Hanging Tree With Bell,21809,490087,2009-03-12 15:49:00,12,1.25,15,,,
15601,United Kingdom,Heart T-Light Holder ,21814,490087,2009-03-12 15:49:00,12,1.45,17.4,,,
15601,United Kingdom,Empire Birthday Card,22023,490087,2009-03-12 15:49:00,12,0.42,5.04,,,
15601,United Kingdom,Banquet Birthday  Card  ,22026,490087,2009-03-12 15:49:00,12,0.42,5.04,,,
15601,United Kingdom,Tea Party Birthday Card,22027,490087,2009-03-12 15:49:00,24,0.42,10.08,,,
15601,United Kingdom,Space Boy Birthday Card,22029,490087,2009-03-12 15:49:00,24,0.42,10.08,,,
15601,United Kingdom,Swallows Greeting Card,22030,490087,2009-03-12 15:49:00,24,0.42,10.08,,,
15601,United Kingdom,Vintage Caravan Greeting Card ,22035,490087,2009-03-12 15:49:00,12,0.42,5.04,,,
15601,United Kingdom, Vintage Design Gift Tags,21493,490087,2009-03-12 15:49:00,12,0.85,10.2,,,
15601,United Kingdom,Rotating Leaves T-Light Holder,21494,490087,2009-03-12 15:49:00,12,2.55,27,,,
15601,United Kingdom,"Elephant, Birthday Card, ",21507,490087,2009-03-12 15:49:00,12,0.42,5.04,,,
15601,United Kingdom,Gin & Tonic Diet Greeting Card ,21519,490087,2009-03-12 15:49:00,12,0.42,5.04,,,
15601,United Kingdom,White Round Porcelain Tlight Holder,18096C,490087,2009-03-12 15:49:00,6,2.55,15.3,,,
15601,United Kingdom,Edwardian Parasol Red,20679,490087,2009-03-12 15:49:00,3,5.95,17.85,,,
15601,United Kingdom,Christmas Card Singing Angel,22042,490087,2009-03-12 15:49:00,12,0.42,5.04,,,
15601,United Kingdom,Paper Chain Kit 50'S Christmas ,22086,490087,2009-03-12 15:49:00,6,2.95,17.7,,,
15601,United Kingdom,Bird House Hot Water Bottle,22110,490087,2009-03-12 15:49:00,4,3.45,13.8,,,
15601,United Kingdom,Joy Wooden Block Letters,22118,490087,2009-03-12 15:49:00,3,4.95,14.85,,,
15601,United Kingdom, Peace Wooden Block Letters,22119,490087,2009-03-12 15:49:00,3,6.95,20.85,,,
15601,United Kingdom,Noel Wooden Block Letters ,22121,490087,2009-03-12 15:49:00,3,5.95,17.85,,,
15601,United Kingdom,Party Cone Christmas Decoration ,22130,490087,2009-03-12 15:49:00,24,0.85,20.4,,,
15601,United Kingdom,Christmas Craft White Fairy ,22142,490087,2009-03-12 15:49:00,12,1.45,17.4,,,
15601,United Kingdom,Christmas Craft Heart Stocking ,22145,490087,2009-03-12 15:49:00,6,2.1,12.6,,,
15601,United Kingdom,Place Setting White Heart,22151,490087,2009-03-12 15:49:00,24,0.42,10.08,,,
15581,United Kingdom,Freestyle Canvas Art Picture,84725,490088,2009-03-12 15:50:00,1,4.25,4.25,,,
15581,United Kingdom,Manhattan Canvas Art Picture,84721,490088,2009-03-12 15:50:00,1,12.75,12.75,,,
17949,United Kingdom,Small Glass Heart Trinket Pot,21314,490089,2009-03-12 15:52:00,27,1.85,27,,,
15581,United Kingdom,Lunchbox With Cutlery Fairy Cakes ,22353,490090,2009-03-12 15:53:00,1,2.55,2.55,,,
15581,United Kingdom,Hand Over The Chocolate   Sign ,85152,490090,2009-03-12 15:53:00,1,2.1,2.1,,,
15581,United Kingdom,Japanese Crocheted Animal,84670,490090,2009-03-12 15:53:00,1,0.42,0.42,,,
15581,United Kingdom,"Fancy Font Birthday Card, ",21506,490090,2009-03-12 15:53:00,6,0.42,2.52,,,
15581,United Kingdom,Set Of 36 Teatime Paper Doilies,84987,490090,2009-03-12 15:53:00,1,1.45,1.45,,,
15581,United Kingdom,Pack Of 20 Fairy Cake Paper Napkins,84520D,490090,2009-03-12 15:53:00,1,0.85,0.85,,,
15581,United Kingdom,Tea Time Des Tea Cosy,47580,490090,2009-03-12 15:53:00,1,2.55,2.55,,,
15581,United Kingdom,Ceramic Cake Design Spotted Mug,37448,490090,2009-03-12 15:53:00,1,1.49,1.49,,,
15581,United Kingdom,Pink Jumper Larry The Lamb,84327A,490090,2009-03-12 15:53:00,1,2.1,2.1,,,
15581,United Kingdom,Hot Water Bottle Tea And Sympathy,22114,490090,2009-03-12 15:53:00,1,3.95,3.95,,,
15581,United Kingdom,Ceramic Cake Bowl + Hanging Cakes,37450,490090,2009-03-12 15:53:00,1,2.95,2.95,,,
15581,United Kingdom,Silver/Crystal Drop Earrings W Leaf,90190A,490090,2009-03-12 15:53:00,2,2.95,5.9,,,
15581,United Kingdom,Rex Cash+Carry Jumbo Shopper,21034,490090,2009-03-12 15:53:00,2,0.95,1.9,,,
15581,United Kingdom,Cream Slice Flannel Pink Spot ,21107,490090,2009-03-12 15:53:00,1,2.95,2.95,,,
15581,United Kingdom,Flower Vine Raffia Food Cover,21470,490090,2009-03-12 15:53:00,2,3.75,7.5,,,
16612,United Kingdom,Red Woolly Hottie White Heart.,84029E,490092,2009-03-12 15:54:00,4,3.75,15,,,
16612,United Kingdom,12 Pencils Tall Tube Skulls,20982,490092,2009-03-12 15:54:00,12,0.85,10.2,,,
16612,United Kingdom,12 Pencils Tall Tube Red Spotty,20983,490092,2009-03-12 15:54:00,12,0.85,10.2,,,
16612,United Kingdom,Set/20 Red Spotty Paper Napkins ,21080,490092,2009-03-12 15:54:00,12,0.85,10.2,,,
16612,United Kingdom,Lunch Bag Cars Blue,20728,490092,2009-03-12 15:54:00,10,1.65,16.5,,,
16612,United Kingdom,Pack 20 English Rose Paper Napkins,84520B,490092,2009-03-12 15:54:00,12,0.85,10.2,,,
16612,United Kingdom,Single Heart Zinc T-Light Holder,84970L,490092,2009-03-12 15:54:00,12,0.95,11.4,,,
16612,United Kingdom,Hanging Heart Zinc T-Light Holder,84970S,490092,2009-03-12 15:54:00,12,0.85,10.2,,,
16612,United Kingdom,Set Of 72 Pink Heart Paper Doilies,84988,490092,2009-03-12 15:54:00,24,1.45,27,,,
16612,United Kingdom,Jumbo Bag Red White Spotty ,85099B,490092,2009-03-12 15:54:00,20,1.95,27,,,
16612,United Kingdom,White Hanging Heart T-Light Holder,85123A,490092,2009-03-12 15:54:00,6,2.95,17.7,,,
16612,United Kingdom,Weekend Bag Vintage Rose Paisley,22275,490092,2009-03-12 15:54:00,4,8.5,27,,,
16612,United Kingdom,Wash Bag Vintage Rose Paisley,22276,490092,2009-03-12 15:54:00,6,2.55,15.3,,,
16612,United Kingdom,Overnight Bag Vintage Rose Paisley,22278,490092,2009-03-12 15:54:00,3,4.95,14.85,,,
16612,United Kingdom,"Charlotte Bag , Suki Design",22355,490092,2009-03-12 15:54:00,20,0.85,17,,,
16612,United Kingdom,Red Hanging Heart T-Light Holder,21733,490092,2009-03-12 15:54:00,6,2.95,17.7,,,
16612,United Kingdom,Fairy Cake Flannel Assorted Colour,21108,490092,2009-03-12 15:54:00,18,2.55,27,,,
16612,United Kingdom,Set Of 72 Retro Spot Paper  Doilies,21210,490092,2009-03-12 15:54:00,24,1.45,27,,,
16612,United Kingdom,White Skull Hot Water Bottle ,21479,490092,2009-03-12 15:54:00,4,3.75,15,,,
16612,United Kingdom,Jumbo Storage Bag Skulls,21930,490092,2009-03-12 15:54:00,20,1.95,27,,,
16612,United Kingdom,Jumbo Storage Bag Suki,21931,490092,2009-03-12 15:54:00,20,1.95,27,,,
16612,United Kingdom,Grand Chocolatecandle,72741,490092,2009-03-12 15:54:00,18,1.45,26.1,,,
16612,United Kingdom,Fairy Cake Candles,72756,490092,2009-03-12 15:54:00,18,1.49,26.82,,,
17949,United Kingdom,Pink Blue Felt Craft Trinket Box,20971,490091,2009-03-12 15:54:00,27,1.06,27,,,
17949,United Kingdom,Roses On Blue Teacup Candle ,72045D,490094,2009-03-12 15:56:00,27,1.69,27,,,
12949,United Kingdom,Knitted Union Flag Hot Water Bottle,84029G,490093,2009-03-12 15:56:00,8,3.75,27,,,
12949,United Kingdom,Pink Heart Shape Egg Frying Pan,84050,490093,2009-03-12 15:56:00,27,1.65,27,,,
12949,United Kingdom,"Decoupage,Greeting Card,",84247G,490093,2009-03-12 15:56:00,12,0.42,5.04,,,
12949,United Kingdom,Asstd Design Bubble Gum Ring,84270,490093,2009-03-12 15:56:00,27,0.21,6.3,,,
12949,United Kingdom,Cream Cupid Hearts Coat Hanger,84406B,490093,2009-03-12 15:56:00,8,3.25,26,,,
12949,United Kingdom,Set Of 4 Fairy Cakes Coasters ,84510B,490093,2009-03-12 15:56:00,10,1.25,12.5,,,
12949,United Kingdom,Pack Of 20 Fairy Cake Paper Napkins,84520D,490093,2009-03-12 15:56:00,12,0.85,10.2,,,
12949,United Kingdom,Assorted Colour Bird Ornament,84879,490093,2009-03-12 15:56:00,16,1.69,27,,,
12949,United Kingdom,Antique Silver Tea Glass Etched,84946,490093,2009-03-12 15:56:00,24,1.25,27,,,
12949,United Kingdom,Antique Silver Tea Glass Engraved,84947,490093,2009-03-12 15:56:00,24,1.25,27,,,
12949,United Kingdom,Small Heart Flowers Hook ,84971S,490093,2009-03-12 15:56:00,24,0.85,20.4,,,
12949,United Kingdom,Set Of 36 Teatime Paper Doilies,84987,490093,2009-03-12 15:56:00,12,1.45,17.4,,,
12949,United Kingdom,Set Of 72 Pink Heart Paper Doilies,84988,490093,2009-03-12 15:56:00,12,1.45,17.4,,,
12949,United Kingdom,60 Teatime Fairy Cake Cases,84991,490093,2009-03-12 15:56:00,27,0.55,26.4,,,
12949,United Kingdom,White Hanging Heart T-Light Holder,85123A,490093,2009-03-12 15:56:00,12,2.95,27,,,
12949,United Kingdom,Ladies & Gentlemen Metal Sign,85150,490093,2009-03-12 15:56:00,12,2.55,27,,,
12949,United Kingdom,S/4 Valentine Decoupage Heart Box,85184C,490093,2009-03-12 15:56:00,6,2.95,17.7,,,
12949,United Kingdom,Set/3 Russian Doll Stacking Tins,85232B,490093,2009-03-12 15:56:00,3,4.95,14.85,,,
12949,United Kingdom,Colouring Pencils Brown Tube,10135,490093,2009-03-12 15:56:00,10,1.25,12.5,,,
12949,United Kingdom,Edwardian Parasol Black,15056BL,490093,2009-03-12 15:56:00,3,5.95,17.85,,,
12949,United Kingdom,Edwardian Parasol Natural,15056N,490093,2009-03-12 15:56:00,3,5.95,17.85,,,
12949,United Kingdom,Edwardian Parasol Red,20679,490093,2009-03-12 15:56:00,6,5.95,27,,,
12949,United Kingdom,Glitter Butterfly Clips,20828,490093,2009-03-12 15:56:00,12,2.55,27,,,
12949,United Kingdom,Geisha Girl Chopsticks Set/5,20987,490093,2009-03-12 15:56:00,10,1.95,19.5,,,
12949,United Kingdom,Spring Flower Chopsticks Set/5,20990,490093,2009-03-12 15:56:00,10,1.95,19.5,,,
12949,United Kingdom,Sweetheart Ceramic Trinket Box,21231,490093,2009-03-12 15:56:00,27,1.25,27,,,
12949,United Kingdom,Strawberry Ceramic Trinket Box,21232,490093,2009-03-12 15:56:00,27,1.25,27,,,
12949,United Kingdom,Aged Glass Silver T-Light Holder,21326,490093,2009-03-12 15:56:00,24,0.65,15.6,,,
12949,United Kingdom,Filigris Heart With Butterfly,21390,490093,2009-03-12 15:56:00,24,1.25,27,,,
12949,United Kingdom,Red Gingham Rose Jewellery Box,21429,490093,2009-03-12 15:56:00,8,1.65,13.2,,,
12949,United Kingdom,Set/3 Red Gingham Rose Storage Box,21430,490093,2009-03-12 15:56:00,4,3.75,15,,,
12949,United Kingdom,Red Spot Heart Hot Water Bottle,21485,490093,2009-03-12 15:56:00,12,4.95,27,,,
12949,United Kingdom,Pink Heart Dots Hot Water Bottle,21486,490093,2009-03-12 15:56:00,12,3.75,27,,,
12949,United Kingdom,Red White Scarf  Hot Water Bottle,21488,490093,2009-03-12 15:56:00,12,3.95,27,,,
12949,United Kingdom,Pack Of 60 Pink Paisley Cake Cases,21977,490093,2009-03-12 15:56:00,24,0.55,13.2,,,
12949,United Kingdom,Mini Cake Stand  Hanging Strawbery,22055,490093,2009-03-12 15:56:00,8,1.65,13.2,,,
12949,United Kingdom,Ceramic Plate Strawberry Design,22057,490093,2009-03-12 15:56:00,12,1.49,17.88,,,
12949,United Kingdom,Ceramic Strwberry Design Mug,22059,490093,2009-03-12 15:56:00,27,1.49,27,,,
12949,United Kingdom,Large Cake Stand  Hanging Strawbery,22061,490093,2009-03-12 15:56:00,2,9.95,19.9,,,
12949,United Kingdom,Ceramic Bowl With Strawberry Design,22063,490093,2009-03-12 15:56:00,12,2.95,27,,,
12949,United Kingdom,Colouring Pencils Brown Tube,10133,490093,2009-03-12 15:56:00,10,0.85,8.5,,,
12949,United Kingdom,Colouring Pencils Brown Tube,10134,490093,2009-03-12 15:56:00,10,1.25,12.5,,,
12949,United Kingdom,Scottie Dog Hot Water Bottle,22111,490093,2009-03-12 15:56:00,12,4.95,27,,,
12949,United Kingdom,Metal 4 Hook Hanger French Chateau,22173,490093,2009-03-12 15:56:00,16,2.95,27,,,
12949,United Kingdom,Victorian Glass Hanging T-Light,22178,490093,2009-03-12 15:56:00,24,1.25,27,,,
12949,United Kingdom,Cream Heart Card Holder,22189,490093,2009-03-12 15:56:00,12,3.95,27,,,
12949,United Kingdom,Four Hook  White Lovebirds,22212,490093,2009-03-12 15:56:00,12,2.1,25.2,,,
12949,United Kingdom,Cake Stand Lovebird 2 Tier White,22220,490093,2009-03-12 15:56:00,2,9.95,19.9,,,
12949,United Kingdom,Heart Filigree Dove  Small,22294,490093,2009-03-12 15:56:00,24,1.25,27,,,
12949,United Kingdom,Mini Cake Stand With Hanging Cakes,37446,490093,2009-03-12 15:56:00,8,1.45,11.6,,,
12949,United Kingdom,Ceramic Cake Design Spotted Plate,37447,490093,2009-03-12 15:56:00,24,1.49,27,,,
12949,United Kingdom,Ceramic Cake Design Spotted Mug,37448,490093,2009-03-12 15:56:00,24,1.49,27,,,
12949,United Kingdom,Ceramic Cake Stand + Hanging Cakes,37449,490093,2009-03-12 15:56:00,2,9.95,19.9,,,
12949,United Kingdom,Tea Time Tea Set In Gift Box,37501,490093,2009-03-12 15:56:00,6,6.95,27,,,
12949,United Kingdom,Tea Time Mug In Gift Box,37502,490093,2009-03-12 15:56:00,12,2.95,27,,,
12949,United Kingdom,Fairy Cake Candles,72756,490093,2009-03-12 15:56:00,27,1.49,27,,,
12949,United Kingdom,Chilli Lights,79321,490093,2009-03-12 15:56:00,4,4.95,19.8,,,
12949,United Kingdom,Green Cherry Lights,79323GR,490093,2009-03-12 15:56:00,8,6.75,27,,,
12949,United Kingdom,Light Pink Cherry Lights,79323LP,490093,2009-03-12 15:56:00,4,6.75,27,,,
12949,United Kingdom,Pink Cherry Lights,79323P,490093,2009-03-12 15:56:00,8,6.75,27,,,
12949,United Kingdom,Wooden Picture Frame White Finish,82482,490093,2009-03-12 15:56:00,6,2.55,15.3,,,
12949,United Kingdom,Wood 2 Drawer Cabinet White Finish,82483,490093,2009-03-12 15:56:00,6,5.95,27,,,
12949,United Kingdom,Wood S/3 Cabinet Ant White Finish,82486,490093,2009-03-12 15:56:00,4,7.95,27,,,
12949,United Kingdom,Wooden Frame Antique White ,82494L,490093,2009-03-12 15:56:00,6,2.95,17.7,,,
14958,United Kingdom,Wood 2 Drawer Cabinet White Finish,82483,490095,2009-03-12 16:02:00,2,5.95,11.9,,,
14958,United Kingdom,Wooden Picture Frame White Finish,82482,490095,2009-03-12 16:02:00,6,2.55,15.3,,,
14958,United Kingdom,Set/6 Christmas Icicle T-Lights,72724,490095,2009-03-12 16:02:00,6,1.25,7.5,,,
14958,United Kingdom,Red Spotty Round Cake Tins,21217,490095,2009-03-12 16:02:00,2,9.95,19.9,,,
14958,United Kingdom,Ivory Pillar Candle Silver Flock,72799E,490095,2009-03-12 16:02:00,12,2.95,27,,,
14958,United Kingdom,Fairy Cake Candles,72756,490095,2009-03-12 16:02:00,9,1.49,13.41,,,
14958,United Kingdom,Wood S/3 Cabinet Ant White Finish,82486,490095,2009-03-12 16:02:00,2,7.95,15.9,,,
14958,United Kingdom,Sweetheart Key Cabinet,84839,490095,2009-03-12 16:02:00,2,6.75,13.5,,,
14958,United Kingdom,Brown Furry Hot Water Bottle,84029C,490095,2009-03-12 16:02:00,2,3.75,7.5,,,
14958,United Kingdom,Victorian Sewing Box Medium,21257,490095,2009-03-12 16:02:00,2,7.95,15.9,,,
14958,United Kingdom,4 Ivory Dinner Candles Silver Flock,72800E,490095,2009-03-12 16:02:00,6,2.55,15.3,,,
14958,United Kingdom,Baking Set 9 Piece Retrospot ,22138,490095,2009-03-12 16:02:00,3,4.95,14.85,,,
17329,United Kingdom,Gold Mini Tape Measure ,20733,490097,2009-03-12 16:09:00,3,0.85,2.55,,,
17329,United Kingdom,Pink Mini Tape Measure ,20736,490097,2009-03-12 16:09:00,2,0.85,1.7,,,
17329,United Kingdom,Silver Mini Tape Measure ,20734,490097,2009-03-12 16:09:00,3,0.85,2.55,,,
17329,United Kingdom,Pack/12 Russian Doll Cards,84247J,490097,2009-03-12 16:09:00,1,2.95,2.95,,,
17329,United Kingdom,Pink Knitted Cow Stuffed Toy,84902,490097,2009-03-12 16:09:00,1,3.75,3.75,,,
17329,United Kingdom,Dog Toy With Pink Crochet Skirt,84581,490097,2009-03-12 16:09:00,2,3.75,7.5,,,
17329,United Kingdom,Silver Teddy Bear,20819,490097,2009-03-12 16:09:00,1,3.75,3.75,,,
17329,United Kingdom,Gold Teddy Bear,20818,490097,2009-03-12 16:09:00,1,3.75,3.75,,,
17329,United Kingdom,Camoflage Design Teddy,84508A,490097,2009-03-12 16:09:00,2,2.55,5.1,,,
17329,United Kingdom,Pink Jumper Larry The Lamb,84327A,490097,2009-03-12 16:09:00,2,2.1,4.2,,,
17329,United Kingdom,Fairy Cake Candles,72756,490097,2009-03-12 16:09:00,9,1.49,13.41,,,
17329,United Kingdom,Vippassport Cover ,20622,490097,2009-03-12 16:09:00,4,2.1,8.4,,,
17329,United Kingdom,Pink Pillar Candle Silver Flock,72799C,490097,2009-03-12 16:09:00,2,2.95,5.9,,,
17329,United Kingdom,Ivory Pillar Candle Silver Flock,72799E,490097,2009-03-12 16:09:00,4,2.95,11.8,,,
17329,United Kingdom,Fawn Blue Hot Water Bottle,21481,490097,2009-03-12 16:09:00,2,2.95,5.9,,,
17329,United Kingdom, Silver T-Light Setting,85103,490097,2009-03-12 16:09:00,1,6.75,6.75,,,
17329,United Kingdom,Dark Pink Flock Glass Candleholder,79338,490097,2009-03-12 16:09:00,6,1.65,9.9,,,
17329,United Kingdom,Light Pink Flock Glass Candleholder,79336,490097,2009-03-12 16:09:00,6,1.65,9.9,,,
17329,United Kingdom,Girly Pink Tool Set,84854,490097,2009-03-12 16:09:00,4,4.95,19.8,,,
17329,United Kingdom,Blokey Silver Tool Set,84855,490097,2009-03-12 16:09:00,4,4.95,19.8,,,
17329,United Kingdom,Knitted Union Flag Hot Water Bottle,84029G,490097,2009-03-12 16:09:00,7,3.75,26.25,,,
17329,United Kingdom,Red Woolly Hottie White Heart.,84029E,490097,2009-03-12 16:09:00,4,3.75,15,,,
17329,United Kingdom,Red White Scarf  Hot Water Bottle,21488,490097,2009-03-12 16:09:00,4,3.95,15.8,,,
17329,United Kingdom,Charlie + Lola Red Hot Water Bottle,84032B,490097,2009-03-12 16:09:00,4,2.95,11.8,,,
17329,United Kingdom,Robot Birthday Card,22037,490097,2009-03-12 16:09:00,12,0.42,5.04,,,
17329,United Kingdom,Swallows Greeting Card,22030,490097,2009-03-12 16:09:00,12,0.42,5.04,,,
17329,United Kingdom,Vintage Kid Dolly Card ,21508,490097,2009-03-12 16:09:00,12,0.42,5.04,,,
17329,United Kingdom,"Fancy Font Birthday Card, ",21506,490097,2009-03-12 16:09:00,12,0.42,5.04,,,
17329,United Kingdom,Swallow Cigar Box Matches ,21593,490097,2009-03-12 16:09:00,1,1.25,1.25,,,
17329,United Kingdom,Retro Spot  Cigar Box Matches ,21592,490097,2009-03-12 16:09:00,2,1.25,2.5,,,
17329,United Kingdom,Kings Choice Cigar Box Matches ,21590,490097,2009-03-12 16:09:00,1,1.25,1.25,,,
17329,United Kingdom,Jumbo Storage Bag Suki,21931,490097,2009-03-12 16:09:00,2,1.95,3.9,,,
17329,United Kingdom,Suki  Shoulder Bag,21935,490097,2009-03-12 16:09:00,2,1.65,3.3,,,
17329,United Kingdom,Retro Spot Giant  Tube Matches,21588,490097,2009-03-12 16:09:00,5,2.55,12.75,,,
17329,United Kingdom,Cosy Hour Giant Tube Matches,21587,490097,2009-03-12 16:09:00,4,2.55,10.2,,,
16736,United Kingdom,Metal Medina Lantern ,21728,490099,2009-03-12 16:12:00,1,12.75,12.75,,,
16736,United Kingdom,Silver Vanilla Flower Candle Pot,21691,490099,2009-03-12 16:12:00,4,3.75,15,,,
16736,United Kingdom,Silver Lattice Vanilla Candle Pot,21692,490099,2009-03-12 16:12:00,4,3.75,15,,,
16736,United Kingdom,Grand Chocolatecandle,72741,490099,2009-03-12 16:12:00,18,1.45,26.1,,,
16736,United Kingdom,Moroccan Tea Glass,79000,490099,2009-03-12 16:12:00,12,0.85,10.2,,,
16736,United Kingdom,Glass Bonbon Jar Parfume Aux Fleure,82607A,490099,2009-03-12 16:12:00,6,1.25,7.5,,,
16736,United Kingdom,Ant White Wire Heart Spiral,84884A,490099,2009-03-12 16:12:00,5,3.95,19.75,,,
16736,United Kingdom,Hanging Medina Lantern Large,21323,490099,2009-03-12 16:12:00,3,4.25,12.75,,,
16736,United Kingdom,Hanging Medina Lantern Small,21324,490099,2009-03-12 16:12:00,6,2.95,17.7,,,
16736,United Kingdom,Kasbah Lantern With Glass ,21341,490099,2009-03-12 16:12:00,3,4.65,13.95,,,
16736,United Kingdom,Silver Plate Candle Bowl Large,21687,490099,2009-03-12 16:12:00,4,3.75,15,,,
16736,United Kingdom,Pink Spots Chocolate Nesting Boxes ,21348,490099,2009-03-12 16:12:00,6,2.95,17.7,,,
16736,United Kingdom,Wooden Happy Birthday Garland,21380,490099,2009-03-12 16:12:00,6,2.95,17.7,,,
16736,United Kingdom,Pink Stripe Hot Water Bottle,21480,490099,2009-03-12 16:12:00,6,2.95,17.7,,,
16736,United Kingdom,Retro Spots Pudding Bowl,21537,490099,2009-03-12 16:12:00,4,4.25,17,,,
16736,United Kingdom,Butterfly Water Transfer Tattoos ,21543,490099,2009-03-12 16:12:00,12,0.85,10.2,,,
16736,United Kingdom,Skulls  Water Transfer Tattoos ,21544,490099,2009-03-12 16:12:00,12,0.85,10.2,,,
16736,United Kingdom,Glass Cake Cover And Plate,21667,490099,2009-03-12 16:12:00,1,16.95,16.95,,,
16736,United Kingdom,Asstd Design Pop Art Slim Pen,84934,490099,2009-03-12 16:12:00,27,0.85,27,,,
16736,United Kingdom,Silver Hanging T-Light Holder,84949,490099,2009-03-12 16:12:00,6,1.65,9.9,,,
16736,United Kingdom,Black/Blue Dots Ruffled Umbrella,85014A,490099,2009-03-12 16:12:00,3,5.95,17.85,,,
16736,United Kingdom,Red/White Dots Ruffled Umbrella,85014B,490099,2009-03-12 16:12:00,3,5.95,17.85,,,
16736,United Kingdom,Antique Lily Fairy Lights,85042,490099,2009-03-12 16:12:00,4,4.95,19.8,,,
16736,United Kingdom,Candy Spot Apron,85090,490099,2009-03-12 16:12:00,3,4.65,13.95,,,
16736,United Kingdom,Jumbo  Bag Baroque Black White,85099C,490099,2009-03-12 16:12:00,10,1.95,19.5,,,
16736,United Kingdom,Charlie And Lola Figures Tins,85132C,490099,2009-03-12 16:12:00,1,9.95,9.95,,,
16736,United Kingdom,Edwardian Parasol Natural,15056N,490099,2009-03-12 16:12:00,3,5.95,17.85,,,
16736,United Kingdom,Edwardian Parasol Red,20679,490099,2009-03-12 16:12:00,3,5.95,17.85,,,
16736,United Kingdom,Dolly Mixture Children'S Umbrella,20686,490099,2009-03-12 16:12:00,6,3.25,19.5,,,
16736,United Kingdom,Retro Pink Spot Washing Up Gloves,20753,490099,2009-03-12 16:12:00,6,2.1,12.6,,,
16736,United Kingdom,Retro Red Spotty Washing Up Gloves,20754,490099,2009-03-12 16:12:00,6,2.1,12.6,,,
16736,United Kingdom,12 Pencils Tall Tube Red Spotty,20983,490099,2009-03-12 16:12:00,12,0.85,10.2,,,
16736,United Kingdom,Red Spotty Oven Glove Double,21041,490099,2009-03-12 16:12:00,6,2.95,17.7,,,
16736,United Kingdom,Nurse'S Bag Soft Toy,21054,490099,2009-03-12 16:12:00,2,8.95,17.9,,,
16736,United Kingdom,Tool Box Soft Toy ,21055,490099,2009-03-12 16:12:00,2,8.95,17.9,,,
16736,United Kingdom,Home Sweet Home Metal Sign ,21164,490099,2009-03-12 16:12:00,6,2.95,17.7,,,
16736,United Kingdom,Strawberry Ceramic Trinket Box,21232,490099,2009-03-12 16:12:00,12,1.25,15,,,
16736,United Kingdom,Victorian Sewing Box Large,21258,490099,2009-03-12 16:12:00,1,12.75,12.75,,,
16736,United Kingdom,Stripey Chocolate Nesting Boxes,21288,490099,2009-03-12 16:12:00,6,2.95,17.7,,,
16736,United Kingdom,Charlie+Lola Red Hot Water Bottle ,84031A,490099,2009-03-12 16:12:00,3,4.65,13.95,,,
16736,United Kingdom,Charlie Lola Blue Hot Water Bottle ,84031B,490099,2009-03-12 16:12:00,3,4.65,13.95,,,
16736,United Kingdom,World War 2 Gliders Asstd Designs,84077,490099,2009-03-12 16:12:00,27,0.21,10.08,,,
16736,United Kingdom,3D Dog Picture Playing Cards,84558A,490099,2009-03-12 16:12:00,6,2.95,17.7,,,
16736,United Kingdom,Chilli Lights,79321,490099,2009-03-12 16:12:00,4,4.95,19.8,,,
16736,United Kingdom,Pink Cherry Lights,79323P,490099,2009-03-12 16:12:00,4,6.75,27,,,
16736,United Kingdom, Silver Cherry Lights,79323S,490099,2009-03-12 16:12:00,4,6.75,27,,,
16736,United Kingdom, White Cherry Lights,79323W,490099,2009-03-12 16:12:00,4,6.75,27,,,
16736,United Kingdom,Fairy Cake Candles,72756,490099,2009-03-12 16:12:00,18,1.49,26.82,,,
16736,United Kingdom,Colouring Pencils Brown Tube,10133,490099,2009-03-12 16:12:00,10,0.85,8.5,,,
16736,United Kingdom,Edwardian Parasol Black,15056BL,490099,2009-03-12 16:12:00,3,5.95,17.85,,,
16736,United Kingdom,"Folding Umbrella , Red/White Spot",21706,490099,2009-03-12 16:12:00,4,4.95,19.8,,,
16736,United Kingdom,"Folding Umbrella , Black/Blue  Spot",21707,490099,2009-03-12 16:12:00,4,4.95,19.8,,,
16736,United Kingdom,Folding Umbrella  Cream/Multi  Spot,21708,490099,2009-03-12 16:12:00,4,4.95,19.8,,,
16736,United Kingdom,Folding Umbrella  Pink/White  Spot,21710,490099,2009-03-12 16:12:00,4,4.95,19.8,,,
16736,United Kingdom,Folding Umbrella  White/Red  Spot,21711,490099,2009-03-12 16:12:00,4,4.95,19.8,,,
16736,United Kingdom,Cosy Slipper Shoes Small  Red ,21738,490099,2009-03-12 16:12:00,6,2.95,17.7,,,
16736,United Kingdom,Cosy Slipper Shoes Small Green,21739,490099,2009-03-12 16:12:00,6,2.95,17.7,,,
16736,United Kingdom,Cosy Slipper Shoes Large Red,21740,490099,2009-03-12 16:12:00,6,2.95,17.7,,,
16736,United Kingdom,Cosy Slipper Shoes Large Green,21741,490099,2009-03-12 16:12:00,6,2.95,17.7,,,
16736,United Kingdom,Glass Cake Stand Mirrored Base,21752,490099,2009-03-12 16:12:00,1,14.95,14.95,,,
16736,United Kingdom,Vintage Snap Cards,21790,490099,2009-03-12 16:12:00,12,0.85,10.2,,,
16736,United Kingdom,Vintage Heads And Tails Card Game ,21791,490099,2009-03-12 16:12:00,12,1.25,15,,,
16736,United Kingdom,Kings Choice Mug,21875,490099,2009-03-12 16:12:00,12,1.25,15,,,
16736,United Kingdom,Vintage Snakes & Ladders,21912,490099,2009-03-12 16:12:00,4,3.75,15,,,
16736,United Kingdom,Set 12 Kids Colour  Chalk Sticks,21918,490099,2009-03-12 16:12:00,24,0.42,10.08,,,
16736,United Kingdom,Empire Tissue Box,22091,490099,2009-03-12 16:12:00,12,1.25,15,,,
16736,United Kingdom,Boudoir Square Tissue Box,22098,490099,2009-03-12 16:12:00,12,1.25,15,,,
16736,United Kingdom,Metal Sign Empire Tea,22115,490099,2009-03-12 16:12:00,6,2.95,17.7,,,
16736,United Kingdom,Retro Spot Tea Set Ceramic 11 Pc ,22139,490099,2009-03-12 16:12:00,3,4.95,14.85,,,
16736,United Kingdom,Tea Cosy Red  Stripe,22309,490099,2009-03-12 16:12:00,6,2.55,15.3,,,
16736,United Kingdom,Lunchbox With Cutlery Retrospot ,22352,490099,2009-03-12 16:12:00,6,2.55,15.3,,,
16736,United Kingdom,Minature Coloured Gardening Set,47505,490099,2009-03-12 16:12:00,3,4.95,14.85,,,
16736,United Kingdom,English Rose Ironing Board Cover,47562,490099,2009-03-12 16:12:00,5,3.75,18.75,,,
16736,United Kingdom,Blue Happy Birthday Bunting,47590A,490099,2009-03-12 16:12:00,3,5.45,16.35,,,
13001,United Kingdom,Hen House Decoration,22284,490100,2009-03-12 16:21:00,3,1.65,4.95,,,
13001,United Kingdom,World War 2 Gliders Asstd Designs,84077,490100,2009-03-12 16:21:00,2,0.21,0.42,,,
13001,United Kingdom,Door Mat Friendship ,48189,490100,2009-03-12 16:21:00,1,6.75,6.75,,,
13001,United Kingdom,Blue Harmonica In Box ,21914,490100,2009-03-12 16:21:00,7,1.25,8.75,,,
13001,United Kingdom,Pink Spotty Childs Umbrella,20681,490100,2009-03-12 16:21:00,5,3.25,16.25,,,
13001,United Kingdom,Red Spotty Childs Umbrella,20682,490100,2009-03-12 16:21:00,5,3.25,16.25,,,
13001,United Kingdom,"Folding Umbrella , Red/White Spot",21706,490100,2009-03-12 16:21:00,5,4.95,24.75,,,
13001,United Kingdom,Folding Umbrella  Pink/White  Spot,21710,490100,2009-03-12 16:21:00,5,4.95,24.75,,,
13001,United Kingdom,Folding Umbrella  Cream/Multi  Spot,21708,490100,2009-03-12 16:21:00,5,4.95,24.75,,,
13001,United Kingdom,"Folding Umbrella , Black/Blue  Spot",21707,490100,2009-03-12 16:21:00,5,4.95,24.75,,,
13001,United Kingdom,Folding Umbrella  Choc/White  Spot,21709,490100,2009-03-12 16:21:00,5,4.95,24.75,,,
13001,United Kingdom,Magic Sheep Wool Growing From Paper,84012,490100,2009-03-12 16:21:00,1,2.55,2.55,,,
13001,United Kingdom,Baby Mouse Red Gingham Dress,21841,490100,2009-03-12 16:21:00,3,4.25,12.75,,,
13001,United Kingdom,Mummy Mouse Red Gingham Ribbon,21839,490100,2009-03-12 16:21:00,3,5.45,16.35,,,
13001,United Kingdom,Potting Shed Candle Citronella,21897,490100,2009-03-12 16:21:00,1,2.95,2.95,,,
13001,United Kingdom,Potting Shed Twine,21896,490100,2009-03-12 16:21:00,3,2.1,6.3,,,
13001,United Kingdom,Blue Shark Helicopter,85136B,490100,2009-03-12 16:21:00,1,7.95,7.95,,,
13001,United Kingdom,Potting Shed Sow 'N' Grow Set,21895,490100,2009-03-12 16:21:00,3,4.25,12.75,,,
13001,United Kingdom,Potting Shed Seed Tin,21893,490100,2009-03-12 16:21:00,3,4.25,12.75,,,
13001,United Kingdom,Blue Fairy Cake Child'S Apron,47591C,490100,2009-03-12 16:21:00,4,1.95,7.8,,,
13001,United Kingdom,Red Spotty Childs Apron,21156,490100,2009-03-12 16:21:00,6,1.95,11.7,,,
13001,United Kingdom,Vintage Union Jack Bunting,21621,490100,2009-03-12 16:21:00,2,8.5,17,,,
13001,United Kingdom,Glass Honeypot Wasp Catcher,79029,490100,2009-03-12 16:21:00,1,1.95,1.95,,,
13001,United Kingdom,Set/6 Garden Gnome T-Light Candles,20940,490100,2009-03-12 16:21:00,3,2.95,8.85,,,
13001,United Kingdom,"Spring Dec , Hanging Chick Cream",22291,490100,2009-03-12 16:21:00,3,1.45,4.35,,,
13001,United Kingdom,Bath Duck Watering Can,84676,490100,2009-03-12 16:21:00,3,2.95,8.85,,,
13001,United Kingdom,Pink B'Fly C/Cover W Bobbles,84906,490100,2009-03-12 16:21:00,4,5.95,23.8,,,
13001,United Kingdom,"Key Fob , Front  Door ",21902,490100,2009-03-12 16:21:00,10,0.65,6.5,,,
13001,United Kingdom,"Key Fob , Back Door ",21901,490100,2009-03-12 16:21:00,5,0.65,3.25,,,
13001,United Kingdom,"Key Fob , Shed",21900,490100,2009-03-12 16:21:00,10,0.65,6.5,,,
13001,United Kingdom,Hand Over The Chocolate   Sign ,85152,490100,2009-03-12 16:21:00,2,2.1,4.2,,,
13001,United Kingdom,Cook With Wine Metal Sign ,21166,490100,2009-03-12 16:21:00,4,1.95,7.8,,,
13001,United Kingdom,Garden Metal Sign ,21911,490100,2009-03-12 16:21:00,5,1.65,8.25,,,
13001,United Kingdom,Party Metal Sign ,21172,490100,2009-03-12 16:21:00,6,1.45,8.7,,,
13001,United Kingdom,Way Out Metal Sign ,21910,490100,2009-03-12 16:21:00,4,1.65,6.6,,,
13001,United Kingdom,Chocolate This Way Metal Sign,21908,490100,2009-03-12 16:21:00,6,2.1,12.6,,,
13001,United Kingdom,Toilet Metal Sign,82581,490100,2009-03-12 16:21:00,6,0.55,3.3,,,
13001,United Kingdom,Kitchen Metal Sign,82578,490100,2009-03-12 16:21:00,6,0.55,3.3,,,
13001,United Kingdom,Bathroom Metal Sign,82580,490100,2009-03-12 16:21:00,6,0.55,3.3,,,
13001,United Kingdom,Beware Of The Cat Metal Sign ,21165,490100,2009-03-12 16:21:00,6,1.69,10.14,,,
13001,United Kingdom,Hot Baths Metal Sign,82583,490100,2009-03-12 16:21:00,6,2.1,12.6,,,
13001,United Kingdom,Pottering In The Shed Metal Sign,21174,490100,2009-03-12 16:21:00,4,1.95,7.8,,,
13001,United Kingdom,"French Bottle , Lavender",21255,490100,2009-03-12 16:21:00,2,1.65,3.3,,,
13001,United Kingdom,Brown Check Cat Doorstop ,21407,490100,2009-03-12 16:21:00,1,4.25,4.25,,,
13001,United Kingdom,White Hanging Heart T-Light Holder,85123A,490100,2009-03-12 16:21:00,12,2.95,27,,,
13001,United Kingdom,Red Hanging Heart T-Light Holder,21733,490100,2009-03-12 16:21:00,4,2.95,11.8,,,
13001,United Kingdom,Red Gingham Rose Jewellery Box,21429,490100,2009-03-12 16:21:00,3,1.65,4.95,,,
13001,United Kingdom,Wood Stamp Set Thank You,22208,490100,2009-03-12 16:21:00,1,1.65,1.65,,,
13001,United Kingdom,Painted Metal Pears Assorted,21136,490100,2009-03-12 16:21:00,8,1.69,13.52,,,
13001,United Kingdom,Potting Shed Tea Mug,21868,490100,2009-03-12 16:21:00,1,1.25,1.25,,,
13001,United Kingdom,Tea Cosy Blue Stripe,22308,490100,2009-03-12 16:21:00,1,2.55,2.55,,,
13001,United Kingdom,Ivory Hanging Decoration  Bird,21389,490100,2009-03-12 16:21:00,12,0.85,10.2,,,
13001,United Kingdom,Ivory Hanging Decoration  Butterfly,21384,490100,2009-03-12 16:21:00,12,0.85,10.2,,,
13001,United Kingdom,Ivory Hanging Decoration  Heart,21385,490100,2009-03-12 16:21:00,8,0.85,6.8,,,
13001,United Kingdom,Filigris Heart With Butterfly,21390,490100,2009-03-12 16:21:00,8,1.25,10,,,
13001,United Kingdom,Retro Spot Tea Set Ceramic 11 Pc ,22139,490100,2009-03-12 16:21:00,4,4.95,19.8,,,
13001,United Kingdom,Set/6 Turquoise Butterfly T-Lights,72351A,490100,2009-03-12 16:21:00,7,2.1,14.7,,,
13001,United Kingdom,Vip Luggage Tag ,20660,490100,2009-03-12 16:21:00,5,1.25,6.25,,,
13001,United Kingdom,Vippassport Cover ,20622,490100,2009-03-12 16:21:00,4,2.1,8.4,,,
13001,United Kingdom,Pink Union Jack  Luggage Tag,21867,490100,2009-03-12 16:21:00,6,1.25,7.5,,,
13001,United Kingdom,Union Jack Flag Luggage Tag,21866,490100,2009-03-12 16:21:00,7,1.25,8.75,,,
13001,United Kingdom,Red Hanging Metal Star Tlight Hldr,21732,490100,2009-03-12 16:21:00,4,3.75,15,,,
13001,United Kingdom,Pink Union Jack  Passport Cover ,21865,490100,2009-03-12 16:21:00,6,2.1,12.6,,,
13001,United Kingdom,Union Jack Flag Passport Cover ,21864,490100,2009-03-12 16:21:00,6,2.1,12.6,,,
13001,United Kingdom,English Rose Ironing Board Cover,47562,490100,2009-03-12 16:21:00,2,3.75,7.5,,,
13001,United Kingdom,Red Spot Heart Hot Water Bottle,21485,490100,2009-03-12 16:21:00,2,4.95,9.9,,,
13001,United Kingdom,Red Woolly Hottie White Heart.,84029E,490100,2009-03-12 16:21:00,2,3.75,7.5,,,
13001,United Kingdom,Knitted Union Flag Hot Water Bottle,84029G,490100,2009-03-12 16:21:00,2,3.75,7.5,,,
13001,United Kingdom,Toast Its - Happy Birthday,21358,490100,2009-03-12 16:21:00,2,1.25,2.5,,,
13001,United Kingdom,Toast Its - Dinosaur,21357,490100,2009-03-12 16:21:00,3,1.25,3.75,,,
13001,United Kingdom,Toast Its - I Love You ,21355,490100,2009-03-12 16:21:00,2,1.25,2.5,,,
13001,United Kingdom,Toast Its - Fairy Flower,21356,490100,2009-03-12 16:21:00,3,1.25,3.75,,,
13001,United Kingdom,Toast Its - Best Mum,21354,490100,2009-03-12 16:21:00,2,1.25,2.5,,,
13001,United Kingdom, Silver T-Light Setting,85103,490100,2009-03-12 16:21:00,1,6.75,6.75,,,
13001,United Kingdom,Wrap Blue Reindeer,16169C,490100,2009-03-12 16:21:00,25,0.42,10.5,,,
13001,United Kingdom,White Skull Hot Water Bottle ,21479,490100,2009-03-12 16:21:00,5,3.75,18.75,,,
13001,United Kingdom,Red Spotty Apron ,21042,490100,2009-03-12 16:21:00,4,5.95,23.8,,,
13001,United Kingdom,Set/2 Red Spotty Tea Towels ,21035,490100,2009-03-12 16:21:00,5,2.95,14.75,,,
13001,United Kingdom,Baking Set 9 Piece Retrospot ,22138,490100,2009-03-12 16:21:00,5,4.95,24.75,,,
13001,United Kingdom,36 Pencils Tube Skulls,20978,490100,2009-03-12 16:21:00,16,1.25,20,,,
13001,United Kingdom,36 Pencils Tube Red Spotty,20979,490100,2009-03-12 16:21:00,16,1.25,20,,,
13001,United Kingdom,Overnight Bag Vintage Rose Paisley,22278,490100,2009-03-12 16:21:00,3,4.95,14.85,,,
13001,United Kingdom,English Rose Design Peg Bag,47568,490100,2009-03-12 16:21:00,3,2.1,6.3,,,
14644,United Kingdom,Urban Chic Chopsticks Set/5,20989,490101,2009-03-12 16:24:00,20,1.95,27,,,
14644,United Kingdom,Spring Flower Chopsticks Set/5,20990,490101,2009-03-12 16:24:00,20,1.95,27,,,
14644,United Kingdom,Pack Of 72 Skull Cake Cases,21213,490101,2009-03-12 16:24:00,24,0.55,13.2,,,
14644,United Kingdom,Glass  Beurre Dish,21658,490101,2009-03-12 16:24:00,4,3.95,15.8,,,
14644,United Kingdom,Pack Of 60 Pink Paisley Cake Cases,21977,490101,2009-03-12 16:24:00,24,0.55,13.2,,,
14644,United Kingdom,Set Of 3 Silver Flying Ducks,35004S,490101,2009-03-12 16:24:00,6,6.35,27,,,
14644,United Kingdom,60 Teatime Fairy Cake Cases,84991,490101,2009-03-12 16:24:00,24,0.55,13.2,,,
14644,United Kingdom,Ivory Enchanted Forest Placemat,85114B,490101,2009-03-12 16:24:00,12,1.65,19.8,,,
14644,United Kingdom,Red Spotty Round Cake Tins,21217,490101,2009-03-12 16:24:00,10,9.95,27,,,
14644,United Kingdom,Welcome  Wooden Block Letters,22120,490101,2009-03-12 16:24:00,3,9.95,27,,,
14644,United Kingdom,Home Building Block Word,21754,490101,2009-03-12 16:24:00,3,5.95,17.85,,,
14898,United Kingdom,Green Mini Tape Measure ,20738,490106,2009-03-12 16:40:00,10,0.85,8.5,,,
14898,United Kingdom,12 Pencils Small Tube Red Spotty,20975,490106,2009-03-12 16:40:00,24,0.65,15.6,,,
14898,United Kingdom,12 Pencils Small Tube Posy,20976,490106,2009-03-12 16:40:00,24,0.65,15.6,,,
14898,United Kingdom,Set/20 Red Spotty Paper Napkins ,21080,490106,2009-03-12 16:40:00,12,0.85,10.2,,,
14898,United Kingdom,Retro Spot Traditional Teapot ,21527,490106,2009-03-12 16:40:00,2,7.95,15.9,,,
14898,United Kingdom,Retro Spot Sugar Jam Bowl,21531,490106,2009-03-12 16:40:00,6,2.55,15.3,,,
14898,United Kingdom,Ceramic Strawberry Money Box,21556,490106,2009-03-12 16:40:00,6,2.55,15.3,,,
14898,United Kingdom,Big Doughnut Fridge Magnets,21700,490106,2009-03-12 16:40:00,12,0.85,10.2,,,
14898,United Kingdom,Recipe Box With Metal Heart,21777,490106,2009-03-12 16:40:00,4,7.95,27,,,
14898,United Kingdom,Set 12 Retro White Chalk Sticks,21916,490106,2009-03-12 16:40:00,24,0.42,10.08,,,
14898,United Kingdom,Pack Of 12 Red Spotty Tissues ,21980,490106,2009-03-12 16:40:00,27,0.29,13.92,,,
14898,United Kingdom,Pack Of 12 Hearts Design Tissues ,21985,490106,2009-03-12 16:40:00,27,0.29,13.92,,,
14898,United Kingdom,Tea Cup And Saucer Retro Spot,22072,490106,2009-03-12 16:40:00,4,3.75,15,,,
14898,United Kingdom,Noel Wooden Block Letters ,22121,490106,2009-03-12 16:40:00,3,5.95,17.85,,,
14898,United Kingdom,Baking Set 9 Piece Retrospot ,22138,490106,2009-03-12 16:40:00,6,4.95,27,,,
14898,United Kingdom,English Rose Tape Measure,47504G,490106,2009-03-12 16:40:00,12,1.25,15,,,
14898,United Kingdom,Vintage Cream 3 Basket Cake Stand,72760B,490106,2009-03-12 16:40:00,2,9.95,19.9,,,
14898,United Kingdom,Set Of 4 English Rose Coasters,84510A,490106,2009-03-12 16:40:00,10,1.25,12.5,,,
14898,United Kingdom,Set Of 4 Fairy Cakes Coasters ,84510B,490106,2009-03-12 16:40:00,10,1.25,12.5,,,
14898,United Kingdom,Pink Small Glass Cake Stand,84750A,490106,2009-03-12 16:40:00,8,1.95,15.6,,,
14662,United Kingdom,Red Spotty Childs Umbrella,20682,490107,2009-03-12 16:47:00,4,3.25,13,,,
14662,United Kingdom,Pink Spotty Childs Umbrella,20681,490107,2009-03-12 16:47:00,4,3.25,13,,,
14662,United Kingdom,Scottie Dog Hot Water Bottle,22111,490107,2009-03-12 16:47:00,2,4.95,9.9,,,
14662,United Kingdom,Lunchbox With Cutlery Fairy Cakes ,22353,490107,2009-03-12 16:47:00,4,2.55,10.2,,,
14662,United Kingdom,Skull Lunchbox With Cutlery ,21558,490107,2009-03-12 16:47:00,4,2.55,10.2,,,
14662,United Kingdom,Dinosaur Lunchbox With Cutlery,21561,490107,2009-03-12 16:47:00,4,2.55,10.2,,,
14662,United Kingdom,Strawberry Lunchbox With Cutlery,21559,490107,2009-03-12 16:47:00,4,2.55,10.2,,,
14662,United Kingdom,Weekend Bag Vintage Rose Paisley,22275,490107,2009-03-12 16:47:00,4,8.5,27,,,
17414,United Kingdom,Assorted Colours Silk Fan,15036,490108,2009-03-12 16:49:00,27,0.48,27,,,
17414,United Kingdom,Small Chinese Style Scissor,16014,490108,2009-03-12 16:49:00,20,0.32,6.4,,,
17414,United Kingdom,Medium Chinese Style Scissor,16015,490108,2009-03-12 16:49:00,20,0.36,7.2,,,
17414,United Kingdom,Large Chinese Style Scissor,16016,490108,2009-03-12 16:49:00,20,0.72,14.4,,,
17414,United Kingdom,Buddha Incense Holder Assorted,35160,490108,2009-03-12 16:49:00,27,0.67,27,,,
14755,United Kingdom,Pack Of 72 Retro Spot Cake Cases,21212,490109,2009-03-12 16:51:00,24,0.55,13.2,,,
14755,United Kingdom,Red Spotty Round Cake Tins,21217,490109,2009-03-12 16:51:00,1,9.95,9.95,,,
14755,United Kingdom,Pink Stripe Hot Water Bottle,21480,490109,2009-03-12 16:51:00,12,2.95,27,,,
14755,United Kingdom,Vintage Union Jack Bunting,21621,490109,2009-03-12 16:51:00,2,8.5,17,,,
14755,United Kingdom,Red Stripe Ceramic Drawer Knob,21668,490109,2009-03-12 16:51:00,12,1.25,15,,,
14755,United Kingdom,Blue Stripe Ceramic Drawer Knob,21669,490109,2009-03-12 16:51:00,12,1.25,15,,,
14755,United Kingdom,White Spot Red Ceramic Drawer Knob,21672,490109,2009-03-12 16:51:00,12,1.25,15,,,
14755,United Kingdom,White Spot Blue Ceramic Drawer Knob,21673,490109,2009-03-12 16:51:00,12,1.25,15,,,
14755,United Kingdom,Retro Spot Cake Stand,21843,490109,2009-03-12 16:51:00,1,10.95,10.95,,,
14755,United Kingdom,Tea Party  Wrapping Paper ,22046,490109,2009-03-12 16:51:00,25,0.42,10.5,,,
14755,United Kingdom,Empire Gift Wrap,22047,490109,2009-03-12 16:51:00,25,0.42,10.5,,,
14755,United Kingdom,Chocolate Hot Water Bottle,22112,490109,2009-03-12 16:51:00,9,4.95,27,,,
14755,United Kingdom,Grey Heart Hot Water Bottle,22113,490109,2009-03-12 16:51:00,8,3.45,27,,,
14755,United Kingdom,Hot Water Bottle Tea And Sympathy,22114,490109,2009-03-12 16:51:00,8,3.95,27,,,
14755,United Kingdom,Picture Frame Wood Triple Portrait,22170,490109,2009-03-12 16:51:00,4,6.75,27,,,
14755,United Kingdom,Cream Heart Card Holder,22189,490109,2009-03-12 16:51:00,4,3.95,15.8,,,
14755,United Kingdom,Tea Cosy Red  Stripe,22309,490109,2009-03-12 16:51:00,6,2.55,15.3,,,
14755,United Kingdom,Silver Christmas Tree Bauble Stand ,84352,490109,2009-03-12 16:51:00,1,16.95,16.95,,,
14755,United Kingdom,Pink Small Glass Cake Stand,84750A,490109,2009-03-12 16:51:00,8,1.95,15.6,,,
14755,United Kingdom,White Hanging Heart T-Light Holder,85123A,490109,2009-03-12 16:51:00,18,2.95,27,,,
14755,United Kingdom,Set 3 Wicker Log Baskets,21737,490110,2009-03-12 16:52:00,1,19.95,19.95,,,
14755,United Kingdom,Tea Bag Plate Red Spotty ,22348,490110,2009-03-12 16:52:00,12,0.85,10.2,,,
17576,United Kingdom,Embroidered Reindeer Decoration,85079,490111,2009-03-12 16:54:00,4,2.12,8.48,,,
17576,United Kingdom,Japanese Crocheted Animal,84670,490111,2009-03-12 16:54:00,12,0.42,5.04,,,
17576,United Kingdom,White Advent Candle,72529W,490111,2009-03-12 16:54:00,2,2.12,4.24,,,
17576,United Kingdom,S/4 Burgundy Wine Dinner Candles,72801G,490111,2009-03-12 16:54:00,2,1.25,2.5,,,
17576,United Kingdom,S/4 Festive Red Dinner Candles,72801F,490111,2009-03-12 16:54:00,12,1.25,15,,,
17576,United Kingdom,Wooden Picture Frame White Finish,82482,490111,2009-03-12 16:54:00,3,2.55,7.65,,,
17576,United Kingdom,Traditional Christmas Ribbons,85049A,490111,2009-03-12 16:54:00,1,1.25,1.25,,,
17576,United Kingdom,Cinammon & Orange Wreath,21351,490111,2009-03-12 16:54:00,1,6.75,6.75,,,
17576,United Kingdom,12 Ivory Rose Peg Place Settings,21447,490111,2009-03-12 16:54:00,1,1.25,1.25,,,
17576,United Kingdom,"Key Fob , Back Door ",21901,490111,2009-03-12 16:54:00,5,0.65,3.25,,,
17576,United Kingdom,"Key Fob , Front  Door ",21902,490111,2009-03-12 16:54:00,5,0.65,3.25,,,
17576,United Kingdom,"Key Fob , Garage Design",21899,490111,2009-03-12 16:54:00,27,0.65,27,,,
17576,United Kingdom,"Key Fob , Shed",21900,490111,2009-03-12 16:54:00,27,0.65,27,,,
17576,United Kingdom,White Beaded Garland String 20Light,85047,490111,2009-03-12 16:54:00,1,6.35,6.35,,,
17576,United Kingdom,Party Cone Christmas Decoration ,22130,490111,2009-03-12 16:54:00,12,0.85,10.2,,,
17576,United Kingdom,Painted Metal Tree With Holly Bells,21825,490111,2009-03-12 16:54:00,1,1.45,1.45,,,
17576,United Kingdom,White Bell Honeycomb Paper Garland ,21187,490111,2009-03-12 16:54:00,2,1.65,3.3,,,
17576,United Kingdom,Crochet Bear With Blue Stripes,84671B,490111,2009-03-12 16:54:00,10,2.55,25.5,,,
17576,United Kingdom,Cosy Slipper Shoes Large Red,21740,490111,2009-03-12 16:54:00,3,2.95,8.85,,,
17576,United Kingdom,Premium Church Candle,72267,490111,2009-03-12 16:54:00,4,2.1,8.4,,,
17576,United Kingdom,S/4 Festive Green Dinner Candles,72801E,490111,2009-03-12 16:54:00,2,1.25,2.5,,,
17576,United Kingdom,Cosy Slipper Shoes Large Green,21741,490111,2009-03-12 16:54:00,2,2.95,5.9,,,
17576,United Kingdom,Brown Check Cat Doorstop ,21407,490111,2009-03-12 16:54:00,2,4.25,8.5,,,
17576,United Kingdom,Brown Check Cat Doorstop ,21407,490111,2009-03-12 16:54:00,3,4.25,12.75,,,
17576,United Kingdom,White Hanging Heart T-Light Holder,85123A,490111,2009-03-12 16:54:00,3,2.95,8.85,,,
17576,United Kingdom,Large Round Cutglass Candlestick,85126,490111,2009-03-12 16:54:00,6,6.75,27,,,
17576,United Kingdom,Ivory Hanging Bird Planter ,84761,490111,2009-03-12 16:54:00,8,2.55,20.4,,,
17576,United Kingdom,Grey Heart Hot Water Bottle,22113,490111,2009-03-12 16:54:00,5,3.45,17.25,,,
17576,United Kingdom,Red Gingham Rose Jewellery Box,21429,490111,2009-03-12 16:54:00,8,1.65,13.2,,,
17576,United Kingdom,12 Red Rose Peg Place Settings,21446,490111,2009-03-12 16:54:00,4,1.25,5,,,
13037,United Kingdom,Funky Washing Up Gloves Assorted,20751,490112,2009-03-12 17:04:00,12,2.1,25.2,,,
13037,United Kingdom,Gin + Tonic Diet Metal Sign,21175,490112,2009-03-12 17:04:00,6,2.1,12.6,,,
13037,United Kingdom,Red Spotty Cup,21238,490112,2009-03-12 17:04:00,8,0.85,6.8,,,
13037,United Kingdom,Green Spotty Cup,21241,490112,2009-03-12 17:04:00,8,0.85,6.8,,,
13037,United Kingdom,Red Spotty Plate ,21242,490112,2009-03-12 17:04:00,8,1.69,13.52,,,
13037,United Kingdom,Green  Spotty Plate ,21245,490112,2009-03-12 17:04:00,8,1.69,13.52,,,
13037,United Kingdom,Porcelain Rose Small,21422,490112,2009-03-12 17:04:00,16,0.85,13.6,,,
13037,United Kingdom,Chick Grey Hot Water Bottle,21484,490112,2009-03-12 17:04:00,4,3.45,13.8,,,
13037,United Kingdom,Dairy Maid Ceramic Butter Dish,21540,490112,2009-03-12 17:04:00,3,4.25,12.75,,,
13037,United Kingdom,Kings Choice Cigar Box Matches ,21590,490112,2009-03-12 17:04:00,24,1.25,27,,,
13037,United Kingdom,Set Of 12 Lily Botanical T-Lights,21611,490112,2009-03-12 17:04:00,6,2.95,17.7,,,
13037,United Kingdom,Hanging Glass Etched Tealight,21651,490112,2009-03-12 17:04:00,12,1.65,19.8,,,
13037,United Kingdom,Glamorous  Mug,21872,490112,2009-03-12 17:04:00,12,1.25,15,,,
13037,United Kingdom,Cake Stand White Two Tier Lace,22215,490112,2009-03-12 17:04:00,2,8.5,17,,,
13037,United Kingdom,Polyester Filler Pad 65Cmx65Cm,46000P,490112,2009-03-12 17:04:00,4,4.25,17,,,
13037,United Kingdom,Polyester Filler Pad 40X40Cm,46000S,490112,2009-03-12 17:04:00,6,1.45,8.7,,,
13037,United Kingdom,Hot Baths Metal Sign,82583,490112,2009-03-12 17:04:00,6,2.1,12.6,,,
13037,United Kingdom,Blue Gingham Rose Cushion Cover,84620,490112,2009-03-12 17:04:00,4,5.95,23.8,,,
13037,United Kingdom,Red Rose And Lace C/Cover,84773,490112,2009-03-12 17:04:00,6,2.95,17.7,,,
13037,United Kingdom,Ladies & Gentlemen Metal Sign,85150,490112,2009-03-12 17:04:00,6,2.55,15.3,,,
14710,United Kingdom,Toilet Metal Sign,82581,490113,2009-03-12 17:12:00,1,0.55,0.55,,,
14710,United Kingdom,First Aid Tin,21260,490113,2009-03-12 17:12:00,1,3.25,3.25,,,
14710,United Kingdom,Blue Paisley Notebook,20773,490113,2009-03-12 17:12:00,1,1.65,1.65,,,
14710,United Kingdom,Green Fern Notebook,20774,490113,2009-03-12 17:12:00,2,1.65,3.3,,,
14710,United Kingdom,String Of Stars Card Holder,22164,490113,2009-03-12 17:12:00,2,2.95,5.9,,,
14710,United Kingdom,Medium Medina Stamped Metal Bowl ,21683,490113,2009-03-12 17:12:00,2,2.95,5.9,,,
14710,United Kingdom,Small Medina Stamped Metal Bowl ,21684,490113,2009-03-12 17:12:00,2,0.85,1.7,,,
14710,United Kingdom,Colouring Pencils Brown Tube,10135,490113,2009-03-12 17:12:00,2,1.25,2.5,,,
14710,United Kingdom,Glass  Beurre Dish,21658,490113,2009-03-12 17:12:00,1,3.95,3.95,,,
14710,United Kingdom,Ridged Glass Storage Jar Cream Lid,21664,490113,2009-03-12 17:12:00,1,3.75,3.75,,,
14710,United Kingdom,Door Mat Black Flock ,48173C,490113,2009-03-12 17:12:00,1,6.75,6.75,,,
18168,United Kingdom,Skulls Design Flannel,21942,490114,2009-03-12 17:29:00,12,0.85,10.2,,,
18168,United Kingdom,Ceramic Cake Design Spotted Mug,37448,490114,2009-03-12 17:29:00,6,1.49,8.94,,,
18168,United Kingdom,Choc Truffle Gold Trinket Pot ,22067,490114,2009-03-12 17:29:00,8,1.65,13.2,,,
18168,United Kingdom,Ceramic Strwberry Design Mug,22059,490114,2009-03-12 17:29:00,2,1.49,2.98,,,
18168,United Kingdom,Cream Heart Card Holder,22189,490114,2009-03-12 17:29:00,6,3.95,23.7,,,
18168,United Kingdom, Black Pirate Treasure Chest,22068,490114,2009-03-12 17:29:00,6,1.65,9.9,,,
18168,United Kingdom,Sweetheart Ceramic Trinket Box,21231,490114,2009-03-12 17:29:00,4,1.25,5,,,
18168,United Kingdom,Sweetheart Ceramic Trinket Box,21231,490114,2009-03-12 17:29:00,27,1.25,27,,,
18168,United Kingdom,Strawberry Ceramic Trinket Box,21232,490114,2009-03-12 17:29:00,12,1.25,15,,,
18168,United Kingdom,Jelly Babies Yellow Small Bowl,84596K,490114,2009-03-12 17:29:00,8,1.25,10,,,
18168,United Kingdom,Potting Shed Tea Mug,21868,490114,2009-03-12 17:29:00,6,1.25,7.5,,,
18168,United Kingdom,Mini Cake Stand Hanging Hearts,22054,490114,2009-03-12 17:29:00,8,1.65,13.2,,,
18168,United Kingdom,Pottering Mug,21876,490114,2009-03-12 17:29:00,6,1.25,7.5,,,
18168,United Kingdom,Large Tortilla Design Red Bowl,84595E,490114,2009-03-12 17:29:00,6,3.75,22.5,,,
18168,United Kingdom,Robot Mug In Display Box,37464,490114,2009-03-12 17:29:00,3,1.25,3.75,,,
18168,United Kingdom,Lunch Bag Cars Blue,20728,490114,2009-03-12 17:29:00,10,1.65,16.5,,,
18168,United Kingdom,Pink Fairy Cake Child'S Apron,47591D,490114,2009-03-12 17:29:00,4,1.95,7.8,,,
18168,United Kingdom,Blue Fairy Cake Child'S Apron,47591C,490114,2009-03-12 17:29:00,4,1.95,7.8,,,
18168,United Kingdom,Tool Box Soft Toy ,21055,490114,2009-03-12 17:29:00,1,8.95,8.95,,,
18168,United Kingdom,"Feather Duster, Coal Black",51012C,490114,2009-03-12 17:29:00,3,1.25,3.75,,,
18168,United Kingdom,"Feather Duster, Light Pink",51012L,490114,2009-03-12 17:29:00,1,1.25,1.25,,,
18168,United Kingdom,Mini Cake Stand  Hanging Strawbery,22055,490114,2009-03-12 17:29:00,8,1.65,13.2,,,
17679,United Kingdom,Daisy Erasers In Bag,16258B,490115,2009-03-12 17:32:00,27,0.42,27,,,
17679,United Kingdom,Red Floral Feltcraft Shoulder Bag,20969,490115,2009-03-12 17:32:00,8,3.75,27,,,
17679,United Kingdom,Pink Floral Feltcraft Shoulder Bag,20970,490115,2009-03-12 17:32:00,8,3.75,27,,,
17679,United Kingdom,Pink Blue Felt Craft Trinket Box,20971,490115,2009-03-12 17:32:00,24,1.25,27,,,
17679,United Kingdom,Pink Cream Felt Craft Trinket Box ,20972,490115,2009-03-12 17:32:00,24,1.25,27,,,
17679,United Kingdom,Traditional Wooden Skipping Rope,21891,490115,2009-03-12 17:32:00,24,1.25,27,,,
17679,United Kingdom,Set 12 Kids  White Chalk Sticks,21917,490115,2009-03-12 17:32:00,24,0.42,10.08,,,
17679,United Kingdom,Set 12 Kids Colour  Chalk Sticks,21918,490115,2009-03-12 17:32:00,24,0.42,10.08,,,
17679,United Kingdom, 3 Stripey Mice Feltcraft,22150,490115,2009-03-12 17:32:00,12,1.95,23.4,,,
17679,United Kingdom,Feltcraft Doll Rosie,22271,490115,2009-03-12 17:32:00,18,2.95,27,,,
17679,United Kingdom,Feltcraft Doll Molly,22273,490115,2009-03-12 17:32:00,18,2.95,27,,,
17679,United Kingdom,Asstd Design Bubble Gum Ring,84270,490115,2009-03-12 17:32:00,27,0.21,12.6,,,
17679,United Kingdom,Coffee Mug Dog + Ball Design,22300,490116,2009-03-12 17:33:00,12,2.55,27,,,
17679,United Kingdom,Coffee Mug Cat + Bird Design,22301,490116,2009-03-12 17:33:00,12,2.55,27,,,
17679,United Kingdom,Coffee Mug Pears  Design,22302,490116,2009-03-12 17:33:00,12,2.55,27,,,
17679,United Kingdom,Coffee Mug Apples Design,22303,490116,2009-03-12 17:33:00,12,2.55,27,,,
17851,United Kingdom,Assorted Colour Jumbo Pen,10138,490118,2009-03-12 17:46:00,11,0.42,4.62,,,
17851,United Kingdom,12 Pencils Small Tube Red Spotty,20975,490118,2009-03-12 17:46:00,3,0.65,1.95,,,
17851,United Kingdom,Dinosaurs Water Transfer Tattoos ,21541,490118,2009-03-12 17:46:00,4,0.85,3.4,,,
17851,United Kingdom,Woodland Water Transfer Tattoos ,21542,490118,2009-03-12 17:46:00,4,0.85,3.4,,,
17851,United Kingdom,Skulls  Water Transfer Tattoos ,21544,490118,2009-03-12 17:46:00,4,0.85,3.4,,,
17851,United Kingdom,Butterfly Water Transfer Tattoos ,21543,490118,2009-03-12 17:46:00,5,0.85,4.25,,,
17851,United Kingdom,Set/4 Skull Badges,21224,490118,2009-03-12 17:46:00,4,1.25,5,,,
17851,United Kingdom,12 Pencils Small Tube Skull,20974,490118,2009-03-12 17:46:00,3,0.65,1.95,,,
17851,United Kingdom,Heart Decoration Painted Zinc ,22335,490118,2009-03-12 17:46:00,5,0.65,3.25,,,
17851,United Kingdom,Glitter Christmas Heart ,21818,490118,2009-03-12 17:46:00,2,0.85,1.7,,,
17851,United Kingdom,Heart Ivory Trellis Large,22296,490118,2009-03-12 17:46:00,1,1.65,1.65,,,
17851,United Kingdom,3 Hearts Hanging Decoration Rustic,22158,490118,2009-03-12 17:46:00,1,2.95,2.95,,,
17851,United Kingdom,Glitter Star Garland With Bells ,21821,490118,2009-03-12 17:46:00,2,3.75,7.5,,,
17851,United Kingdom,Pink Cream Felt Craft Trinket Box ,20972,490118,2009-03-12 17:46:00,3,1.25,3.75,,,
17851,United Kingdom,Wooden Frame Antique White ,82494L,490118,2009-03-12 17:46:00,2,2.95,5.9,,,
17851,United Kingdom,Wooden Picture Frame White Finish,82482,490118,2009-03-12 17:46:00,2,2.55,5.1,,,
17851,United Kingdom,Classic White Frame,21333,490118,2009-03-12 17:46:00,1,2.95,2.95,,,
17851,United Kingdom,Stripes Design Monkey Doll,84507B,490118,2009-03-12 17:46:00,1,2.55,2.55,,,
17851,United Kingdom,Heart Shape Wireless Doorbell,79160,490118,2009-03-12 17:46:00,1,2.1,2.1,,,
17851,United Kingdom,Antique Silver Tea Glass Etched,84946,490118,2009-03-12 17:46:00,3,1.25,3.75,,,
17851,United Kingdom,Silver Sleighbell  Wreath,21353,490118,2009-03-12 17:46:00,5,7.95,27,,,
17851,United Kingdom,Vintage Snap Cards,21790,490118,2009-03-12 17:46:00,6,0.85,5.1,,,
17851,United Kingdom,Vintage Heads And Tails Card Game ,21791,490118,2009-03-12 17:46:00,4,1.25,5,,,
17851,United Kingdom,Set Of Three 50'S Gift Wraps ,21490,490118,2009-03-12 17:46:00,2,1.95,3.9,,,
17851,United Kingdom,Set Of Three Vintage Gift Wraps,21491,490118,2009-03-12 17:46:00,2,1.95,3.9,,,
17851,United Kingdom,White Grand Baroque Photo Frame,85167A,490118,2009-03-12 17:46:00,2,4.25,8.5,,,
17851,United Kingdom,Gold Cosmetic Bag Pink Star,20861,490118,2009-03-12 17:46:00,5,2.1,10.5,,,
17851,United Kingdom,Union Jack Hot Water Bottle ,22125,490118,2009-03-12 17:46:00,2,5.95,11.9,,,
17851,United Kingdom,Cross Stitch Alphabet Cushion Cover,21837,490118,2009-03-12 17:46:00,4,5.95,23.8,,,
17851,United Kingdom,Polyester Filler Pad 45X45Cm,46000M,490118,2009-03-12 17:46:00,4,1.55,6.2,,,
17851,United Kingdom,Hot Water Bottle Tea And Sympathy,22114,490118,2009-03-12 17:46:00,2,3.95,7.9,,,
17851,United Kingdom,Chocolate Hot Water Bottle,22112,490118,2009-03-12 17:46:00,3,4.95,14.85,,,
17851,United Kingdom,White Skull Hot Water Bottle ,21479,490118,2009-03-12 17:46:00,2,3.75,7.5,,,
17851,United Kingdom,Pack Of 20 Skull Paper Napkins,21989,490118,2009-03-12 17:46:00,3,0.85,2.55,,,
17851,United Kingdom,Set/20 Red Spotty Paper Napkins ,21080,490118,2009-03-12 17:46:00,2,0.85,1.7,,,
17851,United Kingdom,Set Of 2 Fancy Font Tea Towels,22122,490118,2009-03-12 17:46:00,3,2.95,8.85,,,
17851,United Kingdom,Ridged Glass Posy Vase ,21656,490118,2009-03-12 17:46:00,3,1.45,4.35,,,
17851,United Kingdom,Heart Ivory Trellis Large,22296,490118,2009-03-12 17:46:00,3,1.65,4.95,,,
17851,United Kingdom,Hairclips Forties Fabric Assorted,22319,490118,2009-03-12 17:46:00,12,0.65,7.8,,,
17851,United Kingdom,Grey Heart Hot Water Bottle,22113,490118,2009-03-12 17:46:00,2,3.45,6.9,,,
17851,United Kingdom,Classical Rose Urn,84680,490118,2009-03-12 17:46:00,2,7.95,15.9,,,
17851,United Kingdom,Christmas Craft White Fairy ,22142,490118,2009-03-12 17:46:00,3,1.45,4.35,,,
17851,United Kingdom,Feltcraft 6 Flower Friends,22149,490118,2009-03-12 17:46:00,4,2.1,8.4,,,
17851,United Kingdom,"Feather Duster, Light Pink",51012L,490118,2009-03-12 17:46:00,2,1.25,2.5,,,
17851,United Kingdom,Heart Ear Muff Headphones,20783,490118,2009-03-12 17:46:00,3,5.49,16.47,,,
17851,United Kingdom,Cream Cupid Hearts Coat Hanger,84406B,490118,2009-03-12 17:46:00,2,3.25,6.5,,,
17851,United Kingdom,Metal 4 Hook Hanger French Chateau,22173,490118,2009-03-12 17:46:00,2,2.95,5.9,,,
12931,United Kingdom,White Dove Honeycomb Paper Garland,21186,490119,2009-03-12 17:48:00,27,1.45,27,,,
14750,United Kingdom,Lunch Bag Red Spotty,20725,490121,2009-03-12 17:57:00,2,1.65,3.3,,,
14750,United Kingdom,Ribbons Purse ,21051,490121,2009-03-12 17:57:00,1,2.1,2.1,,,
14750,United Kingdom,Mini Wooden Happy Birthday Garland,21381,490121,2009-03-12 17:57:00,1,1.69,1.69,,,
14750,United Kingdom,Pink Patch Purse Blue Heart,20855,490121,2009-03-12 17:57:00,1,1.65,1.65,,,
14750,United Kingdom,Baking Set 9 Piece Retrospot ,22138,490121,2009-03-12 17:57:00,1,4.95,4.95,,,
14750,United Kingdom,Lunch Bag Cars Blue,20728,490121,2009-03-12 17:57:00,3,1.65,4.95,,,
14750,United Kingdom,Pink Rose Fabric Mirror,20867,490121,2009-03-12 17:57:00,1,1.25,1.25,,,
14750,United Kingdom,Set/20 Red Spotty Paper Napkins ,21080,490121,2009-03-12 17:57:00,1,0.85,0.85,,,
14750,United Kingdom,Garden Path Notebook ,20778,490121,2009-03-12 17:57:00,1,1.65,1.65,,,
14750,United Kingdom,Flower Blue Clock W/Sucker,81950B,490121,2009-03-12 17:57:00,1,0.85,0.85,,,
14750,United Kingdom,Assorted Tutti Frutti Small Purse,21648,490121,2009-03-12 17:57:00,1,1.25,1.25,,,
14750,United Kingdom,Wooden Happy Birthday Garland,21380,490121,2009-03-12 17:57:00,1,2.95,2.95,,,
14750,United Kingdom,Blue Rose Fabric Mirror,20866,490121,2009-03-12 17:57:00,1,1.25,1.25,,,
14750,United Kingdom,Blue Patch Purse Pink Heart,20854,490121,2009-03-12 17:57:00,1,1.65,1.65,,,
14750,United Kingdom,Retro Spot Tea Set Ceramic 11 Pc ,22139,490121,2009-03-12 17:57:00,2,4.95,9.9,,,
14750,United Kingdom,Teatime Cake Tin With Handle,79072,490121,2009-03-12 17:57:00,1,9.95,9.95,,,
14750,United Kingdom,Assorted Tutti Frutti Pen,21642,490121,2009-03-12 17:57:00,1,0.85,0.85,,,
14750,United Kingdom,Assorted Tutti Frutti  Fob Notebook,21640,490121,2009-03-12 17:57:00,1,0.85,0.85,,,
14750,United Kingdom,Frying Pan Pink Polkadot ,22200,490121,2009-03-12 17:57:00,1,4.25,4.25,,,
14750,United Kingdom,Milk Pan Pink Retrospot,22202,490121,2009-03-12 17:57:00,1,3.75,3.75,,,
14750,United Kingdom,Scandinavian Paisley Picnic Bag,21932,490121,2009-03-12 17:57:00,2,2.95,5.9,,,
14750,United Kingdom,Jumbo Bag Scandinavian Paisley,21928,490121,2009-03-12 17:57:00,2,1.95,3.9,,,
14750,United Kingdom,Blue Paisley Sketchbook,20761,490121,2009-03-12 17:57:00,1,3.75,3.75,,,
14750,United Kingdom,Funky Girlz Magnetic To Do List ,16215,490121,2009-03-12 17:57:00,1,0.65,0.65,,,
14750,United Kingdom,Camouflage Led Torch,21833,490121,2009-03-12 17:57:00,1,1.69,1.69,,,
14750,United Kingdom,Flower Purple Clock W/Sucker,81950V,490121,2009-03-12 17:57:00,1,0.85,0.85,,,
14750,United Kingdom,Set/10 Blue Spotty Party Candles,21124,490121,2009-03-12 17:57:00,1,1.25,1.25,,,
14750,United Kingdom,3D Dog Picture Playing Cards,84558A,490121,2009-03-12 17:57:00,1,2.95,2.95,,,
14750,United Kingdom,Pink Spots  Wrap ,21500,490121,2009-03-12 17:57:00,25,0.42,10.5,,,
14750,United Kingdom,Rex Cash+Carry Jumbo Shopper,21034,490121,2009-03-12 17:57:00,4,0.95,3.8,,,
14750,United Kingdom,"Flower Glass Garland Neckl.36""Blue",90036C,490121,2009-03-12 17:57:00,1,7.95,7.95,,,
14750,United Kingdom,Amethyst Chunky Bead Bracelet W Str,90184B,490121,2009-03-12 17:57:00,1,8.95,8.95,,,
16791,United Kingdom,Classic White Frame,21333,490124,2009-03-12 18:08:00,1,2.95,2.95,,,
16791,United Kingdom,Embossed Flower Trellis Photo Frame,20812,490124,2009-03-12 18:08:00,1,2.55,2.55,,,
16791,United Kingdom,Wooden Picture Frame White Finish,82482,490124,2009-03-12 18:08:00,1,2.55,2.55,,,
16791,United Kingdom,Magic Garden Mount Fuji,84007,490124,2009-03-12 18:08:00,1,2.55,2.55,,,
16791,United Kingdom,Red Paper Parasol,15044D,490124,2009-03-12 18:08:00,1,2.95,2.95,,,
16791,United Kingdom,Picture Frame Wood Triple Portrait,22170,490124,2009-03-12 18:08:00,2,6.75,13.5,,,
16791,United Kingdom,Metal Shelf With Rail ,22172,490124,2009-03-12 18:08:00,1,8.5,8.5,,,
16791,United Kingdom,"Tumbler, New England",79030G,490124,2009-03-12 18:08:00,6,1.65,9.9,,,
16791,United Kingdom,Retro Red Spotty Washing Up Gloves,20754,490124,2009-03-12 18:08:00,1,2.1,2.1,,,
16791,United Kingdom,Scottie Dog Hot Water Bottle,22111,490124,2009-03-12 18:08:00,3,4.95,14.85,,,
16791,United Kingdom,Hot Water Bottle Tea And Sympathy,22114,490124,2009-03-12 18:08:00,3,3.95,11.85,,,
16791,United Kingdom,Red Spot Heart Hot Water Bottle,21485,490124,2009-03-12 18:08:00,1,4.95,4.95,,,
16791,United Kingdom,Red Woolly Hottie White Heart.,84029E,490124,2009-03-12 18:08:00,1,3.75,3.75,,,
16791,United Kingdom,New England Ceramic Cake Server,37508,490124,2009-03-12 18:08:00,3,2.55,7.65,,,
16791,United Kingdom,Gardenia 1 Wick Morris Boxed Candle,85036A,490124,2009-03-12 18:08:00,1,4.25,4.25,,,
16791,United Kingdom,"Tumbler, English Rose",79030A,490124,2009-03-12 18:08:00,6,1.65,9.9,,,
16791,United Kingdom,Grey Floral Feltcraft Shoulder Bag,20967,490124,2009-03-12 18:08:00,1,3.75,3.75,,,
16791,United Kingdom,Ass Floral Print Torch,47503F,490124,2009-03-12 18:08:00,12,1.65,19.8,,,
16791,United Kingdom,Wooden Frame Antique White ,82494L,490124,2009-03-12 18:08:00,2,2.95,5.9,,,
16791,United Kingdom,Red Victorian Fabric Heart Box,35096B,490124,2009-03-12 18:08:00,2,0.42,0.84,,,
16791,United Kingdom,Blue Victorian Fabric Heart Box,35096A,490124,2009-03-12 18:08:00,2,0.42,0.84,,,
16791,United Kingdom,Blue Victorian Fabric Oval Box,35095A,490124,2009-03-12 18:08:00,1,0.42,0.42,,,
16791,United Kingdom,Red Victorian Fabric Oval Box,35095B,490124,2009-03-12 18:08:00,1,0.42,0.42,,,
16791,United Kingdom,Piccadilly Tea Set,20747,490124,2009-03-12 18:08:00,1,14.95,14.95,,,
16791,United Kingdom,Set Of 12 Lily Botanical T-Lights,21611,490124,2009-03-12 18:08:00,3,2.95,8.85,,,
16791,United Kingdom,Set 12 Wildflower Botanical T-Light,21612,490124,2009-03-12 18:08:00,2,2.95,5.9,,,
16791,United Kingdom,New England Milk Jug W Gift Box,37506,490124,2009-03-12 18:08:00,1,5.95,5.95,,,
16791,United Kingdom,Vip Luggage Tag ,20660,490124,2009-03-12 18:08:00,1,1.25,1.25,,,
16791,United Kingdom,English Rose Tape Measure,47504G,490124,2009-03-12 18:08:00,4,1.25,5,,,
16791,United Kingdom,Set/6 Purple Butterfly T-Lights,72349B,490124,2009-03-12 18:08:00,4,2.1,8.4,,,
16791,United Kingdom,Set 12 Pear Botanical T-Lights,21610,490124,2009-03-12 18:08:00,6,2.95,17.7,,,
16791,United Kingdom,Funky Washing Up Gloves Assorted,20751,490124,2009-03-12 18:08:00,1,2.1,2.1,,,
16791,United Kingdom,English Rose Hot Water Bottle,84030E,490124,2009-03-12 18:08:00,1,1.5,1.5,,,
16791,United Kingdom,Cosy Hour Giant Tube Matches,21587,490124,2009-03-12 18:08:00,5,2.55,12.75,,,
16791,United Kingdom,Retro Spot Small Tube Matches,21584,490124,2009-03-12 18:08:00,12,1.65,19.8,,,
16791,United Kingdom,Small Retro Spot Mug In Box  Red,22070,490124,2009-03-12 18:08:00,2,3.75,7.5,,,
16791,United Kingdom,Wood S/3 Cabinet Ant White Finish,82486,490124,2009-03-12 18:08:00,1,7.95,7.95,,,
16791,United Kingdom,Retro Spot Large Milk Jug,21533,490124,2009-03-12 18:08:00,3,4.95,14.85,,,
16791,United Kingdom,Door Mat Friendship ,48189,490124,2009-03-12 18:08:00,1,6.75,6.75,,,
16791,United Kingdom,Door Mat Black Flock ,48173C,490124,2009-03-12 18:08:00,1,6.75,6.75,,,
16791,United Kingdom,Door Mat New England,48187,490124,2009-03-12 18:08:00,1,6.75,6.75,,,
16791,United Kingdom,Door Mat Topiary,48129,490124,2009-03-12 18:08:00,1,6.75,6.75,,,
16791,United Kingdom,Spotty  Home Sweet Home Doormat,21524,490124,2009-03-12 18:08:00,1,6.75,6.75,,,
16558,United Kingdom,Set Of Three 50'S Gift Wraps ,21490,490125,2009-03-12 18:11:00,12,1.95,23.4,,,
16558,United Kingdom,Paper Chain Kit Retro Spot,22083,490125,2009-03-12 18:11:00,12,2.95,27,,,
16558,United Kingdom,Paper Chain Kit 50'S Christmas ,22086,490125,2009-03-12 18:11:00,27,2.95,27,,,
16558,United Kingdom,Full English Breakfast Plate,22109,490125,2009-03-12 18:11:00,8,3.75,27,,,
16558,United Kingdom,Local Cafe Mug,22190,490125,2009-03-12 18:11:00,12,2.1,25.2,,,
16558,United Kingdom,Red Diner Wall Clock,22193,490125,2009-03-12 18:11:00,2,8.5,17,,,
16558,United Kingdom,Red/White Dots Ruffled Umbrella,85014B,490125,2009-03-12 18:11:00,3,5.95,17.85,,,
16558,United Kingdom,White Hanging Heart T-Light Holder,85123A,490125,2009-03-12 18:11:00,12,2.95,27,,,
16558,United Kingdom,White/Blue Pull Back Racing Car,85226A,490125,2009-03-12 18:11:00,12,0.55,6.6,,,
15884,United Kingdom,3D Dog Picture Playing Cards,84558A,490128,2009-03-12 18:23:00,27,2.95,27,,,
15884,United Kingdom,Asstd Design Bubble Gum Ring,84270,490128,2009-03-12 18:23:00,27,0.21,6.3,,,
15884,United Kingdom,Skulls Square Tissue Box,22100,490128,2009-03-12 18:23:00,1,1.25,1.25,,,
15884,United Kingdom,Multi Hearts  Stickers,21726,490128,2009-03-12 18:23:00,6,0.85,5.1,,,
15884,United Kingdom,Alphabet Hearts Sticker Sheet,21723,490128,2009-03-12 18:23:00,6,0.85,5.1,,,
15884,United Kingdom,Sweeties  Stickers,21725,490128,2009-03-12 18:23:00,4,0.85,3.4,,,
15884,United Kingdom,3D Sheet Of Dog Stickers,84559A,490128,2009-03-12 18:23:00,25,0.85,21.25,,,
15884,United Kingdom,Pink Sweetheart Bracelet,90200D,490128,2009-03-12 18:23:00,2,4.25,8.5,,,
15884,United Kingdom,Green Sweetheart Bracelet,90200E,490128,2009-03-12 18:23:00,2,4.25,8.5,,,
15884,United Kingdom,Black Sweetheart Bracelet,90200B,490128,2009-03-12 18:23:00,2,4.25,8.5,,,
15884,United Kingdom,Blue Sweetheart Bracelet,90200C,490128,2009-03-12 18:23:00,2,4.25,8.5,,,
15884,United Kingdom,Pink Crystal Skull Phone Charm,90089,490128,2009-03-12 18:23:00,12,0.85,10.2,,,
15884,United Kingdom,Pink Crystal Guitar Phone Charm,90084,490128,2009-03-12 18:23:00,10,0.85,8.5,,,
17343,United Kingdom,Set 12 Retro White Chalk Sticks,21916,490132,2009-03-12 18:30:00,1,0.42,0.42,,,
17343,United Kingdom,Union Jack Hot Water Bottle ,22125,490132,2009-03-12 18:30:00,4,5.95,23.8,,,
17343,United Kingdom,Chick Grey Hot Water Bottle,21484,490132,2009-03-12 18:30:00,4,3.45,13.8,,,
17343,United Kingdom,Scottie Dog Hot Water Bottle,22111,490132,2009-03-12 18:30:00,2,4.95,9.9,,,
17343,United Kingdom,Vintage Union Jack Cushion Cover,21622,490132,2009-03-12 18:30:00,8,4.95,27,,,
17343,United Kingdom,Heart Ivory Trellis Small,22297,490132,2009-03-12 18:30:00,24,1.25,27,,,
17343,United Kingdom,Set/6 Black Snowflake T-Lights ,35991,490132,2009-03-12 18:30:00,12,1.69,20.28,,,
17343,United Kingdom,Set/6 Gold Reindeer T-Light Candles,85033G,490132,2009-03-12 18:30:00,12,1.95,23.4,,,
17343,United Kingdom,Polyester Filler Pad 45X45Cm,46000M,490132,2009-03-12 18:30:00,8,1.55,12.4,,,
17343,United Kingdom,Silver Hanging T-Light Holder,84949,490132,2009-03-12 18:30:00,12,1.65,19.8,,,
17343,United Kingdom,Rex Cash+Carry Jumbo Shopper,21034,490132,2009-03-12 18:30:00,1,0.95,0.95,,,
17343,United Kingdom,Feltcraft Doll Molly,22273,490132,2009-03-12 18:30:00,1,2.95,2.95,,,
17372,United Kingdom,Door Mat Multicolour Stripe,48116,490134,2009-03-12 18:41:00,1,6.75,6.75,,,
17372,United Kingdom,Door Mat Welcome Puppies,48188,490134,2009-03-12 18:41:00,1,6.75,6.75,,,
17372,United Kingdom,Door Mat New England,48187,490134,2009-03-12 18:41:00,1,6.75,6.75,,,
17372,United Kingdom,Chocolate Hot Water Bottle,22112,490134,2009-03-12 18:41:00,2,4.95,9.9,,,
17372,United Kingdom,Pink Stripe Hot Water Bottle,21480,490134,2009-03-12 18:41:00,2,2.95,5.9,,,
17372,United Kingdom,Red Woolly Hottie White Heart.,84029E,490134,2009-03-12 18:41:00,4,3.75,15,,,
17372,United Kingdom,Brown Furry Hot Water Bottle,84029C,490134,2009-03-12 18:41:00,2,3.75,7.5,,,
17372,United Kingdom,Cream Heart Card Holder,22189,490134,2009-03-12 18:41:00,1,3.95,3.95,,,
17372,United Kingdom,4 Ivory Dinner Candles Silver Flock,72800E,490134,2009-03-12 18:41:00,2,2.55,5.1,,,
17372,United Kingdom,4 Ivory Dinner Candles Gold Flock,72800F,490134,2009-03-12 18:41:00,2,2.55,5.1,,,
17372,United Kingdom,Metal Sign His Dinner Is Served,22116,490134,2009-03-12 18:41:00,1,2.95,2.95,,,
17372,United Kingdom,White Hanging Heart T-Light Holder,85123A,490134,2009-03-12 18:41:00,3,2.95,8.85,,,
17372,United Kingdom,"Dog Bowl , Chasing Ball Design",22349,490134,2009-03-12 18:41:00,2,3.75,7.5,,,
17372,United Kingdom,Tea Bag Plate Red Spotty ,22348,490134,2009-03-12 18:41:00,4,0.85,3.4,,,
17372,United Kingdom,Vintage Snap Cards,21790,490134,2009-03-12 18:41:00,2,0.85,1.7,,,
17372,United Kingdom,Vintage Heads And Tails Card Game ,21791,490134,2009-03-12 18:41:00,2,1.25,2.5,,,
17372,United Kingdom,S/15 Silver Glass Baubles In Bag,84754,490134,2009-03-12 18:41:00,2,1.25,2.5,,,
17372,United Kingdom,Cosy Hour Cigar Box Matches ,21591,490134,2009-03-12 18:41:00,2,1.25,2.5,,,
17372,United Kingdom,Retro Spot Storage Jar,22073,490134,2009-03-12 18:41:00,3,3.75,11.25,,,
17372,United Kingdom,S/4 Pink Flower Candles In Bowl,85040A,490134,2009-03-12 18:41:00,2,1.65,3.3,,,
17372,United Kingdom,Set/4 Blue Flower Candles In Bowl,85040B,490134,2009-03-12 18:41:00,2,1.65,3.3,,,
17372,United Kingdom,Cubic Mug Pink Polka Dot,37482P,490134,2009-03-12 18:41:00,6,2.55,15.3,,,
17372,United Kingdom,Strawberry Ceramic Trinket Box,21232,490134,2009-03-12 18:41:00,4,1.25,5,,,
17372,United Kingdom,English Rose Tea Set In Gift Box,37485,490134,2009-03-12 18:41:00,1,4.65,4.65,,,
17372,United Kingdom,Cinammon Set Of 9 T-Lights,85231B,490134,2009-03-12 18:41:00,5,0.85,4.25,,,
16003,United Kingdom,Victorian Sewing Box Large,21258,490135,2009-03-12 18:51:00,1,12.75,12.75,,,
16003,United Kingdom,Retro Spot Traditional Teapot ,21527,490135,2009-03-12 18:51:00,2,7.95,15.9,,,
16003,United Kingdom,Retro Spot Small Milk Jug,21535,490135,2009-03-12 18:51:00,6,2.55,15.3,,,
16003,United Kingdom,Star Portable Table Light ,21743,490135,2009-03-12 18:51:00,6,2.95,17.7,,,
16003,United Kingdom,Snowflake Portable Table Light ,21744,490135,2009-03-12 18:51:00,6,2.95,17.7,,,
16003,United Kingdom,Retro Spot Cake Stand,21843,490135,2009-03-12 18:51:00,6,10.95,27,,,
16003,United Kingdom,Paper Chain Kit 50'S Christmas ,22086,490135,2009-03-12 18:51:00,12,2.95,27,,,
16003,United Kingdom,Retro Spot Tea Set Ceramic 11 Pc ,22139,490135,2009-03-12 18:51:00,6,4.95,27,,,
16003,United Kingdom,Christmas Craft White Fairy ,22142,490135,2009-03-12 18:51:00,12,1.45,17.4,,,
16003,United Kingdom,Christmas Craft Heart Decorations,22143,490135,2009-03-12 18:51:00,12,2.1,25.2,,,
16003,United Kingdom,Christmas Craft Heart Stocking ,22145,490135,2009-03-12 18:51:00,6,2.1,12.6,,,
16003,United Kingdom,Coffee Mug Blue Paisley Design,22304,490135,2009-03-12 18:51:00,6,2.55,15.3,,,
16003,United Kingdom,Coffee Mug Pink Paisley Design,22305,490135,2009-03-12 18:51:00,6,2.55,15.3,,,
16003,United Kingdom,Fairy Cake Candles,72756,490135,2009-03-12 18:51:00,18,1.49,26.82,,,
16003,United Kingdom,Willow Branch Lights.,79341,490135,2009-03-12 18:51:00,4,6.75,27,,,
16003,United Kingdom,White Bitty Light Chain ,85179B,490135,2009-03-12 18:51:00,3,4.65,13.95,,,
16003,United Kingdom,Red Hearts Light Chain ,85180A,490135,2009-03-12 18:51:00,3,4.65,13.95,,,
16003,United Kingdom,Cinammon Set Of 9 T-Lights,85231B,490135,2009-03-12 18:51:00,12,0.85,10.2,,,
17432,United Kingdom,Vintage Snap Cards,21790,490136,2009-03-12 19:13:00,3,0.85,2.55,,,
17432,United Kingdom,Vintage Heads And Tails Card Game ,21791,490136,2009-03-12 19:13:00,2,1.25,2.5,,,
17432,United Kingdom,Large Chunky Glass Roman Bowl,21312,490136,2009-03-12 19:13:00,1,6.75,6.75,,,
17432,United Kingdom,First Aid Tin,21260,490136,2009-03-12 19:13:00,1,3.25,3.25,,,
17432,United Kingdom,Dinosaur Lunchbox With Cutlery,21561,490136,2009-03-12 19:13:00,1,2.55,2.55,,,
17432,United Kingdom,Fawn Blue Hot Water Bottle,21481,490136,2009-03-12 19:13:00,1,2.95,2.95,,,
17432,United Kingdom,Kings Choice Small Tube Matches,21582,490136,2009-03-12 19:13:00,3,1.65,4.95,,,
17432,United Kingdom,Red Woolly Hottie White Heart.,84029E,490136,2009-03-12 19:13:00,1,3.75,3.75,,,
17432,United Kingdom,Victorian Sewing Kit,85178,490136,2009-03-12 19:13:00,1,1.25,1.25,,,
17432,United Kingdom,Lavender Scented Fabric Heart,21114,490136,2009-03-12 19:13:00,5,1.25,6.25,,,
17432,United Kingdom,Wooden Happy Birthday Garland,21380,490136,2009-03-12 19:13:00,1,2.95,2.95,,,
17432,United Kingdom,Pink Feather Christmas Decoration,35609A,490136,2009-03-12 19:13:00,1,1.25,1.25,,,
17432,United Kingdom,Inflatable Political Globe ,10002,490136,2009-03-12 19:13:00,1,0.85,0.85,,,
17432,United Kingdom,Woodland  Height Chart Stickers ,21249,490136,2009-03-12 19:13:00,2,2.95,5.9,,,
17432,United Kingdom,Strawberry Lunchbox With Cutlery,21559,490136,2009-03-12 19:13:00,2,2.55,5.1,,,
17432,United Kingdom,Lunchbox With Cutlery Fairy Cakes ,22353,490136,2009-03-12 19:13:00,1,2.55,2.55,,,
17432,United Kingdom,Kids Rain Mac Blue,21788,490136,2009-03-12 19:13:00,1,0.85,0.85,,,
17432,United Kingdom, Vintage Design Gift Tags,21493,490136,2009-03-12 19:13:00,1,0.85,0.85,,,
17432,United Kingdom,Rex Cash+Carry Jumbo Shopper,21034,490136,2009-03-12 19:13:00,1,0.95,0.95,,,
17432,United Kingdom,Nurse'S Bag Soft Toy,21054,490136,2009-03-12 19:13:00,1,8.95,8.95,,,
17432,United Kingdom,Set Of 3 Cases Woodland Design,21432,490136,2009-03-12 19:13:00,1,5.95,5.95,,,
17432,United Kingdom,Kids Rain Mac Pink,21789,490136,2009-03-12 19:13:00,1,0.85,0.85,,,
17432,United Kingdom,Ribbon Reel Stripes Design ,22082,490136,2009-03-12 19:13:00,5,1.65,8.25,,,
17432,United Kingdom,Lunch Bag Woodland,20726,490136,2009-03-12 19:13:00,1,1.65,1.65,,,
17432,United Kingdom,Ridged Glass Finger Bowl,21654,490136,2009-03-12 19:13:00,2,1.45,2.9,,,
17432,United Kingdom,Antique Silver Tea Glass Etched,84946,490136,2009-03-12 19:13:00,6,1.25,7.5,,,
17432,United Kingdom,Vintage Snakes & Ladders,21912,490136,2009-03-12 19:13:00,2,3.75,7.5,,,
17432,United Kingdom,Empire Tissue Box,22091,490136,2009-03-12 19:13:00,1,1.25,1.25,,,
17432,United Kingdom,Noel Wooden Block Letters ,22121,490136,2009-03-12 19:13:00,1,5.95,5.95,,,
17432,United Kingdom,Joy Wooden Block Letters,22118,490136,2009-03-12 19:13:00,1,4.95,4.95,,,
17432,United Kingdom,Small Chunky Glass Roman  Bowl,21316,490136,2009-03-12 19:13:00,2,2.95,5.9,,,
17432,United Kingdom,Glass Chicken Butter Dish,20804,490136,2009-03-12 19:13:00,4,1.65,6.6,,,
17432,United Kingdom,36 Pencils Tube Woodland,20977,490136,2009-03-12 19:13:00,3,1.25,3.75,,,
17432,United Kingdom,Milk Pan Blue Retrospot,22204,490136,2009-03-12 19:13:00,1,3.75,3.75,,,
17432,United Kingdom,Baking Set 9 Piece Retrospot ,22138,490136,2009-03-12 19:13:00,2,4.95,9.9,,,
17432,United Kingdom,Vintage Seaside Jigsaw Puzzles,21913,490136,2009-03-12 19:13:00,2,3.75,7.5,,,
17432,United Kingdom,Retro Spot Tea Set Ceramic 11 Pc ,22139,490136,2009-03-12 19:13:00,1,4.95,4.95,,,
17432,United Kingdom,Set Of Three 50'S Gift Wraps ,21490,490136,2009-03-12 19:13:00,1,1.95,1.95,,,
17432,United Kingdom,Set Of Three Vintage Gift Wraps,21491,490136,2009-03-12 19:13:00,1,1.95,1.95,,,
14713,United Kingdom,Jumbo Bag Owls,20713,490137,2009-03-12 19:22:00,2,1.95,3.9,,,
14713,United Kingdom,Jumbo Storage Bag Suki,21931,490137,2009-03-12 19:22:00,2,1.95,3.9,,,
14713,United Kingdom,Eight Piece Dinosaur Set,21826,490137,2009-03-12 19:22:00,12,1.25,15,,,
14713,United Kingdom,White/Blue Pull Back Racing Car,85226A,490137,2009-03-12 19:22:00,6,0.55,3.3,,,
14713,United Kingdom,Charlie+Lola Pink Hot Water Bottle,84032A,490137,2009-03-12 19:22:00,2,2.95,5.9,,,
14713,United Kingdom,Skulls Greeting Card,21504,490137,2009-03-12 19:22:00,12,0.42,5.04,,,
14713,United Kingdom,Please One Person  Metal Sign,21181,490137,2009-03-12 19:22:00,3,2.1,6.3,,,
14713,United Kingdom,Pottering In The Shed Metal Sign,21174,490137,2009-03-12 19:22:00,2,1.95,3.9,,,
14713,United Kingdom,Cook With Wine Metal Sign ,21166,490137,2009-03-12 19:22:00,4,1.95,7.8,,,
14713,United Kingdom,Gin + Tonic Diet Metal Sign,21175,490137,2009-03-12 19:22:00,2,2.1,4.2,,,
14713,United Kingdom,Fawn Blue Hot Water Bottle,21481,490137,2009-03-12 19:22:00,2,2.95,5.9,,,
14713,United Kingdom,Rotating Silver Angels T-Light Hldr,84347,490137,2009-03-12 19:22:00,2,2.55,5.1,,,
14713,United Kingdom,Gaolers Keys Decorative Garden ,21745,490137,2009-03-12 19:22:00,2,3.75,7.5,,,
14713,United Kingdom,Paper Chain Kit 50'S Christmas ,22086,490137,2009-03-12 19:22:00,12,2.95,27,,,
14713,United Kingdom,Red Spotty Charlotte Bag,20724,490137,2009-03-12 19:22:00,6,0.85,5.1,,,
14713,United Kingdom,Lunch Bag Red Spotty,20725,490137,2009-03-12 19:22:00,6,1.65,9.9,,,
14713,United Kingdom,Lunch Bag Cars Blue,20728,490137,2009-03-12 19:22:00,6,1.65,9.9,,,
14713,United Kingdom,Lunch Bag Woodland,20726,490137,2009-03-12 19:22:00,3,1.65,4.95,,,
14713,United Kingdom,"Charlotte Bag , Pink/White Spots",22356,490137,2009-03-12 19:22:00,12,0.85,10.2,,,
14713,United Kingdom,Pottering Mug,21876,490137,2009-03-12 19:22:00,3,1.25,3.75,,,
14713,United Kingdom,I Can Only Please One Person Mug,21870,490137,2009-03-12 19:22:00,3,1.25,3.75,,,
16722,United Kingdom,Rattle Snake Eggs,16225,490138,2009-03-12 19:23:00,12,1.25,15,,,
16722,United Kingdom,Big Doughnut Fridge Magnets,21700,490138,2009-03-12 19:23:00,12,0.85,10.2,,,
16722,United Kingdom,Red Toadstool Led Night Light,21731,490138,2009-03-12 19:23:00,12,1.65,19.8,,,
16722,United Kingdom,Dinosaur Keyrings Assorted,21829,490138,2009-03-12 19:23:00,27,0.21,7.56,,,
16722,United Kingdom,Camouflage Led Torch,21833,490138,2009-03-12 19:23:00,12,1.69,20.28,,,
16722,United Kingdom,Wooden Box Of Dominoes,21889,490138,2009-03-12 19:23:00,12,1.25,15,,,
16722,United Kingdom,Retro Spot Tea Set Ceramic 11 Pc ,22139,490138,2009-03-12 19:23:00,3,4.95,14.85,,,
16722,United Kingdom,Pig Keyring With Light & Sound ,22299,490138,2009-03-12 19:23:00,24,1.25,27,,,
16722,United Kingdom,Berries Chunky Knitted Throw ,46775B,490138,2009-03-12 19:23:00,1,16.95,16.95,,,
16722,United Kingdom,Woven Berries Cushion Cover ,46776B,490138,2009-03-12 19:23:00,2,4.95,9.9,,,
16722,United Kingdom,Charlie+Lola Red Hot Water Bottle ,84031A,490138,2009-03-12 19:23:00,24,3.81,27,,,
16722,United Kingdom,Charlie+Lola Pink Hot Water Bottle,84032A,490138,2009-03-12 19:23:00,24,2.95,27,,,
16722,United Kingdom,Assorted Ice Cream Fridge Magnets,85217,490138,2009-03-12 19:23:00,12,0.65,7.8,,,
16722,United Kingdom,Set/6 3D Kit Cards For Kids,85227,490138,2009-03-12 19:23:00,12,0.85,10.2,,,
12872,United Kingdom,Glitter Christmas Heart ,21818,490140,2009-03-12 20:03:00,1,0.85,0.85,,,
12872,United Kingdom,Noel Wooden Block Letters ,22121,490140,2009-03-12 20:03:00,2,5.95,11.9,,,
12872,United Kingdom,Christmas Decoupage Candle,72818,490140,2009-03-12 20:03:00,4,0.85,3.4,,,
12872,United Kingdom,White Hanging Heart T-Light Holder,85123A,490140,2009-03-12 20:03:00,22,2.95,27,,,
12872,United Kingdom,Glitter Christmas Tree,21817,490140,2009-03-12 20:03:00,15,0.85,12.75,,,
12872,United Kingdom,Glitter Christmas Star ,21819,490140,2009-03-12 20:03:00,15,0.85,12.75,,,
12872,United Kingdom,Glitter Christmas Heart ,21818,490140,2009-03-12 20:03:00,15,0.85,12.75,,,
12872,United Kingdom,Bingo Set,21888,490140,2009-03-12 20:03:00,1,3.75,3.75,,,
12872,United Kingdom,Paper Chain Kit 50'S Christmas ,22086,490140,2009-03-12 20:03:00,4,2.95,11.8,,,
12872,United Kingdom,Traditional Wooden Skipping Rope,21891,490140,2009-03-12 20:03:00,6,1.25,7.5,,,
12872,United Kingdom,Traditional Wooden Catch Cup Game ,21892,490140,2009-03-12 20:03:00,3,1.25,3.75,,,
12872,United Kingdom,Premium Church Candle,72267,490140,2009-03-12 20:03:00,2,2.1,4.2,,,
12872,United Kingdom,12 Ass Zinc Christmas Decorations,35962,490140,2009-03-12 20:03:00,24,2.1,27,,,
12872,United Kingdom,Rex Cash+Carry Jumbo Shopper,21034,490140,2009-03-12 20:03:00,2,0.95,1.9,,,
12872,United Kingdom,Coffee Mug Pears  Design,22302,490140,2009-03-12 20:03:00,6,2.55,15.3,,,
12872,United Kingdom, Home Sweet Home  Blackboard,21185,490140,2009-03-12 20:03:00,1,6.35,6.35,,,
12872,United Kingdom,Set Of 3 Heart Cookie Cutters,84378,490140,2009-03-12 20:03:00,3,1.25,3.75,,,
12872,United Kingdom,Set Of 2 Fancy Font Tea Towels,22122,490140,2009-03-12 20:03:00,2,2.95,5.9,,,
12872,United Kingdom,World War 2 Gliders Asstd Designs,84077,490140,2009-03-12 20:03:00,6,0.21,1.26,,,
12872,United Kingdom,Set Of 3 Silver Flying Ducks,35004S,490140,2009-03-12 20:03:00,1,6.35,6.35,,,
12872,United Kingdom,Paper Chain Kit Retro Spot,22083,490140,2009-03-12 20:03:00,3,2.95,8.85,,,
12872,United Kingdom,Washroom Metal Sign,82552,490140,2009-03-12 20:03:00,2,1.25,2.5,,,
12872,United Kingdom,Set/10 Pink Spotty Party Candles,21122,490140,2009-03-12 20:03:00,3,1.25,3.75,,,
12872,United Kingdom,Set/10 Blue Spotty Party Candles,21124,490140,2009-03-12 20:03:00,3,1.25,3.75,,,
12872,United Kingdom, 3 Stripey Mice Feltcraft,22150,490140,2009-03-12 20:03:00,4,1.95,7.8,,,
12872,United Kingdom,Blue New Baroque Candlestick Candle,84625C,490140,2009-03-12 20:03:00,3,2.95,8.85,,,
12872,United Kingdom,Pink New Baroquecandlestick Candle,84625A,490140,2009-03-12 20:03:00,2,2.95,5.9,,,
12872,United Kingdom,White Newbaroque Candlestick Candle,84625D,490140,2009-03-12 20:03:00,4,2.95,11.8,,,
12872,United Kingdom,"Candle In Jar Collage , Vanilla",21102,490140,2009-03-12 20:03:00,6,2.55,15.3,,,
12872,United Kingdom,Gin + Tonic Diet Metal Sign,21175,490140,2009-03-12 20:03:00,5,2.1,10.5,,,
12872,United Kingdom,No Singing Metal Sign,82600,490140,2009-03-12 20:03:00,2,2.1,4.2,,,
12872,United Kingdom,Ribbon Reel Stripes Design ,22082,490140,2009-03-12 20:03:00,3,1.65,4.95,,,
12872,United Kingdom,Folkart Zinc Star Christmas Dec,35958,490140,2009-03-12 20:03:00,12,0.85,10.2,,,
12872,United Kingdom,Inflatable Political Globe ,10002,490140,2009-03-12 20:03:00,4,0.85,3.4,,,
12872,United Kingdom,72 Sweetheart Fairy Cake Cases,84992,490140,2009-03-12 20:03:00,6,0.55,3.3,,,
12872,United Kingdom,Set Of 72 Pink Heart Paper Doilies,84988,490140,2009-03-12 20:03:00,2,1.45,2.9,,,
12872,United Kingdom,Pack Of 72 Skull Cake Cases,21213,490140,2009-03-12 20:03:00,3,0.55,1.65,,,
12872,United Kingdom,Paper Chain Kit Skulls ,22085,490140,2009-03-12 20:03:00,2,2.95,5.9,,,
12872,United Kingdom,Skull And Crossbones  Garland ,21207,490140,2009-03-12 20:03:00,3,1.65,4.95,,,
12872,United Kingdom,Love Building Block Word,21755,490140,2009-03-12 20:03:00,3,5.95,17.85,,,
12872,United Kingdom,Heart Shaped Mirror,84975,490140,2009-03-12 20:03:00,6,1.69,10.14,,,
12872,United Kingdom,Assorted Colour Bird Ornament,84879,490140,2009-03-12 20:03:00,8,1.69,13.52,,,
12872,United Kingdom,Elvis Wallhanging / Curtain,46126A,490140,2009-03-12 20:03:00,3,1.25,3.75,,,
15755,United Kingdom,12 Mini Toadstool Pegs,21440,490141,2009-04-12 08:24:00,12,1.25,15,,,
15755,United Kingdom,Kings Choice Cigar Box Matches ,21590,490141,2009-04-12 08:24:00,24,1.25,27,,,
15755,United Kingdom,Retro Spot  Cigar Box Matches ,21592,490141,2009-04-12 08:24:00,24,1.25,27,,,
15755,United Kingdom,Set 12 Pear Botanical T-Lights,21610,490141,2009-04-12 08:24:00,6,2.95,17.7,,,
15755,United Kingdom,Set Of 12 Rose Botanical T-Lights,21614,490141,2009-04-12 08:24:00,6,2.95,17.7,,,
15755,United Kingdom,Vintage Snap Cards,21790,490141,2009-04-12 08:24:00,12,0.85,10.2,,,
15755,United Kingdom,Bingo Set,21888,490141,2009-04-12 08:24:00,4,3.75,15,,,
15755,United Kingdom,Motoring Tissue Box,22093,490141,2009-04-12 08:24:00,12,1.25,15,,,
15755,United Kingdom,Retro Spot Tea Set Ceramic 11 Pc ,22139,490141,2009-04-12 08:24:00,6,4.95,27,,,
15755,United Kingdom,Ass Floral Print Tape Measure,47503G,490141,2009-04-12 08:24:00,12,1.25,15,,,
15755,United Kingdom,Minature Coloured Gardening Set,47505,490141,2009-04-12 08:24:00,3,4.95,14.85,,,
15755,United Kingdom,Colour Glass. Star T-Light Holder,71477,490141,2009-04-12 08:24:00,4,3.25,13,,,
15755,United Kingdom,White Hanging Heart T-Light Holder,85123A,490141,2009-04-12 08:24:00,6,2.95,17.7,,,
15755,United Kingdom,Murano Style Glass Bracelet Pink,90040D,490141,2009-04-12 08:24:00,3,3.5,10.5,,,
15755,United Kingdom,Freshwater Pearl Bracelet Pink,90042B,490141,2009-04-12 08:24:00,4,2.55,10.2,,,
15755,United Kingdom,Green Murano Twist Bracelet,90120C,490141,2009-04-12 08:24:00,4,4.25,17,,,
15755,United Kingdom,Colouring Pencils Brown Tube,10135,490141,2009-04-12 08:24:00,10,1.25,12.5,,,
15755,United Kingdom,Set/5 Red Spotty Lid Glass Bowls,20914,490141,2009-04-12 08:24:00,6,2.95,17.7,,,
14258,United Kingdom,Edwardian Parasol Black,15056BL,490142,2009-04-12 08:36:00,27,4.95,27,,,
14258,United Kingdom,Red Spotty Coir Doormat,20685,490142,2009-04-12 08:36:00,10,5.95,27,,,
14258,United Kingdom,Lunch Bag Red Spotty,20725,490142,2009-04-12 08:36:00,20,1.65,27,,,
14258,United Kingdom,Lunch Bag  Black Skull.,20727,490142,2009-04-12 08:36:00,27,1.65,27,,,
14258,United Kingdom,Lunch Bag Cars Blue,20728,490142,2009-04-12 08:36:00,27,1.65,27,,,
14258,United Kingdom,Wooden Happy Birthday Garland,21380,490142,2009-04-12 08:36:00,24,2.95,27,,,
14258,United Kingdom,Paper Chain Kit 50'S Christmas ,22086,490142,2009-04-12 08:36:00,27,2.55,27,,,
14258,United Kingdom,Tea Time Cake Stand In Gift Box,37503,490142,2009-04-12 08:36:00,6,10.75,27,,,
14258,United Kingdom,Colour Glass. Star T-Light Holder,71477,490142,2009-04-12 08:36:00,27,2.75,27,,,
14258,United Kingdom, Flamingo Lights,79320,490142,2009-04-12 08:36:00,24,4.25,27,,,
14258,United Kingdom,Pompom Curtain,84356,490142,2009-04-12 08:36:00,24,5.95,27,,,
14258,United Kingdom,Sweetheart Key Cabinet,84839,490142,2009-04-12 08:36:00,10,5.55,27,,,
14258,United Kingdom,60 Teatime Fairy Cake Cases,84991,490142,2009-04-12 08:36:00,24,0.55,13.2,,,
14258,United Kingdom,Cream Sweetheart Magazine Rack,85063,490142,2009-04-12 08:36:00,6,14.95,27,,,
14286,United Kingdom,Mini Funky Design Tapes,10125,490143,2009-04-12 08:40:00,20,0.85,17,,,
14286,United Kingdom,Colouring Pencils Brown Tube,10133,490143,2009-04-12 08:40:00,24,0.85,20.4,,,
14286,United Kingdom,Blue Spots  Wrap,21499,490143,2009-04-12 08:40:00,25,0.42,10.5,,,
14286,United Kingdom,Pink Spots  Wrap ,21500,490143,2009-04-12 08:40:00,25,0.42,10.5,,,
14286,United Kingdom,Skulls Greeting Card,21504,490143,2009-04-12 08:40:00,24,0.42,10.08,,,
14286,United Kingdom,"Elephant, Birthday Card, ",21507,490143,2009-04-12 08:40:00,24,0.42,10.08,,,
14286,United Kingdom,Vintage Kid Dolly Card ,21508,490143,2009-04-12 08:40:00,24,0.42,10.08,,,
14286,United Kingdom,Cowboys And Indians Birthday Card ,21509,490143,2009-04-12 08:40:00,24,0.42,10.08,,,
14286,United Kingdom,Lets Go Shopping Cotton Tote Bag,21576,490143,2009-04-12 08:40:00,12,2.25,27,,,
14286,United Kingdom,Save The Planet Cotton Tote Bag,21577,490143,2009-04-12 08:40:00,12,2.25,27,,,
14286,United Kingdom,Woodland Design  Cotton Tote Bag,21578,490143,2009-04-12 08:40:00,12,2.25,27,,,
14286,United Kingdom,Lolita  Design  Cotton Tote Bag,21579,490143,2009-04-12 08:40:00,12,2.25,27,,,
14286,United Kingdom,Skulls  Design  Cotton Tote Bag,21581,490143,2009-04-12 08:40:00,12,2.25,27,,,
14286,United Kingdom,Rain Hat With Red Spots,21786,490143,2009-04-12 08:40:00,27,0.42,15.12,,,
14286,United Kingdom,Chocolate Calculator,21832,490143,2009-04-12 08:40:00,24,1.65,27,,,
14286,United Kingdom,Vintage Snakes & Ladders,21912,490143,2009-04-12 08:40:00,12,3.75,27,,,
14286,United Kingdom,Set 12 Kids  White Chalk Sticks,21917,490143,2009-04-12 08:40:00,27,0.42,27,,,
14286,United Kingdom,Set 12 Kids Colour  Chalk Sticks,21918,490143,2009-04-12 08:40:00,27,0.42,27,,,
14286,United Kingdom,Pack Of 12 Red Spotty Tissues ,21980,490143,2009-04-12 08:40:00,27,0.29,13.92,,,
14286,United Kingdom,Pack Of 12 Woodland Tissues ,21981,490143,2009-04-12 08:40:00,27,0.29,13.92,,,
14286,United Kingdom,Modern Floral Stationery Set,21990,490143,2009-04-12 08:40:00,6,2.95,17.7,,,
14286,United Kingdom,Vintage Paisley Stationery Set,21992,490143,2009-04-12 08:40:00,6,2.95,17.7,,,
14286,United Kingdom,Tea Party Birthday Card,22027,490143,2009-04-12 08:40:00,12,0.42,5.04,,,
14286,United Kingdom,Space Boy Birthday Card,22029,490143,2009-04-12 08:40:00,12,0.42,5.04,,,
14286,United Kingdom,Space Boy Gift Wrap,22045,490143,2009-04-12 08:40:00,25,0.42,10.5,,,
14286,United Kingdom,Tea Party  Wrapping Paper ,22046,490143,2009-04-12 08:40:00,25,0.42,10.5,,,
14286,United Kingdom,Birthday Banquet Gift Wrap,22048,490143,2009-04-12 08:40:00,25,0.42,10.5,,,
14286,United Kingdom,Wrap Christmas Screen Print,22049,490143,2009-04-12 08:40:00,25,0.42,10.5,,,
14286,United Kingdom,Pink Paisley Rose Gift Wrap,22050,490143,2009-04-12 08:40:00,25,0.42,10.5,,,
14286,United Kingdom,Blue Scandinavian Paisley Wrap,22051,490143,2009-04-12 08:40:00,25,0.42,10.5,,,
14286,United Kingdom,Vintage Caravan Gift Wrap,22052,490143,2009-04-12 08:40:00,25,0.42,10.5,,,
14286,United Kingdom,Paper Bunting Retro Spots,22090,490143,2009-04-12 08:40:00,12,2.95,27,,,
14286,United Kingdom,Motoring Tissue Box,22093,490143,2009-04-12 08:40:00,24,1.25,27,,,
14286,United Kingdom,Caravan Square Tissue Box,22099,490143,2009-04-12 08:40:00,24,1.25,27,,,
14286,United Kingdom,Christmas Craft Heart Stocking ,22145,490143,2009-04-12 08:40:00,12,2.1,25.2,,,
14286,United Kingdom,Feltcraft Doll Maria,22272,490143,2009-04-12 08:40:00,6,2.95,17.7,,,
14286,United Kingdom,Feltcraft Doll Emily,22274,490143,2009-04-12 08:40:00,6,2.95,17.7,,,
14286,United Kingdom,Retro Sport Party Bag + Sticker Set,22333,490143,2009-04-12 08:40:00,16,1.65,26.4,,,
14286,United Kingdom,"Feather Pen,Hot Pink",51014A,490143,2009-04-12 08:40:00,24,0.85,20.4,,,
14286,United Kingdom,"Feather Pen,Coal Black",51014C,490143,2009-04-12 08:40:00,24,0.85,20.4,,,
14286,United Kingdom,"Feather Pen,Light Pink",51014L,490143,2009-04-12 08:40:00,24,0.85,20.4,,,
14286,United Kingdom,Pink Marshmallow Scarf Knitting Kit,82615,490143,2009-04-12 08:40:00,6,2.95,17.7,,,
14286,United Kingdom,Bubble Gum Scarf Knitting Kit,82616A,490143,2009-04-12 08:40:00,6,2.95,17.7,,,
14286,United Kingdom,"Decoupage,Greeting Card,",84247G,490143,2009-04-12 08:40:00,24,0.42,10.08,,,
14286,United Kingdom,Envelope 50 Romantic Images,85017A,490143,2009-04-12 08:40:00,12,0.85,10.2,,,
14286,United Kingdom,Envelope 50 Blossom Images,85017B,490143,2009-04-12 08:40:00,12,0.85,10.2,,,
14286,United Kingdom,Envelope 50 Curious Images,85017C,490143,2009-04-12 08:40:00,12,0.85,10.2,,,
14286,United Kingdom,Yuletide Images S/6 Paper Boxes,85018D,490143,2009-04-12 08:40:00,24,2.1,27,,,
14286,United Kingdom,Yuletide Images Gift Wrap Set,85032D,490143,2009-04-12 08:40:00,12,2.1,25.2,,,
14286,United Kingdom,Sewing Susan 21 Needle Set,85176,490143,2009-04-12 08:40:00,27,0.85,27,,,
14286,United Kingdom,Basket Of Flowers Sewing Kit,85177,490143,2009-04-12 08:40:00,27,0.85,27,,,
14286,United Kingdom,Set/3 Russian Doll Stacking Tins,85232B,490143,2009-04-12 08:40:00,6,4.95,27,,,
14286,United Kingdom,Beaded Love Heart Jewellery Set,90167,490143,2009-04-12 08:40:00,24,0.85,20.4,,,
14286,United Kingdom,"Wrap,Suki And Friends",16161U,490143,2009-04-12 08:40:00,25,0.42,10.5,,,
14286,United Kingdom,Sleeping Cat Erasers,16237,490143,2009-04-12 08:40:00,27,0.21,12.6,,,
14286,United Kingdom,Party Food Shopper Bag,20716,490143,2009-04-12 08:40:00,20,1.25,25,,,
14286,United Kingdom,Red Spotty Shopper Bag,20718,490143,2009-04-12 08:40:00,20,1.25,25,,,
14286,United Kingdom, Red/White Dot Mini Cases,20750,490143,2009-04-12 08:40:00,6,7.95,27,,,
14286,United Kingdom,Garden Path Pocket Book,20760,490143,2009-04-12 08:40:00,12,0.85,10.2,,,
14286,United Kingdom,Pink Cream Felt Craft Trinket Box ,20972,490143,2009-04-12 08:40:00,12,1.25,15,,,
14286,United Kingdom,12 Pencils Small Tube Red Spotty,20975,490143,2009-04-12 08:40:00,24,0.65,15.6,,,
14286,United Kingdom,36 Pencils Tube Skulls,20978,490143,2009-04-12 08:40:00,16,1.25,20,,,
14286,United Kingdom,12 Pencils Tall Tube Woodland,20981,490143,2009-04-12 08:40:00,24,0.85,20.4,,,
14286,United Kingdom,12 Pencils Tall Tube Skulls,20982,490143,2009-04-12 08:40:00,24,0.85,20.4,,,
14286,United Kingdom,12 Pencils Tall Tube Red Spotty,20983,490143,2009-04-12 08:40:00,24,0.85,20.4,,,
14286,United Kingdom,Red Spotty Childs Apron,21156,490143,2009-04-12 08:40:00,16,1.95,27,,,
14286,United Kingdom,Multicolour 3D Balls Garland,21205,490143,2009-04-12 08:40:00,6,2.55,15.3,,,
14286,United Kingdom,Toast Its - I Love You ,21355,490143,2009-04-12 08:40:00,12,1.25,15,,,
14286,United Kingdom,Toast Its - Happy Birthday,21358,490143,2009-04-12 08:40:00,12,1.25,15,,,
14286,United Kingdom,Set Of Three 50'S Gift Wraps ,21490,490143,2009-04-12 08:40:00,27,1.65,27,,,
14286,United Kingdom,Set Of Three Vintage Gift Wraps,21491,490143,2009-04-12 08:40:00,27,1.65,27,,,
14286,United Kingdom, Vintage Design Gift Tags,21493,490143,2009-04-12 08:40:00,27,0.85,27,,,
14286,United Kingdom,Fancy Fonts Birthday Wrap,21497,490143,2009-04-12 08:40:00,25,0.42,10.5,,,
14286,United Kingdom,Red Spots  Wrap ,21498,490143,2009-04-12 08:40:00,25,0.42,10.5,,,
14286,United Kingdom,Set Of 20 Kids Cookie Cutters,84375,490143,2009-04-12 08:40:00,12,1.95,23.4,,,
14286,United Kingdom,Botanical Rose Gift Wrap,22040,490143,2009-04-12 08:40:00,25,0.42,10.5,,,
13154,United Kingdom,Inflatable Political Globe ,10002,490144,2009-04-12 08:46:00,12,0.85,10.2,,,
13154,United Kingdom,Toast Its - Dinosaur,21357,490144,2009-04-12 08:46:00,12,1.25,15,,,
13154,United Kingdom,Filigris Heart With Butterfly,21390,490144,2009-04-12 08:46:00,24,1.25,27,,,
13154,United Kingdom,Disco Ball Rotator Battery Operated,21464,490144,2009-04-12 08:46:00,2,4.25,8.5,,,
13154,United Kingdom,Fancy Font Home Sweet Home Doormat,21523,490144,2009-04-12 08:46:00,2,6.75,13.5,,,
13154,United Kingdom,Bingo Set,21888,490144,2009-04-12 08:46:00,8,3.75,27,,,
13154,United Kingdom,Vintage Snakes & Ladders,21912,490144,2009-04-12 08:46:00,4,3.75,15,,,
13154,United Kingdom,Paper Chain Kit 50'S Christmas ,22086,490144,2009-04-12 08:46:00,6,2.95,17.7,,,
13154,United Kingdom,Feltcraft 6 Flower Friends,22149,490144,2009-04-12 08:46:00,6,2.1,12.6,,,
13154,United Kingdom,Cream Heart Card Holder,22189,490144,2009-04-12 08:46:00,4,3.95,15.8,,,
13154,United Kingdom,Door Mat Fairy Cake,48185,490144,2009-04-12 08:46:00,2,6.75,13.5,,,
13154,United Kingdom,Door Mat Bird On The Wire,48197,490144,2009-04-12 08:46:00,2,6.75,13.5,,,
13154,United Kingdom,Cream Cupid Hearts Coat Hanger,84406B,490144,2009-04-12 08:46:00,8,3.25,26,,,
13154,United Kingdom,Large Heart Flowers Hook   ,84971L,490144,2009-04-12 08:46:00,12,1.25,15,,,
13154,United Kingdom,Small Heart Flowers Hook ,84971S,490144,2009-04-12 08:46:00,24,0.85,20.4,,,
13154,United Kingdom,Blue 3 Piece Mini Dots Cutlery Set,84997C,490144,2009-04-12 08:46:00,6,3.75,22.5,,,
13154,United Kingdom,Pink 3 Piece Mini Dots Cutlery Set,84997D,490144,2009-04-12 08:46:00,6,3.75,22.5,,,
13154,United Kingdom,White Hanging Heart T-Light Holder,85123A,490144,2009-04-12 08:46:00,12,2.95,27,,,
13408,United Kingdom,Big Doughnut Fridge Magnets,21700,490147,2009-04-12 09:31:00,24,0.85,20.4,,,
13408,United Kingdom,Pack Of 12 Blue Paisley Tissues ,21983,490147,2009-04-12 09:31:00,27,0.29,13.92,,,
13408,United Kingdom,Pack Of 12 Pink Paisley Tissues ,21984,490147,2009-04-12 09:31:00,27,0.29,13.92,,,
13408,United Kingdom,12 Pencils Tall Tube Skulls,20982,490147,2009-04-12 09:31:00,27,0.85,27,,,
13408,United Kingdom,12 Pencils Tall Tube Red Spotty,20983,490147,2009-04-12 09:31:00,27,0.85,27,,,
13408,United Kingdom,Assorted Colour Bird Ornament,84879,490147,2009-04-12 09:31:00,27,1.45,27,,,
13408,United Kingdom,Set Of 72 Pink Heart Paper Doilies,84988,490147,2009-04-12 09:31:00,27,1.45,27,,,
13408,United Kingdom,Set Of Three 50'S Gift Wraps ,21490,490147,2009-04-12 09:31:00,27,1.65,27,,,
16645,United Kingdom,Flower Fairy Incense Bouquet,17109D,490151,2009-04-12 09:49:00,6,1.69,10.14,,,
16645,United Kingdom, Home Sweet Home  Blackboard,21185,490151,2009-04-12 09:49:00,3,6.35,19.05,,,
16645,United Kingdom,Roses White Round Candle,72487,490151,2009-04-12 09:49:00,6,1.49,8.94,,,
16645,United Kingdom,"F.Fairy S/3 Candle/Glass, Rose",72750C,490151,2009-04-12 09:49:00,2,5.95,11.9,,,
16645,United Kingdom,F Fairy Potpourri Cushions Lavender,72754B,490151,2009-04-12 09:49:00,6,1.69,10.14,,,
16645,United Kingdom,Flower Fairy Oil Burner Set Summer,72755D,490151,2009-04-12 09:49:00,4,4.25,17,,,
16645,United Kingdom,Cupid Design Scented Candles,72819,490151,2009-04-12 09:49:00,6,2.55,15.3,,,
16645,United Kingdom,Frosted White Base ,79406,490151,2009-04-12 09:49:00,24,0.22,5.28,,,
16645,United Kingdom,Scented Candle In Digitalis Tin,84846A,490151,2009-04-12 09:49:00,6,2.1,12.6,,,
16645,United Kingdom,French Enamel Candleholder,85053,490151,2009-04-12 09:49:00,6,2.1,12.6,,,
16645,United Kingdom,Jasmine Votive Candle,85230F,490151,2009-04-12 09:49:00,24,0.29,6.96,,,
16645,United Kingdom,"Flower Fairy,5 Summer B'Draw Liners",17107D,490151,2009-04-12 09:49:00,6,2.55,15.3,,,
16645,United Kingdom,Flower Fairy Summer Bouquet Sachet,17108D,490151,2009-04-12 09:49:00,12,0.42,5.04,,,
16645,United Kingdom,Flower Fairy Incense Lavender,17109B,490151,2009-04-12 09:49:00,6,1.69,10.14,,,
16335,United Kingdom,Victorian Sewing Box Medium,21257,490154,2009-04-12 10:18:00,1,7.95,7.95,,,
16335,United Kingdom,Grand Chocolatecandle,72741,490154,2009-04-12 10:18:00,9,1.45,13.05,,,
16335,United Kingdom,Bath Building Block Word,21756,490154,2009-04-12 10:18:00,1,5.95,5.95,,,
16335,United Kingdom,Fairy Cake Candles,72756,490154,2009-04-12 10:18:00,9,1.49,13.41,,,
16335,United Kingdom,15Cm Christmas Glass Ball 20 Lights,85048,490154,2009-04-12 10:18:00,1,7.95,7.95,,,
16335,United Kingdom,Black/Blue Dots Ruffled Umbrella,85014A,490154,2009-04-12 10:18:00,1,5.95,5.95,,,
16335,United Kingdom,Victorian Sewing Box Small ,21259,490154,2009-04-12 10:18:00,2,5.95,11.9,,,
16335,United Kingdom,Pink  Spotty Plate ,21243,490154,2009-04-12 10:18:00,1,1.69,1.69,,,
16335,United Kingdom,Red Spotty Plate ,21242,490154,2009-04-12 10:18:00,2,1.69,3.38,,,
16335,United Kingdom,Strawberry Lunchbox With Cutlery,21559,490154,2009-04-12 10:18:00,1,2.55,2.55,,,
16335,United Kingdom,Red 3 Piece Mini Dots Cutlery Set,84997B,490154,2009-04-12 10:18:00,3,3.75,11.25,,,
16335,United Kingdom,Blue 3 Piece Mini Dots Cutlery Set,84997C,490154,2009-04-12 10:18:00,1,3.75,3.75,,,
16335,United Kingdom,Green 3 Piece Mini Dots Cutlery Set,84997A,490154,2009-04-12 10:18:00,2,3.75,7.5,,,
16335,United Kingdom,Pink 3 Piece Mini Dots Cutlery Set,84997D,490154,2009-04-12 10:18:00,4,3.75,15,,,
16335,United Kingdom,White Hanging Heart T-Light Holder,85123A,490154,2009-04-12 10:18:00,3,2.95,8.85,,,
16335,United Kingdom,Skull Lunchbox With Cutlery ,21558,490154,2009-04-12 10:18:00,1,2.55,2.55,,,
16335,United Kingdom,Lunchbox With Cutlery Fairy Cakes ,22353,490154,2009-04-12 10:18:00,1,2.55,2.55,,,
16335,United Kingdom,Lunchbox With Cutlery Retrospot ,22352,490154,2009-04-12 10:18:00,2,2.55,5.1,,,
16335,United Kingdom,Urban Black Ribbons ,85049H,490154,2009-04-12 10:18:00,1,1.25,1.25,,,
16335,United Kingdom,6 Ribbons Rustic Charm,22077,490154,2009-04-12 10:18:00,1,1.65,1.65,,,
16335,United Kingdom,Traditional Christmas Ribbons,85049A,490154,2009-04-12 10:18:00,2,1.25,2.5,,,
16335,United Kingdom,Romantic Pinks Ribbons ,85049C,490154,2009-04-12 10:18:00,1,1.25,1.25,,,
16335,United Kingdom,Scandinavian Reds Ribbons,85049E,490154,2009-04-12 10:18:00,2,1.25,2.5,,,
16335,United Kingdom,Wood S/3 Cabinet Ant White Finish,82486,490154,2009-04-12 10:18:00,1,7.95,7.95,,,
16335,United Kingdom,Scottie Dog Hot Water Bottle,22111,490154,2009-04-12 10:18:00,1,4.95,4.95,,,
16335,United Kingdom,Red Spot Heart Hot Water Bottle,21485,490154,2009-04-12 10:18:00,1,4.95,4.95,,,
16335,United Kingdom,Home Building Block Word,21754,490154,2009-04-12 10:18:00,4,5.95,23.8,,,
16335,United Kingdom,Sweetheart Ceramic Trinket Box,21231,490154,2009-04-12 10:18:00,2,1.25,2.5,,,
16335,United Kingdom,Strawberry Ceramic Trinket Box,21232,490154,2009-04-12 10:18:00,2,1.25,2.5,,,
16335,United Kingdom,Hand Over The Chocolate   Sign ,85152,490154,2009-04-12 10:18:00,1,2.1,2.1,,,
16335,United Kingdom,Cook With Wine Metal Sign ,21166,490154,2009-04-12 10:18:00,2,1.95,3.9,,,
16335,United Kingdom,Lunch Bag  Black Skull.,20727,490154,2009-04-12 10:18:00,1,1.65,1.65,,,
16335,United Kingdom,Lunch Bag Red Spotty,20725,490154,2009-04-12 10:18:00,2,1.65,3.3,,,
16335,United Kingdom,S/3 Tear Drop Cut Glass Decoration,85112,490154,2009-04-12 10:18:00,3,1.25,3.75,,,
16335,United Kingdom,Red Spotty Bowl,20676,490154,2009-04-12 10:18:00,2,1.25,2.5,,,
16335,United Kingdom,Strawberry Ceramic Trinket Box,21232,490154,2009-04-12 10:18:00,1,1.25,1.25,,,
16335,United Kingdom,Sweetheart Ceramic Trinket Box,21231,490154,2009-04-12 10:18:00,1,1.25,1.25,,,
16335,United Kingdom,Food Container Set 3 Love Heart ,22131,490154,2009-04-12 10:18:00,4,1.95,7.8,,,
16335,United Kingdom,Roses White Round Candle,72487,490154,2009-04-12 10:18:00,4,1.49,5.96,,,
16335,United Kingdom,Roses In White Heart Candle ,72484,490154,2009-04-12 10:18:00,4,1.25,5,,,
16335,United Kingdom,Pink Fairy Cake Child'S Apron,47591D,490154,2009-04-12 10:18:00,6,1.95,11.7,,,
16335,United Kingdom,Blue Fairy Cake Child'S Apron,47591C,490154,2009-04-12 10:18:00,3,1.95,5.85,,,
16335,United Kingdom,Union Jack Guns & Roses  Doormat,21955,490154,2009-04-12 10:18:00,1,6.75,6.75,,,
16335,United Kingdom,Red Spotty Coir Doormat,20685,490154,2009-04-12 10:18:00,1,6.75,6.75,,,
16335,United Kingdom,Door Mat English Rose ,48184,490154,2009-04-12 10:18:00,1,6.75,6.75,,,
16335,United Kingdom,Weekend Bag Vintage Rose Paisley,22275,490154,2009-04-12 10:18:00,2,8.5,17,,,
16335,United Kingdom,Gin And Tonic Mug,21874,490154,2009-04-12 10:18:00,6,1.25,7.5,,,
16335,United Kingdom,Rex Cash+Carry Jumbo Shopper,21034,490154,2009-04-12 10:18:00,2,0.95,1.9,,,
13093,United Kingdom,Set Of Three 50'S Gift Wraps ,21490,490156,2009-04-12 10:32:00,27,1.65,27,,,
13093,United Kingdom,Door Mat 3 Smiley Cats,48111,490156,2009-04-12 10:32:00,10,5.95,27,,,
13093,United Kingdom,Door Mat Multicolour Stripe,48116,490156,2009-04-12 10:32:00,10,5.95,27,,,
13093,United Kingdom,Box Of 24 Cocktail Parasols,84692,490156,2009-04-12 10:32:00,27,0.42,21,,,
13093,United Kingdom,Jasmine Votive Candle,85230F,490156,2009-04-12 10:32:00,24,0.29,6.96,,,
13093,United Kingdom,Paper Chain Kit 50'S Christmas ,22086,490156,2009-04-12 10:32:00,24,2.95,27,,,
16736,United Kingdom,Afghan Slipper Sock Pair,51008,490157,2009-04-12 10:39:00,27,3.45,27,,,
13666,United Kingdom,Red Spotty Coir Doormat,20685,490159,2009-04-12 10:48:00,1,6.75,6.75,,,
13666,United Kingdom,Black Baroque Cuckoo Clock,85164B,490159,2009-04-12 10:48:00,1,12.75,12.75,,,
13777,United Kingdom,White Hanging Heart T-Light Holder,85123A,490160,2009-04-12 10:52:00,27,2.55,27,,,
17160,United Kingdom,"Charlotte Bag , Suki Design",22355,490161,2009-04-12 10:57:00,10,0.85,8.5,,,
17160,United Kingdom,"Charlotte Bag , Pink/White Spots",22356,490161,2009-04-12 10:57:00,10,0.85,8.5,,,
17160,United Kingdom,Folkart Zinc Heart Christmas Dec,35961,490161,2009-04-12 10:57:00,24,0.85,20.4,,,
17160,United Kingdom,Six String Scandinavian Heart Decs,35979,490161,2009-04-12 10:57:00,6,2.95,17.7,,,
17160,United Kingdom,Tea Time Des Tea Cosy,47580,490161,2009-04-12 10:57:00,6,2.55,15.3,,,
17160,United Kingdom,Pink Fairy Cake Child'S Apron,47591D,490161,2009-04-12 10:57:00,8,1.95,15.6,,,
17160,United Kingdom,Pink Party Bags,47599A,490161,2009-04-12 10:57:00,6,2.1,12.6,,,
17160,United Kingdom,Bathroom Metal Sign,82580,490161,2009-04-12 10:57:00,12,0.55,6.6,,,
17160,United Kingdom,Set Of 3 Heart Cookie Cutters,84378,490161,2009-04-12 10:57:00,12,1.25,15,,,
17160,United Kingdom,Set Of 3 Butterfly Cookie Cutters,84380,490161,2009-04-12 10:57:00,12,1.25,15,,,
17160,United Kingdom,Set Of 4 Fairy Cakes Coasters ,84510B,490161,2009-04-12 10:57:00,10,1.25,12.5,,,
17160,United Kingdom,English Rose Notebook A7 Size,84536A,490161,2009-04-12 10:57:00,16,0.42,6.72,,,
17160,United Kingdom,Fairy Cakes Notebook A7 Size,84536B,490161,2009-04-12 10:57:00,16,0.42,6.72,,,
17160,United Kingdom,Zinc Willie Winkie  Candle Stick,84832,490161,2009-04-12 10:57:00,12,0.85,10.2,,,
17160,United Kingdom,Single Heart Zinc T-Light Holder,84970L,490161,2009-04-12 10:57:00,12,0.95,11.4,,,
17160,United Kingdom,Hanging Heart Zinc T-Light Holder,84970S,490161,2009-04-12 10:57:00,12,0.85,10.2,,,
17160,United Kingdom,60 Teatime Fairy Cake Cases,84991,490161,2009-04-12 10:57:00,24,0.55,13.2,,,
17160,United Kingdom,Victorian Sewing Kit,85178,490161,2009-04-12 10:57:00,12,1.25,15,,,
17160,United Kingdom,Beaded Love Heart Jewellery Set,90167,490161,2009-04-12 10:57:00,12,0.85,10.2,,,
17160,United Kingdom,Strawberry Shopper Bag,20717,490161,2009-04-12 10:57:00,10,1.25,12.5,,,
17160,United Kingdom,Red Spotty Shopper Bag,20718,490161,2009-04-12 10:57:00,10,1.25,12.5,,,
17160,United Kingdom,Woodland Charlotte Bag,20719,490161,2009-04-12 10:57:00,10,0.85,8.5,,,
17160,United Kingdom,Strawberry Charlotte Bag,20723,490161,2009-04-12 10:57:00,10,0.85,8.5,,,
17160,United Kingdom,Red Spotty Charlotte Bag,20724,490161,2009-04-12 10:57:00,10,0.85,8.5,,,
17160,United Kingdom,Lunch Bag Woodland,20726,490161,2009-04-12 10:57:00,10,1.65,16.5,,,
17160,United Kingdom,Lunch Bag  Black Skull.,20727,490161,2009-04-12 10:57:00,10,1.65,16.5,,,
17160,United Kingdom,Lunch Bag Cars Blue,20728,490161,2009-04-12 10:57:00,10,1.65,16.5,,,
17160,United Kingdom,Green Mini Tape Measure ,20738,490161,2009-04-12 10:57:00,10,0.85,8.5,,,
17160,United Kingdom,Set/5 Blue Spotty Lid Glass Bowls,20913,490161,2009-04-12 10:57:00,6,2.95,17.7,,,
17160,United Kingdom,Set/5 Red Spotty Lid Glass Bowls,20914,490161,2009-04-12 10:57:00,6,2.95,17.7,,,
17160,United Kingdom,Pink Blue Felt Craft Trinket Box,20971,490161,2009-04-12 10:57:00,12,1.25,15,,,
17160,United Kingdom,Pink Cream Felt Craft Trinket Box ,20972,490161,2009-04-12 10:57:00,12,1.25,15,,,
17160,United Kingdom,36 Pencils Tube Woodland,20977,490161,2009-04-12 10:57:00,16,1.25,20,,,
17160,United Kingdom,Red Spotty Oven Glove ,21154,490161,2009-04-12 10:57:00,10,1.25,12.5,,,
17160,United Kingdom,Party Metal Sign ,21172,490161,2009-04-12 10:57:00,12,1.45,17.4,,,
17160,United Kingdom,Pack Of 72 Retro Spot Cake Cases,21212,490161,2009-04-12 10:57:00,24,0.55,13.2,,,
17160,United Kingdom,Sweetheart Ceramic Trinket Box,21231,490161,2009-04-12 10:57:00,24,1.25,27,,,
17160,United Kingdom,Strawberry Ceramic Trinket Box,21232,490161,2009-04-12 10:57:00,24,1.25,27,,,
17160,United Kingdom,Red Spotty Cup,21238,490161,2009-04-12 10:57:00,8,0.85,6.8,,,
17160,United Kingdom,White Skull Hot Water Bottle ,21479,490161,2009-04-12 10:57:00,4,3.75,15,,,
17160,United Kingdom,Chick Grey Hot Water Bottle,21484,490161,2009-04-12 10:57:00,4,3.45,13.8,,,
17160,United Kingdom,Red Spot Heart Hot Water Bottle,21485,490161,2009-04-12 10:57:00,3,4.95,14.85,,,
17160,United Kingdom,Set Of Three 50'S Gift Wraps ,21490,490161,2009-04-12 10:57:00,6,1.95,11.7,,,
17160,United Kingdom,Wrap Blizzard,16169F,490161,2009-04-12 10:57:00,25,0.42,10.5,,,
17160,United Kingdom,Party Food Shopper Bag,20716,490161,2009-04-12 10:57:00,10,1.25,12.5,,,
17160,United Kingdom,Vintage Snap Cards,21790,490161,2009-04-12 10:57:00,12,0.85,10.2,,,
17160,United Kingdom,Vintage Heads And Tails Card Game ,21791,490161,2009-04-12 10:57:00,12,1.25,15,,,
17160,United Kingdom,Pack Of 60 Dinosaur Cake Cases,21975,490161,2009-04-12 10:57:00,24,0.55,13.2,,,
17160,United Kingdom,Pack Of 60 Pink Paisley Cake Cases,21977,490161,2009-04-12 10:57:00,24,0.55,13.2,,,
17160,United Kingdom,Baking Set 9 Piece Retrospot ,22138,490161,2009-04-12 10:57:00,3,4.95,14.85,,,
17160,United Kingdom,Feltcraft 6 Flower Friends,22149,490161,2009-04-12 10:57:00,6,2.1,12.6,,,
17160,United Kingdom,Frying Pan Red Polkadot ,22199,490161,2009-04-12 10:57:00,4,4.25,17,,,
17160,United Kingdom,Milk Pan Red Retrospot,22203,490161,2009-04-12 10:57:00,4,3.75,15,,,
17160,United Kingdom,Feltcraft Doll Rosie,22271,490161,2009-04-12 10:57:00,6,2.95,17.7,,,
17160,United Kingdom,Feltcraft Doll Maria,22272,490161,2009-04-12 10:57:00,6,2.95,17.7,,,
17160,United Kingdom,Feltcraft Doll Molly,22273,490161,2009-04-12 10:57:00,6,2.95,17.7,,,
17160,United Kingdom,Feltcraft Doll Emily,22274,490161,2009-04-12 10:57:00,6,2.95,17.7,,,
17160,United Kingdom,Tea Cosy Blue Stripe,22308,490161,2009-04-12 10:57:00,6,2.55,15.3,,,
17160,United Kingdom,Tea Cosy Red  Stripe,22309,490161,2009-04-12 10:57:00,6,2.55,15.3,,,
13946,United Kingdom,Vip Luggage Tag ,20660,490162,2009-04-12 11:07:00,1,1.25,1.25,,,
13946,United Kingdom,Felt Farm Animal Rabbit,22258,490162,2009-04-12 11:07:00,1,1.25,1.25,,,
13946,United Kingdom,Toast Its - Dinosaur,21357,490162,2009-04-12 11:07:00,1,1.25,1.25,,,
13946,United Kingdom,Eight Piece Creepy Crawlie Set,21827,490162,2009-04-12 11:07:00,1,1.25,1.25,,,
13946,United Kingdom,Toast Its - Fairy Flower,21356,490162,2009-04-12 11:07:00,1,1.25,1.25,,,
13946,United Kingdom,Carrot Charlie+Lola Coaster Set,84519B,490162,2009-04-12 11:07:00,1,2.95,2.95,,,
13946,United Kingdom,Assorted Design Geisha Girl Mugs,37408,490162,2009-04-12 11:07:00,5,1.25,6.25,,,
13946,United Kingdom,If You Can'T Stand The Heat Mug,21873,490162,2009-04-12 11:07:00,1,1.25,1.25,,,
13946,United Kingdom,Red Toadstool Led Night Light,21731,490162,2009-04-12 11:07:00,1,1.65,1.65,,,
13946,United Kingdom,Buddha Incense Holder Assorted,35160,490162,2009-04-12 11:07:00,8,0.85,6.8,,,
13946,United Kingdom,Big Doughnut Fridge Magnets,21700,490162,2009-04-12 11:07:00,12,0.85,10.2,,,
13946,United Kingdom,Set/6 Garden Gnome T-Light Candles,20940,490162,2009-04-12 11:07:00,2,2.95,5.9,,,
13946,United Kingdom,"Charlotte Bag , Suki Design",22355,490162,2009-04-12 11:07:00,10,0.85,8.5,,,
13946,United Kingdom,Motoring Tissue Box,22093,490162,2009-04-12 11:07:00,1,1.25,1.25,,,
13946,United Kingdom,Please One Person  Metal Sign,21181,490162,2009-04-12 11:07:00,1,2.1,2.1,,,
13946,United Kingdom,Chocolate This Way Metal Sign,21908,490162,2009-04-12 11:07:00,1,2.1,2.1,,,
13946,United Kingdom,Colour Glass. Star T-Light Holder,71477,490162,2009-04-12 11:07:00,24,2.75,27,,,
13946,United Kingdom,Jumbo Storage Bag Suki,21931,490162,2009-04-12 11:07:00,10,1.95,19.5,,,
13946,United Kingdom,Suki  Shoulder Bag,21935,490162,2009-04-12 11:07:00,27,1.65,27,,,
13946,United Kingdom,Full English Breakfast Plate,22109,490162,2009-04-12 11:07:00,1,3.75,3.75,,,
13946,United Kingdom,Glitter Butterfly Clips,20828,490162,2009-04-12 11:07:00,6,2.55,15.3,,,
13946,United Kingdom,S/4 Festive Red Dinner Candles,72801F,490162,2009-04-12 11:07:00,12,1.25,15,,,
13946,United Kingdom,Jardin Etched Glass Candlehldr Long,85147,490162,2009-04-12 11:07:00,1,4.95,4.95,,,
13946,United Kingdom,Set/4 Pink Orchid Candles In Bowl,85041,490162,2009-04-12 11:07:00,12,1.65,19.8,,,
13946,United Kingdom,Hanging Jam Jar T-Light Holder,71459,490162,2009-04-12 11:07:00,12,0.85,10.2,,,
13946,United Kingdom,Box Of 24 Cocktail Parasols,84692,490162,2009-04-12 11:07:00,27,0.42,21,,,
14723,United Kingdom,Charlie And Lola Charlotte Bag,21100,490163,2009-04-12 11:22:00,4,1.65,6.6,,,
14723,United Kingdom,Jumbo Bag Charlie And Lola Toys,21033,490163,2009-04-12 11:22:00,5,2.95,14.75,,,
14723,United Kingdom,Jumbo Bag Pink Vintage Paisley,21929,490163,2009-04-12 11:22:00,4,1.95,7.8,,,
14723,United Kingdom,Jumbo Storage Bag Suki,21931,490163,2009-04-12 11:22:00,10,1.95,19.5,,,
14723,United Kingdom,Suki  Shoulder Bag,21935,490163,2009-04-12 11:22:00,5,1.65,8.25,,,
14723,United Kingdom,Jumbo Storage Bag Skulls,21930,490163,2009-04-12 11:22:00,5,1.95,9.75,,,
14723,United Kingdom,Pink Heart Candy Button Calculator,21842,490163,2009-04-12 11:22:00,3,2.55,7.65,,,
14723,United Kingdom,Heart Calculator,20985,490163,2009-04-12 11:22:00,3,1.25,3.75,,,
14723,United Kingdom,Lunch Bag  Black Skull.,20727,490163,2009-04-12 11:22:00,4,1.65,6.6,,,
14723,United Kingdom,Union Jack Guns & Roses  Doormat,21955,490163,2009-04-12 11:22:00,2,6.75,13.5,,,
14723,United Kingdom,Pink Vintage Paisley Picnic Bag,21933,490163,2009-04-12 11:22:00,3,2.95,8.85,,,
14723,United Kingdom,Food/Drink Spunge Stickers,16012,490163,2009-04-12 11:22:00,24,0.21,5.04,,,
14723,United Kingdom, Animal Stickers,16011,490163,2009-04-12 11:22:00,24,0.21,5.04,,,
14723,United Kingdom,Hearts  Stickers,21677,490163,2009-04-12 11:22:00,5,0.85,4.25,,,
14723,United Kingdom,Scandinavian Paisley Picnic Bag,21932,490163,2009-04-12 11:22:00,4,2.95,11.8,,,
14723,United Kingdom,Jazz Hearts Purse Notebook,20992,490163,2009-04-12 11:22:00,5,0.85,4.25,,,
14723,United Kingdom,Jazz Hearts Spiral Notepad,20994,490163,2009-04-12 11:22:00,5,0.85,4.25,,,
14961,United Kingdom,Strawberry Charlotte Bag,20723,490164,2009-04-12 11:32:00,10,0.85,8.5,,,
14961,United Kingdom,Red Spotty Charlotte Bag,20724,490164,2009-04-12 11:32:00,10,0.85,8.5,,,
14961,United Kingdom,Union Jack Hot Water Bottle ,22125,490164,2009-04-12 11:32:00,6,5.95,27,,,
14961,United Kingdom,"Popcorn Holder , Small ",22197,490164,2009-04-12 11:32:00,27,0.85,27,,,
14961,United Kingdom,"Popcorn Holder , Large",22198,490164,2009-04-12 11:32:00,27,1.45,27,,,
14961,United Kingdom,Lunchbox With Cutlery Fairy Cakes ,22353,490164,2009-04-12 11:32:00,6,2.55,15.3,,,
14961,United Kingdom,"Charlotte Bag , Suki Design",22355,490164,2009-04-12 11:32:00,10,0.85,8.5,,,
14961,United Kingdom,"Charlotte Bag , Pink/White Spots",22356,490164,2009-04-12 11:32:00,10,0.85,8.5,,,
14961,United Kingdom,Teatime Cake Tin With Handle,79072,490164,2009-04-12 11:32:00,8,8.95,27,,,
14961,United Kingdom,Brown Furry Hot Water Bottle,84029C,490164,2009-04-12 11:32:00,12,3.75,27,,,
14961,United Kingdom,Red Woolly Hottie White Heart.,84029E,490164,2009-04-12 11:32:00,4,3.75,15,,,
14961,United Kingdom,Knitted Union Flag Hot Water Bottle,84029G,490164,2009-04-12 11:32:00,4,3.75,15,,,
14961,United Kingdom,Charlie+Lola Pink Hot Water Bottle,84032A,490164,2009-04-12 11:32:00,6,2.95,17.7,,,
14961,United Kingdom,Tomato Charlie+Lola Coaster Set,84519A,490164,2009-04-12 11:32:00,6,2.95,17.7,,,
14961,United Kingdom,Pack Of 20 Fairy Cake Paper Napkins,84520D,490164,2009-04-12 11:32:00,12,0.85,10.2,,,
14961,United Kingdom,Set Of 36 Silver Paper Doilies,84986B,490164,2009-04-12 11:32:00,12,1.45,17.4,,,
14961,United Kingdom,Set Of 36 Teatime Paper Doilies,84987,490164,2009-04-12 11:32:00,12,1.45,17.4,,,
14961,United Kingdom,60 Teatime Fairy Cake Cases,84991,490164,2009-04-12 11:32:00,24,0.55,13.2,,,
14961,United Kingdom,Lunch Bag Red Spotty,20725,490164,2009-04-12 11:32:00,10,1.65,16.5,,,
14961,United Kingdom,Lunch Bag  Black Skull.,20727,490164,2009-04-12 11:32:00,10,1.65,16.5,,,
14961,United Kingdom,Charlie And Lola Charlotte Bag,21100,490164,2009-04-12 11:32:00,10,1.65,16.5,,,
14961,United Kingdom,Set Of 72 Retro Spot Paper  Doilies,21210,490164,2009-04-12 11:32:00,12,1.45,17.4,,,
14961,United Kingdom,Pack Of 72 Retro Spot Cake Cases,21212,490164,2009-04-12 11:32:00,24,0.55,13.2,,,
14961,United Kingdom, Ivory Paper Cup Cake Cases ,21215,490164,2009-04-12 11:32:00,24,0.55,13.2,,,
14961,United Kingdom,Set Of Skull Wall Stickers,21250,490164,2009-04-12 11:32:00,6,2.95,17.7,,,
14961,United Kingdom,Dinosaurs  Writing Set ,21329,490164,2009-04-12 11:32:00,12,1.65,19.8,,,
14961,United Kingdom,White Skull Hot Water Bottle ,21479,490164,2009-04-12 11:32:00,4,3.75,15,,,
14961,United Kingdom,Pink Stripe Hot Water Bottle,21480,490164,2009-04-12 11:32:00,12,2.95,27,,,
14961,United Kingdom,Red Spot Heart Hot Water Bottle,21485,490164,2009-04-12 11:32:00,12,4.95,27,,,
14961,United Kingdom,Red White Scarf  Hot Water Bottle,21488,490164,2009-04-12 11:32:00,4,3.95,15.8,,,
14961,United Kingdom,Skull Lunchbox With Cutlery ,21558,490164,2009-04-12 11:32:00,6,2.55,15.3,,,
14961,United Kingdom,Dinosaur Lunchbox With Cutlery,21561,490164,2009-04-12 11:32:00,12,2.55,27,,,
14961,United Kingdom,Skulls  Design  Cotton Tote Bag,21581,490164,2009-04-12 11:32:00,6,2.25,13.5,,,
14961,United Kingdom,Set Of 6 Heart Chopsticks,21947,490164,2009-04-12 11:32:00,12,1.25,15,,,
14961,United Kingdom,Set Of 6 Strawberry Chopsticks,21949,490164,2009-04-12 11:32:00,12,1.25,15,,,
14961,United Kingdom,Set Of 36 Paisley Flower Doilies,21974,490164,2009-04-12 11:32:00,12,1.45,17.4,,,
14961,United Kingdom,Pack Of 60 Dinosaur Cake Cases,21975,490164,2009-04-12 11:32:00,24,0.55,13.2,,,
14961,United Kingdom,Pack Of 60 Pink Paisley Cake Cases,21977,490164,2009-04-12 11:32:00,24,0.55,13.2,,,
14961,United Kingdom,Pack Of 20 Skull Paper Napkins,21989,490164,2009-04-12 11:32:00,12,0.85,10.2,,,
14961,United Kingdom,Chocolate Hot Water Bottle,22112,490164,2009-04-12 11:32:00,12,4.95,27,,,
14961,United Kingdom,Hot Water Bottle Tea And Sympathy,22114,490164,2009-04-12 11:32:00,12,3.95,27,,,
14735,United Kingdom,Set/5 Red Spotty Lid Glass Bowls,20914,490166,2009-04-12 11:32:00,6,2.95,17.7,,,
14735,United Kingdom,36 Pencils Tube Red Spotty,20979,490166,2009-04-12 11:32:00,27,1.25,27,,,
14735,United Kingdom,Red Spot Heart Hot Water Bottle,21485,490166,2009-04-12 11:32:00,3,4.95,14.85,,,
14735,United Kingdom,Swallow Giant Tube Matches,21589,490166,2009-04-12 11:32:00,12,2.55,27,,,
14735,United Kingdom,Swallow Cigar Box Matches ,21593,490166,2009-04-12 11:32:00,24,1.25,27,,,
14735,United Kingdom,Cosy Slipper Shoes Small  Red ,21738,490166,2009-04-12 11:32:00,18,2.95,27,,,
14735,United Kingdom,Cosy Slipper Shoes Large Red,21740,490166,2009-04-12 11:32:00,18,2.95,27,,,
14735,United Kingdom,Paper Chain Kit Retro Spot,22083,490166,2009-04-12 11:32:00,6,2.95,17.7,,,
14735,United Kingdom,Paper Chain Kit 50'S Christmas ,22086,490166,2009-04-12 11:32:00,6,2.95,17.7,,,
14735,United Kingdom,Cream Heart Card Holder,22189,490166,2009-04-12 11:32:00,12,3.95,27,,,
14735,United Kingdom,Tea Bag Plate Red Spotty ,22348,490166,2009-04-12 11:32:00,12,0.85,10.2,,,
14735,United Kingdom,Jumbo Bag Red White Spotty ,85099B,490166,2009-04-12 11:32:00,10,1.95,19.5,,,
18061,United Kingdom,Assorted Colour Bird Ornament,84879,490167,2009-04-12 11:36:00,24,1.69,27,,,
18061,United Kingdom,Kashmir Folkart Tumblers,84937,490167,2009-04-12 11:36:00,27,2.1,27,,,
18061,United Kingdom,Antique Silver Tea Glass Etched,84946,490167,2009-04-12 11:36:00,27,1.25,27,,,
18061,United Kingdom,Single Heart Zinc T-Light Holder,84970L,490167,2009-04-12 11:36:00,27,0.95,27,,,
18061,United Kingdom,Hanging Heart Zinc T-Light Holder,84970S,490167,2009-04-12 11:36:00,27,0.85,27,,,
18061,United Kingdom,Medium Medina Stamped Metal Bowl ,21683,490167,2009-04-12 11:36:00,6,2.95,17.7,,,
18061,United Kingdom,White Tissue Ream,22415,490167,2009-04-12 11:36:00,1,7.95,7.95,,,
18061,United Kingdom,Zinc Metal Heart Decoration,84836,490167,2009-04-12 11:36:00,24,1.25,27,,,
15581,United Kingdom,Pack Of 12 Blue Paisley Tissues ,21983,490171,2009-04-12 11:54:00,12,0.29,3.48,,,
15581,United Kingdom,Seaside Stripe Hammock,84795D,490171,2009-04-12 11:54:00,1,7.95,7.95,,,
15581,United Kingdom,Swallow Giant Tube Matches,21589,490171,2009-04-12 11:54:00,1,2.55,2.55,,,
15581,United Kingdom,Party Cones Candy Tree Decoration,22129,490171,2009-04-12 11:54:00,12,0.85,10.2,,,
15581,United Kingdom,Party Cone Christmas Decoration ,22130,490171,2009-04-12 11:54:00,6,0.85,5.1,,,
15078,United Kingdom,Red/White Dots Ruffled Umbrella,85014B,490202,2009-04-12 12:03:00,8,5.95,27,,,
15078,United Kingdom,Door Mat Welcome Puppies,48188,490202,2009-04-12 12:03:00,2,6.75,13.5,,,
15078,United Kingdom,Jumbo Bag Red White Spotty ,85099B,490202,2009-04-12 12:03:00,20,1.95,27,,,
15078,United Kingdom,Door Mat New England,48187,490202,2009-04-12 12:03:00,2,6.75,13.5,,,
15078,United Kingdom,Set/5 Red Spotty Lid Glass Bowls,20914,490202,2009-04-12 12:03:00,6,2.95,17.7,,,
15078,United Kingdom,Jumbo Storage Bag Suki,21931,490202,2009-04-12 12:03:00,20,1.95,27,,,
15078,United Kingdom,Jumbo Bag Scandinavian Paisley,21928,490202,2009-04-12 12:03:00,10,1.95,19.5,,,
15078,United Kingdom,Gin + Tonic Diet Metal Sign,21175,490202,2009-04-12 12:03:00,12,2.1,25.2,,,
15078,United Kingdom,Area Patrolled Metal Sign,82582,490202,2009-04-12 12:03:00,6,2.1,12.6,,,
15078,United Kingdom,No Singing Metal Sign,82600,490202,2009-04-12 12:03:00,6,2.1,12.6,,,
15078,United Kingdom,Please One Person  Metal Sign,21181,490202,2009-04-12 12:03:00,12,2.1,25.2,,,
15078,United Kingdom,Red Spotty Coir Doormat,20685,490202,2009-04-12 12:03:00,2,6.75,13.5,,,
15078,United Kingdom,Set/20 Red Spotty Paper Napkins ,21080,490202,2009-04-12 12:03:00,12,0.85,10.2,,,
15078,United Kingdom,12 Pencils Small Tube Red Spotty,20975,490202,2009-04-12 12:03:00,24,0.65,15.6,,,
15078,United Kingdom,Jumbo Bag Owls,20713,490202,2009-04-12 12:03:00,10,1.95,19.5,,,
15078,United Kingdom,Black/Blue Dots Ruffled Umbrella,85014A,490202,2009-04-12 12:03:00,4,5.95,23.8,,,
15078,United Kingdom,Red Spotty Shopper Bag,20718,490202,2009-04-12 12:03:00,10,1.25,12.5,,,
15078,United Kingdom,Lunch Bag Red Spotty,20725,490202,2009-04-12 12:03:00,10,1.65,16.5,,,
15078,United Kingdom,Door Mat 3 Smiley Cats,48111,490202,2009-04-12 12:03:00,2,6.75,13.5,,,
15078,United Kingdom,Jumbo Bag Strawberry,85099F,490202,2009-04-12 12:03:00,10,1.95,19.5,,,
17389,United Kingdom,Knitted Union Flag Hot Water Bottle,84029G,490209,2009-04-12 12:06:00,27,3.39,27,,,
17389,United Kingdom,Kings Choice Cigar Box Matches ,21590,490209,2009-04-12 12:06:00,27,1.06,27,,,
17389,United Kingdom,Frying Pan Pink Polkadot ,22200,490209,2009-04-12 12:06:00,27,4.25,27,,,
17389,United Kingdom,Jumbo Bag Red White Spotty ,85099B,490209,2009-04-12 12:06:00,27,1.65,27,,,
17389,United Kingdom,Set 12 Retro White Chalk Sticks,21916,490209,2009-04-12 12:06:00,27,0.42,27,,,
16883,United Kingdom,Sweetheart Ceramic Trinket Box,21231,490212,2009-04-12 12:07:00,8,1.25,10,,,
16883,United Kingdom,Heart Ivory Trellis Large,22296,490212,2009-04-12 12:07:00,3,1.65,4.95,,,
16883,United Kingdom,Ceramic Strwberry Design Mug,22059,490212,2009-04-12 12:07:00,2,1.49,2.98,,,
16883,United Kingdom,Ceramic Cake Design Spotted Mug,37448,490212,2009-04-12 12:07:00,3,1.49,4.47,,,
16883,United Kingdom,White Glass Tv Triple Frame,84425A,490212,2009-04-12 12:07:00,3,4.25,12.75,,,
16883,United Kingdom,Garland With Stars And Bells,21813,490212,2009-04-12 12:07:00,3,4.95,14.85,,,
16883,United Kingdom,White Hanging Heart T-Light Holder,85123A,490212,2009-04-12 12:07:00,5,2.95,14.75,,,
16883,United Kingdom,Red Hanging Metal Star Tlight Hldr,21732,490212,2009-04-12 12:07:00,2,3.75,7.5,,,
16883,United Kingdom,Large Cake Stand  Hanging Strawbery,22061,490212,2009-04-12 12:07:00,1,9.95,9.95,,,
16883,United Kingdom,Glitter Star Garland With Bells ,21821,490212,2009-04-12 12:07:00,3,3.75,11.25,,,
16883,United Kingdom,Ivy Heart Wreath,21349,490212,2009-04-12 12:07:00,1,6.75,6.75,,,
16883,United Kingdom,Strawberry Ceramic Trinket Box,21232,490212,2009-04-12 12:07:00,7,1.25,8.75,,,
13175,United Kingdom,Save The Planet Cotton Tote Bag,21577,490214,2009-04-12 12:11:00,12,2.25,27,,,
13175,United Kingdom,Union Jack Flag Luggage Tag,21866,490214,2009-04-12 12:11:00,12,1.25,15,,,
13175,United Kingdom,Red Spotty Luggage Tag,20658,490214,2009-04-12 12:11:00,12,1.25,15,,,
13175,United Kingdom,Watermelon Bath Sponge,20960,490214,2009-04-12 12:11:00,10,1.25,12.5,,,
13175,United Kingdom,Apple Bath Sponge,20963,490214,2009-04-12 12:11:00,10,1.25,12.5,,,
13175,United Kingdom,Sandwich Bath Sponge,20966,490214,2009-04-12 12:11:00,10,1.25,12.5,,,
13175,United Kingdom,Red Spot Heart Hot Water Bottle,21485,490214,2009-04-12 12:11:00,3,4.95,14.85,,,
13175,United Kingdom,Red White Scarf  Hot Water Bottle,21488,490214,2009-04-12 12:11:00,4,3.95,15.8,,,
13175,United Kingdom,Grand Chocolatecandle,72741,490214,2009-04-12 12:11:00,18,1.45,26.1,,,
13175,United Kingdom,Pack Of 72 Retro Spot Cake Cases,21212,490214,2009-04-12 12:11:00,24,0.55,13.2,,,
13175,United Kingdom,Red Spotty Round Cake Tins,21217,490214,2009-04-12 12:11:00,1,9.95,9.95,,,
13175,United Kingdom,Large Heart Measuring Spoons,22195,490214,2009-04-12 12:11:00,12,1.65,19.8,,,
13175,United Kingdom,Small Heart Measuring Spoons,22196,490214,2009-04-12 12:11:00,12,0.85,10.2,,,
13175,United Kingdom,Baking Set 9 Piece Retrospot ,22138,490214,2009-04-12 12:11:00,3,4.95,14.85,,,
13175,United Kingdom,Set Of 3 Heart Cookie Cutters,84378,490214,2009-04-12 12:11:00,12,1.25,15,,,
13175,United Kingdom,Set Of 72 Retro Spot Paper  Doilies,21210,490214,2009-04-12 12:11:00,12,1.45,17.4,,,
13175,United Kingdom,Set Of 72 Pink Heart Paper Doilies,84988,490214,2009-04-12 12:11:00,12,1.45,17.4,,,
13175,United Kingdom,Coffee Mug Apples Design,22303,490214,2009-04-12 12:11:00,6,2.55,15.3,,,
13175,United Kingdom,Home Sweet Home Mug,21877,490214,2009-04-12 12:11:00,12,1.25,15,,,
13175,United Kingdom,Vintage Union Jack Cushion Cover,21622,490214,2009-04-12 12:11:00,4,4.95,19.8,,,
17076,United Kingdom,Mini Cake Stand With Hanging Cakes,37446,490218,2009-04-12 12:12:00,24,1.45,27,,,
17076,United Kingdom,Strawberry Ceramic Trinket Box,21232,490218,2009-04-12 12:12:00,12,1.25,15,,,
17076,United Kingdom,Ceramic Cake Design Spotted Mug,37448,490218,2009-04-12 12:12:00,12,1.49,17.88,,,
13948,United Kingdom,Set Of 4 English Rose Coasters,84510A,490219,2009-04-12 12:14:00,10,1.25,12.5,,,
13948,United Kingdom,Vintage Union Jack Cushion Cover,21622,490219,2009-04-12 12:14:00,4,4.95,19.8,,,
13948,United Kingdom,Strawberry Ceramic Trinket Box,21232,490219,2009-04-12 12:14:00,24,1.25,27,,,
13948,United Kingdom,Sweetheart Ceramic Trinket Box,21231,490219,2009-04-12 12:14:00,12,1.25,15,,,
13948,United Kingdom,Large Cake Stand  Hanging Strawbery,22061,490219,2009-04-12 12:14:00,4,9.95,27,,,
13948,United Kingdom,Tea Time Tea Set In Gift Box,37501,490219,2009-04-12 12:14:00,3,6.95,20.85,,,
13948,United Kingdom,Home Sweet Home Metal Sign ,21164,490219,2009-04-12 12:14:00,6,2.95,17.7,,,
18223,United Kingdom,Edwardian Parasol Red,20679,490229,2009-04-12 12:20:00,6,5.95,27,,,
18223,United Kingdom,Ladies & Gentlemen Metal Sign,85150,490229,2009-04-12 12:20:00,12,2.55,27,,,
18223,United Kingdom,Jumbo Bag Strawberry,85099F,490229,2009-04-12 12:20:00,10,1.95,19.5,,,
18223,United Kingdom,Jumbo  Bag Baroque Black White,85099C,490229,2009-04-12 12:20:00,10,1.95,19.5,,,
18223,United Kingdom,Jumbo Bag Red White Spotty ,85099B,490229,2009-04-12 12:20:00,20,1.95,27,,,
18223,United Kingdom,Red/White Dots Ruffled Umbrella,85014B,490229,2009-04-12 12:20:00,6,5.95,27,,,
18223,United Kingdom,"Wrap,Suki And Friends",16161U,490229,2009-04-12 12:20:00,25,0.42,10.5,,,
18223,United Kingdom, Flamingo Lights,79320,490229,2009-04-12 12:20:00,4,4.95,19.8,,,
18223,United Kingdom,Door Mat 3 Smiley Cats,48111,490229,2009-04-12 12:20:00,4,6.75,27,,,
18223,United Kingdom,Inflatable Political Globe ,10002,490229,2009-04-12 12:20:00,12,0.85,10.2,,,
18223,United Kingdom,Pig Keyring With Light & Sound ,22299,490229,2009-04-12 12:20:00,24,1.25,27,,,
18223,United Kingdom,Jumbo Storage Bag Suki,21931,490229,2009-04-12 12:20:00,20,1.95,27,,,
18223,United Kingdom,"Popcorn Holder , Large",22198,490229,2009-04-12 12:20:00,24,1.65,27,,,
18223,United Kingdom,"Popcorn Holder , Small ",22197,490229,2009-04-12 12:20:00,27,0.85,27,,,
18223,United Kingdom,Set 10 Lights Night Owl,22179,490229,2009-04-12 12:20:00,8,6.75,27,,,
18223,United Kingdom,Hot Water Bottle Tea And Sympathy,22114,490229,2009-04-12 12:20:00,8,3.95,27,,,
18223,United Kingdom,Full English Breakfast Plate,22109,490229,2009-04-12 12:20:00,16,3.39,27,,,
18223,United Kingdom,Pizza Plate In Box,22107,490229,2009-04-12 12:20:00,8,3.75,27,,,
18223,United Kingdom,Empire Gift Wrap,22047,490229,2009-04-12 12:20:00,25,0.42,10.5,,,
18223,United Kingdom,Space Boy Gift Wrap,22045,490229,2009-04-12 12:20:00,25,0.42,10.5,,,
18223,United Kingdom,Set Of 6 Cake Chopsticks,21948,490229,2009-04-12 12:20:00,12,1.25,15,,,
18223,United Kingdom,I Can Only Please One Person Mug,21870,490229,2009-04-12 12:20:00,24,1.25,27,,,
18223,United Kingdom,Dinosaur Lunchbox With Cutlery,21561,490229,2009-04-12 12:20:00,6,2.55,15.3,,,
18223,United Kingdom,Set Of Three Vintage Gift Wraps,21491,490229,2009-04-12 12:20:00,27,1.95,27,,,
18223,United Kingdom,Set Of Three 50'S Gift Wraps ,21490,490229,2009-04-12 12:20:00,27,1.95,27,,,
18223,United Kingdom,Mushroom Blue Hot Water Bottle,21482,490229,2009-04-12 12:20:00,12,2.95,27,,,
18223,United Kingdom,Fawn Blue Hot Water Bottle,21481,490229,2009-04-12 12:20:00,12,2.95,27,,,
18223,United Kingdom,Strawberry Ceramic Trinket Box,21232,490229,2009-04-12 12:20:00,27,1.06,27,,,
18223,United Kingdom,Sweetheart Ceramic Trinket Box,21231,490229,2009-04-12 12:20:00,27,1.06,27,,,
18223,United Kingdom,Please One Person  Metal Sign,21181,490229,2009-04-12 12:20:00,12,2.1,25.2,,,
18223,United Kingdom,Pottering In The Shed Metal Sign,21174,490229,2009-04-12 12:20:00,12,1.95,23.4,,,
18223,United Kingdom,Beware Of The Cat Metal Sign ,21165,490229,2009-04-12 12:20:00,24,1.69,27,,,
18223,United Kingdom,Set/5 Red Spotty Lid Glass Bowls,20914,490229,2009-04-12 12:20:00,6,2.95,17.7,,,
18223,United Kingdom,Red Spotty Coir Doormat,20685,490229,2009-04-12 12:20:00,2,6.75,13.5,,,
16192,United Kingdom,White Spot Blue Ceramic Drawer Knob,21673,490247,2009-04-12 12:28:00,24,1.25,27,,,
16192,United Kingdom,Jumbo Bag Red White Spotty ,85099B,490247,2009-04-12 12:28:00,10,1.95,19.5,,,
16192,United Kingdom,Retro Spot Candle  Medium,21285,490247,2009-04-12 12:28:00,12,2.1,25.2,,,
16192,United Kingdom,Retro Plastic Polka Tray,79191B,490247,2009-04-12 12:28:00,12,0.85,10.2,,,
16192,United Kingdom,Set/20 Red Spotty Paper Napkins ,21080,490247,2009-04-12 12:28:00,12,0.85,10.2,,,
16192,United Kingdom,Jumbo Bag Strawberry,85099F,490247,2009-04-12 12:28:00,10,1.95,19.5,,,
16192,United Kingdom,Red Spotty Shopper Bag,20718,490247,2009-04-12 12:28:00,27,1.25,27,,,
16192,United Kingdom,Wrap Christmas Screen Print,22049,490247,2009-04-12 12:28:00,27,0.42,21,,,
16192,United Kingdom,Candy Spot Cushion Cover,85087,490247,2009-04-12 12:28:00,24,2.55,27,,,
16192,United Kingdom,Red Stripe Ceramic Drawer Knob,21668,490247,2009-04-12 12:28:00,12,1.25,15,,,
16192,United Kingdom,Retro Spot Lamp,22180,490247,2009-04-12 12:28:00,12,8.5,27,,,
15999,United Kingdom,Party Cone Christmas Decoration ,22130,490258,2009-04-12 12:31:00,24,0.85,20.4,,,
15109,United Kingdom,Assorted White Embossed China Mugs,37441,490266,2009-04-12 12:33:00,12,2.1,25.2,,,
15109,United Kingdom,Set Of 3 Silver Flying Ducks,35004S,490266,2009-04-12 12:33:00,4,6.35,25.4,,,
15109,United Kingdom,Vintage Union Jack Cushion Cover,21622,490266,2009-04-12 12:33:00,8,4.95,27,,,
15109,United Kingdom,Vintage Union Jack Bunting,21621,490266,2009-04-12 12:33:00,6,8.5,27,,,
15109,United Kingdom,"Nursery A,B,C Painted Letters",21462,490266,2009-04-12 12:33:00,4,6.75,27,,,
15109,United Kingdom,Elephant Toy With Blue T-Shirt,84578,490266,2009-04-12 12:33:00,4,3.75,15,,,
15109,United Kingdom,Pink Knitted Cow Stuffed Toy,84902,490266,2009-04-12 12:33:00,6,3.75,22.5,,,
15109,United Kingdom,Blue Padded Soft Mobile,20703,490266,2009-04-12 12:33:00,6,4.25,25.5,,,
14680,United Kingdom,Toast Its - Dinosaur,21357,490272,2009-04-12 12:36:00,10,1.25,12.5,,,
14680,United Kingdom,Toast Its - I Love You ,21355,490272,2009-04-12 12:36:00,10,1.25,12.5,,,
14680,United Kingdom,Toast Its - Fairy Flower,21356,490272,2009-04-12 12:36:00,8,1.25,10,,,
14680,United Kingdom,Balloons  Writing Set ,21328,490272,2009-04-12 12:36:00,2,1.65,3.3,,,
14680,United Kingdom,Woodland Animal  Writing Set ,21330,490272,2009-04-12 12:36:00,2,1.65,3.3,,,
14680,United Kingdom,Dinosaurs  Writing Set ,21329,490272,2009-04-12 12:36:00,2,1.65,3.3,,,
14680,United Kingdom,36 Pencils Tube Skulls,20978,490272,2009-04-12 12:36:00,5,1.25,6.25,,,
14680,United Kingdom,36 Pencils Tube Red Spotty,20979,490272,2009-04-12 12:36:00,4,1.25,5,,,
14680,United Kingdom,Charlie + Lola Red Hot Water Bottle,84032B,490272,2009-04-12 12:36:00,3,2.95,8.85,,,
14680,United Kingdom,Charlie+Lola Pink Hot Water Bottle,84032A,490272,2009-04-12 12:36:00,5,2.95,14.75,,,
14680,United Kingdom,Red Hanging Heart T-Light Holder,21733,490272,2009-04-12 12:36:00,2,2.95,5.9,,,
14680,United Kingdom,White Hanging Heart T-Light Holder,85123A,490272,2009-04-12 12:36:00,6,2.95,17.7,,,
14680,United Kingdom,Gingham Heart  Doorstop Red,21411,490272,2009-04-12 12:36:00,2,4.25,8.5,,,
14680,United Kingdom,Red Floral Feltcraft Shoulder Bag,20969,490272,2009-04-12 12:36:00,3,3.75,11.25,,,
14680,United Kingdom,Pink Floral Feltcraft Shoulder Bag,20970,490272,2009-04-12 12:36:00,1,3.75,3.75,,,
14680,United Kingdom,Green Floral Feltcraft Shoulder Bag,20968,490272,2009-04-12 12:36:00,1,3.75,3.75,,,
14680,United Kingdom,Please One Person  Metal Sign,21181,490272,2009-04-12 12:36:00,12,2.1,25.2,,,
14680,United Kingdom,Hand Over The Chocolate   Sign ,85152,490272,2009-04-12 12:36:00,4,2.1,8.4,,,
14680,United Kingdom,No Singing Metal Sign,82600,490272,2009-04-12 12:36:00,3,2.1,6.3,,,
14680,United Kingdom,Cook With Wine Metal Sign ,21166,490272,2009-04-12 12:36:00,12,1.95,23.4,,,
14680,United Kingdom,Ladies & Gentlemen Metal Sign,85150,490272,2009-04-12 12:36:00,1,2.55,2.55,,,
14680,United Kingdom,Do Not Touch My Stuff Door Hanger ,21163,490272,2009-04-12 12:36:00,1,1.45,1.45,,,
14680,United Kingdom,Moody Girl Door Hanger ,21158,490272,2009-04-12 12:36:00,1,1.45,1.45,,,
14680,United Kingdom,Moody Boy  Door Hanger ,21159,490272,2009-04-12 12:36:00,1,1.45,1.45,,,
14680,United Kingdom,Skulls Storage Box Large,21425,490272,2009-04-12 12:36:00,2,2.95,5.9,,,
14680,United Kingdom,Skulls Storage Box Small,21427,490272,2009-04-12 12:36:00,2,2.1,4.2,,,
14680,United Kingdom,Pink Spotty Childs Umbrella,20681,490272,2009-04-12 12:36:00,3,3.25,9.75,,,
14680,United Kingdom,Red Shark Helicopter,85136C,490272,2009-04-12 12:36:00,1,7.95,7.95,,,
14680,United Kingdom,S/4 Pink Flower Candles In Bowl,85040A,490272,2009-04-12 12:36:00,1,1.65,1.65,,,
14680,United Kingdom,Pink Heart Shape Egg Frying Pan,84050,490272,2009-04-12 12:36:00,1,1.65,1.65,,,
14680,United Kingdom,Hi Tec Alpine Hand Warmer,70007,490272,2009-04-12 12:36:00,1,1.65,1.65,,,
14680,United Kingdom,Love Heart Pocket Warmer,70006,490272,2009-04-12 12:36:00,1,1.65,1.65,,,
14680,United Kingdom,Lunch Bag Woodland,20726,490272,2009-04-12 12:36:00,11,1.65,18.15,,,
14680,United Kingdom,Lunch Bag Red Spotty,20725,490272,2009-04-12 12:36:00,10,1.65,16.5,,,
14680,United Kingdom,Skull Lunchbox With Cutlery ,21558,490272,2009-04-12 12:36:00,3,2.55,7.65,,,
14680,United Kingdom,Lunchbox With Cutlery Fairy Cakes ,22353,490272,2009-04-12 12:36:00,3,2.55,7.65,,,
14680,United Kingdom,Lunchbox With Cutlery Retrospot ,22352,490272,2009-04-12 12:36:00,3,2.55,7.65,,,
14680,United Kingdom,Strawberry Ceramic Trinket Box,21232,490272,2009-04-12 12:36:00,5,1.25,6.25,,,
14680,United Kingdom,Retro Spot Small Milk Jug,21535,490272,2009-04-12 12:36:00,2,2.55,5.1,,,
14680,United Kingdom,Retro Spot Small Milk Jug,21535,490272,2009-04-12 12:36:00,1,2.55,2.55,,,
14680,United Kingdom, Black Pirate Treasure Chest,22068,490272,2009-04-12 12:36:00,2,1.65,3.3,,,
14680,United Kingdom,Ceramic Love Hearts Design Mug,22058,490272,2009-04-12 12:36:00,1,1.49,1.49,,,
14680,United Kingdom,Ceramic Cake Design Spotted Mug,37448,490272,2009-04-12 12:36:00,1,1.49,1.49,,,
14680,United Kingdom,Retro Spot Traditional Teapot ,21527,490272,2009-04-12 12:36:00,1,7.95,7.95,,,
14680,United Kingdom,Red White Scarf  Hot Water Bottle,21488,490272,2009-04-12 12:36:00,3,3.95,11.85,,,
14680,United Kingdom,Red Woolly Hottie White Heart.,84029E,490272,2009-04-12 12:36:00,4,3.75,15,,,
14680,United Kingdom,Pack Of 72 Skull Cake Cases,21213,490272,2009-04-12 12:36:00,24,0.55,13.2,,,
14680,United Kingdom,Pack Of 72 Retro Spot Cake Cases,21212,490272,2009-04-12 12:36:00,24,0.55,13.2,,,
14680,United Kingdom,Funky Monkey Mug,37461,490272,2009-04-12 12:36:00,3,1.25,3.75,,,
14680,United Kingdom,Glamorous  Mug,21872,490272,2009-04-12 12:36:00,3,1.25,3.75,,,
14680,United Kingdom,White Skull Hot Water Bottle ,21479,490272,2009-04-12 12:36:00,5,3.75,18.75,,,
14680,United Kingdom,Blue 3 Piece Mini Dots Cutlery Set,84997C,490272,2009-04-12 12:36:00,2,3.75,7.5,,,
14680,United Kingdom,Red 3 Piece Mini Dots Cutlery Set,84997B,490272,2009-04-12 12:36:00,2,3.75,7.5,,,
14680,United Kingdom,Retro Spot Cake Stand,21843,490272,2009-04-12 12:36:00,2,10.95,21.9,,,
14680,United Kingdom,Set/3 Red Gingham Rose Storage Box,21430,490272,2009-04-12 12:36:00,2,3.75,7.5,,,
14680,United Kingdom,Set/3 Red Gingham Rose Storage Box,21430,490272,2009-04-12 12:36:00,6,3.75,22.5,,,
14680,United Kingdom,Fairy Cake Candles,72756,490272,2009-04-12 12:36:00,9,1.49,13.41,,,
14680,United Kingdom,Grand Chocolatecandle,72741,490272,2009-04-12 12:36:00,27,1.45,27,,,
18092,United Kingdom,Save The Planet Mug,21871,490277,2009-04-12 12:37:00,27,1.06,27,,,
18092,United Kingdom,Tea Bag Plate Red Spotty ,22348,490277,2009-04-12 12:37:00,27,0.72,27,,,
18092,United Kingdom,Red Woolly Hottie White Heart.,84029E,490277,2009-04-12 12:37:00,24,2.95,27,,,
18092,United Kingdom,White Skull Hot Water Bottle ,21479,490277,2009-04-12 12:37:00,24,3.39,27,,,
18092,United Kingdom,Hot Water Bottle Tea And Sympathy,22114,490277,2009-04-12 12:37:00,24,3.45,27,,,
18092,United Kingdom,Knitted Union Flag Hot Water Bottle,84029G,490277,2009-04-12 12:37:00,24,3.39,27,,,
18092,United Kingdom,Red  Spotty Coffee  Mug,21398,490277,2009-04-12 12:37:00,27,1.75,27,,,
18092,United Kingdom,Retro Spot Traditional Teapot ,21527,490277,2009-04-12 12:37:00,24,6.95,27,,,
18092,United Kingdom,Blue  Spotty  Coffee Mug,21399,490277,2009-04-12 12:37:00,27,1.75,27,,,
18092,United Kingdom,Dairy Maid Traditional Teapot ,21528,490277,2009-04-12 12:37:00,24,5.95,27,,,
16891,United Kingdom,Jacobs Ladder Small,35015,490279,2009-04-12 12:37:00,1,0.06,0.06,,,
16891,United Kingdom,Knitted Union Flag Hot Water Bottle,84029G,490279,2009-04-12 12:37:00,1,3.75,3.75,,,
16891,United Kingdom,Frying Pan Union Flag,22207,490279,2009-04-12 12:37:00,2,4.25,8.5,,,
16891,United Kingdom,3D Dog Picture Playing Cards,84558A,490279,2009-04-12 12:37:00,1,2.95,2.95,,,
16891,United Kingdom,English Rose Garden Secateurs,47504K,490279,2009-04-12 12:37:00,3,1.95,5.85,,,
16891,United Kingdom,"S/4 Icon Coaster,Elvis Lives",79026B,490279,2009-04-12 12:37:00,1,1.25,1.25,,,
16891,United Kingdom,Lunchbox With Cutlery Fairy Cakes ,22353,490279,2009-04-12 12:37:00,1,2.55,2.55,,,
16891,United Kingdom,Hanging Fairy Cake Decoration,35924,490279,2009-04-12 12:37:00,1,2.1,2.1,,,
16891,United Kingdom,Cosy Slipper Shoes Large Red,21740,490279,2009-04-12 12:37:00,1,2.95,2.95,,,
16891,United Kingdom,Empire Tissue Box,22091,490279,2009-04-12 12:37:00,1,1.25,1.25,,,
16891,United Kingdom,Painted Lightbulb Star+ Moon,79144B,490279,2009-04-12 12:37:00,1,0.42,0.42,,,
16891,United Kingdom,White Stitched Cushion Cover,84658,490279,2009-04-12 12:37:00,2,6.95,13.9,,,
16891,United Kingdom,Assorted Colour Bird Ornament,84879,490279,2009-04-12 12:37:00,1,1.69,1.69,,,
16891,United Kingdom,Vintage Union Jack Pennant,21626,490279,2009-04-12 12:37:00,1,1.95,1.95,,,
16891,United Kingdom,Metal Sign Empire Tea,22115,490279,2009-04-12 12:37:00,1,2.95,2.95,,,
16891,United Kingdom,Vintage Union Jack Cushion Cover,21622,490279,2009-04-12 12:37:00,2,4.95,9.9,,,
16891,United Kingdom,Fairy Cake Birthday Candle Set,37495,490279,2009-04-12 12:37:00,1,3.75,3.75,,,
16891,United Kingdom,Potting Shed Twine,21896,490279,2009-04-12 12:37:00,1,2.1,2.1,,,
16891,United Kingdom,Caravan Square Tissue Box,22099,490279,2009-04-12 12:37:00,1,1.25,1.25,,,
16891,United Kingdom,Orange Cocktail Glass Lamp,84255B,490279,2009-04-12 12:37:00,1,2.1,2.1,,,
16891,United Kingdom,Hot Water Bottle Tea And Sympathy,22114,490279,2009-04-12 12:37:00,1,3.95,3.95,,,
16891,United Kingdom,Magic Garden Mount Fuji,84007,490279,2009-04-12 12:37:00,2,2.55,5.1,,,
13481,United Kingdom,Pink Fairy Cake Child'S Apron,47591D,490281,2009-04-12 12:37:00,8,1.95,15.6,,,
13481,United Kingdom,Woodland Animal  Writing Set ,21330,490281,2009-04-12 12:37:00,12,1.65,19.8,,,
13481,United Kingdom,Sleeping Cat Erasers,16237,490281,2009-04-12 12:37:00,27,0.21,6.3,,,
13481,United Kingdom,Mini Funky Design Tapes,10125,490281,2009-04-12 12:37:00,20,0.85,17,,,
13481,United Kingdom,Pink Marshmallow Scarf Knitting Kit,82615,490281,2009-04-12 12:37:00,6,2.95,17.7,,,
13481,United Kingdom,Beaded Love Heart Jewellery Set,90167,490281,2009-04-12 12:37:00,12,0.85,10.2,,,
13481,United Kingdom,Cosy Slipper Shoes Large Red,21740,490281,2009-04-12 12:37:00,6,2.95,17.7,,,
13481,United Kingdom,Chick Grey Hot Water Bottle,21484,490281,2009-04-12 12:37:00,8,3.45,27,,,
13481,United Kingdom,Pink Stripe Hot Water Bottle,21480,490281,2009-04-12 12:37:00,6,2.95,17.7,,,
13481,United Kingdom,Fawn Blue Hot Water Bottle,21481,490281,2009-04-12 12:37:00,12,2.95,27,,,
13481,United Kingdom,Ceramic Cake Stand + Hanging Cakes,37449,490281,2009-04-12 12:37:00,4,9.95,27,,,
13481,United Kingdom,Door Mat Fairy Cake,48185,490281,2009-04-12 12:37:00,2,6.75,13.5,,,
13481,United Kingdom,Coffee Mug Dog + Ball Design,22300,490281,2009-04-12 12:37:00,6,2.55,15.3,,,
13481,United Kingdom,Coffee Mug Cat + Bird Design,22301,490281,2009-04-12 12:37:00,6,2.55,15.3,,,
13481,United Kingdom,Coffee Mug Apples Design,22303,490281,2009-04-12 12:37:00,6,2.55,15.3,,,
13481,United Kingdom,Doormat Hearts,48194,490281,2009-04-12 12:37:00,4,6.75,27,,,
16891,United Kingdom,Rainy Ladies Birthday Card,22024,490279,2009-04-12 12:37:00,12,0.42,5.04,,,
16891,United Kingdom,S/15 Silver Glass Baubles In Bag,84754,490279,2009-04-12 12:37:00,1,1.25,1.25,,,
16891,United Kingdom,S/4 Blue Round Decoupage Boxes,85184D,490279,2009-04-12 12:37:00,1,2.95,2.95,,,
16891,United Kingdom,Home Building Block Word,21754,490279,2009-04-12 12:37:00,1,5.95,5.95,,,
16891,United Kingdom,Office Mug Warmer Pink,22313,490279,2009-04-12 12:37:00,1,4.95,4.95,,,
16891,United Kingdom,Office Mug Warmer Polkadot,22312,490279,2009-04-12 12:37:00,1,4.95,4.95,,,
16891,United Kingdom,Pack 20 English Rose Paper Napkins,84520B,490279,2009-04-12 12:37:00,2,0.85,1.7,,,
16891,United Kingdom,Sandwich Bath Sponge,20966,490279,2009-04-12 12:37:00,1,1.25,1.25,,,
16891,United Kingdom,Overnight Bag Vintage Rose Paisley,22278,490279,2009-04-12 12:37:00,1,4.95,4.95,,,
16891,United Kingdom,Two Door Curio Cabinet,21735,490279,2009-04-12 12:37:00,1,12.75,12.75,,,
16891,United Kingdom,Blue Flying Singing Canary,85098B,490279,2009-04-12 12:37:00,1,3.75,3.75,,,
16891,United Kingdom,Food Container Set 3 Love Heart ,22131,490279,2009-04-12 12:37:00,1,1.95,1.95,,,
16891,United Kingdom,French Floral Cushion Cover ,20837,490279,2009-04-12 12:37:00,6,2.95,17.7,,,
16891,United Kingdom,Office Mug Warmer Black+Silver ,22311,490279,2009-04-12 12:37:00,1,4.95,4.95,,,
16891,United Kingdom,Paper Chain Kit 50'S Christmas ,22086,490279,2009-04-12 12:37:00,1,2.95,2.95,,,
16891,United Kingdom,Retro Pink Spot Washing Up Gloves,20753,490279,2009-04-12 12:37:00,1,2.1,2.1,,,
16891,United Kingdom,Apple Bath Sponge,20963,490279,2009-04-12 12:37:00,1,1.25,1.25,,,
16891,United Kingdom,Hilda Candy Spot Rabbit,85096,490279,2009-04-12 12:37:00,1,3.75,3.75,,,
16891,United Kingdom,Groovy Cactus Inflatable,10080,490279,2009-04-12 12:37:00,2,0.85,1.7,,,
16891,United Kingdom,Kings Choice Mug,21875,490279,2009-04-12 12:37:00,1,1.25,1.25,,,
16891,United Kingdom,Save The Planet Mug,21871,490279,2009-04-12 12:37:00,2,1.25,2.5,,,
16891,United Kingdom,Glass Star Frosted T-Light Holder,21730,490279,2009-04-12 12:37:00,2,4.95,9.9,,,
16891,United Kingdom,Heart Ear Muff Headphones,20783,490279,2009-04-12 12:37:00,1,5.49,5.49,,,
16891,United Kingdom,Union Jack Guns & Roses  Doormat,21955,490279,2009-04-12 12:37:00,1,6.75,6.75,,,
16891,United Kingdom,Door Mat New England,48187,490279,2009-04-12 12:37:00,1,6.75,6.75,,,
16891,United Kingdom,Groovy Cactus Inflatable,10080,490279,2009-04-12 12:37:00,1,0.85,0.85,,,
16891,United Kingdom,Pack Of 20 Fairy Cake Paper Napkins,84520D,490279,2009-04-12 12:37:00,1,0.85,0.85,,,
16891,United Kingdom,Tea Time Paper Lanterns,40018E,490279,2009-04-12 12:37:00,1,1.95,1.95,,,
16891,United Kingdom,"Flower Fairy,5 Summer B'Draw Liners",17107D,490279,2009-04-12 12:37:00,1,2.55,2.55,,,
16891,United Kingdom,Door Mat Welcome Puppies,48188,490279,2009-04-12 12:37:00,1,6.75,6.75,,,
16891,United Kingdom,Camoflage Design Teddy,84508A,490279,2009-04-12 12:37:00,1,2.55,2.55,,,
16891,United Kingdom,Blck New Baroque Candlestick Candle,84625B,490279,2009-04-12 12:37:00,2,2.95,5.9,,,
16891,United Kingdom,Hyacinth Bulb T-Light Candles,85172,490279,2009-04-12 12:37:00,16,0.42,6.72,,,
16891,United Kingdom,Set/6 Garden Gnome T-Light Candles,20940,490279,2009-04-12 12:37:00,1,2.95,2.95,,,
16891,United Kingdom,Black Candelabra T-Light Holder,85116,490279,2009-04-12 12:37:00,2,2.1,4.2,,,
16891,United Kingdom,Set 10 Lights Night Owl,22179,490279,2009-04-12 12:37:00,1,6.75,6.75,,,
16891,United Kingdom,Retro Spot Tea Set Ceramic 11 Pc ,22139,490279,2009-04-12 12:37:00,1,4.95,4.95,,,
16891,United Kingdom,Retro Red Spotty Washing Up Gloves,20754,490279,2009-04-12 12:37:00,1,2.1,2.1,,,
16891,United Kingdom,Tea Time Tea Towels ,47556B,490279,2009-04-12 12:37:00,1,2.95,2.95,,,
16891,United Kingdom,Tea Time Party Bunting,47566B,490279,2009-04-12 12:37:00,1,4.65,4.65,,,
16891,United Kingdom,Red Victorian Fabric Heart Box,35096B,490279,2009-04-12 12:37:00,6,0.42,2.52,,,
16891,United Kingdom,Fairy Cakes  Wall Thermometer,84925C,490279,2009-04-12 12:37:00,1,2.55,2.55,,,
16891,United Kingdom,Asstd Design Bubble Gum Ring,84270,490279,2009-04-12 12:37:00,27,0.21,6.3,,,
16891,United Kingdom,Easter Tin Bucket,21717,490279,2009-04-12 12:37:00,4,2.55,10.2,,,
16891,United Kingdom,Pizza Plate In Box,22107,490279,2009-04-12 12:37:00,1,3.75,3.75,,,
16891,United Kingdom,Set Of 2 Fancy Font Tea Towels,22122,490279,2009-04-12 12:37:00,1,2.95,2.95,,,
16891,United Kingdom,Ceramic Cake Design Spotted Plate,37447,490279,2009-04-12 12:37:00,1,1.49,1.49,,,
16891,United Kingdom,Fairy Cake Birthday Candle Set,37495,490279,2009-04-12 12:37:00,2,3.75,7.5,,,
16891,United Kingdom,Set Of 36 Teatime Paper Doilies,84987,490279,2009-04-12 12:37:00,1,1.45,1.45,,,
16891,United Kingdom,Tea Time Breakfast Basket,47579,490279,2009-04-12 12:37:00,1,2.1,2.1,,,
16891,United Kingdom,Pink Poodle Hanging Decoration ,21144,490279,2009-04-12 12:37:00,1,1.45,1.45,,,
13807,United Kingdom,Set/2 Red Spotty Tea Towels ,21035,490282,2009-04-12 12:41:00,6,2.95,17.7,,,
13807,United Kingdom,Red Spotty Oven Glove ,21154,490282,2009-04-12 12:41:00,10,1.25,12.5,,,
13807,United Kingdom,Red Spotty Peg Bag,21155,490282,2009-04-12 12:41:00,6,2.1,12.6,,,
13807,United Kingdom,Cream Sweetheart Wall Cabinet,85067,490282,2009-04-12 12:41:00,1,18.95,18.95,,,
13807,United Kingdom,Recipe Box With Metal Heart,21777,490282,2009-04-12 12:41:00,2,7.95,15.9,,,
13807,United Kingdom,Coffee Mug Pink Paisley Design,22305,490282,2009-04-12 12:41:00,6,2.55,15.3,,,
13807,United Kingdom,Save The Planet Mug,21871,490282,2009-04-12 12:41:00,12,1.25,15,,,
14979,United Kingdom,Feltcraft Doll Rosie,22271,490284,2009-04-12 12:54:00,2,2.95,5.9,,,
14979,United Kingdom,Blue Happy Birthday Bunting,47590A,490284,2009-04-12 12:54:00,1,5.45,5.45,,,
14979,United Kingdom,Cow  Sock Puppet,85185C,490284,2009-04-12 12:54:00,1,2.95,2.95,,,
14979,United Kingdom,Pink Horse Sock Puppet,85185B,490284,2009-04-12 12:54:00,2,2.95,5.9,,,
14979,United Kingdom,Easter Craft 4 Chicks ,22148,490284,2009-04-12 12:54:00,1,1.95,1.95,,,
14979,United Kingdom,Christmas Craft Heart Stocking ,22145,490284,2009-04-12 12:54:00,2,2.1,4.2,,,
14979,United Kingdom,Lion Sock Puppet,85185F,490284,2009-04-12 12:54:00,2,2.95,5.9,,,
14979,United Kingdom,Baby Mouse Red Gingham Dress,21841,490284,2009-04-12 12:54:00,1,4.25,4.25,,,
14979,United Kingdom,Assorted Colour Mini Cases,20749,490284,2009-04-12 12:54:00,1,7.95,7.95,,,
14979,United Kingdom,Retro Spot Giant  Tube Matches,21588,490284,2009-04-12 12:54:00,1,2.55,2.55,,,
14979,United Kingdom,Rex Cash+Carry Jumbo Shopper,21034,490284,2009-04-12 12:54:00,1,0.95,0.95,,,
14979,United Kingdom,Red Spotty Coir Doormat,20685,490284,2009-04-12 12:54:00,1,6.75,6.75,,,
14979,United Kingdom,Christmas Craft White Fairy ,22142,490284,2009-04-12 12:54:00,15,1.45,21.75,,,
14979,United Kingdom,Folkart Zinc Star Christmas Dec,35958,490284,2009-04-12 12:54:00,27,0.85,27,,,
14979,United Kingdom,Party Cones Carnival Assorted,22127,490284,2009-04-12 12:54:00,12,1.25,15,,,
14979,United Kingdom,Baking Set 9 Piece Retrospot ,22138,490284,2009-04-12 12:54:00,5,4.95,24.75,,,
14979,United Kingdom,Retro Spot Tea Set Ceramic 11 Pc ,22139,490284,2009-04-12 12:54:00,7,4.95,27,,,
14979,United Kingdom,Assorted Colour Mini Cases,20749,490284,2009-04-12 12:54:00,2,7.95,15.9,,,
14979,United Kingdom,Lion Sock Puppet,85185F,490284,2009-04-12 12:54:00,3,2.95,8.85,,,
14979,United Kingdom,Cow  Sock Puppet,85185C,490284,2009-04-12 12:54:00,3,2.95,8.85,,,
14979,United Kingdom,Gingham Heart  Doorstop Red,21411,490284,2009-04-12 12:54:00,1,4.25,4.25,,,
14979,United Kingdom, Silver T-Light Setting,85103,490284,2009-04-12 12:54:00,2,6.75,13.5,,,
14979,United Kingdom,Blue 3 Piece Mini Dots Cutlery Set,84997C,490284,2009-04-12 12:54:00,4,3.75,15,,,
14979,United Kingdom,Vintage Snakes & Ladders,21912,490284,2009-04-12 12:54:00,2,3.75,7.5,,,
14979,United Kingdom,Grey Floral Feltcraft Shoulder Bag,20967,490284,2009-04-12 12:54:00,4,3.75,15,,,
14979,United Kingdom,Assorted Colour Bird Ornament,84879,490284,2009-04-12 12:54:00,3,1.69,5.07,,,
14979,United Kingdom,Zinc Metal Heart Decoration,84836,490284,2009-04-12 12:54:00,2,1.25,2.5,,,
14979,United Kingdom,Retro Spot Tea Set Ceramic 11 Pc ,22139,490284,2009-04-12 12:54:00,1,4.95,4.95,,,
14979,United Kingdom,Noel Wooden Block Letters ,22121,490284,2009-04-12 12:54:00,1,5.95,5.95,,,
14979,United Kingdom,Blue  Spotty Cup,21240,490284,2009-04-12 12:54:00,6,0.85,5.1,,,
14979,United Kingdom,Blue  Spotty Plate ,21244,490284,2009-04-12 12:54:00,6,1.69,10.14,,,
14979,United Kingdom,Blue  Spotty Plate ,21244,490284,2009-04-12 12:54:00,8,1.69,13.52,,,
14979,United Kingdom,Antique Silver Tea Glass Engraved,84947,490284,2009-04-12 12:54:00,8,1.25,10,,,
14979,United Kingdom,Blue Spotty Bowl,20675,490284,2009-04-12 12:54:00,8,1.25,10,,,
14979,United Kingdom,Set Of Three 50'S Gift Wraps ,21490,490284,2009-04-12 12:54:00,2,1.95,3.9,,,
14979,United Kingdom,Ribbon Reel Stripes Design ,22082,490284,2009-04-12 12:54:00,2,1.65,3.3,,,
14979,United Kingdom,Baking Set 9 Piece Retrospot ,22138,490284,2009-04-12 12:54:00,2,4.95,9.9,,,
14979,United Kingdom,Party Cone Christmas Decoration ,22130,490284,2009-04-12 12:54:00,12,0.85,10.2,,,
14979,United Kingdom,Retro Spot Candle  Medium,21285,490284,2009-04-12 12:54:00,1,2.1,2.1,,,
14979,United Kingdom,Retro Spot Candle  Large,21286,490284,2009-04-12 12:54:00,1,2.55,2.55,,,
14979,United Kingdom,Retro Spot Candle  Small,21284,490284,2009-04-12 12:54:00,1,1.69,1.69,,,
14979,United Kingdom,3 Gardenia Morris Boxed Candles,85034A,490284,2009-04-12 12:54:00,1,4.25,4.25,,,
14979,United Kingdom,Red Spotty Bowl,20676,490284,2009-04-12 12:54:00,6,1.25,7.5,,,
14979,United Kingdom,Country Cottage  Doorstop Green,21410,490284,2009-04-12 12:54:00,1,4.25,4.25,,,
14979,United Kingdom,Five Heart Hanging Decoration,22318,490284,2009-04-12 12:54:00,1,2.95,2.95,,,
14979,United Kingdom,Assorted Colour Bird Ornament,84879,490284,2009-04-12 12:54:00,6,1.69,10.14,,,
14979,United Kingdom,Kings Choice Giant Tube Matches,21586,490284,2009-04-12 12:54:00,3,2.55,7.65,,,
14979,United Kingdom,Folkart Crown Table Decorations,35969,490284,2009-04-12 12:54:00,12,1.65,19.8,,,
14979,United Kingdom,Dove Decoration Painted Zinc ,22336,490284,2009-04-12 12:54:00,3,0.65,1.95,,,
14527,United Kingdom,Dairy Maid Sugar Jam Bowl,21532,490286,2009-04-12 12:59:00,1,2.1,2.1,,,
14527,United Kingdom,Retro Spot Large Milk Jug,21533,490286,2009-04-12 12:59:00,1,4.95,4.95,,,
14527,United Kingdom,Apple Bath Sponge,20963,490286,2009-04-12 12:59:00,1,1.25,1.25,,,
14527,United Kingdom,Dairy Maid Large Milk Jug,21534,490286,2009-04-12 12:59:00,1,4.95,4.95,,,
14527,United Kingdom,Retro Spots Butter Dish,21539,490286,2009-04-12 12:59:00,4,4.95,19.8,,,
14527,United Kingdom,Dairy Maid Ceramic Butter Dish,21540,490286,2009-04-12 12:59:00,1,4.25,4.25,,,
14527,United Kingdom,White Metal Lantern,71053,490286,2009-04-12 12:59:00,2,3.75,7.5,,,
14527,United Kingdom,Dairy Maid Traditional Teapot ,21528,490286,2009-04-12 12:59:00,1,6.95,6.95,,,
14527,United Kingdom,Tea Time Des Tea Cosy,47580,490286,2009-04-12 12:59:00,4,2.55,10.2,,,
14527,United Kingdom,English Rose Ironing Board Cover,47562,490286,2009-04-12 12:59:00,2,3.75,7.5,,,
14527,United Kingdom,Beauty Speed Expresso Cups,20688,490286,2009-04-12 12:59:00,1,5.95,5.95,,,
14527,United Kingdom,Blue 3 Piece Mini Dots Cutlery Set,84997C,490286,2009-04-12 12:59:00,3,3.75,11.25,,,
14527,United Kingdom,Pack 20 Dolly Pegs,84691,490286,2009-04-12 12:59:00,6,0.85,5.1,,,
14527,United Kingdom,Pink Stitched Wall Clock,84660C,490286,2009-04-12 12:59:00,1,3.75,3.75,,,
14527,United Kingdom,Tea Time Mug In Gift Box,37502,490286,2009-04-12 12:59:00,2,2.95,5.9,,,
14527,United Kingdom,Wooden Frame Antique White ,82494L,490286,2009-04-12 12:59:00,1,2.95,2.95,,,
14527,United Kingdom,Wooden Picture Frame White Finish,82482,490286,2009-04-12 12:59:00,1,2.55,2.55,,,
14527,United Kingdom,"Folding Umbrella , Red/White Spot",21706,490286,2009-04-12 12:59:00,1,4.95,4.95,,,
14527,United Kingdom,White Hanging Heart T-Light Holder,85123A,490286,2009-04-12 12:59:00,6,2.95,17.7,,,
14527,United Kingdom,Jungle Popsicles Ice Lolly Holders,84828,490286,2009-04-12 12:59:00,6,1.25,7.5,,,
14527,United Kingdom,Set Of 3 Silver Flying Ducks,35004S,490286,2009-04-12 12:59:00,1,6.35,6.35,,,
14527,United Kingdom,Brown Check Cat Doorstop ,21407,490286,2009-04-12 12:59:00,4,4.25,17,,,
14527,United Kingdom,Tea Cup And Saucer Retro Spot,22072,490286,2009-04-12 12:59:00,2,3.75,7.5,,,
14527,United Kingdom,Chilli Lights,79321,490286,2009-04-12 12:59:00,1,4.95,4.95,,,
14527,United Kingdom, Flamingo Lights,79320,490286,2009-04-12 12:59:00,1,4.95,4.95,,,
14527,United Kingdom,Jumbo Storage Bag Skulls,21930,490286,2009-04-12 12:59:00,3,1.95,5.85,,,
14527,United Kingdom,Rose Des Padded Floor Cushion,84469,490286,2009-04-12 12:59:00,1,6.95,6.95,,,
14527,United Kingdom,Pink Gingham Rose Floor Cushion,84623,490286,2009-04-12 12:59:00,1,7.95,7.95,,,
14527,United Kingdom,Floor Cushion Elephant Carnival,21630,490286,2009-04-12 12:59:00,2,8.95,17.9,,,
14527,United Kingdom,Square Floor Cushion Vintage Pink ,21629,490286,2009-04-12 12:59:00,2,7.95,15.9,,,
14527,United Kingdom,Vintage Union Jack Doorstop,21624,490286,2009-04-12 12:59:00,2,5.95,11.9,,,
14527,United Kingdom,Pink And White Christmas Tree 120Cm,35599D,490286,2009-04-12 12:59:00,1,2.95,2.95,,,
14527,United Kingdom,Ocean Stripe Hammock ,84795C,490286,2009-04-12 12:59:00,1,7.95,7.95,,,
14527,United Kingdom,5 Hook Blackboard Organiser ,22177,490286,2009-04-12 12:59:00,1,9.95,9.95,,,
14527,United Kingdom,Victorian Sewing Box Medium,21257,490286,2009-04-12 12:59:00,2,7.95,15.9,,,
14527,United Kingdom,Victorian Sewing Box Small ,21259,490286,2009-04-12 12:59:00,4,5.95,23.8,,,
14527,United Kingdom,Victorian Sewing Box Large,21258,490286,2009-04-12 12:59:00,8,10.95,27,,,
14527,United Kingdom,Tea Time Cake Stand In Gift Box,37503,490286,2009-04-12 12:59:00,12,9.95,27,,,
14527,United Kingdom,Teatime Cake Tin With Handle,79072,490286,2009-04-12 12:59:00,8,8.95,27,,,
14527,United Kingdom,Red Spotty Tablecloth ,21153,490286,2009-04-12 12:59:00,1,10.65,10.65,,,
14527,United Kingdom,Red Spotty Washbag,21157,490286,2009-04-12 12:59:00,2,2.1,4.2,,,
14527,United Kingdom,Red Spotty Childs Apron,21156,490286,2009-04-12 12:59:00,4,1.95,7.8,,,
14527,United Kingdom,Red Spotty Apron ,21042,490286,2009-04-12 12:59:00,5,5.95,27,,,
14527,United Kingdom,Set/3 Russian Doll Stacking Tins,85232B,490286,2009-04-12 12:59:00,1,4.95,4.95,,,
14527,United Kingdom,English Rose Tea Set In Gift Box,37485,490286,2009-04-12 12:59:00,2,4.65,9.3,,,
14527,United Kingdom,Joy Large Wood Letters,21360,490286,2009-04-12 12:59:00,1,9.95,9.95,,,
16656,United Kingdom,Bag 250G Swirly Marbles,21704,490285,2009-04-12 12:59:00,27,0.72,27,,,
16656,United Kingdom,Top Secret Pen Set,84466,490285,2009-04-12 12:59:00,27,0.95,27,,,
16656,United Kingdom,Vintage Glass Tea Caddy,21661,490285,2009-04-12 12:59:00,12,5.45,27,,,
16656,United Kingdom,Vintage Glass Sugar Caddy,21663,490285,2009-04-12 12:59:00,12,5.45,27,,,
16656,United Kingdom,Vintage Glass Coffee Caddy,21662,490285,2009-04-12 12:59:00,12,5.45,27,,,
16656,United Kingdom,Home Sweet Home Metal Sign ,21164,490285,2009-04-12 12:59:00,6,2.95,17.7,,,
16656,United Kingdom,Garden Metal Sign ,21911,490285,2009-04-12 12:59:00,24,1.65,27,,,
14527,United Kingdom,Red White Scarf  Hot Water Bottle,21488,490286,2009-04-12 12:59:00,1,3.95,3.95,,,
14527,United Kingdom,Brown Furry Hot Water Bottle,84029C,490286,2009-04-12 12:59:00,3,3.75,11.25,,,
14527,United Kingdom,Red Woolly Hottie White Heart.,84029E,490286,2009-04-12 12:59:00,6,3.75,22.5,,,
14527,United Kingdom,Scottie Dog Hot Water Bottle,22111,490286,2009-04-12 12:59:00,3,4.95,14.85,,,
14527,United Kingdom,White Skull Hot Water Bottle ,21479,490286,2009-04-12 12:59:00,6,3.75,22.5,,,
14527,United Kingdom,Bird House Hot Water Bottle,22110,490286,2009-04-12 12:59:00,1,3.45,3.45,,,
14527,United Kingdom,Fawn Blue Hot Water Bottle,21481,490286,2009-04-12 12:59:00,8,2.95,23.6,,,
16746,United Kingdom,Paper Chain Kit Retro Spot,22083,490287,2009-04-12 13:00:00,6,2.95,17.7,,,
16746,United Kingdom,Lunchbox With Cutlery Fairy Cakes ,22353,490287,2009-04-12 13:00:00,6,2.55,15.3,,,
16746,United Kingdom,Lunchbox With Cutlery Retrospot ,22352,490287,2009-04-12 13:00:00,6,2.55,15.3,,,
16746,United Kingdom,Skull Lunchbox With Cutlery ,21558,490287,2009-04-12 13:00:00,6,2.55,15.3,,,
16746,United Kingdom,Lunch Bag  Black Skull.,20727,490287,2009-04-12 13:00:00,10,1.65,16.5,,,
16746,United Kingdom,Lunch Bag Cars Blue,20728,490287,2009-04-12 13:00:00,10,1.65,16.5,,,
16746,United Kingdom,"Charlotte Bag , Suki Design",22355,490287,2009-04-12 13:00:00,10,0.85,8.5,,,
16746,United Kingdom,"Charlotte Bag , Pink/White Spots",22356,490287,2009-04-12 13:00:00,10,0.85,8.5,,,
16746,United Kingdom,Jumbo Bag Red White Spotty ,85099B,490287,2009-04-12 13:00:00,27,1.65,27,,,
16746,United Kingdom,Jumbo Bag Woodland Animals,20712,490287,2009-04-12 13:00:00,10,1.95,19.5,,,
16746,United Kingdom,Jumbo Bag Scandinavian Paisley,21928,490287,2009-04-12 13:00:00,10,1.95,19.5,,,
16746,United Kingdom,Jumbo Bag Pink Vintage Paisley,21929,490287,2009-04-12 13:00:00,10,1.95,19.5,,,
16746,United Kingdom,Pink Cream Felt Craft Trinket Box ,20972,490287,2009-04-12 13:00:00,12,1.25,15,,,
16746,United Kingdom,Pink Blue Felt Craft Trinket Box,20971,490287,2009-04-12 13:00:00,12,1.25,15,,,
17157,United Kingdom,Vinyl Record Frame Silver,82001S,490288,2009-04-12 13:00:00,24,3.39,27,,,
17157,United Kingdom,Black Record Cover Frame,21137,490288,2009-04-12 13:00:00,27,3.39,27,,,
17157,United Kingdom,Cacti T-Light Candles,85175,490288,2009-04-12 13:00:00,16,0.42,6.72,,,
15309,United Kingdom,Lets Go Shopping Cotton Tote Bag,21576,490289,2009-04-12 13:01:00,6,2.25,13.5,,,
15309,United Kingdom,Lolita  Design  Cotton Tote Bag,21579,490289,2009-04-12 13:01:00,6,2.25,13.5,,,
15309,United Kingdom,Save The Planet Cotton Tote Bag,21577,490289,2009-04-12 13:01:00,6,2.25,13.5,,,
15309,United Kingdom,Suki  Shoulder Bag,21935,490289,2009-04-12 13:01:00,10,1.65,16.5,,,
15309,United Kingdom,Charlie And Lola Charlotte Bag,21100,490289,2009-04-12 13:01:00,10,1.65,16.5,,,
15309,United Kingdom,Red Spotty Charlotte Bag,20724,490289,2009-04-12 13:01:00,10,0.85,8.5,,,
15309,United Kingdom,Hanging Jam Jar T-Light Holder,71459,490289,2009-04-12 13:01:00,12,0.85,10.2,,,
15309,United Kingdom,Carousel Des Child'S Overall,47592A,490289,2009-04-12 13:01:00,6,2.1,12.6,,,
15309,United Kingdom,Pink Fairy Cake Child'S Apron,47591D,490289,2009-04-12 13:01:00,8,1.95,15.6,,,
15309,United Kingdom,Baking Set 9 Piece Retrospot ,22138,490289,2009-04-12 13:01:00,3,4.95,14.85,,,
15309,United Kingdom,Pink Heart Shape Egg Frying Pan,84050,490289,2009-04-12 13:01:00,6,1.65,9.9,,,
15309,United Kingdom,Cake Stand White Two Tier Lace,22215,490289,2009-04-12 13:01:00,2,8.5,17,,,
15309,United Kingdom,Red Love Heart Shape Cup,22132,490289,2009-04-12 13:01:00,12,0.85,10.2,,,
15309,United Kingdom,Embossed Heart 3 Drawer Shelf,21274,490289,2009-04-12 13:01:00,1,12.75,12.75,,,
15309,United Kingdom,Large Hanging Ivory & Red Wood Bird,85199L,490289,2009-04-12 13:01:00,12,0.65,7.8,,,
15309,United Kingdom,Zinc Metal Heart Decoration,84836,490289,2009-04-12 13:01:00,12,1.25,15,,,
15309,United Kingdom,Baby Mouse Red Gingham Dress,21841,490289,2009-04-12 13:01:00,3,4.25,12.75,,,
15309,United Kingdom,Six String Scandinavian Heart Decs,35979,490289,2009-04-12 13:01:00,6,2.95,17.7,,,
15309,United Kingdom,Assorted Tutti Frutti Photo Frame,21649,490289,2009-04-12 13:01:00,6,2.95,17.7,,,
15309,United Kingdom,Blue Owl Soft Toy,22176,490289,2009-04-12 13:01:00,6,2.95,17.7,,,
16325,United Kingdom,Joy Large Wood Letters,21360,490290,2009-04-12 13:21:00,1,9.95,9.95,,,
16325,United Kingdom,F Fairy Potpourri Cushions Lavender,72754B,490290,2009-04-12 13:21:00,12,1.69,20.28,,,
16325,United Kingdom,Party Cone Christmas Decoration ,22130,490290,2009-04-12 13:21:00,12,0.85,10.2,,,
16325,United Kingdom,Paper Chain Kit 50'S Christmas ,22086,490290,2009-04-12 13:21:00,6,2.95,17.7,,,
16325,United Kingdom,Christmas Craft Heart Decorations,22143,490290,2009-04-12 13:21:00,6,2.1,12.6,,,
16325,United Kingdom,Christmas Craft Heart Stocking ,22145,490290,2009-04-12 13:21:00,6,2.1,12.6,,,
16325,United Kingdom,Hand Over The Chocolate   Sign ,85152,490290,2009-04-12 13:21:00,12,2.1,25.2,,,
16325,United Kingdom,Small Red Spot  Windmill,21746,490290,2009-04-12 13:21:00,12,1.25,15,,,
16325,United Kingdom,Potting Shed Seed Tin,21893,490290,2009-04-12 13:21:00,6,4.25,25.5,,,
16325,United Kingdom,Potting Shed Tea Mug,21868,490290,2009-04-12 13:21:00,12,1.25,15,,,
16541,United Kingdom,Wood 2 Drawer Cabinet White Finish,82483,490291,2009-04-12 13:22:00,8,5.95,27,,,
16541,United Kingdom,Picture Frame Wood Triple Portrait,22170,490291,2009-04-12 13:22:00,4,6.75,27,,,
16541,United Kingdom,S/3 Pink Col Metal Basket W Handle,84405A,490291,2009-04-12 13:22:00,1,12.75,12.75,,,
16541,United Kingdom,Set 3 Wicker Log Baskets,21737,490291,2009-04-12 13:22:00,2,19.95,27,,,
16541,United Kingdom,Red Star Card Holder,22186,490291,2009-04-12 13:22:00,4,2.95,11.8,,,
16541,United Kingdom,Moroccan Beaten Metal Mirror,21332,490291,2009-04-12 13:22:00,1,12.75,12.75,,,
16541,United Kingdom,Glass Star Frosted T-Light Holder,21730,490291,2009-04-12 13:22:00,2,4.95,9.9,,,
16541,United Kingdom,White Hanging Heart T-Light Holder,85123A,490291,2009-04-12 13:22:00,9,2.95,26.55,,,
16541,United Kingdom,Asstd Design Bubble Gum Ring,84270,490291,2009-04-12 13:22:00,27,0.21,6.3,,,
16541,United Kingdom,Star Portable Table Light ,21743,490291,2009-04-12 13:22:00,3,2.95,8.85,,,
16541,United Kingdom,Red Hanging Metal Star Tlight Hldr,21732,490291,2009-04-12 13:22:00,4,3.75,15,,,
16541,United Kingdom,Toilet Metal Sign,82581,490291,2009-04-12 13:22:00,4,0.55,2.2,,,
16541,United Kingdom,No Singing Metal Sign,82600,490291,2009-04-12 13:22:00,4,2.1,8.4,,,
16541,United Kingdom,Abstract Circles Pocket Book,20758,490291,2009-04-12 13:22:00,2,0.85,1.7,,,
16541,United Kingdom,Garden Path Sketchbook,20766,490291,2009-04-12 13:22:00,1,3.75,3.75,,,
16541,United Kingdom,Garden Path Notebook ,20778,490291,2009-04-12 13:22:00,1,1.65,1.65,,,
16541,United Kingdom,English Rose Notebook A7 Size,84536A,490291,2009-04-12 13:22:00,3,0.42,1.26,,,
16541,United Kingdom,Cinammon Set Of 9 T-Lights,85231B,490291,2009-04-12 13:22:00,4,0.85,3.4,,,
16541,United Kingdom,Home Building Block Word,21754,490291,2009-04-12 13:22:00,1,5.95,5.95,,,
16541,United Kingdom,La Palmiera Metal Sign Calendar,84924D,490291,2009-04-12 13:22:00,1,3.75,3.75,,,
16541,United Kingdom,Wake Up Cockerel Calendar Sign ,84924A,490291,2009-04-12 13:22:00,1,3.75,3.75,,,
16541,United Kingdom,Home Sweet Home Metal Sign ,21164,490291,2009-04-12 13:22:00,5,2.95,14.75,,,
16541,United Kingdom,Hand Over The Chocolate   Sign ,85152,490291,2009-04-12 13:22:00,4,2.1,8.4,,,
16541,United Kingdom,Set/12 Taper Candles,72598,490291,2009-04-12 13:22:00,4,0.85,3.4,,,
16541,United Kingdom,Silver Glass T-Light Set,85104,490291,2009-04-12 13:22:00,2,2.95,5.9,,,
16541,United Kingdom,Set 12 Kids  White Chalk Sticks,21917,490291,2009-04-12 13:22:00,1,0.42,0.42,,,
16541,United Kingdom,Lilac Diamante Pen In Gift Box,21851,490291,2009-04-12 13:22:00,1,4.95,4.95,,,
16541,United Kingdom,Biscuits Small Bowl Light Blue,84596L,490291,2009-04-12 13:22:00,1,1.25,1.25,,,
16541,United Kingdom,Jelly Babies Yellow Small Bowl,84596K,490291,2009-04-12 13:22:00,1,1.25,1.25,,,
16541,United Kingdom,Set/3 Christmas Briar Candles,72814,490291,2009-04-12 13:22:00,3,3.75,11.25,,,
16541,United Kingdom,Dinosaur Lunchbox With Cutlery,21561,490291,2009-04-12 13:22:00,3,2.55,7.65,,,
16541,United Kingdom,Skull Lunchbox With Cutlery ,21558,490291,2009-04-12 13:22:00,6,2.55,15.3,,,
16541,United Kingdom,Strawberry Lunchbox With Cutlery,21559,490291,2009-04-12 13:22:00,3,2.55,7.65,,,
16541,United Kingdom,Scottie Dog Hot Water Bottle,22111,490291,2009-04-12 13:22:00,2,4.95,9.9,,,
16541,United Kingdom,Traditional Christmas Ribbons,85049A,490291,2009-04-12 13:22:00,6,1.25,7.5,,,
16541,United Kingdom,Set/5 Red Spotty Lid Glass Bowls,20914,490291,2009-04-12 13:22:00,2,2.95,5.9,,,
16541,United Kingdom,Red Enchanted Forest Placemat,85114C,490291,2009-04-12 13:22:00,12,1.65,19.8,,,
16541,United Kingdom,Ivory Enchanted Forest Placemat,85114B,490291,2009-04-12 13:22:00,27,1.65,27,,,
16723,United Kingdom,Rose Du Sud Childs Apron,21004,490292,2009-04-12 13:23:00,1,4.25,4.25,,,
16723,United Kingdom,Rose Du Sud Cosmetics Bag,21000,490292,2009-04-12 13:23:00,1,4.25,4.25,,,
16723,United Kingdom,S/16 Vintage Sky Blue Cutlery,84968F,490292,2009-04-12 13:23:00,1,12.75,12.75,,,
16723,United Kingdom,Pink  Spotty Cup,21239,490292,2009-04-12 13:23:00,1,0.85,0.85,,,
16723,United Kingdom,Red Spotty Cup,21238,490292,2009-04-12 13:23:00,1,0.85,0.85,,,
16723,United Kingdom,Hand Towel Pale Blue W Flowers,84916,490292,2009-04-12 13:23:00,1,5.95,5.95,,,
16723,United Kingdom,Enchanted Bird Coathanger 5 Hook,84792,490292,2009-04-12 13:23:00,1,4.65,4.65,,,
16723,United Kingdom,Vintage Snap Cards,21790,490292,2009-04-12 13:23:00,1,0.85,0.85,,,
16723,United Kingdom,Mummy Mouse Red Gingham Ribbon,21839,490292,2009-04-12 13:23:00,1,5.45,5.45,,,
16723,United Kingdom,Toast Its - Dinosaur,21357,490292,2009-04-12 13:23:00,1,1.25,1.25,,,
16723,United Kingdom,Pack Of 60 Pink Paisley Cake Cases,21977,490292,2009-04-12 13:23:00,1,0.55,0.55,,,
16723,United Kingdom,Premium Church Candle,72267,490292,2009-04-12 13:23:00,2,2.1,4.2,,,
16723,United Kingdom,Food Container Set 3 Love Heart ,22131,490292,2009-04-12 13:23:00,1,1.95,1.95,,,
16723,United Kingdom,Curious  Images Notebook Set,85019C,490292,2009-04-12 13:23:00,1,4.25,4.25,,,
16723,United Kingdom,Potting Shed Candle Citronella,21897,490292,2009-04-12 13:23:00,1,2.95,2.95,,,
16723,United Kingdom,Set Of 12 Lily Botanical T-Lights,21611,490292,2009-04-12 13:23:00,1,2.95,2.95,,,
16723,United Kingdom,S/4 Rose    Botanical  Candle,21620,490292,2009-04-12 13:23:00,1,3.75,3.75,,,
16723,United Kingdom,Lavender Scented Set/9 T-Lights,85231L,490292,2009-04-12 13:23:00,2,0.85,1.7,,,
16723,United Kingdom,Retro Spot Lamp,22180,490292,2009-04-12 13:23:00,2,9.95,19.9,,,
16723,United Kingdom,White Lovebird Lantern,22224,490292,2009-04-12 13:23:00,2,2.95,5.9,,,
16723,United Kingdom,S/4 Sky Blue Dinner Candles,72801D,490292,2009-04-12 13:23:00,2,1.25,2.5,,,
16723,United Kingdom,Set/3 Decoupage Stacking Tins,85232D,490292,2009-04-12 13:23:00,1,4.95,4.95,,,
16723,United Kingdom,Wooden Frame Antique White ,82494L,490292,2009-04-12 13:23:00,6,2.95,17.7,,,
16723,United Kingdom,Classic White Frame,21333,490292,2009-04-12 13:23:00,4,2.95,11.8,,,
16723,United Kingdom,Vintage Kitchen Print Vegetables,21280,490292,2009-04-12 13:23:00,6,2.55,15.3,,,
16723,United Kingdom,"Folding Umbrella , Black/Blue  Spot",21707,490292,2009-04-12 13:23:00,1,4.95,4.95,,,
16723,United Kingdom,Small Retro Spot Mug In Box  White,22071,490292,2009-04-12 13:23:00,1,3.75,3.75,,,
16723,United Kingdom,Picture Frame Wood Triple Portrait,22170,490292,2009-04-12 13:23:00,4,6.75,27,,,
16723,United Kingdom,Eight Piece Dinosaur Set,21826,490292,2009-04-12 13:23:00,10,1.25,12.5,,,
16723,United Kingdom,12 Pencils Small Tube Skull,20974,490292,2009-04-12 13:23:00,4,0.65,2.6,,,
16723,United Kingdom,12 Pencils Small Tube Red Spotty,20975,490292,2009-04-12 13:23:00,1,0.65,0.65,,,
16723,United Kingdom,Daisy Erasers In Bag,16258B,490292,2009-04-12 13:23:00,4,0.42,1.68,,,
16723,United Kingdom,Carousel Des Child'S Overall,47592A,490292,2009-04-12 13:23:00,2,2.1,4.2,,,
16723,United Kingdom,Scotties Design Child'S Overall,47592B,490292,2009-04-12 13:23:00,2,2.1,4.2,,,
16723,United Kingdom,Vintage Union Jack Apron,21625,490292,2009-04-12 13:23:00,2,6.95,13.9,,,
16723,United Kingdom,Small Retro Spot Mug In Box  Red,22070,490292,2009-04-12 13:23:00,2,3.75,7.5,,,
16723,United Kingdom,Pack Of 12 Pink Spot Tissues ,21986,490292,2009-04-12 13:23:00,12,0.29,3.48,,,
16723,United Kingdom,Red/White Dots Ruffled Umbrella,85014B,490292,2009-04-12 13:23:00,5,5.95,27,,,
16723,United Kingdom,Feltcraft Butterfly Hearts,22147,490292,2009-04-12 13:23:00,3,1.45,4.35,,,
16723,United Kingdom,Pink 3 Piece Mini Dots Cutlery Set,84997D,490292,2009-04-12 13:23:00,4,3.75,15,,,
16723,United Kingdom,Daisy Erasers In Bag,16258B,490292,2009-04-12 13:23:00,1,0.42,0.42,,,
16723,United Kingdom,12 Pencils Small Tube Red Spotty,20975,490292,2009-04-12 13:23:00,5,0.65,3.25,,,
16723,United Kingdom,Rose Du Sud Childs Apron,21004,490292,2009-04-12 13:23:00,3,4.25,12.75,,,
16723,United Kingdom,Vintage Snap Cards,21790,490292,2009-04-12 13:23:00,9,0.85,7.65,,,
16723,United Kingdom,12 Pencils Small Tube Skull,20974,490292,2009-04-12 13:23:00,2,0.65,1.3,,,
16723,United Kingdom,Strawberry Lunchbox With Cutlery,21559,490292,2009-04-12 13:23:00,1,2.55,2.55,,,
16723,United Kingdom,Blue 3 Piece Mini Dots Cutlery Set,84997C,490292,2009-04-12 13:23:00,4,3.75,15,,,
16723,United Kingdom,Retro Spot Tea Set Ceramic 11 Pc ,22139,490292,2009-04-12 13:23:00,5,4.95,24.75,,,
16723,United Kingdom,Baking Set 9 Piece Retrospot ,22138,490292,2009-04-12 13:23:00,3,4.95,14.85,,,
16723,United Kingdom,Small Retro Spot Mug In Box  White,22071,490292,2009-04-12 13:23:00,2,3.75,7.5,,,
16723,United Kingdom,Strawberry Lunchbox With Cutlery,21559,490292,2009-04-12 13:23:00,2,2.55,5.1,,,
16723,United Kingdom,Dinosaur Lunchbox With Cutlery,21561,490292,2009-04-12 13:23:00,2,2.55,5.1,,,
16723,United Kingdom,Skull Lunchbox With Cutlery ,21558,490292,2009-04-12 13:23:00,2,2.55,5.1,,,
16723,United Kingdom,Charlie + Lola Red Hot Water Bottle,84032B,490292,2009-04-12 13:23:00,4,2.95,11.8,,,
16723,United Kingdom,Set Of 12 Lily Botanical T-Lights,21611,490292,2009-04-12 13:23:00,2,2.95,5.9,,,
16723,United Kingdom,Piccadilly Tea Set,20747,490292,2009-04-12 13:23:00,1,14.95,14.95,,,
16723,United Kingdom,Wooden Box Advent Calendar ,35400,490292,2009-04-12 13:23:00,1,8.95,8.95,,,
16723,United Kingdom,Rotating Silver Angels T-Light Hldr,84347,490292,2009-04-12 13:23:00,1,2.55,2.55,,,
16699,United Kingdom,Small Pink Magic Christmas Tree,84341B,490293,2009-04-12 13:31:00,1,0.85,0.85,,,
16699,United Kingdom,Pink/White Christmas Tree 30Cm,35597D,490293,2009-04-12 13:31:00,1,0.65,0.65,,,
16699,United Kingdom,Sleeping Cat Erasers,16237,490293,2009-04-12 13:31:00,27,0.21,6.3,,,
16699,United Kingdom,Party Time Pencil Erasers,16238,490293,2009-04-12 13:31:00,27,0.21,5.88,,,
16699,United Kingdom,Robot Birthday Card,22037,490293,2009-04-12 13:31:00,12,0.42,5.04,,,
16699,United Kingdom,Penny Farthing Birthday Card,22028,490293,2009-04-12 13:31:00,12,0.42,5.04,,,
16699,United Kingdom,Rainy Ladies Birthday Card,22024,490293,2009-04-12 13:31:00,12,0.42,5.04,,,
16699,United Kingdom, 3 Stripey Mice Feltcraft,22150,490293,2009-04-12 13:31:00,6,1.95,11.7,,,
16699,United Kingdom,Retro Spot Tea Set Ceramic 11 Pc ,22139,490293,2009-04-12 13:31:00,6,4.95,27,,,
16699,United Kingdom,Baking Set 9 Piece Retrospot ,22138,490293,2009-04-12 13:31:00,8,4.95,27,,,
16699,United Kingdom,Pink  Honeycomb Paper Ball ,21195,490293,2009-04-12 13:31:00,6,2.1,12.6,,,
16699,United Kingdom,White Bell Honeycomb Paper ,21192,490293,2009-04-12 13:31:00,4,1.65,6.6,,,
16699,United Kingdom,White Honeycomb Paper Fan ,21193,490293,2009-04-12 13:31:00,2,2.1,4.2,,,
16699,United Kingdom,Pink  Honeycomb Paper Fan,21194,490293,2009-04-12 13:31:00,2,2.1,4.2,,,
16710,United Kingdom,Retro Spot Padded Seat Cushion,22354,490294,2009-04-12 13:41:00,1,3.75,3.75,,,
16710,United Kingdom,Pig Keyring With Light & Sound ,22299,490294,2009-04-12 13:41:00,24,1.25,27,,,
16710,United Kingdom,Glass Heart T-Light Holder ,21313,490294,2009-04-12 13:41:00,24,0.85,20.4,,,
16710,United Kingdom,Pink Spots Chocolate Nesting Boxes ,21348,490294,2009-04-12 13:41:00,2,2.95,5.9,,,
16710,United Kingdom,Stripey Chocolate Nesting Boxes,21288,490294,2009-04-12 13:41:00,2,2.95,5.9,,,
16710,United Kingdom,White Metal Lantern,71053,490294,2009-04-12 13:41:00,2,3.75,7.5,,,
16710,United Kingdom,Ass Floral Print Torch,47503F,490294,2009-04-12 13:41:00,12,1.65,19.8,,,
16710,United Kingdom,Love Heart Pocket Warmer,70006,490294,2009-04-12 13:41:00,12,1.65,19.8,,,
16710,United Kingdom,Pink Poodle Hanging Decoration ,21144,490294,2009-04-12 13:41:00,24,0.38,9.12,,,
16710,United Kingdom,Set Of 6 Kashmir Folkart Baubles,84944,490294,2009-04-12 13:41:00,1,4.25,4.25,,,
16710,United Kingdom,Glitter Christmas Tree With Bells,21822,490294,2009-04-12 13:41:00,6,1.95,11.7,,,
16710,United Kingdom,Glitter Butterfly Clips,20828,490294,2009-04-12 13:41:00,2,2.55,5.1,,,
16710,United Kingdom,Christmas Hanging Tree With Bell,21809,490294,2009-04-12 13:41:00,6,1.25,7.5,,,
16710,United Kingdom,Christmas Hanging Heart With Bell,21811,490294,2009-04-12 13:41:00,8,1.25,10,,,
16710,United Kingdom,Glitter Christmas Tree,21817,490294,2009-04-12 13:41:00,3,0.85,2.55,,,
16710,United Kingdom,Glitter Christmas Heart ,21818,490294,2009-04-12 13:41:00,10,0.85,8.5,,,
16710,United Kingdom,Assorted Santa Christmas Decoration,35071,490294,2009-04-12 13:41:00,9,0.85,7.65,,,
16710,United Kingdom,Heart Filigree Dove  Small,22294,490294,2009-04-12 13:41:00,2,1.25,2.5,,,
16710,United Kingdom,Painted Metal Heart With Holly Bell,21823,490294,2009-04-12 13:41:00,9,1.45,13.05,,,
16710,United Kingdom,Painted Metal Star With Holly Bells,21824,490294,2009-04-12 13:41:00,9,1.45,13.05,,,
16710,United Kingdom,Painted Metal Tree With Holly Bells,21825,490294,2009-04-12 13:41:00,7,1.45,10.15,,,
16710,United Kingdom,Christmas Hanging Star With Bell,21810,490294,2009-04-12 13:41:00,7,1.25,8.75,,,
16710,United Kingdom,Lavender Scented Fabric Heart,21114,490294,2009-04-12 13:41:00,10,1.25,12.5,,,
16710,United Kingdom,Swiss Chalet Tree Decoration ,21014,490294,2009-04-12 13:41:00,1,0.85,0.85,,,
16710,United Kingdom,Bird Box Christmas Tree Decoration,21018,490294,2009-04-12 13:41:00,2,0.85,1.7,,,
16710,United Kingdom,Red Bird House Tree Decoration,21017,490294,2009-04-12 13:41:00,1,0.85,0.85,,,
16710,United Kingdom,Light Bird House Tree Decoration,21016,490294,2009-04-12 13:41:00,2,0.85,1.7,,,
16710,United Kingdom,Decorative Cats Bathroom Bottle,21774,490294,2009-04-12 13:41:00,3,1.25,3.75,,,
16710,United Kingdom,Wooden Box Of Dominoes,21889,490294,2009-04-12 13:41:00,3,1.25,3.75,,,
16710,United Kingdom,Set/20 Collage Paper Napkin ,21076,490294,2009-04-12 13:41:00,5,0.85,4.25,,,
16710,United Kingdom,Traditional Wooden Catch Cup Game ,21892,490294,2009-04-12 13:41:00,3,1.25,3.75,,,
16710,United Kingdom,S/6 Wooden Skittles In Cotton Bag,21890,490294,2009-04-12 13:41:00,3,2.95,8.85,,,
16710,United Kingdom,12 Pencils Small Tube Red Spotty,20975,490294,2009-04-12 13:41:00,4,0.65,2.6,,,
16710,United Kingdom,12 Pencils Small Tube Skull,20974,490294,2009-04-12 13:41:00,4,0.65,2.6,,,
16710,United Kingdom,36 Pencils Tube Woodland,20977,490294,2009-04-12 13:41:00,2,1.25,2.5,,,
16710,United Kingdom,36 Pencils Tube Posy,20980,490294,2009-04-12 13:41:00,2,1.25,2.5,,,
16710,United Kingdom,Glass Chalice Blue  Large ,21321,490294,2009-04-12 13:41:00,1,2.55,2.55,,,
16710,United Kingdom,Glass Chalice Green  Large ,21320,490294,2009-04-12 13:41:00,1,2.55,2.55,,,
16710,United Kingdom,Scotts Roses Tile Coaster,84926B,490294,2009-04-12 13:41:00,3,1.25,3.75,,,
16710,United Kingdom,Flowers Tile Coaster,84926E,490294,2009-04-12 13:41:00,6,1.25,7.5,,,
16710,United Kingdom,La Palmiera Tile Coaster,84926D,490294,2009-04-12 13:41:00,6,1.25,7.5,,,
16710,United Kingdom,Home Sweet Home Mug,21877,490294,2009-04-12 13:41:00,2,1.25,2.5,,,
16710,United Kingdom,Ceramic Strawberry Trinket Tray,21555,490294,2009-04-12 13:41:00,3,2.55,7.65,,,
16710,United Kingdom,Buddha Incense Holder Assorted,35160,490294,2009-04-12 13:41:00,8,0.85,6.8,,,
16710,United Kingdom,Strawberry Scented Set/9 T-Lights,85231E,490294,2009-04-12 13:41:00,3,0.85,2.55,,,
16710,United Kingdom,Orange Scented Set/9 T-Lights,85231G,490294,2009-04-12 13:41:00,3,0.85,2.55,,,
16710,United Kingdom,Lavender Scented Set/9 T-Lights,85231L,490294,2009-04-12 13:41:00,3,0.85,2.55,,,
16710,United Kingdom,Frosted Box 9 White T-Light Candles,72008,490294,2009-04-12 13:41:00,3,0.42,1.26,,,
16710,United Kingdom,Cinammon Set Of 9 T-Lights,85231B,490294,2009-04-12 13:41:00,3,0.85,2.55,,,
16710,United Kingdom,Fairy Cakes Notebook A7 Size,84536B,490294,2009-04-12 13:41:00,3,0.42,1.26,,,
16710,United Kingdom,English Rose Notebook A7 Size,84536A,490294,2009-04-12 13:41:00,5,0.42,2.1,,,
16710,United Kingdom,Scottie Dog Hot Water Bottle,22111,490294,2009-04-12 13:41:00,2,4.95,9.9,,,
16710,United Kingdom,Office Mug Warmer Black+Silver ,22311,490294,2009-04-12 13:41:00,1,4.95,4.95,,,
16710,United Kingdom,Set/20 Woodland Paper Napkins ,21077,490294,2009-04-12 13:41:00,3,0.85,2.55,,,
16710,United Kingdom,Red Victorian Fabric Oval Box,35095B,490294,2009-04-12 13:41:00,1,0.42,0.42,,,
16710,United Kingdom,Rex Cash+Carry Jumbo Shopper,21034,490294,2009-04-12 13:41:00,1,0.95,0.95,,,
16710,United Kingdom,S/4 Blue Dinner Candle Silver Flock,72800D,490294,2009-04-12 13:41:00,1,2.55,2.55,,,
16710,United Kingdom,S/4 Purple Dinner Candle Blk Flock,72800B,490294,2009-04-12 13:41:00,1,2.55,2.55,,,
16710,United Kingdom,4 Ivory Dinner Candles Silver Flock,72800E,490294,2009-04-12 13:41:00,2,2.55,5.1,,,
16710,United Kingdom,S/4 Black Dinner Candle Silver Floc,72800A,490294,2009-04-12 13:41:00,2,2.55,5.1,,,
16710,United Kingdom,4 Ivory Dinner Candles Gold Flock,72800F,490294,2009-04-12 13:41:00,4,2.55,10.2,,,
13162,United Kingdom,Red Spotty Coir Doormat,20685,490297,2009-04-12 13:59:00,10,5.95,27,,,
13162,United Kingdom,Door Mat Welcome Puppies,48188,490297,2009-04-12 13:59:00,10,5.95,27,,,
13162,United Kingdom,Charlie And Lola Charlotte Bag,21100,490297,2009-04-12 13:59:00,27,1.45,27,,,
13162,United Kingdom,Opulent Velvet Set/3 Candles,20871,490297,2009-04-12 13:59:00,18,1.25,22.5,,,
13162,United Kingdom,Joy Large Wood Letters,21360,490297,2009-04-12 13:59:00,24,3.95,27,,,
13162,United Kingdom,Black Christmas Tree 60Cm,35598B,490297,2009-04-12 13:59:00,24,0.65,15.6,,,
13162,United Kingdom,Pink/White Christmas Tree 60Cm,35598D,490297,2009-04-12 13:59:00,24,0.65,15.6,,,
13162,United Kingdom,Pink And White Christmas Tree 180Cm,35600D,490297,2009-04-12 13:59:00,12,2.95,27,,,
13162,United Kingdom,Pink Hearts Photo Album,82081,490297,2009-04-12 13:59:00,24,1.95,27,,,
13162,United Kingdom,Heart Shape Button Frame ,82093,490297,2009-04-12 13:59:00,24,1.25,27,,,
13162,United Kingdom,Pink Jumper Larry The Lamb,84327A,490297,2009-04-12 13:59:00,12,2.1,25.2,,,
13162,United Kingdom,Party Bunting,47566,490297,2009-04-12 13:59:00,10,4.65,27,,,
13162,United Kingdom,Potting Shed Tea Mug,21868,490297,2009-04-12 13:59:00,12,1.25,15,,,
13162,United Kingdom,Hot Water Bottle Tea And Sympathy,22114,490297,2009-04-12 13:59:00,24,3.45,27,,,
15382,United Kingdom,Set Of 3 Heart Cookie Cutters,84378,490298,2009-04-12 14:13:00,24,1.25,27,,,
15382,United Kingdom, Flamingo Lights,79320,490298,2009-04-12 14:13:00,24,4.25,27,,,
15382,United Kingdom,Chilli Lights,79321,490298,2009-04-12 14:13:00,24,4.25,27,,,
15382,United Kingdom,Lets Go Shopping Cotton Tote Bag,21576,490298,2009-04-12 14:13:00,6,2.25,13.5,,,
15382,United Kingdom,Pack Of 60 Mushroom Cake Cases,21976,490298,2009-04-12 14:13:00,27,0.55,26.4,,,
15382,United Kingdom,Pack Of 12 Woodland Tissues ,21981,490298,2009-04-12 14:13:00,27,0.29,13.92,,,
15382,United Kingdom,Pack Of 60 Pink Paisley Cake Cases,21977,490298,2009-04-12 14:13:00,27,0.55,26.4,,,
15382,United Kingdom,Pack Of 12 Pink Paisley Tissues ,21984,490298,2009-04-12 14:13:00,27,0.29,13.92,,,
15382,United Kingdom,Paper Chain Kit Retro Spot,22083,490298,2009-04-12 14:13:00,12,2.95,27,,,
15382,United Kingdom,Pack Of 72 Retro Spot Cake Cases,21212,490298,2009-04-12 14:13:00,27,0.55,26.4,,,
15382,United Kingdom,Pack Of 12 Red Spotty Tissues ,21980,490298,2009-04-12 14:13:00,27,0.29,13.92,,,
15382,United Kingdom,Set/5 Red Spotty Lid Glass Bowls,20914,490298,2009-04-12 14:13:00,12,2.95,27,,,
15382,United Kingdom,Black/Blue Dots Ruffled Umbrella,85014A,490298,2009-04-12 14:13:00,9,5.95,27,,,
15382,United Kingdom,Red/White Dots Ruffled Umbrella,85014B,490298,2009-04-12 14:13:00,9,5.95,27,,,
15382,United Kingdom,Edwardian Parasol Black,15056BL,490298,2009-04-12 14:13:00,9,5.95,27,,,
15382,United Kingdom,Edwardian Parasol Red,20679,490298,2009-04-12 14:13:00,9,5.95,27,,,
15382,United Kingdom,Skull And Crossbones  Garland ,21207,490298,2009-04-12 14:13:00,12,1.65,19.8,,,
15382,United Kingdom,Pack Of 72 Skull Cake Cases,21213,490298,2009-04-12 14:13:00,27,0.55,26.4,,,
15382,United Kingdom,Pack Of 60 Dinosaur Cake Cases,21975,490298,2009-04-12 14:13:00,24,0.55,13.2,,,
15382,United Kingdom,White Christmas Tree Decoration ,21805,490298,2009-04-12 14:13:00,27,0.42,15.12,,,
15382,United Kingdom,Jumbo Bag Strawberry,85099F,490298,2009-04-12 14:13:00,20,1.95,27,,,
15382,United Kingdom,Jumbo Bag Pink Vintage Paisley,21929,490298,2009-04-12 14:13:00,20,1.95,27,,,
15382,United Kingdom,Jumbo Bag Woodland Animals,20712,490298,2009-04-12 14:13:00,20,1.95,27,,,
15382,United Kingdom,Jumbo Storage Bag Suki,21931,490298,2009-04-12 14:13:00,20,1.95,27,,,
15382,United Kingdom,Jumbo Bag Red White Spotty ,85099B,490298,2009-04-12 14:13:00,20,1.95,27,,,
15382,United Kingdom,Paper Bunting White Lace,22087,490298,2009-04-12 14:13:00,12,2.95,27,,,
15382,United Kingdom,White Dove Honeycomb Paper Garland,21186,490298,2009-04-12 14:13:00,12,1.65,19.8,,,
15382,United Kingdom,Box Of 24 Cocktail Parasols,84692,490298,2009-04-12 14:13:00,27,0.42,21,,,
15382,United Kingdom,Paper Bunting Coloured Lace,22088,490298,2009-04-12 14:13:00,12,2.95,27,,,
15382,United Kingdom,"Brocade Purse,Small Arch Button",17033,490298,2009-04-12 14:13:00,27,0.29,10.44,,,
15382,United Kingdom,Assorted Colours Silk Fan,15036,490298,2009-04-12 14:13:00,12,0.65,7.8,,,
15382,United Kingdom,Elephant Carnival Pouffe,21627,490298,2009-04-12 14:13:00,2,14.95,27,,,
15382,United Kingdom, White Cherry Lights,79323W,490298,2009-04-12 14:13:00,24,5.45,27,,,
15382,United Kingdom,Pink Cherry Lights,79323P,490298,2009-04-12 14:13:00,24,5.45,27,,,
15382,United Kingdom,Cacti T-Light Candles,85175,490298,2009-04-12 14:13:00,27,0.42,26.88,,,
15382,United Kingdom,Fawn Blue Hot Water Bottle,21481,490298,2009-04-12 14:13:00,12,2.95,27,,,
15382,United Kingdom,Red White Scarf  Hot Water Bottle,21488,490298,2009-04-12 14:13:00,16,3.95,27,,,
15382,United Kingdom,Dolly Mixture Children'S Umbrella,20686,490298,2009-04-12 14:13:00,6,3.25,19.5,,,
15382,United Kingdom,3D Sheet Of Cat Stickers,84559B,490298,2009-04-12 14:13:00,24,0.85,20.4,,,
15382,United Kingdom,Spotty  Home Sweet Home Doormat,21524,490298,2009-04-12 14:13:00,2,6.75,13.5,,,
13680,United Kingdom,Red Woolly Hottie White Heart.,84029E,490299,2009-04-12 14:14:00,24,2.95,27,,,
13680,United Kingdom,Ceramic Cake Design Spotted Plate,37447,490299,2009-04-12 14:14:00,8,1.49,11.92,,,
13680,United Kingdom,Red Spotty Biscuit Tin,21218,490299,2009-04-12 14:14:00,1,3.75,3.75,,,
13680,United Kingdom,Blue 3 Piece Mini Dots Cutlery Set,84997C,490299,2009-04-12 14:14:00,2,3.75,7.5,,,
13680,United Kingdom,Red 3 Piece Mini Dots Cutlery Set,84997B,490299,2009-04-12 14:14:00,3,3.75,11.25,,,
13680,United Kingdom,Pink 3 Piece Mini Dots Cutlery Set,84997D,490299,2009-04-12 14:14:00,19,3.75,27,,,
13680,United Kingdom,Welcome  Wooden Block Letters,22120,490299,2009-04-12 14:14:00,1,9.95,9.95,,,
13680,United Kingdom,Hot Water Bottle Tea And Sympathy,22114,490299,2009-04-12 14:14:00,24,3.45,27,,,
13680,United Kingdom,Chocolate Hot Water Bottle,22112,490299,2009-04-12 14:14:00,24,4.25,27,,,
13680,United Kingdom,Mini Cake Stand With Hanging Cakes,37446,490299,2009-04-12 14:14:00,2,1.45,2.9,,,
13680,United Kingdom,Mini Cake Stand  Hanging Strawbery,22055,490299,2009-04-12 14:14:00,2,1.65,3.3,,,
13680,United Kingdom,Retro Spot Sugar Jam Bowl,21531,490299,2009-04-12 14:14:00,1,2.55,2.55,,,
13680,United Kingdom,Retro Spot Small Milk Jug,21535,490299,2009-04-12 14:14:00,1,2.55,2.55,,,
13680,United Kingdom,Retro Spot Large Milk Jug,21533,490299,2009-04-12 14:14:00,1,4.95,4.95,,,
13680,United Kingdom,Retro Spots Butter Dish,21539,490299,2009-04-12 14:14:00,1,4.95,4.95,,,
13680,United Kingdom,Retro Spot Traditional Teapot ,21527,490299,2009-04-12 14:14:00,1,7.95,7.95,,,
13680,United Kingdom,Gin + Tonic Diet Metal Sign,21175,490299,2009-04-12 14:14:00,12,2.1,25.2,,,
13680,United Kingdom,Retro Red Spotty Washing Up Gloves,20754,490299,2009-04-12 14:14:00,12,2.1,25.2,,,
13680,United Kingdom,"Set 3 Red Spot Tin Tea,Coffee,Sugar",21216,490299,2009-04-12 14:14:00,1,4.95,4.95,,,
13680,United Kingdom,Set Of 3 Coney Island Oval Boxes,85008,490299,2009-04-12 14:14:00,1,4.95,4.95,,,
13680,United Kingdom,Green Fern Sketchbook ,20762,490299,2009-04-12 14:14:00,1,3.75,3.75,,,
13680,United Kingdom,Pottering In The Shed Metal Sign,21174,490299,2009-04-12 14:14:00,8,1.95,15.6,,,
13680,United Kingdom,Metal Sign Her Dinner Is Served ,22117,490299,2009-04-12 14:14:00,1,2.95,2.95,,,
13680,United Kingdom,Metal Sign His Dinner Is Served,22116,490299,2009-04-12 14:14:00,1,2.95,2.95,,,
13680,United Kingdom,"Airline Lounge,Metal Sign",82567,490299,2009-04-12 14:14:00,1,2.1,2.1,,,
13680,United Kingdom,New England Egg Warmer,47598,490299,2009-04-12 14:14:00,1,0.55,0.55,,,
13680,United Kingdom,Painted Metal Tree With Holly Bells,21825,490299,2009-04-12 14:14:00,7,1.45,10.15,,,
13680,United Kingdom,Jumbo Bag Owls,20713,490299,2009-04-12 14:14:00,10,1.95,19.5,,,
13680,United Kingdom,Brown Check Cat Doorstop ,21407,490299,2009-04-12 14:14:00,1,4.25,4.25,,,
13680,United Kingdom,Red Spotty Tablecloth ,21153,490299,2009-04-12 14:14:00,3,10.65,27,,,
13680,United Kingdom,Red Spotty Shopping Bag,21039,490299,2009-04-12 14:14:00,1,2.55,2.55,,,
13680,United Kingdom,Red Spotty Oven Glove ,21154,490299,2009-04-12 14:14:00,1,1.25,1.25,,,
13680,United Kingdom,Red White Scarf  Hot Water Bottle,21488,490299,2009-04-12 14:14:00,3,3.95,11.85,,,
13680,United Kingdom,Tea Time Des Tea Cosy,47580,490299,2009-04-12 14:14:00,1,2.55,2.55,,,
13680,United Kingdom,Fawn Blue Hot Water Bottle,21481,490299,2009-04-12 14:14:00,1,2.95,2.95,,,
13680,United Kingdom,Chick Grey Hot Water Bottle,21484,490299,2009-04-12 14:14:00,1,3.45,3.45,,,
13680,United Kingdom,Bird House Hot Water Bottle,22110,490299,2009-04-12 14:14:00,1,3.45,3.45,,,
13680,United Kingdom,Knitted Union Flag Hot Water Bottle,84029G,490299,2009-04-12 14:14:00,2,3.75,7.5,,,
13680,United Kingdom,Mushroom Blue Hot Water Bottle,21482,490299,2009-04-12 14:14:00,2,2.95,5.9,,,
13680,United Kingdom,Lavender Scented Set/9 T-Lights,85231L,490299,2009-04-12 14:14:00,1,0.85,0.85,,,
13680,United Kingdom,Strawberry Scented Set/9 T-Lights,85231E,490299,2009-04-12 14:14:00,1,0.85,0.85,,,
13680,United Kingdom,12 Egg House Painted Wood,22282,490299,2009-04-12 14:14:00,1,12.75,12.75,,,
13680,United Kingdom,6 Egg House Painted Wood,22283,490299,2009-04-12 14:14:00,1,7.95,7.95,,,
12970,United Kingdom,Jumbo Bag Pink Vintage Paisley,21929,490300,2009-04-12 14:19:00,1,1.95,1.95,,,
12970,United Kingdom,Multi Hearts  Stickers,21726,490300,2009-04-12 14:19:00,1,0.85,0.85,,,
12970,United Kingdom,Sweeties  Stickers,21725,490300,2009-04-12 14:19:00,1,0.85,0.85,,,
12970,United Kingdom,Wood Stamp Set Best Wishes,22210,490300,2009-04-12 14:19:00,1,1.65,1.65,,,
12970,United Kingdom,Red Toadstool Led Night Light,21731,490300,2009-04-12 14:19:00,1,1.65,1.65,,,
12970,United Kingdom,Mini Funky Design Tapes,10125,490300,2009-04-12 14:19:00,2,0.85,1.7,,,
12970,United Kingdom,Vintage Snap Cards,21790,490300,2009-04-12 14:19:00,1,0.85,0.85,,,
12970,United Kingdom,12 Pencils Small Tube Posy,20976,490300,2009-04-12 14:19:00,1,0.65,0.65,,,
12970,United Kingdom,12 Pencils Small Tube Red Spotty,20975,490300,2009-04-12 14:19:00,1,0.65,0.65,,,
12970,United Kingdom,12 Pencils Small Tube Skull,20974,490300,2009-04-12 14:19:00,1,0.65,0.65,,,
12970,United Kingdom,Vintage Heads And Tails Card Game ,21791,490300,2009-04-12 14:19:00,2,1.25,2.5,,,
12970,United Kingdom,Retro Spot Tea Set Ceramic 11 Pc ,22139,490300,2009-04-12 14:19:00,1,4.95,4.95,,,
12970,United Kingdom,Feltcraft 6 Flower Friends,22149,490300,2009-04-12 14:19:00,1,2.1,2.1,,,
12970,United Kingdom,Save The Planet Cotton Tote Bag,21577,490300,2009-04-12 14:19:00,1,2.25,2.25,,,
12970,United Kingdom,Blue Spots  Wrap,21499,490300,2009-04-12 14:19:00,25,0.42,10.5,,,
12970,United Kingdom,Manual,M,490300,2009-04-12 14:19:00,1,0.85,0.85,,,
12970,United Kingdom,Manual,M,490300,2009-04-12 14:19:00,1,0.21,0.21,,,
12970,United Kingdom,Ribbon Reel Hearts Design ,22079,490300,2009-04-12 14:19:00,1,1.65,1.65,,,
12970,United Kingdom,Top Secret Pen Set,84466,490300,2009-04-12 14:19:00,2,1.25,2.5,,,
12970,United Kingdom,6 Ribbons Elegant Christmas ,22075,490300,2009-04-12 14:19:00,1,1.65,1.65,,,
12970,United Kingdom,Mini Funky Design Tapes,10125,490300,2009-04-12 14:19:00,1,0.85,0.85,,,
12970,United Kingdom,Teatime Pen Case & Pens,16046,490300,2009-04-12 14:19:00,1,0.85,0.85,,,
12970,United Kingdom,Wood Stamp Set Flowers,22211,490300,2009-04-12 14:19:00,2,1.65,3.3,,,
12970,United Kingdom,Christmas Hanging Heart With Bell,21811,490300,2009-04-12 14:19:00,2,1.25,2.5,,,
12970,United Kingdom,12 Pink Rose Peg Place Settings,21445,490300,2009-04-12 14:19:00,1,1.25,1.25,,,
12970,United Kingdom,12 Daisy Pegs In Wood Box,21448,490300,2009-04-12 14:19:00,1,1.65,1.65,,,
12970,United Kingdom,Cowboys And Indians Birthday Card ,21509,490300,2009-04-12 14:19:00,12,0.42,5.04,,,
12970,United Kingdom,Rainy Ladies Birthday Card,22024,490300,2009-04-12 14:19:00,12,0.42,5.04,,,
12970,United Kingdom, 3 Stripey Mice Feltcraft,22150,490300,2009-04-12 14:19:00,1,1.95,1.95,,,
12970,United Kingdom,Christmas Craft Heart Decorations,22143,490300,2009-04-12 14:19:00,1,2.1,2.1,,,
12970,United Kingdom,Christmas Craft White Fairy ,22142,490300,2009-04-12 14:19:00,1,1.45,1.45,,,
12970,United Kingdom,Feltcraft 6 Flower Friends,22149,490300,2009-04-12 14:19:00,3,2.1,6.3,,,
12970,United Kingdom,Feltcraft Butterfly Hearts,22147,490300,2009-04-12 14:19:00,4,1.45,5.8,,,
12970,United Kingdom,Kings Choice Cigar Box Matches ,21590,490300,2009-04-12 14:19:00,2,1.25,2.5,,,
12970,United Kingdom,Food Container Set 3 Love Heart ,22131,490300,2009-04-12 14:19:00,1,1.95,1.95,,,
12970,United Kingdom,Ribbon Reel Spots Design ,22080,490300,2009-04-12 14:19:00,1,1.65,1.65,,,
12970,United Kingdom,Pack Of 12 Hearts Design Tissues ,21985,490300,2009-04-12 14:19:00,12,0.29,3.48,,,
12970,United Kingdom,Cosy Slipper Shoes Small  Red ,21738,490300,2009-04-12 14:19:00,1,2.95,2.95,,,
12970,United Kingdom,Folding Umbrella  White/Red  Spot,21711,490300,2009-04-12 14:19:00,1,4.95,4.95,,,
12970,United Kingdom,Jumbo Bag Strawberry,85099F,490300,2009-04-12 14:19:00,2,1.95,3.9,,,
12970,United Kingdom,Jumbo Bag Scandinavian Paisley,21928,490300,2009-04-12 14:19:00,2,1.95,3.9,,,
12970,United Kingdom,White Dove Honeycomb Paper Garland,21186,490300,2009-04-12 14:19:00,1,1.65,1.65,,,
12970,United Kingdom,Small Pink Magic Christmas Tree,84341B,490300,2009-04-12 14:19:00,1,0.85,0.85,,,
12970,United Kingdom,Daisy Erasers In Bag,16258B,490300,2009-04-12 14:19:00,1,0.42,0.42,,,
12970,United Kingdom,Glass Wine Glass Decorations,79413,490300,2009-04-12 14:19:00,1,1.25,1.25,,,
12970,United Kingdom,Butterfly Water Transfer Tattoos ,21543,490300,2009-04-12 14:19:00,2,0.85,1.7,,,
12970,United Kingdom,Basket Of Toadstools,21439,490300,2009-04-12 14:19:00,1,1.25,1.25,,,
12970,United Kingdom,Set Of Three Vintage Gift Wraps,21491,490300,2009-04-12 14:19:00,3,1.95,5.85,,,
12970,United Kingdom,Set Of Three 50'S Gift Wraps ,21490,490300,2009-04-12 14:19:00,2,1.95,3.9,,,
12970,United Kingdom,Potting Shed Seed Tin,21893,490300,2009-04-12 14:19:00,3,4.25,12.75,,,
12970,United Kingdom,Blue Chalet Birdfeeder,21444,490300,2009-04-12 14:19:00,1,3.75,3.75,,,
12970,United Kingdom,Olive Chalet Birdfeeder,21443,490300,2009-04-12 14:19:00,1,3.75,3.75,,,
12970,United Kingdom,Blue Flying Singing Canary,85098B,490300,2009-04-12 14:19:00,1,3.75,3.75,,,
12970,United Kingdom,Retro Spot Storage Jar,22073,490300,2009-04-12 14:19:00,4,3.75,15,,,
12970,United Kingdom,Scottie Dog Hot Water Bottle,22111,490300,2009-04-12 14:19:00,1,4.95,4.95,,,
12970,United Kingdom,Red Spot Heart Hot Water Bottle,21485,490300,2009-04-12 14:19:00,1,4.95,4.95,,,
12970,United Kingdom,Skulls  Stickers,21679,490300,2009-04-12 14:19:00,1,0.85,0.85,,,
12970,United Kingdom,Retro Spot Large Milk Jug,21533,490300,2009-04-12 14:19:00,1,4.95,4.95,,,
12970,United Kingdom,Country Cottage  Doorstop Green,21410,490300,2009-04-12 14:19:00,1,4.25,4.25,,,
12970,United Kingdom,Retro Spot Storage Jar,22073,490300,2009-04-12 14:19:00,1,3.75,3.75,,,
12970,United Kingdom,Vintage Union Jack Doorstop,21624,490300,2009-04-12 14:19:00,1,5.95,5.95,,,
12970,United Kingdom,Red Spotty Cup,21238,490300,2009-04-12 14:19:00,6,0.85,5.1,,,
12970,United Kingdom,Blue Rocking Singing Canary,85097B,490300,2009-04-12 14:19:00,2,3.75,7.5,,,
12970,United Kingdom,Angel Decoration With Lace Padded,22157,490300,2009-04-12 14:19:00,4,0.85,3.4,,,
12970,United Kingdom,Set Of Three Vintage Gift Wraps,21491,490300,2009-04-12 14:19:00,1,1.95,1.95,,,
12970,United Kingdom,Feltcraft Butterfly Hearts,22147,490300,2009-04-12 14:19:00,2,1.45,2.9,,,
12970,United Kingdom,Red Toadstool Led Night Light,21731,490300,2009-04-12 14:19:00,2,1.65,3.3,,,
12970,United Kingdom,Vintage Heads And Tails Card Game ,21791,490300,2009-04-12 14:19:00,1,1.25,1.25,,,
12970,United Kingdom,"Letter ""S"" Bling Key Ring",90214S,490300,2009-04-12 14:19:00,1,1.25,1.25,,,
12970,United Kingdom,Mushroom Blue Hot Water Bottle,21482,490300,2009-04-12 14:19:00,1,2.95,2.95,,,
12970,United Kingdom,Fawn Blue Hot Water Bottle,21481,490300,2009-04-12 14:19:00,1,2.95,2.95,,,
12970,United Kingdom,Set Of 2 Fancy Font Tea Towels,22122,490300,2009-04-12 14:19:00,1,2.95,2.95,,,
12970,United Kingdom,Jumbo Bag Red White Spotty ,85099B,490300,2009-04-12 14:19:00,1,1.95,1.95,,,
12970,United Kingdom,Jumbo Bag Woodland Animals,20712,490300,2009-04-12 14:19:00,1,1.95,1.95,,,
12970,United Kingdom,Jumbo Bag Strawberry,85099F,490300,2009-04-12 14:19:00,1,1.95,1.95,,,
12970,United Kingdom,White Bell Honeycomb Paper Garland ,21187,490300,2009-04-12 14:19:00,1,1.65,1.65,,,
12970,United Kingdom,Panda And Bunnies Sticker Sheet,21724,490300,2009-04-12 14:19:00,2,0.85,1.7,,,
12970,United Kingdom,Pack 20 Dolly Pegs,84691,490300,2009-04-12 14:19:00,1,0.85,0.85,,,
12970,United Kingdom,Alphabet Hearts Sticker Sheet,21723,490300,2009-04-12 14:19:00,2,0.85,1.7,,,
12970,United Kingdom,Kings Choice Cigar Box Matches ,21590,490300,2009-04-12 14:19:00,1,1.25,1.25,,,
15311,United Kingdom,Mini Cake Stand With Hanging Cakes,37446,490301,2009-04-12 14:24:00,2,1.45,2.9,,,
15311,United Kingdom,Stripy Design Shower Cap,51020B,490301,2009-04-12 14:24:00,2,1.25,2.5,,,
15311,United Kingdom,Ceramic Cake Design Spotted Plate,37447,490301,2009-04-12 14:24:00,2,1.49,2.98,,,
15311,United Kingdom,Edwardian Parasol Pink,15056P,490301,2009-04-12 14:24:00,2,5.95,11.9,,,
15311,United Kingdom,Overnight Bag Vintage Rose Paisley,22278,490301,2009-04-12 14:24:00,1,4.95,4.95,,,
15311,United Kingdom,Heavens Scent Fragrance Oils Asstd,17001,490301,2009-04-12 14:24:00,27,0.29,10.44,,,
15311,United Kingdom,Baking Set 9 Piece Retrospot ,22138,490301,2009-04-12 14:24:00,24,4.25,27,,,
15311,United Kingdom,Ceramic Cake Stand + Hanging Cakes,37449,490301,2009-04-12 14:24:00,16,8.5,27,,,
15311,United Kingdom,Teatime Cake Tin With Handle,79072,490301,2009-04-12 14:24:00,8,8.95,27,,,
17841,United Kingdom,Loo Roll  Metal Sign ,21173,490302,2009-04-12 14:29:00,1,1.65,1.65,,,
17841,United Kingdom,Fanny'S Rest Stopmetal Sign,82599,490302,2009-04-12 14:29:00,1,2.1,2.1,,,
17841,United Kingdom,Area Patrolled Metal Sign,82582,490302,2009-04-12 14:29:00,1,2.1,2.1,,,
17841,United Kingdom,Small Heart Flowers Hook ,84971S,490302,2009-04-12 14:29:00,1,0.85,0.85,,,
17841,United Kingdom,Christmas Tree Decoration With Bell,21801,490302,2009-04-12 14:29:00,4,0.42,1.68,,,
17841,United Kingdom,Red Spotty Round Cake Tins,21217,490302,2009-04-12 14:29:00,2,9.95,19.9,,,
17841,United Kingdom,Jingle Bells Tree Decoration,21147,490302,2009-04-12 14:29:00,1,2.1,2.1,,,
17841,United Kingdom,Pink And White Christmas Tree 180Cm,35600D,490302,2009-04-12 14:29:00,1,9.95,9.95,,,
17841,United Kingdom,Shoe Shine Box ,21784,490302,2009-04-12 14:29:00,1,9.95,9.95,,,
17841,United Kingdom,Paper Chain Kit 50'S Christmas ,22086,490302,2009-04-12 14:29:00,3,2.95,8.85,,,
17841,United Kingdom,Lunch Bag  Black Skull.,20727,490302,2009-04-12 14:29:00,1,1.65,1.65,,,
17841,United Kingdom,Lunch Bag Red Spotty,20725,490302,2009-04-12 14:29:00,4,1.65,6.6,,,
17841,United Kingdom,"Charlotte Bag , Pink/White Spots",22356,490302,2009-04-12 14:29:00,5,0.85,4.25,,,
17841,United Kingdom,Charlie Lola Blue Hot Water Bottle ,84031B,490302,2009-04-12 14:29:00,1,4.65,4.65,,,
17841,United Kingdom,Charlie+Lola Pink Hot Water Bottle,84032A,490302,2009-04-12 14:29:00,1,2.95,2.95,,,
17841,United Kingdom,Rex Cash+Carry Jumbo Shopper,21034,490302,2009-04-12 14:29:00,1,0.95,0.95,,,
17841,United Kingdom,Pink/White Christmas Tree 60Cm,35598D,490302,2009-04-12 14:29:00,1,1.25,1.25,,,
17841,United Kingdom,12 Ass Zinc Christmas Decorations,35962,490302,2009-04-12 14:29:00,1,2.1,2.1,,,
17841,United Kingdom,White Goose Feather Christmas Tree ,21262,490302,2009-04-12 14:29:00,6,2.95,17.7,,,
17841,United Kingdom,Pink And White Christmas Tree 120Cm,35599D,490302,2009-04-12 14:29:00,3,2.95,8.85,,,
17841,United Kingdom,Scotties Design Washbag,47594B,490302,2009-04-12 14:29:00,1,1.95,1.95,,,
17841,United Kingdom,No Singing Metal Sign,82600,490302,2009-04-12 14:29:00,1,2.1,2.1,,,
17841,United Kingdom,Crochet Bear With Blue Stripes,84671B,490302,2009-04-12 14:29:00,1,2.55,2.55,,,
17841,United Kingdom,Vintage Bead Cosmetic Bag ,35649,490302,2009-04-12 14:29:00,1,3.35,3.35,,,
17841,United Kingdom,Ivory Hanging Decoration  Heart,21385,490302,2009-04-12 14:29:00,1,0.85,0.85,,,
17841,United Kingdom,S/3 Tear Drop Cut Glass Decoration,85112,490302,2009-04-12 14:29:00,3,1.25,3.75,,,
17841,United Kingdom,Skull Lunchbox With Cutlery ,21558,490302,2009-04-12 14:29:00,1,2.55,2.55,,,
17841,United Kingdom,Cream Heart Card Holder,22189,490302,2009-04-12 14:29:00,2,3.95,7.9,,,
17841,United Kingdom,Heart Shape Wireless Doorbell,79160,490302,2009-04-12 14:29:00,2,2.1,4.2,,,
17841,United Kingdom, Star  T-Light Holder ,21815,490302,2009-04-12 14:29:00,1,1.45,1.45,,,
17841,United Kingdom,White Sweethearts Cabinet 4 Drawers,84837,490302,2009-04-12 14:29:00,1,12.75,12.75,,,
17841,United Kingdom,Ass Floral Print Tape Measure,47503G,490302,2009-04-12 14:29:00,1,1.25,1.25,,,
17841,United Kingdom,200 Red + White Bendy Straws,22315,490302,2009-04-12 14:29:00,1,1.25,1.25,,,
17841,United Kingdom,Silver Teddy Bear,20819,490302,2009-04-12 14:29:00,3,3.75,11.25,,,
17841,United Kingdom,Party Metal Sign ,21172,490302,2009-04-12 14:29:00,1,1.45,1.45,,,
17841,United Kingdom,Set Of 3 Butterfly Cookie Cutters,84380,490302,2009-04-12 14:29:00,2,1.25,2.5,,,
17841,United Kingdom,Hot Water Bottle Tea And Sympathy,22114,490302,2009-04-12 14:29:00,1,3.95,3.95,,,
17841,United Kingdom,Skulls Writing Set ,21327,490302,2009-04-12 14:29:00,2,1.65,3.3,,,
17841,United Kingdom,Set Of 36 Silver Paper Doilies,84986B,490302,2009-04-12 14:29:00,1,1.45,1.45,,,
17841,United Kingdom,Strawberry Bath Sponge ,20961,490302,2009-04-12 14:29:00,1,1.25,1.25,,,
17841,United Kingdom,Pack Of 12 Red Spotty Tissues ,21980,490302,2009-04-12 14:29:00,5,0.29,1.45,,,
17841,United Kingdom,Black Ear Muff Headphones,20780,490302,2009-04-12 14:29:00,1,5.49,5.49,,,
17841,United Kingdom,Red Spotty Candy Bag,20729,490302,2009-04-12 14:29:00,1,1.25,1.25,,,
17841,United Kingdom,Paper Chain Kit Retro Spot,22083,490302,2009-04-12 14:29:00,3,2.95,8.85,,,
17841,United Kingdom,Set/6 Purple Butterfly T-Lights,72349B,490302,2009-04-12 14:29:00,1,2.1,2.1,,,
17841,United Kingdom,Scandinavian Reds Ribbons,85049E,490302,2009-04-12 14:29:00,1,1.25,1.25,,,
17841,United Kingdom,Baby Boom Ribbons ,85049F,490302,2009-04-12 14:29:00,1,1.25,1.25,,,
17841,United Kingdom,White Skull Hot Water Bottle ,21479,490302,2009-04-12 14:29:00,1,3.75,3.75,,,
17841,United Kingdom,Lunch Bag Red Spotty,20725,490302,2009-04-12 14:29:00,1,1.65,1.65,,,
17841,United Kingdom,"Charlotte Bag , Suki Design",22355,490302,2009-04-12 14:29:00,10,0.85,8.5,,,
17841,United Kingdom,Lunch Bag  Black Skull.,20727,490302,2009-04-12 14:29:00,2,1.65,3.3,,,
17841,United Kingdom,Red  Egg  Spoon,21402,490302,2009-04-12 14:29:00,1,0.42,0.42,,,
17841,United Kingdom,Green 3 Piece Mini Dots Cutlery Set,84997A,490302,2009-04-12 14:29:00,2,3.75,7.5,,,
17841,United Kingdom,Pink 3 Piece Mini Dots Cutlery Set,84997D,490302,2009-04-12 14:29:00,1,3.75,3.75,,,
17841,United Kingdom,Frying Pan Pink Polkadot ,22200,490302,2009-04-12 14:29:00,1,4.25,4.25,,,
17841,United Kingdom,Small Heart Flowers Hook ,84971S,490302,2009-04-12 14:29:00,3,0.85,2.55,,,
17841,United Kingdom,Romantic Images Gift Wrap Set,85032A,490302,2009-04-12 14:29:00,1,2.1,2.1,,,
17841,United Kingdom,Curious Images Gift Wrap Set,85032C,490302,2009-04-12 14:29:00,1,2.1,2.1,,,
17841,United Kingdom,Heart Ear Muff Headphones,20783,490302,2009-04-12 14:29:00,1,5.49,5.49,,,
17841,United Kingdom,Mini Cake Stand With Hanging Cakes,37446,490302,2009-04-12 14:29:00,1,1.45,1.45,,,
17841,United Kingdom,English Rose Torch,47504F,490302,2009-04-12 14:29:00,3,1.65,4.95,,,
17841,United Kingdom,Red Spotty Peg Bag,21155,490302,2009-04-12 14:29:00,1,2.1,2.1,,,
17841,United Kingdom,English Rose Design Peg Bag,47568,490302,2009-04-12 14:29:00,1,2.1,2.1,,,
17841,United Kingdom,Red 3 Piece Mini Dots Cutlery Set,84997B,490302,2009-04-12 14:29:00,1,3.75,3.75,,,
17841,United Kingdom,Set/3 Decoupage Stacking Tins,85232D,490302,2009-04-12 14:29:00,1,4.95,4.95,,,
17841,United Kingdom,Piccadilly Tea Set,20747,490302,2009-04-12 14:29:00,1,14.95,14.95,,,
17841,United Kingdom,Star Decoration Rustic,22155,490302,2009-04-12 14:29:00,7,0.42,2.94,,,
17841,United Kingdom,Zinc Heart Lattice Charger Large,20847,490302,2009-04-12 14:29:00,4,3.75,15,,,
17935,United Kingdom,Skull Shoulder Bag,21934,490303,2009-04-12 14:33:00,10,1.65,16.5,,,
17935,United Kingdom,Jumbo Bag Owls,20713,490303,2009-04-12 14:33:00,10,1.95,19.5,,,
17935,United Kingdom,Door Mat Black Flock ,48173C,490303,2009-04-12 14:33:00,1,6.75,6.75,,,
17935,United Kingdom,String Crystals Natural,75149N,490303,2009-04-12 14:33:00,4,1.25,5,,,
17935,United Kingdom,Jumbo Storage Bag Skulls,21930,490303,2009-04-12 14:33:00,10,1.95,19.5,,,
17935,United Kingdom,Jumbo Storage Bag Suki,21931,490303,2009-04-12 14:33:00,10,1.95,19.5,,,
17935,United Kingdom,Jumbo  Bag Baroque Black White,85099C,490303,2009-04-12 14:33:00,10,1.95,19.5,,,
17593,United Kingdom,Five Cats Hanging Decoration,22317,490304,2009-04-12 14:35:00,6,2.95,17.7,,,
17593,United Kingdom,Five Heart Hanging Decoration,22318,490304,2009-04-12 14:35:00,6,2.95,17.7,,,
17593,United Kingdom,Fairy Cake Flannel Assorted Colour,21108,490304,2009-04-12 14:35:00,9,2.55,22.95,,,
17593,United Kingdom,Black/Blue Dots Ruffled Umbrella,85014A,490304,2009-04-12 14:35:00,3,5.95,17.85,,,
17593,United Kingdom,Red/White Dots Ruffled Umbrella,85014B,490304,2009-04-12 14:35:00,6,5.95,27,,,
17593,United Kingdom,Set/3 Red Gingham Rose Storage Box,21430,490304,2009-04-12 14:35:00,4,3.75,15,,,
17593,United Kingdom,Red Gingham Rose Jewellery Box,21429,490304,2009-04-12 14:35:00,8,1.65,13.2,,,
17593,United Kingdom,Vintage Union Jack Bunting,21621,490304,2009-04-12 14:35:00,2,8.5,17,,,
17593,United Kingdom,Swallow Giant Tube Matches,21589,490304,2009-04-12 14:35:00,12,2.55,27,,,
17593,United Kingdom,Vintage Billboard Love/Hate Mug,21068,490304,2009-04-12 14:35:00,12,1.25,15,,,
17593,United Kingdom,Vintage Billboard Drink Me Mug,21071,490304,2009-04-12 14:35:00,12,1.25,15,,,
17593,United Kingdom,Party Bunting,47566,490304,2009-04-12 14:35:00,5,4.65,23.25,,,
17593,United Kingdom,Love Heart Trinket Pot,22066,490304,2009-04-12 14:35:00,12,1.45,17.4,,,
17593,United Kingdom,Strawberry Ceramic Trinket Box,21232,490304,2009-04-12 14:35:00,12,1.25,15,,,
17593,United Kingdom,Sweetheart Ceramic Trinket Box,21231,490304,2009-04-12 14:35:00,12,1.25,15,,,
17593,United Kingdom,Tea Time Party Bunting,47566B,490304,2009-04-12 14:35:00,5,4.65,23.25,,,
17593,United Kingdom,Retro Spot Small Tube Matches,21584,490304,2009-04-12 14:35:00,20,1.65,27,,,
17593,United Kingdom,Small Retro Spot Mug In Box  Red,22070,490304,2009-04-12 14:35:00,6,3.75,22.5,,,
17593,United Kingdom,Red Spotty Round Cake Tins,21217,490304,2009-04-12 14:35:00,2,9.95,19.9,,,
17593,United Kingdom, Red/White Dot Mini Cases,20750,490304,2009-04-12 14:35:00,2,7.95,15.9,,,
17593,United Kingdom,Coffee Mug Apples Design,22303,490304,2009-04-12 14:35:00,6,2.55,15.3,,,
17593,United Kingdom,Coffee Mug Pears  Design,22302,490304,2009-04-12 14:35:00,6,2.55,15.3,,,
17593,United Kingdom,Spots Design Mug W Pink Inside,37343,490304,2009-04-12 14:35:00,6,1.65,9.9,,,
17593,United Kingdom,"Feather Duster, Coal Black",51012C,490304,2009-04-12 14:35:00,12,1.25,15,,,
17593,United Kingdom,Watermelon Bath Sponge,20960,490304,2009-04-12 14:35:00,10,1.25,12.5,,,
17593,United Kingdom,Strawberry Bath Sponge ,20961,490304,2009-04-12 14:35:00,10,1.25,12.5,,,
17593,United Kingdom,Brown Check Cat Doorstop ,21407,490304,2009-04-12 14:35:00,3,4.25,12.75,,,
17593,United Kingdom,Vintage Union Jack Doorstop,21624,490304,2009-04-12 14:35:00,3,5.95,17.85,,,
17593,United Kingdom,Gingham Heart  Doorstop Red,21411,490304,2009-04-12 14:35:00,3,4.25,12.75,,,
17593,United Kingdom,Rose Caravan Doorstop,21115,490304,2009-04-12 14:35:00,2,6.75,13.5,,,
17593,United Kingdom,Retro Spot Candle  Medium,21285,490304,2009-04-12 14:35:00,12,2.1,25.2,,,
17593,United Kingdom,Retro Spot Candle  Small,21284,490304,2009-04-12 14:35:00,12,1.69,20.28,,,
17593,United Kingdom,Assorted Tutti Frutti Keyring,21639,490304,2009-04-12 14:35:00,24,0.85,20.4,,,
17593,United Kingdom,Zinc Metal Heart Decoration,84836,490304,2009-04-12 14:35:00,12,1.25,15,,,
17593,United Kingdom,Love Garland Painted Zinc ,22341,490304,2009-04-12 14:35:00,12,1.65,19.8,,,
17593,United Kingdom,Ma Campagne Cutlery Box,21781,490304,2009-04-12 14:35:00,1,14.95,14.95,,,
17593,United Kingdom,Ma Campagne Mini Wooden Chest,21779,490304,2009-04-12 14:35:00,2,8.5,17,,,
17593,United Kingdom,Classic White Frame,21333,490304,2009-04-12 14:35:00,6,2.95,17.7,,,
17593,United Kingdom,Picture Frame Wood Triple Portrait,22170,490304,2009-04-12 14:35:00,4,6.75,27,,,
17593,United Kingdom,Wood 2 Drawer Cabinet White Finish,82483,490304,2009-04-12 14:35:00,3,5.95,17.85,,,
17593,United Kingdom,Wooden Picture Frame White Finish,82482,490304,2009-04-12 14:35:00,6,2.55,15.3,,,
17593,United Kingdom,Sweetheart Key Cabinet,84839,490304,2009-04-12 14:35:00,2,6.75,13.5,,,
17593,United Kingdom,Cream Sweetheart Mini Chest,85066,490304,2009-04-12 14:35:00,2,12.75,25.5,,,
17593,United Kingdom,Mini Wooden Happy Birthday Garland,21381,490304,2009-04-12 14:35:00,12,1.69,20.28,,,
17593,United Kingdom,Wooden Happy Birthday Garland,21380,490304,2009-04-12 14:35:00,6,2.95,17.7,,,
17593,United Kingdom,Ceramic Strawberry Money Box,21556,490304,2009-04-12 14:35:00,6,2.55,15.3,,,
17243,United Kingdom, White Cherry Lights,79323W,490305,2009-04-12 14:37:00,21,6.75,27,,,
17243,United Kingdom,Green Blue Flower Piggy Bank,37492C,490305,2009-04-12 14:37:00,1,4.65,4.65,,,
17243,United Kingdom,Blue Yellow Flower Piggy Bank,37492B,490305,2009-04-12 14:37:00,2,4.65,9.3,,,
17243,United Kingdom,Purple Green Flower Piggy Bank,37492D,490305,2009-04-12 14:37:00,3,4.65,13.95,,,
17243,United Kingdom,Eight Piece Dinosaur Set,21826,490305,2009-04-12 14:37:00,27,1.25,27,,,
17243,United Kingdom,Yellow Red Flower Piggy Bank,37492A,490305,2009-04-12 14:37:00,1,4.65,4.65,,,
17243,United Kingdom,Hand Open Shape Deco.White,35001W,490305,2009-04-12 14:37:00,1,3.49,3.49,,,
17243,United Kingdom,White Hanging Heart T-Light Holder,85123A,490305,2009-04-12 14:37:00,10,2.95,27,,,
17243,United Kingdom,Wooden Frame Antique White ,82494L,490305,2009-04-12 14:37:00,6,2.95,17.7,,,
17243,United Kingdom,Pink Spots Chocolate Nesting Boxes ,21348,490305,2009-04-12 14:37:00,3,2.95,8.85,,,
17243,United Kingdom,Wood S/3 Cabinet Ant White Finish,82486,490305,2009-04-12 14:37:00,8,7.95,27,,,
17243,United Kingdom,Set/3 Vanilla Scented Candle In Box,72807C,490305,2009-04-12 14:37:00,8,4.25,27,,,
17243,United Kingdom,Set/3 Rose Candle In Jewelled Box,72807A,490305,2009-04-12 14:37:00,4,4.25,17,,,
17243,United Kingdom,S/4 Festive Red Dinner Candles,72801F,490305,2009-04-12 14:37:00,12,1.25,15,,,
17243,United Kingdom,Heart Filigree Dove Large,22295,490305,2009-04-12 14:37:00,12,1.65,19.8,,,
17243,United Kingdom,Painted Metal Heart With Holly Bell,21823,490305,2009-04-12 14:37:00,27,1.45,27,,,
17243,United Kingdom,Etched Glass Bird Tree Decoration,21010,490305,2009-04-12 14:37:00,12,1.25,15,,,
17243,United Kingdom,Etched Glass Star Tree Decoration,21009,490305,2009-04-12 14:37:00,12,1.25,15,,,
17243,United Kingdom,Place Setting White Star,22152,490305,2009-04-12 14:37:00,24,0.42,10.08,,,
17243,United Kingdom,Set Of 3 Bird L.Blue Feather,35471A,490305,2009-04-12 14:37:00,6,1.25,7.5,,,
17243,United Kingdom,Set Of 3 Bird Light Pink Feather ,35471D,490305,2009-04-12 14:37:00,6,1.25,7.5,,,
17243,United Kingdom,Black Glass Tv Double P/Frame 15X10,84427B,490305,2009-04-12 14:37:00,3,4.25,12.75,,,
17243,United Kingdom,Blue 3 Piece Mini Dots Cutlery Set,84997C,490305,2009-04-12 14:37:00,9,3.75,27,,,
17243,United Kingdom,Pink 3 Piece Mini Dots Cutlery Set,84997D,490305,2009-04-12 14:37:00,7,3.75,26.25,,,
17243,United Kingdom,Red Woolly Hottie White Heart.,84029E,490305,2009-04-12 14:37:00,4,3.75,15,,,
17243,United Kingdom,Knitted Union Flag Hot Water Bottle,84029G,490305,2009-04-12 14:37:00,1,3.75,3.75,,,
17243,United Kingdom,Pink Heart Dots Hot Water Bottle,21486,490305,2009-04-12 14:37:00,3,3.75,11.25,,,
17243,United Kingdom,Red Spot Heart Hot Water Bottle,21485,490305,2009-04-12 14:37:00,1,4.95,4.95,,,
17243,United Kingdom,Red White Scarf  Hot Water Bottle,21488,490305,2009-04-12 14:37:00,1,3.95,3.95,,,
17243,United Kingdom,Red Spot Heart Hot Water Bottle,21485,490305,2009-04-12 14:37:00,2,4.95,9.9,,,
17243,United Kingdom,Chocolate Hot Water Bottle,22112,490305,2009-04-12 14:37:00,2,4.95,9.9,,,
17243,United Kingdom,Knitted Union Flag Hot Water Bottle,84029G,490305,2009-04-12 14:37:00,7,3.75,26.25,,,
17243,United Kingdom,Rex Cash+Carry Jumbo Shopper,21034,490305,2009-04-12 14:37:00,1,0.95,0.95,,,
12835,United Kingdom,Door Mat 3 Smiley Cats,48111,490308,2009-04-12 14:52:00,3,6.75,20.25,,,
12835,United Kingdom,Spotty  Home Sweet Home Doormat,21524,490308,2009-04-12 14:52:00,3,6.75,20.25,,,
12835,United Kingdom,Door Mat Welcome Puppies,48188,490308,2009-04-12 14:52:00,1,6.75,6.75,,,
12835,United Kingdom,Mini Cake Stand  Hanging Strawbery,22055,490308,2009-04-12 14:52:00,10,1.65,16.5,,,
12835,United Kingdom,Small Heart Measuring Spoons,22196,490308,2009-04-12 14:52:00,10,0.85,8.5,,,
12835,United Kingdom,Mini Cake Stand Hanging Hearts,22054,490308,2009-04-12 14:52:00,5,1.65,8.25,,,
12835,United Kingdom,Christmas Toilet Roll,21098,490308,2009-04-12 14:52:00,2,1.25,2.5,,,
12835,United Kingdom,Retro Spot Traditional Teapot ,21527,490308,2009-04-12 14:52:00,1,7.95,7.95,,,
12835,United Kingdom,Retro Spot Sugar Jam Bowl,21531,490308,2009-04-12 14:52:00,1,2.55,2.55,,,
12835,United Kingdom,Retro Spot Small Milk Jug,21535,490308,2009-04-12 14:52:00,1,2.55,2.55,,,
12835,United Kingdom,Ceramic Cake Design Spotted Mug,37448,490308,2009-04-12 14:52:00,6,1.49,8.94,,,
12835,United Kingdom,Ceramic Love Hearts Design Mug,22058,490308,2009-04-12 14:52:00,6,1.49,8.94,,,
12835,United Kingdom,Lunch Bag Cars Blue,20728,490308,2009-04-12 14:52:00,2,1.65,3.3,,,
12835,United Kingdom,Sweetheart Ceramic Trinket Box,21231,490308,2009-04-12 14:52:00,10,1.25,12.5,,,
12835,United Kingdom,Strawberry Ceramic Trinket Box,21232,490308,2009-04-12 14:52:00,20,1.25,25,,,
12835,United Kingdom,Large Cake Stand  Hanging Strawbery,22061,490308,2009-04-12 14:52:00,4,9.95,27,,,
17151,United Kingdom,Ceramic Birdhouse Butterfly Large,21551,490310,2009-04-12 14:56:00,6,5.95,27,,,
17151,United Kingdom,Ceramic Birdhouse Crested Tit Large,21550,490310,2009-04-12 14:56:00,12,5.45,27,,,
17151,United Kingdom,Ceramic Birdhouse Black Rose  Large,21552,490310,2009-04-12 14:56:00,12,5.45,27,,,
17151,United Kingdom,Ceramic Birdhouse Red Roof Large,21554,490310,2009-04-12 14:56:00,12,5.45,27,,,
16451,United Kingdom,Strawberry Ceramic Trinket Box,21232,490311,2009-04-12 15:11:00,12,1.25,15,,,
12636,USA,Postage,POST,489444,2009-01-12 09:55:00,1,141,27,,,
